,date,covidOccupiedMVBeds,cumAdmissions,hospitalCases,newAdmissions,dailyCases,cumulativeCases
6,2020-04-08,1734.2857142857142,34007,12748.714285714286,2162.285714285714,4003.5714285714284,65102
7,2020-04-09,1839.5714285714287,35989,13538.57142857143,2086.0,4000.5714285714284,69178
8,2020-04-10,1983.4285714285713,37696,13978.42857142857,2043.7142857142858,3927.4285714285716,72768
9,2020-04-11,2099.285714285714,39304,14292.285714285714,1989.4285714285713,3881.714285714286,75853
10,2020-04-12,2171.4285714285716,40828,14665.142857142857,1909.142857142857,3862.285714285714,78811
11,2020-04-13,2231.4285714285716,42382,14902.285714285714,1818.857142857143,3727.4285714285716,82274
12,2020-04-14,2265.8571428571427,43742,14932.42857142857,1701.0,3579.285714285714,85842
13,2020-04-15,2332.8571428571427,45022,15061.57142857143,1573.5714285714287,3568.5714285714284,90082
14,2020-04-16,2375.5714285714284,46539,14965.57142857143,1507.142857142857,3609.1428571428573,94442
15,2020-04-17,2375.285714285714,47921,14981.42857142857,1460.7142857142858,3680.285714285714,98530
16,2020-04-18,2358.285714285714,49136,14844.0,1404.5714285714287,3831.285714285714,102672
17,2020-04-19,2345.714285714286,50300,14569.42857142857,1353.142857142857,3907.8571428571427,106166
18,2020-04-20,2341.8571428571427,51577,14217.57142857143,1313.5714285714287,3941.4285714285716,109864
19,2020-04-21,2335.1428571428573,52857,13897.57142857143,1302.142857142857,4002.5714285714284,113860
20,2020-04-22,2294.8571428571427,53983,13712.285714285714,1280.142857142857,4084.285714285714,118672
21,2020-04-23,2245.4285714285716,55053,13496.714285714286,1216.2857142857142,4114.857142857143,123246
22,2020-04-24,2191.4285714285716,56164,13286.285714285714,1177.5714285714287,4152.571428571428,127598
23,2020-04-25,2148.714285714286,57014,13029.714285714286,1125.4285714285713,4043.8571428571427,130979
24,2020-04-26,2087.8571428571427,58068,12720.42857142857,1109.7142857142858,3992.8571428571427,134116
25,2020-04-27,2015.4285714285713,59216,12658.285714285714,1091.2857142857142,4044.0,138172
26,2020-04-28,1924.0,60264,12443.142857142857,1058.142857142857,4060.714285714286,142285
27,2020-04-29,1875.4285714285713,61346,12031.57142857143,1051.857142857143,4050.0,147022
28,2020-04-30,1823.4285714285713,62354,11775.57142857143,1043.0,4012.8571428571427,151336
29,2020-05-01,1745.0,63244,11444.142857142857,1011.4285714285714,3978.1428571428573,155445
30,2020-05-02,1678.2857142857142,64062,11180.714285714286,1006.8571428571429,3889.714285714286,158207
31,2020-05-03,1611.5714285714287,64907,10906.0,977.0,3819.8571428571427,160855
32,2020-05-04,1562.4285714285713,65796,10527.714285714286,940.0,3647.714285714286,163706
33,2020-05-05,1508.7142857142858,66605,10329.57142857143,905.8571428571429,3509.8571428571427,166854
34,2020-05-06,1432.857142857143,67458,10077.0,873.1428571428571,3299.4285714285716,170118
35,2020-05-07,1366.0,68312,9816.57142857143,851.1428571428571,3141.0,173323
36,2020-05-08,1316.0,68874,9572.0,804.2857142857143,2928.5714285714284,175945
37,2020-05-09,1266.2857142857142,69501,9330.857142857143,777.0,2790.714285714286,177742
38,2020-05-10,1221.2857142857142,70103,9095.714285714286,742.2857142857143,2700.0,179755
39,2020-05-11,1162.4285714285713,70731,8840.142857142857,705.0,2733.8571428571427,182843
40,2020-05-12,1118.7142857142858,71420,8562.42857142857,687.8571428571429,2704.1428571428573,185783
41,2020-05-13,1074.5714285714287,72021,8451.142857142857,651.8571428571429,2652.0,188682
42,2020-05-14,1035.5714285714287,72631,8275.57142857143,617.0,2511.5714285714284,190904
43,2020-05-15,1012.8571428571429,73235,8142.142857142857,623.0,2443.4285714285716,193049
44,2020-05-16,961.0,73740,7938.142857142857,605.5714285714286,2441.1428571428573,194830
45,2020-05-17,949.4285714285714,74289,7842.142857142857,598.0,2381.1428571428573,196423
46,2020-05-18,921.5714285714286,74903,7706.857142857143,596.0,2258.0,198649
47,2020-05-19,888.5714285714286,75422,7545.0,571.7142857142857,2209.714285714286,201251
48,2020-05-20,852.0,76010,7390.428571428572,569.8571428571429,2132.5714285714284,203610
49,2020-05-21,812.0,76628,7212.0,571.0,2140.4285714285716,205887
50,2020-05-22,768.7142857142857,77125,7030.714285714285,555.7142857142857,2090.8571428571427,207685
51,2020-05-23,745.4285714285714,77527,6910.571428571428,541.0,2023.4285714285713,208994
52,2020-05-24,694.7142857142857,77945,6763.142857142857,522.2857142857143,1968.142857142857,210200
53,2020-05-25,657.7142857142857,78333,6621.285714285715,490.0,1848.5714285714287,211589
54,2020-05-26,635.8571428571429,78800,6471.285714285715,482.57142857142856,1685.5714285714287,213050
55,2020-05-27,617.0,79244,6286.142857142857,462.0,1579.4285714285713,214666
56,2020-05-28,598.5714285714286,79700,6142.285714285715,438.85714285714283,1479.142857142857,216241
57,2020-05-29,577.8571428571429,80131,6008.571428571428,429.42857142857144,1418.5714285714287,217615
58,2020-05-30,552.2857142857143,80524,5827.285714285715,428.14285714285717,1375.857142857143,218625
59,2020-05-31,536.1428571428571,80860,5563.857142857143,416.42857142857144,1344.142857142857,219609
60,2020-06-01,509.14285714285717,81217,5308.857142857143,412.0,1334.142857142857,220928
61,2020-06-02,482.0,81629,5063.285714285715,404.14285714285717,1320.4285714285713,222293
62,2020-06-03,456.57142857142856,81995,4848.571428571428,393.0,1268.2857142857142,223544
63,2020-06-04,440.2857142857143,82343,4638.428571428572,377.57142857142856,1207.142857142857,224691
64,2020-06-05,421.7142857142857,82652,4465.571428571428,360.14285714285717,1156.5714285714287,225711
65,2020-06-06,409.57142857142856,82875,4312.857142857143,335.85714285714283,1115.5714285714287,226434
66,2020-06-07,392.0,83121,4192.0,323.0,1070.4285714285713,227102
67,2020-06-08,391.0,83409,4091.5714285714284,313.14285714285717,1023.4285714285714,228092
68,2020-06-09,385.0,83696,3973.8571428571427,295.2857142857143,980.7142857142857,229158
69,2020-06-10,369.57142857142856,84008,3872.8571428571427,287.57142857142856,957.1428571428571,230244
70,2020-06-11,349.57142857142856,84270,3750.4285714285716,275.2857142857143,924.0,231159
71,2020-06-12,330.2857142857143,84509,3641.0,265.2857142857143,912.2857142857143,232097
72,2020-06-13,315.42857142857144,84717,3560.4285714285716,263.14285714285717,921.1428571428571,232882
73,2020-06-14,303.7142857142857,84968,3487.285714285714,263.85714285714283,933.1428571428571,233634
74,2020-06-15,287.85714285714283,85258,3361.0,264.14285714285717,926.5714285714286,234578
75,2020-06-16,269.57142857142856,85531,3277.1428571428573,262.14285714285717,916.5714285714286,235574
76,2020-06-17,260.14285714285717,85813,3230.0,257.85714285714283,892.0,236488
77,2020-06-18,259.2857142857143,86069,3162.0,257.0,895.2857142857143,237426
78,2020-06-19,257.7142857142857,86268,3063.1428571428573,251.28571428571428,878.1428571428571,238244
79,2020-06-20,252.71428571428572,86417,2999.1428571428573,242.85714285714286,855.4285714285714,238870
80,2020-06-21,242.14285714285714,86598,2941.5714285714284,232.85714285714286,826.5714285714286,239420
81,2020-06-22,237.42857142857142,86836,2924.8571428571427,225.42857142857142,809.0,240241
82,2020-06-23,229.57142857142858,87056,2878.285714285714,217.85714285714286,770.5714285714286,240968
83,2020-06-24,226.14285714285714,87238,2772.4285714285716,203.57142857142858,744.5714285714286,241700
84,2020-06-25,217.28571428571428,87422,2721.4285714285716,193.28571428571428,702.4285714285714,242343
85,2020-06-26,207.57142857142858,87595,2663.285714285714,189.57142857142858,677.0,242983
86,2020-06-27,198.0,87764,2589.714285714286,192.42857142857142,659.8571428571429,243489
87,2020-06-28,194.28571428571428,87883,2513.714285714286,183.57142857142858,640.2857142857143,243902
88,2020-06-29,188.42857142857142,88026,2455.714285714286,170.0,618.1428571428571,244568
89,2020-06-30,186.71428571428572,88161,2389.5714285714284,157.85714285714286,596.8571428571429,245146
90,2020-07-01,181.57142857142858,88313,2314.285714285714,153.57142857142858,579.0,245753
91,2020-07-02,178.85714285714286,88434,2216.1428571428573,144.57142857142858,567.2857142857143,246314
92,2020-07-03,174.85714285714286,88556,2145.5714285714284,137.28571428571428,552.4285714285714,246850
93,2020-07-04,170.42857142857142,88662,2048.714285714286,128.28571428571428,535.1428571428571,247235
94,2020-07-05,166.28571428571428,88770,1964.4285714285713,126.71428571428571,553.8571428571429,247779
95,2020-07-06,163.28571428571428,88894,1869.142857142857,124.0,553.5714285714286,248443
96,2020-07-07,156.14285714285714,89020,1787.857142857143,122.71428571428571,551.7142857142857,249008
97,2020-07-08,147.71428571428572,89139,1715.857142857143,118.0,562.4285714285714,249690
98,2020-07-09,142.28571428571428,89255,1660.4285714285713,117.28571428571429,580.5714285714286,250378
99,2020-07-10,140.28571428571428,89338,1613.7142857142858,111.71428571428571,578.8571428571429,250902
100,2020-07-11,138.71428571428572,89415,1559.5714285714287,107.57142857142857,585.5714285714286,251334
101,2020-07-12,129.71428571428572,89474,1481.2857142857142,100.57142857142857,558.0,251685
102,2020-07-13,121.85714285714286,89593,1428.0,99.85714285714286,562.2857142857143,252379
103,2020-07-14,113.57142857142857,89691,1366.857142857143,95.85714285714286,576.0,253040
104,2020-07-15,110.14285714285714,89786,1333.5714285714287,92.42857142857143,582.2857142857143,253766
105,2020-07-16,105.28571428571429,89886,1268.7142857142858,90.14285714285714,576.0,254410
106,2020-07-17,101.71428571428571,89949,1211.0,87.28571428571429,579.4285714285714,254958
107,2020-07-18,95.85714285714286,89992,1179.7142857142858,82.42857142857143,585.2857142857143,255431
108,2020-07-19,98.0,90047,1168.0,81.85714285714286,595.0,255850
109,2020-07-20,95.14285714285714,90120,1124.7142857142858,75.28571428571429,605.7142857142857,256619
110,2020-07-21,96.57142857142857,90179,1099.142857142857,69.71428571428571,610.8571428571429,257316
111,2020-07-22,94.14285714285714,90246,1076.7142857142858,65.71428571428571,616.2857142857143,258080
112,2020-07-23,93.0,90325,1054.7142857142858,62.714285714285715,630.1428571428571,258821
113,2020-07-24,88.42857142857143,90396,1025.4285714285713,63.857142857142854,654.7142857142857,259541
114,2020-07-25,85.0,90442,990.1428571428571,64.28571428571429,658.4285714285714,260040
115,2020-07-26,80.14285714285714,90489,943.8571428571429,63.142857142857146,672.5714285714286,260558
116,2020-07-27,77.0,90561,904.2857142857143,63.0,680.4285714285714,261382
117,2020-07-28,72.85714285714286,90619,868.2857142857143,62.857142857142854,694.5714285714286,262178
118,2020-07-29,69.14285714285714,90669,817.2857142857143,60.42857142857143,727.4285714285714,263172
119,2020-07-30,64.14285714285714,90735,786.0,58.57142857142857,747.1428571428571,264051
120,2020-07-31,61.714285714285715,90775,764.4285714285714,54.142857142857146,736.2857142857143,264695
121,2020-08-01,59.0,90812,749.2857142857143,52.857142857142854,737.5714285714286,265203
122,2020-08-02,56.857142857142854,90854,743.1428571428571,52.142857142857146,737.5714285714286,265721
123,2020-08-03,54.714285714285715,90914,723.5714285714286,50.42857142857143,757.4285714285714,266684
124,2020-08-04,53.285714285714285,90962,709.8571428571429,49.0,781.5714285714286,267649
125,2020-08-05,52.42857142857143,91013,691.2857142857143,49.142857142857146,778.5714285714286,268622
126,2020-08-06,52.142857142857146,91053,686.1428571428571,45.42857142857143,796.5714285714286,269627
127,2020-08-07,51.57142857142857,91108,676.1428571428571,47.57142857142857,832.0,270519
128,2020-08-08,49.714285714285715,91158,652.2857142857143,49.42857142857143,852.0,271167
129,2020-08-09,49.142857142857146,91204,618.4285714285714,50.0,859.2857142857143,271736
130,2020-08-10,48.285714285714285,91241,610.2857142857143,46.714285714285715,918.1428571428571,273111
131,2020-08-11,47.285714285714285,91297,588.7142857142857,47.857142857142854,958.4285714285714,274358
132,2020-08-12,48.142857142857146,91336,576.4285714285714,46.142857142857146,980.2857142857143,275484
133,2020-08-13,48.714285714285715,91381,563.8571428571429,46.857142857142854,984.7142857142857,276520
134,2020-08-14,48.714285714285715,91425,548.5714285714286,45.285714285714285,1008.5714285714286,277579
135,2020-08-15,50.57142857142857,91458,545.1428571428571,42.857142857142854,1009.7142857142857,278235
136,2020-08-16,51.57142857142857,91488,547.7142857142857,40.57142857142857,1004.7142857142857,278769
137,2020-08-17,52.285714285714285,91524,528.2857142857143,40.42857142857143,973.8571428571429,279928
138,2020-08-18,53.142857142857146,91569,522.7142857142857,38.857142857142854,932.1428571428571,280883
139,2020-08-19,52.714285714285715,91613,511.14285714285717,39.57142857142857,929.7142857142857,281992
140,2020-08-20,53.0,91654,493.85714285714283,39.0,960.8571428571429,283246
141,2020-08-21,53.42857142857143,91693,475.14285714285717,38.285714285714285,956.8571428571429,284277
142,2020-08-22,53.857142857142854,91713,476.14285714285717,36.42857142857143,967.7142857142857,285009
143,2020-08-23,52.57142857142857,91753,459.42857142857144,37.857142857142854,992.0,285713
144,2020-08-24,52.285714285714285,91779,454.0,36.42857142857143,991.5714285714286,286869
145,2020-08-25,50.285714285714285,91828,443.85714285714283,37.0,1010.1428571428571,287954
146,2020-08-26,50.0,91867,434.7142857142857,36.285714285714285,1020.4285714285714,289135
147,2020-08-27,49.0,91932,428.85714285714283,39.714285714285715,1035.0,290491
148,2020-08-28,47.285714285714285,91964,426.85714285714283,38.714285714285715,1087.0,291886
149,2020-08-29,45.57142857142857,92007,406.2857142857143,42.0,1132.5714285714287,292937
150,2020-08-30,44.714285714285715,92040,400.2857142857143,41.0,1173.0,293924
151,2020-08-31,44.714285714285715,92079,392.2857142857143,42.857142857142854,1190.5714285714287,295203
152,2020-09-01,45.857142857142854,92134,391.85714285714283,43.714285714285715,1315.857142857143,297165
153,2020-09-02,44.42857142857143,92199,377.7142857142857,47.42857142857143,1532.2857142857142,299861
154,2020-09-03,43.57142857142857,92245,374.57142857142856,44.714285714285715,1726.5714285714287,302577
155,2020-09-04,43.42857142857143,92296,374.0,47.42857142857143,1904.0,305214
156,2020-09-05,43.142857142857146,92367,379.42857142857144,51.42857142857143,2068.1428571428573,307414
157,2020-09-06,43.42857142857143,92430,384.7142857142857,55.714285714285715,2224.1428571428573,309493
158,2020-09-07,44.142857142857146,92506,402.2857142857143,61.0,2545.714285714286,313023
159,2020-09-08,44.857142857142854,92580,410.2857142857143,63.714285714285715,2704.1428571428573,316094
160,2020-09-09,45.0,92683,432.57142857142856,69.14285714285714,2732.285714285714,318987
161,2020-09-10,45.57142857142857,92793,437.42857142857144,78.28571428571429,2793.285714285714,322130
162,2020-09-11,56.285714285714285,92892,452.0,85.14285714285714,2829.8571428571427,325023
163,2020-09-12,58.57142857142857,93002,457.2857142857143,90.71428571428571,2833.285714285714,327247
164,2020-09-13,61.857142857142854,93133,482.14285714285717,100.42857142857143,2782.285714285714,328969
165,2020-09-14,63.857142857142854,93252,513.2857142857143,106.57142857142857,2698.1428571428573,331910
166,2020-09-15,65.71428571428571,93403,546.1428571428571,117.57142857142857,2696.1428571428573,334967
167,2020-09-16,74.42857142857143,93555,587.2857142857143,124.57142857142857,2822.5714285714284,338745
168,2020-09-17,81.14285714285714,93700,632.4285714285714,129.57142857142858,2942.0,342724
169,2020-09-18,76.28571428571429,93855,677.4285714285714,137.57142857142858,3141.5714285714284,347014
170,2020-09-19,83.42857142857143,94024,733.0,146.0,3426.0,351229
171,2020-09-20,92.57142857142857,94200,795.2857142857143,152.42857142857142,3844.5714285714284,355881
172,2020-09-21,100.57142857142857,94407,840.2857142857143,165.0,4099.714285714285,360608
173,2020-09-22,108.28571428571429,94609,892.8571428571429,172.28571428571428,4434.428571428572,366008
174,2020-09-23,117.42857142857143,94837,960.8571428571429,183.14285714285714,4742.285714285715,371941
175,2020-09-24,131.14285714285714,95053,1043.142857142857,193.28571428571428,5082.571428571428,378302
176,2020-09-25,141.71428571428572,95271,1121.142857142857,202.28571428571428,5341.857142857143,384407
177,2020-09-26,154.0,95462,1208.2857142857142,205.42857142857142,5554.571428571428,390111
178,2020-09-27,165.57142857142858,95661,1269.142857142857,208.71428571428572,5759.142857142857,396195
179,2020-09-28,174.71428571428572,95908,1356.0,214.42857142857142,6318.285714285715,404836
180,2020-09-29,189.57142857142858,96167,1435.857142857143,222.57142857142858,6808.571428571428,413668
181,2020-09-30,196.42857142857142,96402,1492.0,223.57142857142858,7484.285714285715,424331
182,2020-10-01,205.42857142857142,96709,1541.4285714285713,236.57142857142858,8210.42857142857,435775
183,2020-10-02,220.28571428571428,96993,1596.7142857142858,246.0,9012.42857142857,447494
184,2020-10-03,227.0,97314,1668.7142857142858,264.57142857142856,9600.42857142857,457314
185,2020-10-04,233.71428571428572,97691,1756.4285714285713,290.0,10155.0,467280
186,2020-10-05,245.42857142857142,98057,1872.5714285714287,307.0,10951.714285714286,481498
187,2020-10-06,250.85714285714286,98463,1970.2857142857142,328.0,11755.42857142857,495956
188,2020-10-07,259.2857142857143,98836,2098.5714285714284,347.7142857142857,12434.714285714286,511374
189,2020-10-08,267.57142857142856,99254,2233.8571428571427,363.57142857142856,13007.285714285714,526826
190,2020-10-09,271.2857142857143,99724,2386.5714285714284,390.14285714285717,13213.0,539985
191,2020-10-10,282.42857142857144,100147,2535.4285714285716,404.7142857142857,13281.714285714286,550286
192,2020-10-11,294.85714285714283,100660,2685.714285714286,424.14285714285717,13255.285714285714,560067
193,2020-10-12,299.7142857142857,101193,2803.5714285714284,448.0,13569.857142857143,576487
194,2020-10-13,318.85714285714283,101812,2937.285714285714,478.42857142857144,13741.57142857143,592147
195,2020-10-14,337.0,102420,3085.8571428571427,512.0,13917.0,608793
196,2020-10-15,351.14285714285717,103081,3243.0,546.7142857142857,13913.57142857143,624221
197,2020-10-16,364.57142857142856,103621,3378.0,556.7142857142857,14142.42857142857,638982
198,2020-10-17,370.2857142857143,104288,3547.0,591.5714285714286,14454.714285714286,651469
199,2020-10-18,380.14285714285717,105002,3718.4285714285716,620.2857142857143,14769.142857142857,663451
200,2020-10-19,398.57142857142856,105641,3911.0,635.4285714285714,15619.0,685820
201,2020-10-20,404.85714285714283,106409,4152.142857142857,656.7142857142857,16473.0,707458
202,2020-10-21,415.57142857142856,107245,4385.285714285715,689.2857142857143,17203.85714285714,729220
203,2020-10-22,420.42857142857144,108008,4653.714285714285,703.8571428571429,17837.85714285714,749086
204,2020-10-23,436.0,108805,4920.428571428572,740.5714285714286,18351.85714285714,767445
205,2020-10-24,456.7142857142857,109648,5139.428571428572,765.7142857142857,18527.0,781158
206,2020-10-25,473.0,110630,5464.857142857143,804.0,18722.85714285714,794511
207,2020-10-26,488.2857142857143,111681,5753.571428571428,862.8571428571429,18817.714285714286,817544
208,2020-10-27,516.0,112686,6061.857142857143,896.7142857142857,18692.571428571428,838306
209,2020-10-28,540.7142857142857,113730,6361.142857142857,926.4285714285714,18519.0,858853
210,2020-10-29,571.5714285714286,114876,6635.857142857143,981.1428571428571,18574.85714285714,879110
211,2020-10-30,595.1428571428571,115747,6971.857142857143,991.7142857142857,18794.85714285714,899009
212,2020-10-31,620.4285714285714,116762,7271.285714285715,1016.2857142857143,18916.571428571428,913574
213,2020-11-01,630.7142857142857,117807,7419.428571428572,1025.2857142857142,18953.428571428572,927185
214,2020-11-02,654.0,118789,7697.428571428572,1015.4285714285714,19719.285714285714,955579
215,2020-11-03,672.5714285714286,119694,7990.714285714285,1001.1428571428571,19994.714285714286,978269
216,2020-11-04,687.4285714285714,120793,8260.42857142857,1009.0,20067.0,999322
217,2020-11-05,706.7142857142857,121880,8487.714285714286,1000.5714285714286,20202.571428571428,1020528
218,2020-11-06,723.8571428571429,122850,8635.857142857143,1014.7142857142857,20385.428571428572,1041707
219,2020-11-07,737.5714285714286,123878,8847.42857142857,1016.5714285714286,20717.285714285714,1058595
220,2020-11-08,760.5714285714286,125057,9127.142857142857,1035.7142857142858,21383.14285714286,1076867
221,2020-11-09,780.5714285714286,126308,9345.42857142857,1074.142857142857,21406.85714285714,1105427
222,2020-11-10,785.7142857142857,127514,9399.142857142857,1117.142857142857,21713.428571428572,1130263
223,2020-11-11,792.2857142857143,128862,9520.0,1152.7142857142858,22286.571428571428,1155328
224,2020-11-12,783.0,130179,9739.142857142857,1185.5714285714287,22445.714285714286,1177648
225,2020-11-13,798.5714285714286,131415,10090.285714285714,1223.5714285714287,22564.14285714286,1199656
226,2020-11-14,809.0,132516,10356.57142857143,1234.0,22478.714285714286,1215946
227,2020-11-15,822.2857142857143,133714,10560.42857142857,1236.7142857142858,21928.714285714286,1230368
228,2020-11-16,837.8571428571429,134954,10775.142857142857,1235.142857142857,21296.714285714286,1254504
229,2020-11-17,846.1428571428571,136030,11189.57142857143,1216.5714285714287,20702.571428571428,1275181
230,2020-11-18,867.4285714285714,137307,11416.714285714286,1206.4285714285713,19771.14285714286,1293726
231,2020-11-19,914.7142857142857,138455,11625.714285714286,1182.2857142857142,18839.285714285714,1309523
232,2020-11-20,933.1428571428571,139517,11744.142857142857,1157.4285714285713,17832.428571428572,1324483
233,2020-11-21,960.4285714285714,140490,11809.857142857143,1139.142857142857,17049.0,1335289
234,2020-11-22,984.8571428571429,141468,11948.714285714286,1107.7142857142858,16448.14285714286,1345505
235,2020-11-23,994.5714285714286,142520,11955.0,1080.857142857143,15353.285714285714,1361977
236,2020-11-24,1016.2857142857143,143511,11950.857142857143,1068.7142857142858,14437.42857142857,1376243
237,2020-11-25,1027.7142857142858,144594,11991.857142857143,1041.0,13810.285714285714,1390398
238,2020-11-26,1006.0,145454,11785.57142857143,999.8571428571429,13333.42857142857,1402857
239,2020-11-27,1005.4285714285714,146294,11694.57142857143,968.1428571428571,12976.142857142857,1415316
240,2020-11-28,990.4285714285714,147132,11533.57142857143,948.8571428571429,12767.714285714286,1424663
241,2020-11-29,988.1428571428571,148074,11373.857142857143,943.7142857142857,12603.714285714286,1433731
242,2020-11-30,965.8571428571429,149058,11233.285714285714,934.0,12426.0,1448959
243,2020-12-01,950.4285714285714,150116,11036.0,943.5714285714286,12349.57142857143,1462690
244,2020-12-02,935.7142857142857,151101,10840.285714285714,929.5714285714286,12279.142857142857,1476352
245,2020-12-03,918.7142857142857,152118,10796.714285714286,952.0,12322.42857142857,1489114
246,2020-12-04,903.0,153150,10630.57142857143,979.4285714285714,12409.0,1502179
247,2020-12-05,886.0,154121,10645.857142857143,998.4285714285714,12545.42857142857,1512481
248,2020-12-06,864.0,155232,10642.0,1022.5714285714286,12826.57142857143,1523517
249,2020-12-07,866.1428571428571,156331,10768.42857142857,1039.0,13174.285714285714,1541179
250,2020-12-08,853.8571428571429,157601,10766.857142857143,1069.2857142857142,13632.285714285714,1558116
251,2020-12-09,850.1428571428571,158888,10836.142857142857,1112.4285714285713,14215.42857142857,1575860
252,2020-12-10,867.4285714285714,160147,10883.857142857143,1147.0,15085.142857142857,1594710
253,2020-12-11,863.2857142857143,161417,10989.142857142857,1181.0,16101.142857142857,1614887
254,2020-12-12,869.0,162650,11060.42857142857,1218.4285714285713,16953.428571428572,1631155
255,2020-12-13,868.0,163982,11123.285714285714,1250.0,18006.714285714286,1649564
256,2020-12-14,866.8571428571429,165342,11212.285714285714,1287.2857142857142,19772.0,1679583
257,2020-12-15,874.4285714285714,166822,11370.42857142857,1317.2857142857142,21588.428571428572,1709235
258,2020-12-16,875.7142857142857,168226,11601.0,1334.0,23432.14285714286,1739885
259,2020-12-17,874.4285714285714,169735,11951.57142857143,1369.7142857142858,25047.714285714286,1770044
260,2020-12-18,889.1428571428571,171169,12199.142857142857,1393.142857142857,26797.571428571428,1802470
261,2020-12-19,908.4285714285714,172744,12476.142857142857,1442.0,27644.285714285714,1824665
262,2020-12-20,928.1428571428571,174444,12805.142857142857,1494.5714285714287,29236.714285714286,1854221
263,2020-12-21,960.1428571428571,176261,12957.857142857143,1559.857142857143,31154.85714285714,1897667
264,2020-12-22,982.5714285714286,178129,13343.57142857143,1615.2857142857142,32881.857142857145,1939408
265,2020-12-23,991.7142857142857,179794,13634.57142857143,1652.5714285714287,33986.57142857143,1977791
266,2020-12-24,1023.4285714285714,181365,13788.285714285714,1661.4285714285713,33862.0,2007078
267,2020-12-25,1037.4285714285713,183061,13949.0,1698.857142857143,31076.285714285714,2020004
268,2020-12-26,1045.0,185053,14085.285714285714,1758.4285714285713,33257.28571428572,2057466
269,2020-12-27,1080.142857142857,187188,14277.857142857143,1820.5714285714287,35213.57142857143,2100716
270,2020-12-28,1089.142857142857,189563,14714.142857142857,1900.2857142857142,34842.0,2141561
271,2020-12-29,1129.0,192090,15105.857142857143,1994.4285714285713,39458.71428571428,2215619
272,2020-12-30,1198.857142857143,194289,15623.0,2070.714285714286,43153.0,2279862
273,2020-12-31,1247.5714285714287,196168,16099.857142857143,2114.714285714286,45801.142857142855,2327686
274,2021-01-01,1308.857142857143,198414,16807.285714285714,2193.285714285714,48080.142857142855,2356565
275,2021-01-02,1389.0,200658,17538.285714285714,2229.285714285714,50646.71428571428,2411993
276,2021-01-03,1461.142857142857,203230,18390.428571428572,2291.714285714286,51705.857142857145,2462657
277,2021-01-04,1547.857142857143,205819,19110.285714285714,2322.285714285714,56002.28571428572,2533577
278,2021-01-05,1641.857142857143,208524,19517.714285714286,2347.714285714286,53936.857142857145,2593177
279,2021-01-06,1714.0,211640,20135.714285714286,2478.714285714286,52295.28571428572,2645929
280,2021-01-07,1813.0,214782,21015.428571428572,2659.1428571428573,52339.28571428572,2694061
281,2021-01-08,1923.142857142857,217580,21673.428571428572,2738.0,54427.142857142855,2737555
282,2021-01-09,2008.0,220409,22322.714285714286,2821.5714285714284,51711.57142857143,2773974
283,2021-01-10,2094.8571428571427,223148,23003.714285714286,2845.4285714285716,49295.142857142855,2807723
284,2021-01-11,2173.8571428571427,226046,23528.285714285714,2889.5714285714284,46809.28571428572,2861242
285,2021-01-12,2270.1428571428573,228991,24377.285714285714,2923.8571428571427,44861.857142857145,2907210
286,2021-01-13,2362.5714285714284,231820,25042.0,2882.8571428571427,43369.142857142855,2949513
287,2021-01-14,2433.714285714286,234522,25595.85714285714,2820.0,42158.57142857143,2989171
288,2021-01-15,2522.714285714286,236985,26190.14285714286,2772.1428571428573,41356.42857142857,3027050
289,2021-01-16,2626.1428571428573,239712,26867.714285714286,2757.5714285714284,40212.71428571428,3055463
290,2021-01-17,2697.285714285714,242208,27185.714285714286,2722.8571428571427,39245.142857142855,3082439
291,2021-01-18,2772.5714285714284,245150,27868.85714285714,2729.1428571428573,37590.28571428572,3124374
292,2021-01-19,2812.1428571428573,247988,28068.14285714286,2713.8571428571427,36317.0,3161429
293,2021-01-20,2870.714285714286,250838,28175.285714285714,2716.8571428571427,34942.142857142855,3194108
294,2021-01-21,2913.8571428571427,253142,28028.85714285714,2660.0,33510.0,3223741
295,2021-01-22,2940.5714285714284,255436,28277.714285714286,2635.8571428571427,32061.714285714286,3251482
296,2021-01-23,2938.5714285714284,257666,28049.285714285714,2564.8571428571427,30920.571428571428,3271907
297,2021-01-24,2977.8571428571427,259756,28113.85714285714,2506.8571428571427,29335.85714285714,3287790
298,2021-01-25,2983.4285714285716,261697,27639.14285714286,2363.8571428571427,27341.14285714286,3315762
299,2021-01-26,2988.1428571428573,263924,27480.714285714286,2276.5714285714284,25649.0,3340972
300,2021-01-27,2928.1428571428573,265980,27002.14285714286,2163.1428571428573,24394.714285714286,3364871
301,2021-01-28,2893.0,267976,26816.285714285714,2119.1428571428573,23379.0,3387394
302,2021-01-29,2844.8571428571427,269874,26144.428571428572,2062.5714285714284,22325.0,3407757
303,2021-01-30,2828.5714285714284,271539,25707.571428571428,1981.857142857143,21624.85714285714,3423281
304,2021-01-31,2734.8571428571427,273181,24975.14285714286,1917.857142857143,21375.571428571428,3437419
305,2021-02-01,2735.1428571428573,275002,24444.85714285714,1900.7142857142858,20346.0,3458184
306,2021-02-02,2695.8571428571427,276741,23786.714285714286,1831.0,19343.571428571428,3476377
307,2021-02-03,2690.5714285714284,278427,23300.428571428572,1778.142857142857,18493.428571428572,3494325
308,2021-02-04,2670.5714285714284,279892,22676.0,1702.2857142857142,17664.0,3511042
309,2021-02-05,2643.285714285714,281243,22004.285714285714,1624.142857142857,16820.85714285714,3525503
310,2021-02-06,2588.4285714285716,282501,21372.571428571428,1566.0,16167.57142857143,3536454
311,2021-02-07,2591.5714285714284,283870,20917.85714285714,1527.0,15641.714285714286,3546911
312,2021-02-08,2526.714285714286,285270,20385.714285714286,1466.857142857143,14728.142857142857,3561281
313,2021-02-09,2455.8571428571427,286458,19749.428571428572,1388.142857142857,13942.857142857143,3573977
314,2021-02-10,2394.5714285714284,287766,19136.285714285714,1334.142857142857,13132.0,3586249
315,2021-02-11,2340.8571428571427,288912,18529.571428571428,1288.5714285714287,12406.285714285714,3597886
316,2021-02-12,2279.0,289961,17844.571428571428,1245.4285714285713,11909.857142857143,3608872
317,2021-02-13,2209.0,290951,17108.285714285714,1207.142857142857,11491.857142857143,3616897
318,2021-02-14,2137.5714285714284,292060,16237.42857142857,1170.0,11109.57142857143,3624678
319,2021-02-15,2082.0,293128,15564.142857142857,1122.5714285714287,10907.142857142857,3637631
320,2021-02-16,2045.0,294137,14936.142857142857,1097.0,10703.142857142857,3648899
321,2021-02-17,2008.7142857142858,295106,14332.57142857143,1048.5714285714287,10438.42857142857,3659318
322,2021-02-18,1947.0,296037,13757.142857142857,1017.8571428571429,10247.857142857143,3669621
323,2021-02-19,1901.142857142857,296896,13378.42857142857,990.7142857142857,9999.285714285714,3678867
324,2021-02-20,1854.857142857143,297667,12971.142857142857,959.4285714285714,9875.857142857143,3686028
325,2021-02-21,1824.4285714285713,298457,12495.142857142857,913.8571428571429,9769.0,3693061
326,2021-02-22,1764.857142857143,299215,12015.714285714286,869.5714285714286,9387.0,3703340
327,2021-02-23,1716.142857142857,299958,11741.142857142857,831.5714285714286,8996.714285714286,3711876
328,2021-02-24,1647.857142857143,300662,11408.0,793.7142857142857,8597.0,3719497
329,2021-02-25,1598.5714285714287,301319,11014.0,754.5714285714286,8115.714285714285,3726431
330,2021-02-26,1549.4285714285713,301880,10577.42857142857,712.0,7635.285714285715,3732314
331,2021-02-27,1492.4285714285713,302360,10243.42857142857,670.4285714285714,7220.0,3736568
332,2021-02-28,1417.0,302842,9936.857142857143,626.4285714285714,6802.714285714285,3740680
333,2021-03-01,1384.142857142857,303452,9582.0,605.2857142857143,6222.142857142857,3746895
334,2021-03-02,1352.5714285714287,303993,9147.857142857143,576.4285714285714,5852.714285714285,3752845
335,2021-03-03,1326.0,304489,8732.57142857143,546.7142857142857,5521.857142857143,3758150
336,2021-03-04,1291.7142857142858,304994,8398.57142857143,525.0,5247.142857142857,3763161
337,2021-03-05,1254.4285714285713,305400,8053.428571428572,502.85714285714283,5082.142857142857,3767889
338,2021-03-06,1256.857142857143,305828,7784.0,495.42857142857144,5021.857142857143,3771721
339,2021-03-07,1221.0,306197,7472.428571428572,479.2857142857143,4959.714285714285,3775398
340,2021-03-08,1161.7142857142858,306604,7195.0,450.2857142857143,4903.0,3781216
341,2021-03-09,1110.857142857143,306983,6910.857142857143,427.14285714285717,4837.0,3786704
342,2021-03-10,1081.4285714285713,307385,6675.142857142857,413.7142857142857,4825.142857142857,3791926
343,2021-03-11,1035.7142857142858,307729,6360.0,390.7142857142857,4801.857142857143,3796774
344,2021-03-12,985.8571428571429,308024,6079.571428571428,374.85714285714283,4807.428571428572,3801541
345,2021-03-13,919.7142857142857,308317,5803.142857142857,355.57142857142856,4773.142857142857,3805133
346,2021-03-14,885.5714285714286,308601,5620.571428571428,343.42857142857144,4777.428571428572,3808840
347,2021-03-15,856.4285714285714,308961,5385.571428571428,336.7142857142857,4752.428571428572,3814483
348,2021-03-16,811.7142857142857,309258,5186.428571428572,325.0,4673.142857142857,3819416
349,2021-03-17,765.7142857142857,309520,4991.428571428572,305.0,4648.285714285715,3824464
350,2021-03-18,732.7142857142857,309807,4845.142857142857,296.85714285714283,4625.571428571428,3829153
351,2021-03-19,705.2857142857143,310031,4650.142857142857,286.7142857142857,4563.571428571428,3833486
352,2021-03-20,682.1428571428571,310274,4421.714285714285,279.57142857142856,4552.428571428572,3837000
353,2021-03-21,652.2857142857143,310499,4217.714285714285,271.14285714285717,4691.285714285715,3841679
354,2021-03-22,626.8571428571429,310737,4045.5714285714284,253.71428571428572,4656.571428571428,3847079
355,2021-03-23,597.8571428571429,310971,3831.0,244.71428571428572,4604.142857142857,3851645
356,2021-03-24,566.5714285714286,311192,3689.5714285714284,238.85714285714286,4643.142857142857,3856966
357,2021-03-25,539.5714285714286,311429,3527.4285714285716,231.71428571428572,4641.0,3861640
358,2021-03-26,518.8571428571429,311633,3406.285714285714,228.85714285714286,4565.285714285715,3865443
359,2021-03-27,496.2857142857143,311802,3340.1428571428573,218.28571428571428,4511.285714285715,3868579
360,2021-03-28,478.7142857142857,311986,3212.4285714285716,212.42857142857142,4482.428571428572,3873056
361,2021-03-29,457.14285714285717,312150,3095.714285714286,201.85714285714286,4199.857142857143,3876478
362,2021-03-30,447.42857142857144,312333,3005.8571428571427,194.57142857142858,3995.4285714285716,3879613
363,2021-03-31,444.2857142857143,312523,2868.0,190.14285714285714,3712.4285714285716,3882953
364,2021-04-01,432.42857142857144,312674,2761.4285714285716,177.85714285714286,3482.8571428571427,3886020
365,2021-04-02,401.14285714285717,312809,2623.1428571428573,168.0,3260.714285714286,3888268
366,2021-04-03,386.14285714285717,312954,2473.0,164.57142857142858,3115.714285714286,3890389
367,2021-04-04,373.14285714285717,313082,2393.8571428571427,156.57142857142858,2767.8571428571427,3892431
368,2021-04-05,357.0,313235,2286.1428571428573,155.0,2609.5714285714284,3894745
369,2021-04-06,342.14285714285717,313398,2162.285714285714,152.14285714285714,2555.4285714285716,3897501
370,2021-04-07,316.85714285714283,313559,2071.4285714285716,148.0,2471.4285714285716,3900253
371,2021-04-08,304.2857142857143,313695,1999.2857142857142,145.85714285714286,2412.0,3902904
372,2021-04-09,302.2857142857143,313838,1939.857142857143,147.0,2445.4285714285716,3905386
373,2021-04-10,292.85714285714283,313962,1887.142857142857,144.0,2429.4285714285716,3907395
374,2021-04-11,280.42857142857144,314114,1810.857142857143,147.42857142857142,2426.285714285714,3909415
375,2021-04-12,269.14285714285717,314259,1749.7142857142858,146.28571428571428,2438.4285714285716,3911814
376,2021-04-13,263.85714285714283,314386,1702.857142857143,141.14285714285714,2339.0,3913874
377,2021-04-14,260.7142857142857,314514,1637.4285714285713,136.42857142857142,2241.285714285714,3915942
378,2021-04-15,250.42857142857142,314618,1569.5714285714287,131.85714285714286,2142.4285714285716,3917901
379,2021-04-16,244.28571428571428,314711,1530.4285714285713,124.71428571428571,2068.285714285714,3919864
380,2021-04-17,239.42857142857142,314826,1486.857142857143,123.42857142857143,1981.0,3921262
381,2021-04-18,237.0,314908,1451.7142857142858,113.42857142857143,2018.2857142857142,3923543
382,2021-04-19,231.28571428571428,315027,1400.7142857142858,109.71428571428571,1999.5714285714287,3925811
383,2021-04-20,223.0,315114,1369.2857142857142,104.0,2007.0,3927923
384,2021-04-21,215.42857142857142,315216,1354.0,100.28571428571429,2039.857142857143,3930221
385,2021-04-22,216.14285714285714,315296,1324.2857142857142,96.85714285714286,2050.285714285714,3932253
386,2021-04-23,206.71428571428572,315395,1295.142857142857,97.71428571428571,2012.857142857143,3933954
387,2021-04-24,196.0,315479,1260.857142857143,93.28571428571429,1998.857142857143,3935254
388,2021-04-25,188.71428571428572,315571,1230.142857142857,94.71428571428571,1944.0,3937151
389,2021-04-26,180.14285714285714,315661,1193.142857142857,90.57142857142857,1943.857142857143,3939418
390,2021-04-27,171.85714285714286,315769,1166.5714285714287,93.57142857142857,1900.5714285714287,3941227
391,2021-04-28,165.71428571428572,315842,1114.142857142857,89.42857142857143,1879.857142857143,3943380
392,2021-04-29,155.28571428571428,315898,1077.2857142857142,86.0,1861.142857142857,3945281
393,2021-04-30,149.0,315954,1043.857142857143,79.85714285714286,1836.4285714285713,3946809
394,2021-05-01,141.71428571428572,316004,994.0,75.0,1823.7142857142858,3948020
395,2021-05-02,133.42857142857142,316076,941.0,72.14285714285714,1739.142857142857,3949325
396,2021-05-03,127.42857142857143,316160,906.4285714285714,71.28571428571429,1673.2857142857142,3951131
397,2021-05-04,119.71428571428571,316225,867.2857142857143,65.14285714285714,1729.142857142857,3953331
398,2021-05-05,113.71428571428571,316300,840.5714285714286,65.42857142857143,1736.2857142857142,3955534
399,2021-05-06,109.85714285714286,316364,815.0,66.57142857142857,1745.7142857142858,3957501
400,2021-05-07,106.85714285714286,316416,790.5714285714286,66.0,1764.142857142857,3959158
401,2021-05-08,106.0,316485,787.5714285714286,68.71428571428571,1777.0,3960459
402,2021-05-09,101.28571428571429,316544,787.7142857142857,66.85714285714286,1874.142857142857,3962444
403,2021-05-10,98.14285714285714,316606,768.4285714285714,63.714285714285715,1948.2857142857142,3964769
404,2021-05-11,96.57142857142857,316671,750.2857142857143,63.714285714285715,1901.4285714285713,3966641
405,2021-05-12,91.71428571428571,316742,734.4285714285714,63.142857142857146,1853.7142857142858,3968510
406,2021-05-13,90.85714285714286,316803,713.8571428571429,62.714285714285715,1820.857142857143,3970247
407,2021-05-14,88.14285714285714,316855,689.1428571428571,62.714285714285715,1804.142857142857,3971787
408,2021-05-15,84.14285714285714,316911,660.2857142857143,60.857142857142854,1804.857142857143,3973093
409,2021-05-16,81.57142857142857,316956,633.2857142857143,58.857142857142854,1748.0,3974680
410,2021-05-17,81.0,317016,624.5714285714286,58.57142857142857,1750.2857142857142,3977021
411,2021-05-18,77.14285714285714,317091,608.4285714285714,60.0,1803.0,3979262
412,2021-05-19,78.0,317168,589.8571428571429,60.857142857142854,1859.0,3981523
413,2021-05-20,74.28571428571429,317234,577.4285714285714,61.57142857142857,1896.5714285714287,3983523
414,2021-05-21,73.57142857142857,317300,566.7142857142857,63.57142857142857,1944.0,3985395
415,2021-05-22,75.57142857142857,317355,562.4285714285714,63.42857142857143,1986.857142857143,3987001
416,2021-05-23,76.42857142857143,317413,559.2857142857143,65.28571428571429,2034.142857142857,3988919
417,2021-05-24,76.42857142857143,317490,551.2857142857143,67.71428571428571,2092.5714285714284,3991669
418,2021-05-25,79.14285714285714,317554,553.0,66.14285714285714,2172.0,3994466
419,2021-05-26,80.14285714285714,317630,559.7142857142857,66.0,2303.1428571428573,3997645
420,2021-05-27,79.0,317683,562.5714285714286,64.14285714285714,2456.714285714286,4000720
421,2021-05-28,79.85714285714286,317748,562.4285714285714,64.0,2607.714285714286,4003649
422,2021-05-29,80.0,317798,567.1428571428571,63.285714285714285,2730.0,4006111
423,2021-05-30,81.28571428571429,317852,567.5714285714286,62.714285714285715,2827.1428571428573,4008709
424,2021-05-31,79.28571428571429,317929,570.8571428571429,62.714285714285715,2887.1428571428573,4011879
425,2021-06-01,77.71428571428571,318020,579.7142857142857,66.57142857142857,3132.5714285714284,4016394
426,2021-06-02,78.42857142857143,318109,592.2857142857143,68.42857142857143,3398.285714285714,4021433
427,2021-06-03,84.28571428571429,318185,607.0,71.71428571428571,3692.0,4026564
428,2021-06-04,85.42857142857143,318257,626.5714285714286,72.71428571428571,3971.5714285714284,4031450
429,2021-06-05,86.85714285714286,318332,646.5714285714286,76.28571428571429,4186.142857142857,4035414
430,2021-06-06,90.0,318428,665.5714285714286,82.28571428571429,4490.714285714285,4040144
431,2021-06-07,91.42857142857143,318538,677.7142857142857,87.0,5008.0,4046935
432,2021-06-08,95.28571428571429,318654,683.2857142857143,90.57142857142857,5310.142857142857,4053565
433,2021-06-09,97.57142857142857,318779,686.5714285714286,95.71428571428571,5578.714285714285,4060484
434,2021-06-10,98.57142857142857,318918,695.1428571428571,104.71428571428571,5805.428571428572,4067202
435,2021-06-11,100.71428571428571,319044,706.0,112.42857142857143,6037.428571428572,4073712
436,2021-06-12,105.85714285714286,319150,705.5714285714286,116.85714285714286,6245.714285714285,4079134
437,2021-06-13,112.42857142857143,319297,722.1428571428571,124.14285714285714,6437.857142857143,4085209
438,2021-06-14,117.42857142857143,319455,734.5714285714286,131.0,6745.0,4094150
439,2021-06-15,124.28571428571429,319601,753.0,135.28571428571428,7105.428571428572,4103303
440,2021-06-16,127.14285714285714,319746,773.0,138.14285714285714,7461.428571428572,4112714
441,2021-06-17,132.28571428571428,319893,811.0,139.28571428571428,7862.142857142857,4122237
442,2021-06-18,140.0,320048,848.0,143.42857142857142,8185.285714285715,4131009
443,2021-06-19,142.57142857142858,320188,889.1428571428571,148.28571428571428,8428.857142857143,4138136
444,2021-06-20,145.85714285714286,320332,920.0,147.85714285714286,8732.857142857143,4146339
445,2021-06-21,152.71428571428572,320481,967.8571428571429,146.57142857142858,9270.857142857143,4159046
446,2021-06-22,157.42857142857142,320630,999.7142857142857,147.0,9900.857142857143,4172609
447,2021-06-23,164.28571428571428,320793,1017.2857142857143,149.57142857142858,10671.57142857143,4187415
448,2021-06-24,171.0,320954,1020.2857142857143,151.57142857142858,11466.0,4202499
449,2021-06-25,171.57142857142858,321117,1020.2857142857143,152.71428571428572,12341.57142857143,4217400
450,2021-06-26,172.71428571428572,321299,1031.7142857142858,158.71428571428572,13250.0,4230886
451,2021-06-27,171.57142857142858,321483,1042.0,164.42857142857142,14279.142857142857,4246293
452,2021-06-28,177.71428571428572,321676,1056.5714285714287,170.71428571428572,15822.57142857143,4269804
453,2021-06-29,178.71428571428572,321914,1070.142857142857,183.42857142857142,17206.428571428572,4293054
454,2021-06-30,180.57142857142858,322185,1102.4285714285713,198.85714285714286,18511.428571428572,4316995
455,2021-07-01,184.28571428571428,322426,1149.5714285714287,210.28571428571428,19823.285714285714,4341262
456,2021-07-02,192.0,322672,1193.2857142857142,222.14285714285714,20878.428571428572,4363549
457,2021-07-03,200.42857142857142,322937,1223.5714285714287,234.0,21900.14285714286,4384187
458,2021-07-04,214.71428571428572,323250,1281.2857142857142,252.42857142857142,22814.285714285714,4405993
459,2021-07-05,220.0,323599,1312.5714285714287,274.7142857142857,23772.0,4436208
460,2021-07-06,230.57142857142858,323970,1378.0,293.7142857142857,24968.714285714286,4467835
461,2021-07-07,246.14285714285714,324346,1460.857142857143,308.7142857142857,26444.85714285714,4502109
462,2021-07-08,258.7142857142857,324712,1525.0,326.57142857142856,27253.714285714286,4532038
463,2021-07-09,271.2857142857143,325084,1610.142857142857,344.57142857142856,28219.85714285714,4561088
464,2021-07-10,284.42857142857144,325463,1697.4285714285713,360.85714285714283,28901.714285714286,4586499
465,2021-07-11,291.2857142857143,325863,1772.2857142857142,373.2857142857143,29703.428571428572,4613917
466,2021-07-12,302.2857142857143,326365,1881.7142857142858,395.14285714285717,31169.428571428572,4654394
467,2021-07-13,314.2857142857143,326881,1998.7142857142858,415.85714285714283,32829.42857142857,4697641
468,2021-07-14,324.85714285714283,327334,2095.4285714285716,426.85714285714283,35121.71428571428,4747961
469,2021-07-15,335.85714285714283,327855,2204.4285714285716,449.0,39072.28571428572,4805544
470,2021-07-16,353.57142857142856,328314,2327.0,461.42857142857144,42227.71428571428,4856682
471,2021-07-17,369.14285714285717,328840,2464.4285714285716,482.42857142857144,43637.71428571428,4891963
472,2021-07-18,382.0,329425,2580.5714285714284,508.85714285714283,44458.57142857143,4925127
473,2021-07-19,398.57142857142856,330050,2720.285714285714,526.4285714285714,44876.28571428572,4968528
474,2021-07-20,412.14285714285717,330720,2801.0,548.4285714285714,43833.42857142857,5004475
475,2021-07-21,422.0,331345,2915.0,573.0,41170.0,5036151
476,2021-07-22,436.42857142857144,331956,3054.4285714285716,585.8571428571429,36902.57142857143,5063862
477,2021-07-23,444.2857142857143,332532,3182.285714285714,602.5714285714286,33109.42857142857,5088448
478,2021-07-24,458.7142857142857,333101,3315.4285714285716,608.7142857142857,30965.85714285714,5108724
479,2021-07-25,482.85714285714283,333783,3442.1428571428573,622.5714285714286,29036.285714285714,5128381
480,2021-07-26,502.85714285714283,334398,3606.1428571428573,621.1428571428571,26627.714285714286,5154922
481,2021-07-27,526.0,335044,3776.5714285714284,617.7142857142857,25210.571428571428,5180949
482,2021-07-28,550.8571428571429,335635,3903.4285714285716,612.8571428571429,24531.85714285714,5207874
483,2021-07-29,570.4285714285714,336224,3951.8571428571427,609.7142857142857,24196.14285714286,5233235
484,2021-07-30,589.5714285714286,336739,4045.0,601.0,23842.285714285714,5255344
485,2021-07-31,611.8571428571429,337201,4120.571428571428,585.7142857142857,23581.428571428572,5273794
486,2021-08-01,619.1428571428571,337746,4162.714285714285,566.1428571428571,23446.714285714286,5292508
487,2021-08-02,621.0,338318,4136.142857142857,560.0,23452.285714285714,5319088
488,2021-08-03,624.5714285714286,338897,4116.714285714285,550.4285714285714,23600.14285714286,5346150
489,2021-08-04,625.7142857142857,339516,4097.571428571428,554.4285714285714,23881.571428571428,5375045
490,2021-08-05,631.2857142857143,340056,4108.428571428572,547.4285714285714,24276.571428571428,5403171
491,2021-08-06,631.5714285714286,340600,4066.285714285714,551.5714285714286,24668.285714285714,5428022
492,2021-08-07,620.7142857142857,341131,4037.714285714286,561.4285714285714,24883.571428571428,5447979
493,2021-08-08,618.5714285714286,341632,4036.5714285714284,555.1428571428571,25089.714285714286,5468136
494,2021-08-09,620.5714285714286,342154,4004.5714285714284,548.0,25334.285714285714,5496428
495,2021-08-10,627.5714285714286,342770,4010.714285714286,553.2857142857143,25412.571428571428,5524038
496,2021-08-11,631.0,343406,4039.4285714285716,555.7142857142857,25446.85714285714,5553173
497,2021-08-12,633.1428571428571,344008,4084.4285714285716,564.5714285714286,25384.571428571428,5580863
498,2021-08-13,636.5714285714286,344589,4075.0,569.8571428571429,25404.714285714286,5605855
499,2021-08-14,646.1428571428571,345170,4047.0,577.0,25601.714285714286,5627191
500,2021-08-15,655.1428571428571,345758,4048.5714285714284,589.4285714285714,25762.14285714286,5648471
501,2021-08-16,662.4285714285714,346408,4113.857142857143,607.7142857142857,26129.14285714286,5679332
502,2021-08-17,661.5714285714286,347079,4189.857142857143,615.5714285714286,26627.0,5710427
503,2021-08-18,657.7142857142857,347742,4205.571428571428,619.4285714285714,26954.285714285714,5741853
504,2021-08-19,658.5714285714286,348466,4254.714285714285,636.8571428571429,27153.0,5770934
505,2021-08-20,675.8571428571429,349064,4293.571428571428,639.2857142857143,27233.428571428572,5796489
506,2021-08-21,686.7142857142857,349642,4386.0,638.8571428571429,27414.714285714286,5819094
507,2021-08-22,694.0,350258,4468.714285714285,642.8571428571429,27576.0,5841503
508,2021-08-23,693.1428571428571,350971,4509.714285714285,651.8571428571429,27500.571428571428,5871836
509,2021-08-24,696.8571428571429,351588,4510.428571428572,644.1428571428571,27088.714285714286,5900048
510,2021-08-25,709.5714285714286,352305,4561.428571428572,651.8571428571429,26585.14285714286,5927949
511,2021-08-26,712.2857142857143,352940,4534.428571428572,639.1428571428571,26213.85714285714,5954431
512,2021-08-27,707.1428571428571,353559,4603.428571428572,642.1428571428571,26027.85714285714,5978684
513,2021-08-28,703.5714285714286,354151,4593.285714285715,644.1428571428571,25675.428571428572,5998822
514,2021-08-29,697.7142857142857,354741,4587.714285714285,640.4285714285714,25210.14285714286,6017974
515,2021-08-30,703.0,355413,4593.142857142857,634.5714285714286,24444.428571428572,6042947
516,2021-08-31,707.2857142857143,356067,4675.285714285715,639.8571428571429,25209.14285714286,6076512
517,2021-09-01,711.7142857142857,356738,4706.0,633.2857142857143,25737.571428571428,6108112
518,2021-09-02,717.5714285714286,357338,4785.571428571428,628.2857142857143,26331.0,6138748
519,2021-09-03,715.5714285714286,357875,4816.714285714285,616.5714285714286,26970.571428571428,6167478
520,2021-09-04,719.4285714285714,358483,4859.285714285715,618.8571428571429,27437.85714285714,6190887
521,2021-09-05,725.0,359051,4914.0,615.7142857142857,28052.85714285714,6214344
522,2021-09-06,736.2857142857143,359724,4954.428571428572,615.8571428571429,29218.85714285714,6247479
523,2021-09-07,739.5714285714286,360372,4924.428571428572,615.0,28415.0,6275417
524,2021-09-08,742.8571428571429,361130,4969.285714285715,627.4285714285714,27566.285714285714,6301076
525,2021-09-09,742.0,361793,4988.428571428572,636.4285714285714,26681.14285714286,6325516
526,2021-09-10,745.8571428571429,362325,5017.285714285715,635.7142857142857,25581.285714285714,6346547
527,2021-09-11,740.0,362850,5059.857142857143,623.8571428571429,24659.428571428572,6363503
528,2021-09-12,741.8571428571429,363369,5084.428571428572,616.8571428571429,23862.571428571428,6381382
529,2021-09-13,724.7142857142857,363899,5100.0,596.4285714285714,22728.85714285714,6406581
530,2021-09-14,723.2857142857143,364489,5121.142857142857,588.1428571428571,21972.14285714286,6429222
531,2021-09-15,725.0,365016,5130.714285714285,555.1428571428571,21508.571428571428,6451636
532,2021-09-16,729.4285714285714,365558,5122.0,537.8571428571429,21205.714285714286,6473956
533,2021-09-17,724.1428571428571,365984,5038.857142857143,522.7142857142857,21397.714285714286,6496331
534,2021-09-18,724.0,366442,4988.714285714285,513.1428571428571,21964.85714285714,6517257
535,2021-09-19,718.2857142857143,366915,4887.0,506.57142857142856,22952.0,6542046
536,2021-09-20,721.8571428571429,367396,4763.571428571428,499.57142857142856,23940.85714285714,6574167
537,2021-09-21,707.7142857142857,367911,4673.857142857143,488.85714285714283,25070.285714285714,6604714
538,2021-09-22,697.1428571428571,368343,4542.714285714285,475.2857142857143,25980.85714285714,6633502
539,2021-09-23,676.7142857142857,368802,4430.285714285715,463.42857142857144,26840.85714285714,6661842
540,2021-09-24,670.7142857142857,369240,4335.857142857143,465.14285714285717,27323.571428571428,6687596
541,2021-09-25,657.4285714285714,369641,4275.285714285715,457.0,27675.428571428572,6710985
542,2021-09-26,640.1428571428571,370071,4218.0,450.85714285714283,27964.714285714286,6737799
543,2021-09-27,628.8571428571429,370570,4212.714285714285,453.42857142857144,28318.14285714286,6772394
544,2021-09-28,620.2857142857143,371044,4157.857142857143,447.57142857142856,28186.85714285714,6802022
545,2021-09-29,599.2857142857143,371541,4074.714285714286,456.85714285714283,28172.714285714286,6830711
546,2021-09-30,590.0,371989,4018.714285714286,455.2857142857143,27953.85714285714,6857519
547,2021-10-01,574.1428571428571,372421,4036.5714285714284,454.42857142857144,27722.428571428572,6881653
548,2021-10-02,563.5714285714286,372857,3952.8571428571427,459.42857142857144,27505.85714285714,6903526
549,2021-10-03,560.2857142857143,373319,3936.4285714285716,464.0,27552.14285714286,6930664
550,2021-10-04,551.7142857142857,373807,3915.1428571428573,462.42857142857144,27820.714285714286,6967139
551,2021-10-05,543.7142857142857,374371,3900.714285714286,475.2857142857143,28198.0,6999408
552,2021-10-06,543.7142857142857,374901,3950.0,480.0,28749.14285714286,7031955
553,2021-10-07,544.7142857142857,375413,3977.285714285714,489.14285714285717,29513.428571428572,7064113
554,2021-10-08,540.5714285714286,375889,3972.285714285714,495.42857142857144,30329.714285714286,7093961
555,2021-10-09,535.7142857142857,376372,4030.4285714285716,502.14285714285717,31087.85714285714,7121141
556,2021-10-10,529.8571428571429,376887,4045.4285714285716,509.7142857142857,31710.85714285714,7152640
557,2021-10-11,520.8571428571429,377436,4062.1428571428573,518.4285714285714,32659.428571428572,7195755
558,2021-10-12,525.1428571428571,378049,4094.8571428571427,525.4285714285714,33891.28571428572,7236647
559,2021-10-13,526.8571428571429,378624,4102.571428571428,531.8571428571429,35034.142857142855,7277194
560,2021-10-14,522.1428571428571,379197,4111.571428571428,540.5714285714286,36049.0,7316456
561,2021-10-15,520.1428571428571,379821,4155.0,561.7142857142857,37018.0,7353087
562,2021-10-16,527.5714285714286,380427,4171.142857142857,579.2857142857143,37655.0,7384726
563,2021-10-17,537.4285714285714,381073,4236.0,598.0,38512.42857142857,7422227
564,2021-10-18,553.5714285714286,381807,4328.142857142857,624.4285714285714,39389.857142857145,7471484
565,2021-10-19,558.5714285714286,382563,4426.428571428572,644.8571428571429,39923.857142857145,7516114
566,2021-10-20,556.5714285714286,383304,4544.142857142857,668.5714285714286,40411.857142857145,7560077
567,2021-10-21,561.4285714285714,383959,4639.857142857143,680.2857142857143,40314.57142857143,7598658
568,2021-10-22,572.4285714285714,384568,4741.571428571428,678.1428571428571,40011.0,7633164
569,2021-10-23,586.0,385195,4832.428571428572,681.1428571428571,39740.71428571428,7662911
570,2021-10-24,586.0,385884,4939.142857142857,687.2857142857143,38682.142857142855,7693002
571,2021-10-25,594.4285714285714,386599,5050.428571428572,684.5714285714286,37353.71428571428,7732960
572,2021-10-26,601.4285714285714,387339,5100.285714285715,682.2857142857143,36017.42857142857,7768236
573,2021-10-27,617.1428571428571,388157,5196.571428571428,693.2857142857143,34954.71428571428,7804760
574,2021-10-28,630.4285714285714,388913,5375.285714285715,707.7142857142857,34454.0,7839836
575,2021-10-29,641.4285714285714,389615,5476.857142857143,721.0,34381.0,7873831
576,2021-10-30,641.7142857142857,390214,5624.285714285715,717.0,34166.142857142855,7902074
577,2021-10-31,655.7142857142857,390935,5654.0,721.5714285714286,34090.857142857145,7931638
578,2021-11-01,665.8571428571429,391704,5730.571428571428,729.2857142857143,33763.0,7969301
579,2021-11-02,676.2857142857143,392399,5856.714285714285,722.8571428571429,33199.0,8000629
580,2021-11-03,683.5714285714286,393041,5922.714285714285,697.7142857142857,32180.714285714286,8030025
581,2021-11-04,697.1428571428571,393588,5893.571428571428,667.8571428571429,31081.14285714286,8057404
582,2021-11-05,705.8571428571429,394164,5914.714285714285,649.8571428571429,29711.14285714286,8081809
583,2021-11-06,713.0,394731,5868.857142857143,645.2857142857143,28902.285714285714,8104390
584,2021-11-07,721.4285714285714,395323,5923.714285714285,626.8571428571429,28314.14285714286,8129837
585,2021-11-08,715.1428571428571,396027,5930.142857142857,617.5714285714286,28096.285714285714,8165975
586,2021-11-09,716.4285714285714,396676,5898.0,611.0,28575.0,8200654
587,2021-11-10,715.2857142857143,397332,5819.142857142857,613.0,29431.285714285714,8236044
588,2021-11-11,710.7142857142857,397958,5798.0,624.2857142857143,30334.285714285714,8269744
589,2021-11-12,708.7142857142857,398557,5761.857142857143,627.5714285714286,31324.571428571428,8301081
590,2021-11-13,709.1428571428571,399079,5711.142857142857,621.1428571428571,32007.0,8328439
591,2021-11-14,704.1428571428571,399644,5635.0,617.2857142857143,32600.14285714286,8358038
592,2021-11-15,712.2857142857143,400217,5584.857142857143,598.5714285714286,33505.71428571428,8400515
593,2021-11-16,712.0,400805,5548.857142857143,589.8571428571429,34073.857142857145,8439171
594,2021-11-17,705.4285714285714,401418,5506.428571428572,583.7142857142857,34483.42857142857,8477428
595,2021-11-18,696.8571428571429,402004,5427.571428571428,578.0,34969.0,8514527
596,2021-11-19,690.2857142857143,402571,5378.428571428572,573.4285714285714,35232.857142857145,8547711
597,2021-11-20,680.0,403068,5362.714285714285,569.8571428571429,35591.42857142857,8577579
598,2021-11-21,670.1428571428571,403581,5328.714285714285,562.4285714285714,35900.28571428572,8609340
599,2021-11-22,656.8571428571429,404070,5264.285714285715,550.4285714285714,35956.28571428572,8652209
600,2021-11-23,642.8571428571429,404583,5193.714285714285,539.7142857142857,36293.28571428572,8693224
601,2021-11-24,646.5714285714286,405183,5188.857142857143,537.8571428571429,36525.28571428572,8733105
602,2021-11-25,650.4285714285714,405691,5176.714285714285,526.7142857142857,36531.57142857143,8770248
603,2021-11-26,652.8571428571429,406189,5114.142857142857,516.8571428571429,36600.42857142857,8803914
604,2021-11-27,654.4285714285714,406680,5064.428571428572,516.0,36399.142857142855,8832373
605,2021-11-28,659.0,407144,5043.714285714285,509.0,36698.57142857143,8866230
606,2021-11-29,663.0,407668,4982.142857142857,514.0,37422.857142857145,8914169
607,2021-11-30,674.8571428571429,408249,4966.428571428572,523.7142857142857,38368.142857142855,8961801
608,2021-12-01,657.2857142857143,408817,4903.428571428572,519.1428571428571,39422.71428571428,9009064
609,2021-12-02,648.1428571428571,409379,4864.142857142857,526.8571428571429,40265.857142857145,9052109
610,2021-12-03,643.5714285714286,409902,4896.0,530.4285714285714,41059.57142857143,9091331
611,2021-12-04,646.0,410422,4894.857142857143,534.5714285714286,41762.57142857143,9124711
612,2021-12-05,640.5714285714286,411009,4916.857142857143,552.1428571428571,41931.142857142855,9159748
613,2021-12-06,646.7142857142857,411580,4942.285714285715,558.8571428571429,42386.0,9210871
614,2021-12-07,642.4285714285714,412238,4930.0,569.8571428571429,42459.42857142857,9259017
615,2021-12-08,651.2857142857143,412869,4951.571428571428,578.8571428571429,42858.857142857145,9309076
616,2021-12-09,659.2857142857143,413483,4991.0,586.2857142857143,43683.42857142857,9357893
617,2021-12-10,655.5714285714286,414072,4979.428571428572,595.7142857142857,44511.42857142857,9402911
618,2021-12-11,653.0,414649,5035.857142857143,603.8571428571429,45734.28571428572,9444851
619,2021-12-12,656.5714285714286,415285,5070.428571428572,610.8571428571429,47352.857142857145,9491218
620,2021-12-13,650.2857142857143,415918,5119.285714285715,619.7142857142857,50979.142857142855,9567725
621,2021-12-14,648.5714285714286,416576,5129.142857142857,619.7142857142857,57060.71428571428,9658442
622,2021-12-15,650.0,417212,5181.0,620.4285714285714,64145.857142857145,9758097
623,2021-12-16,641.4285714285714,417851,5227.428571428572,624.0,70572.57142857143,9851901
624,2021-12-17,649.2857142857143,418450,5262.571428571428,625.4285714285714,76279.57142857143,9936868
625,2021-12-18,649.7142857142857,419041,5256.0,627.4285714285714,81563.85714285714,10015798
626,2021-12-19,647.0,419779,5284.142857142857,642.0,86153.85714285714,10094295
627,2021-12-20,644.7142857142857,420600,5326.857142857143,668.8571428571429,92021.0,10211872
628,2021-12-21,637.2857142857143,421486,5412.714285714285,701.4285714285714,97575.57142857143,10341471
629,2021-12-22,632.8571428571429,422446,5518.857142857143,747.7142857142857,103073.71428571429,10479613
630,2021-12-23,628.0,423464,5624.714285714285,801.8571428571429,109247.57142857143,10616634
631,2021-12-24,617.7142857142857,424357,5775.142857142857,843.8571428571429,113904.0,10734196
632,2021-12-25,607.4285714285714,425374,5892.142857142857,904.7142857142857,111187.14285714286,10794108
633,2021-12-26,610.5714285714286,426464,6014.857142857143,955.0,114104.42857142857,10893026
634,2021-12-27,614.0,427843,6280.714285714285,1034.7142857142858,119531.57142857143,11048593
635,2021-12-28,618.7142857142857,429477,6667.428571428572,1141.5714285714287,125386.85714285714,11219179
636,2021-12-29,625.4285714285714,431291,7112.571428571428,1263.5714285714287,137656.7142857143,11443210
637,2021-12-30,625.8571428571429,433035,7628.428571428572,1367.2857142857142,145628.7142857143,11636035
638,2021-12-31,632.8571428571429,434541,8224.42857142857,1454.857142857143,150675.14285714287,11788922
639,2022-01-01,640.2857142857143,436078,8846.42857142857,1529.142857142857,156302.42857142858,11888225
640,2022-01-02,639.2857142857143,437676,9415.0,1601.7142857142858,163401.14285714287,12036834
641,2022-01-03,638.8571428571429,439480,10100.857142857143,1662.4285714285713,168836.85714285713,12230451
642,2022-01-04,634.8571428571429,441128,10721.42857142857,1664.4285714285713,178020.7142857143,12465324
643,2022-01-05,633.8571428571429,442934,11315.142857142857,1663.2857142857142,172273.14285714287,12649122
644,2022-01-06,641.5714285714286,444570,11887.857142857143,1647.857142857143,166267.57142857142,12799908
645,2022-01-07,632.7142857142857,445983,12401.285714285714,1634.5714285714287,159438.0,12904988
646,2022-01-08,622.5714285714286,447497,12887.285714285714,1631.2857142857142,156854.85714285713,12986209
647,2022-01-09,620.2857142857143,449135,13456.42857142857,1637.0,147493.7142857143,13069290
648,2022-01-10,606.5714285714286,450893,13773.714285714286,1630.4285714285713,136454.57142857142,13185633
649,2022-01-11,594.0,452608,13979.857142857143,1640.0,117326.85714285714,13286612
650,2022-01-12,590.0,454143,14146.42857142857,1601.2857142857142,103927.14285714286,13376612
651,2022-01-13,584.4285714285714,455731,14259.285714285714,1594.4285714285713,94405.14285714286,13460744
652,2022-01-14,579.4285714285714,457175,14229.57142857143,1598.857142857143,90132.85714285714,13535918
653,2022-01-15,575.4285714285714,458481,14264.42857142857,1569.142857142857,88218.57142857143,13603739
654,2022-01-16,555.7142857142857,459956,14154.142857142857,1545.857142857143,88578.28571428571,13689338
655,2022-01-17,552.1428571428571,461362,14001.0,1495.5714285714287,88354.42857142857,13804114
656,2022-01-18,548.4285714285714,462837,13990.42857142857,1461.2857142857142,88687.14285714286,13907422
657,2022-01-19,531.2857142857143,464314,13798.857142857143,1453.0,89735.0,14004757
658,2022-01-20,511.42857142857144,465756,13528.142857142857,1432.142857142857,90137.71428571429,14091708
659,2022-01-21,495.42857142857144,466956,13296.285714285714,1397.2857142857142,90708.85714285714,14170880
660,2022-01-22,485.7142857142857,467951,13088.57142857143,1352.857142857143,91089.14285714286,14241363
661,2022-01-23,477.14285714285717,469249,12776.0,1327.5714285714287,91511.85714285714,14329921
662,2022-01-24,457.7142857142857,470460,12581.714285714286,1299.7142857142858,90720.0,14439154
663,2022-01-25,449.14285714285717,471906,12260.714285714286,1295.5714285714287,89812.42857142857,14536109
664,2022-01-26,438.42857142857144,473274,11983.285714285714,1280.0,89223.28571428571,14629320
665,2022-01-27,430.85714285714283,474453,11860.57142857143,1242.4285714285713,88619.71428571429,14712046
666,2022-01-28,423.42857142857144,475514,11729.285714285714,1222.5714285714287,87549.71428571429,14783728
667,2022-01-29,416.57142857142856,476651,11524.142857142857,1242.857142857143,86484.14285714286,14846752
668,2022-01-30,410.0,477705,11469.857142857143,1208.0,84544.42857142857,14921732
669,2022-01-31,403.85714285714283,478855,11344.0,1199.2857142857142,81582.85714285714,15010234
670,2022-02-01,397.85714285714283,480160,11146.42857142857,1179.142857142857,78948.0,15088745
671,2022-02-02,388.42857142857144,481374,11021.0,1157.142857142857,76190.42857142857,15162653
672,2022-02-03,383.2857142857143,482486,10778.0,1147.5714285714287,73519.85714285714,15226685
673,2022-02-04,379.7142857142857,483457,10560.142857142857,1134.7142857142858,70787.57142857143,15279241
674,2022-02-05,372.14285714285717,484307,10404.285714285714,1093.7142857142858,67960.28571428571,15322474
675,2022-02-06,361.57142857142856,485267,10120.0,1080.2857142857142,64412.857142857145,15372622
676,2022-02-07,356.57142857142856,486287,9899.42857142857,1061.7142857142858,60722.857142857145,15435294
677,2022-02-08,345.57142857142856,487319,9694.42857142857,1022.7142857142857,57426.57142857143,15490731
678,2022-02-09,339.57142857142856,488271,9536.142857142857,985.2857142857143,54155.857142857145,15541744
679,2022-02-10,328.7142857142857,489258,9320.142857142857,967.4285714285714,50912.857142857145,15583075
680,2022-02-11,323.42857142857144,490088,9075.142857142857,947.2857142857143,48396.857142857145,15618019
681,2022-02-12,315.42857142857144,490939,8802.57142857143,947.4285714285714,46383.857142857145,15647161
682,2022-02-13,309.14285714285717,491816,8669.857142857143,935.5714285714286,43837.857142857145,15679487
683,2022-02-14,300.2857142857143,492731,8444.714285714286,920.5714285714286,40954.71428571428,15721977
684,2022-02-15,290.2857142857143,493681,8300.142857142857,908.8571428571429,38770.142857142855,15762122
685,2022-02-16,284.2857142857143,494625,8136.571428571428,907.7142857142857,37117.57142857143,15801567
686,2022-02-17,277.7142857142857,495370,7983.714285714285,873.1428571428571,36094.28571428572,15835735
687,2022-02-18,266.14285714285717,496109,7916.285714285715,860.1428571428571,34662.71428571428,15860658
688,2022-02-19,258.14285714285717,496814,7767.714285714285,839.2857142857143,34275.142857142855,15887087
689,2022-02-20,258.7142857142857,497535,7683.285714285715,817.0,33715.857142857145,15915498
690,2022-02-21,256.57142857142856,498291,7561.0,794.2857142857143,32365.0,15948532
691,2022-02-22,252.42857142857142,499083,7442.857142857143,771.7142857142857,30632.714285714286,15976551
692,2022-02-23,243.71428571428572,499823,7317.857142857143,742.5714285714286,28713.14285714286,16002559
693,2022-02-24,240.85714285714286,500617,7269.857142857143,749.5714285714286,26958.0,16024441
694,2022-02-25,233.28571428571428,501298,7143.428571428572,741.2857142857143,26188.0,16043974
695,2022-02-26,223.0,501993,7114.142857142857,739.8571428571429,24927.285714285714,16061578
696,2022-02-27,212.42857142857142,502750,7038.0,745.0,24035.0,16083743
697,2022-02-28,206.28571428571428,503683,6985.857142857143,770.2857142857143,23868.0,16115608
698,2022-03-01,199.85714285714286,504595,7010.428571428572,787.4285714285714,24417.285714285714,16147472
699,2022-03-02,195.57142857142858,505502,6938.142857142857,811.2857142857143,25467.714285714286,16180833
700,2022-03-03,186.0,506523,6866.285714285715,843.7142857142857,26846.428571428572,16212366
701,2022-03-04,179.85714285714286,507366,6841.571428571428,866.8571428571429,28428.14285714286,16242971
702,2022-03-05,178.28571428571428,508245,6831.428571428572,893.1428571428571,29986.0,16271480
703,2022-03-06,173.28571428571428,509303,6836.0,936.1428571428571,31950.14285714286,16307394
704,2022-03-07,167.42857142857142,510408,6864.428571428572,960.7142857142857,34681.142857142855,16358376
705,2022-03-08,166.42857142857142,511573,6853.714285714285,996.8571428571429,37606.71428571428,16410719
706,2022-03-09,167.57142857142858,512805,6964.0,1043.2857142857142,40768.142857142855,16466210
707,2022-03-10,165.85714285714286,513929,7105.142857142857,1058.0,44020.28571428572,16520508
708,2022-03-11,169.0,515087,7274.428571428572,1103.0,47115.28571428572,16572778
709,2022-03-12,168.57142857142858,516183,7416.428571428572,1134.0,50065.57142857143,16621939
710,2022-03-13,166.57142857142858,517517,7572.142857142857,1173.4285714285713,53545.142857142855,16682210
711,2022-03-14,166.28571428571428,518891,7783.571428571428,1211.857142857143,57621.57142857143,16761727
712,2022-03-15,165.0,520349,8000.571428571428,1253.7142857142858,60729.857142857145,16835828
713,2022-03-16,160.57142857142858,521887,8222.57142857143,1297.4285714285713,63367.0,16909779
714,2022-03-17,165.57142857142858,523313,8490.42857142857,1340.5714285714287,65279.71428571428,16977466
715,2022-03-18,163.71428571428572,524699,8726.857142857143,1373.142857142857,66656.0,17039370
716,2022-03-19,166.0,526164,8909.42857142857,1425.857142857143,67520.28571428571,17094581
717,2022-03-20,168.57142857142858,527598,9136.857142857143,1440.142857142857,68468.28571428571,17161488
718,2022-03-21,174.28571428571428,529206,9468.0,1473.5714285714287,69952.57142857143,17251395
719,2022-03-22,179.14285714285714,530919,9792.285714285714,1510.0,71058.85714285714,17333240
720,2022-03-23,183.57142857142858,532632,9931.0,1535.0,71580.14285714286,17410840
721,2022-03-24,185.42857142857142,534240,10073.714285714286,1561.0,71711.14285714286,17479444
722,2022-03-25,195.28571428571428,535805,10331.857142857143,1586.5714285714287,71475.71428571429,17539700
723,2022-03-26,200.28571428571428,537318,10729.857142857143,1593.4285714285713,70985.0,17591476
724,2022-03-27,206.0,538931,11070.285714285714,1619.0,69712.57142857143,17649476
725,2022-03-28,207.57142857142858,540884,11357.714285714286,1668.2857142857142,68141.42857142857,17728385
726,2022-03-29,216.42857142857142,542731,11612.714285714286,1687.4285714285713,66083.71428571429,17795826
727,2022-03-30,219.42857142857142,544632,11965.714285714286,1714.2857142857142,63962.28571428572,17858576
728,2022-03-31,218.0,546434,12283.42857142857,1742.0,60715.857142857145,17904455
729,2022-04-01,216.28571428571428,547961,12606.285714285714,1736.5714285714287,57871.0,17944797
730,2022-04-02,218.28571428571428,549505,12779.857142857143,1741.0,54990.0,17976406
731,2022-04-03,222.14285714285714,551130,12938.857142857143,1742.7142857142858,51790.857142857145,18012012
732,2022-04-04,222.57142857142858,552822,12966.57142857143,1705.4285714285713,46966.71428571428,18057152
733,2022-04-05,219.28571428571428,554640,13051.714285714286,1701.2857142857142,43102.71428571428,18097545
734,2022-04-06,220.14285714285714,556446,13198.0,1687.7142857142858,39408.57142857143,18134436
735,2022-04-07,222.42857142857142,558001,13342.42857142857,1652.4285714285713,37389.42857142857,18166181
736,2022-04-08,225.14285714285714,559510,13303.0,1649.857142857143,35539.28571428572,18193572
737,2022-04-09,225.42857142857142,560833,13405.857142857143,1618.2857142857142,34311.28571428572,18216585
738,2022-04-10,226.42857142857142,562263,13456.42857142857,1590.4285714285713,32887.71428571428,18242226
739,2022-04-11,229.28571428571428,563902,13545.142857142857,1582.857142857143,30810.14285714286,18272823
740,2022-04-12,230.71428571428572,565563,13483.857142857143,1560.4285714285713,28951.428571428572,18300205
741,2022-04-13,229.14285714285714,567151,13355.142857142857,1529.2857142857142,27325.14285714286,18325712
742,2022-04-14,232.28571428571428,568519,13081.57142857143,1502.5714285714287,25852.14285714286,18347146
743,2022-04-15,225.85714285714286,569694,12880.714285714286,1454.857142857143,24411.428571428572,18364452
744,2022-04-16,222.42857142857142,570781,12537.57142857143,1421.142857142857,23422.571428571428,18380543
745,2022-04-17,219.57142857142858,571897,12327.0,1376.2857142857142,22082.714285714286,18396805
746,2022-04-18,214.0,573129,12006.42857142857,1318.142857142857,20649.714285714286,18417371
747,2022-04-19,209.42857142857142,574238,11957.142857142857,1239.2857142857142,19680.14285714286,18437966
748,2022-04-20,212.71428571428572,575379,11899.0,1175.4285714285713,18461.0,18454939
749,2022-04-21,208.14285714285714,576390,11732.285714285714,1124.4285714285713,17473.285714285714,18469459
750,2022-04-22,204.85714285714286,577356,11599.42857142857,1094.5714285714287,16790.428571428572,18481985
751,2022-04-23,204.28571428571428,578256,11464.285714285714,1067.857142857143,16002.142857142857,18492558
752,2022-04-24,201.85714285714286,579118,11142.0,1031.5714285714287,15374.285714285714,18504425
753,2022-04-25,202.57142857142858,580052,10916.857142857143,989.0,14351.142857142857,18517829
754,2022-04-26,198.42857142857142,581020,10387.857142857143,968.8571428571429,13022.285714285714,18529122
755,2022-04-27,194.0,581902,9938.57142857143,931.8571428571429,12043.285714285714,18539242
756,2022-04-28,189.85714285714286,582676,9637.0,898.0,11262.714285714286,18548298
757,2022-04-29,192.14285714285714,583381,9195.285714285714,860.7142857142857,10615.0,18556290
758,2022-04-30,192.14285714285714,583987,8814.714285714286,818.7142857142857,10085.0,18563153
759,2022-05-01,190.85714285714286,584613,8494.0,785.0,9492.285714285714,18570871
760,2022-05-02,190.0,585278,8081.571428571428,746.5714285714286,9055.0,18581214
761,2022-05-03,190.85714285714286,586046,7841.428571428572,718.0,9035.285714285714,18592369
762,2022-05-04,189.0,586749,7560.714285714285,692.4285714285714,8987.142857142857,18602152
763,2022-05-05,192.14285714285714,587417,7349.142857142857,677.2857142857143,8920.857142857143,18610744
764,2022-05-06,190.0,588035,7202.428571428572,664.8571428571429,8853.142857142857,18618262
765,2022-05-07,184.71428571428572,588561,6993.0,653.4285714285714,8780.42857142857,18624616
766,2022-05-08,180.85714285714286,589118,6788.428571428572,643.5714285714286,8772.714285714286,18632280
767,2022-05-09,175.0,589773,6651.0,642.1428571428571,8563.142857142857,18641156
768,2022-05-10,166.71428571428572,590353,6476.428571428572,615.2857142857143,8134.428571428572,18649310
769,2022-05-11,159.71428571428572,590907,6302.142857142857,594.0,7774.714285714285,18656575
770,2022-05-12,151.0,591449,5982.285714285715,576.0,7458.142857142857,18662951
771,2022-05-13,142.0,591882,5751.142857142857,549.5714285714286,7211.857142857143,18668745
772,2022-05-14,140.42857142857142,592334,5601.714285714285,539.0,7038.285714285715,18673884
773,2022-05-15,135.28571428571428,592782,5447.285714285715,523.4285714285714,6904.857142857143,18680614
774,2022-05-16,131.14285714285714,593274,5211.142857142857,500.14285714285717,6763.0,18688497
775,2022-05-17,133.0,593707,4914.857142857143,479.14285714285717,6574.285714285715,18695330
776,2022-05-18,133.0,594249,4738.0,477.42857142857144,6449.571428571428,18701722
777,2022-05-19,135.71428571428572,594726,4626.571428571428,468.14285714285717,6365.142857142857,18707507
778,2022-05-20,139.14285714285714,595100,4475.285714285715,459.7142857142857,6258.714285714285,18712556
779,2022-05-21,137.85714285714286,595413,4294.0,439.85714285714283,6130.714285714285,18716799
780,2022-05-22,136.71428571428572,595807,4184.0,432.14285714285717,5905.142857142857,18721950
781,2022-05-23,137.28571428571428,596200,4135.857142857143,418.0,5671.571428571428,18728198
782,2022-05-24,133.57142857142858,596577,4065.1428571428573,410.0,5494.428571428572,18733791
783,2022-05-25,131.0,596978,3943.0,389.85714285714283,5322.571428571428,18738980
784,2022-05-26,125.57142857142857,597322,3823.8571428571427,370.85714285714283,5184.571428571428,18743799
785,2022-05-27,118.14285714285714,597680,3746.1428571428573,368.57142857142856,5105.285714285715,18748293
786,2022-05-28,113.14285714285714,597998,3609.0,369.2857142857143,5092.428571428572,18752446
787,2022-05-29,109.28571428571429,598363,3468.0,365.14285714285717,5026.142857142857,18757133
788,2022-05-30,102.28571428571429,598747,3344.0,363.85714285714283,4980.428571428572,18763061
789,2022-05-31,95.0,599124,3308.285714285714,363.85714285714283,5000.571428571428,18768795
790,2022-06-01,91.85714285714286,599482,3192.285714285714,357.7142857142857,5075.142857142857,18774506
791,2022-06-02,89.14285714285714,599798,3155.4285714285716,353.7142857142857,5112.571428571428,18779587
792,2022-06-03,90.71428571428571,600130,3118.0,350.0,5267.857142857143,18785168
793,2022-06-04,88.85714285714286,600504,3127.1428571428573,358.0,5571.428571428572,18791446
794,2022-06-05,88.71428571428571,600897,3114.1428571428573,362.0,6094.714285714285,18799796
795,2022-06-06,90.28571428571429,601381,3099.4285714285716,376.2857142857143,6647.571428571428,18809594
796,2022-06-07,91.42857142857143,601850,3091.285714285714,389.42857142857144,7183.285714285715,18819078
797,2022-06-08,90.71428571428571,602376,3110.285714285714,413.42857142857144,7789.142857142857,18829030
798,2022-06-09,92.57142857142857,602874,3119.714285714286,439.42857142857144,8433.142857142857,18838619
799,2022-06-10,93.85714285714286,603344,3148.4285714285716,459.14285714285717,8943.42857142857,18847772
800,2022-06-11,95.0,603799,3201.0,470.7142857142857,9256.285714285714,18856240
801,2022-06-12,95.85714285714286,604312,3238.4285714285716,487.85714285714283,9594.57142857143,18866958
802,2022-06-13,95.42857142857143,604866,3266.1428571428573,497.85714285714283,10045.42857142857,18879912
803,2022-06-14,98.0,605491,3301.0,520.1428571428571,10499.142857142857,18892572
804,2022-06-15,98.0,606203,3390.8571428571427,546.7142857142857,10847.0,18904959
805,2022-06-16,93.85714285714286,606917,3482.0,577.5714285714286,11179.285714285714,18916874
806,2022-06-17,93.71428571428571,607609,3526.285714285714,609.2857142857143,11534.57142857143,18928514
807,2022-06-18,95.42857142857143,608270,3632.714285714286,638.7142857142857,11986.857142857143,18940148
808,2022-06-19,97.42857142857143,609039,3734.4285714285716,675.2857142857143,12530.57142857143,18954672
809,2022-06-20,103.14285714285714,609832,3907.0,709.4285714285714,13096.857142857143,18971590
810,2022-06-21,106.85714285714286,610795,4062.0,757.7142857142857,13792.714285714286,18989121
811,2022-06-22,110.14285714285714,611700,4204.857142857143,785.2857142857143,14560.857142857143,19006885
812,2022-06-23,117.85714285714286,612607,4384.142857142857,812.8571428571429,15244.142857142857,19023583
813,2022-06-24,122.14285714285714,613463,4605.571428571428,836.2857142857143,15813.57142857143,19039209
814,2022-06-25,124.71428571428571,614316,4806.142857142857,863.7142857142857,16219.857142857143,19053687
815,2022-06-26,130.85714285714286,615365,5071.0,903.7142857142857,16722.0,19071726
816,2022-06-27,132.85714285714286,616543,5250.857142857143,958.7142857142857,17433.14285714286,19093622
817,2022-06-28,139.85714285714286,617699,5523.571428571428,986.2857142857143,18052.85714285714,19115491
818,2022-06-29,147.42857142857142,618989,5810.857142857143,1041.2857142857142,18618.0,19137211
819,2022-06-30,151.14285714285714,620270,6076.428571428572,1094.7142857142858,19305.85714285714,19158724
820,2022-07-01,155.0,621286,6360.0,1117.5714285714287,20083.14285714286,19179791
821,2022-07-02,158.42857142857142,622451,6567.428571428572,1162.142857142857,20812.85714285714,19199377
822,2022-07-03,156.57142857142858,623909,6898.571428571428,1220.5714285714287,21831.85714285714,19224549
823,2022-07-04,159.14285714285714,625475,7271.285714285715,1276.0,23045.0,19254937
824,2022-07-05,159.57142857142858,626966,7586.142857142857,1323.857142857143,23937.714285714286,19283055
825,2022-07-06,157.85714285714286,628473,7939.571428571428,1354.857142857143,24655.0,19309796
826,2022-07-07,160.57142857142858,630117,8269.142857142857,1406.7142857142858,25017.285714285714,19333845
827,2022-07-08,163.71428571428572,631551,8636.42857142857,1466.4285714285713,25175.285714285714,19356018
828,2022-07-09,166.71428571428572,632836,8951.0,1483.5714285714287,25142.14285714286,19375372
829,2022-07-10,172.0,634306,9262.857142857143,1485.2857142857142,24838.428571428572,19398418
830,2022-07-11,177.85714285714286,635877,9536.0,1486.0,24382.714285714286,19425616
831,2022-07-12,180.85714285714286,637418,9859.42857142857,1493.142857142857,23848.285714285714,19449993
832,2022-07-13,188.85714285714286,639022,10127.285714285714,1507.0,23119.428571428572,19471632
833,2022-07-14,194.28571428571428,640528,10338.142857142857,1487.2857142857142,22446.714285714286,19490972
834,2022-07-15,197.14285714285714,641685,10471.0,1447.7142857142858,21654.285714285714,19507598
835,2022-07-16,203.85714285714286,642845,10737.42857142857,1429.857142857143,20843.285714285714,19521275
836,2022-07-17,206.42857142857142,644181,10775.857142857143,1410.7142857142858,19794.14285714286,19536977
837,2022-07-18,211.71428571428572,645548,10910.142857142857,1381.5714285714287,18325.714285714286,19553896
838,2022-07-19,218.0,646978,10853.857142857143,1365.7142857142858,16967.0,19568762
839,2022-07-20,221.0,648394,10827.285714285714,1338.857142857143,15951.857142857143,19583295
840,2022-07-21,222.42857142857142,649690,10869.0,1308.857142857143,15016.285714285714,19596086
841,2022-07-22,225.57142857142858,650685,10814.0,1285.7142857142858,14237.857142857143,19607263
842,2022-07-23,225.28571428571428,651662,10602.57142857143,1259.5714285714287,13556.714285714286,19616172
843,2022-07-24,230.28571428571428,652758,10401.142857142857,1225.2857142857142,12773.0,19626388
844,2022-07-25,226.42857142857142,653829,10233.42857142857,1183.0,12060.142857142857,19638317
845,2022-07-26,221.42857142857142,654867,9969.857142857143,1127.0,11433.857142857143,19648799
846,2022-07-27,217.85714285714286,655850,9719.285714285714,1065.142857142857,10705.57142857143,19658234
847,2022-07-28,213.85714285714286,656737,9433.285714285714,1006.7142857142857,10069.57142857143,19666573
848,2022-07-29,209.71428571428572,657456,9107.857142857143,967.2857142857143,9556.42857142857,19674158
849,2022-07-30,204.0,658217,8961.57142857143,936.4285714285714,9228.285714285714,19680770
850,2022-07-31,197.14285714285714,659146,8874.42857142857,912.5714285714286,8864.857142857143,19688442
851,2022-08-01,192.28571428571428,660056,8689.714285714286,889.5714285714286,8419.857142857143,19697256
852,2022-08-02,191.0,660884,8651.42857142857,859.5714285714286,8088.857142857143,19705421
853,2022-08-03,188.71428571428572,661749,8506.57142857143,842.7142857142857,7800.857142857143,19712840
854,2022-08-04,187.0,662583,8349.285714285714,835.1428571428571,7541.571428571428,19719364
855,2022-08-05,185.85714285714286,663285,8224.285714285714,832.7142857142857,7295.0,19725223
856,2022-08-06,185.57142857142858,663934,8057.428571428572,816.7142857142857,7043.571428571428,19730075
857,2022-08-07,184.57142857142858,664657,7929.571428571428,787.2857142857143,6790.0,19735972
858,2022-08-08,185.85714285714286,665477,7757.285714285715,774.4285714285714,6563.142857142857,19743198
859,2022-08-09,185.42857142857142,666269,7607.0,769.2857142857143,6319.857142857143,19749660
860,2022-08-10,182.85714285714286,667076,7367.428571428572,761.0,6117.571428571428,19755663
861,2022-08-11,180.42857142857142,667804,7233.714285714285,745.8571428571429,5963.571428571428,19761109
862,2022-08-12,175.14285714285714,668384,7134.571428571428,728.4285714285714,5809.571428571428,19765890
863,2022-08-13,172.14285714285714,669012,7042.285714285715,725.4285714285714,5684.714285714285,19769868
864,2022-08-14,169.28571428571428,669649,6883.714285714285,713.1428571428571,5525.285714285715,19774649
865,2022-08-15,164.0,670332,6759.571428571428,693.5714285714286,5293.857142857143,19780255
866,2022-08-16,157.0,670975,6623.285714285715,672.2857142857143,5062.857142857143,19785100
867,2022-08-17,155.85714285714286,671603,6657.428571428572,646.7142857142857,4836.857142857143,19789521
868,2022-08-18,155.0,672136,6557.428571428572,618.8571428571429,4628.714285714285,19793510
869,2022-08-19,154.85714285714286,672633,6477.0,607.0,4444.571428571428,19797002
870,2022-08-20,152.28571428571428,673110,6366.714285714285,585.4285714285714,4313.285714285715,19800061
871,2022-08-21,149.85714285714286,673587,6217.714285714285,562.5714285714286,4137.0,19803608
872,2022-08-22,147.57142857142858,674107,6050.857142857143,539.2857142857143,3989.714285714286,19808183
873,2022-08-23,142.42857142857142,674641,5921.142857142857,523.7142857142857,3879.8571428571427,19812259
874,2022-08-24,136.28571428571428,675176,5705.285714285715,510.42857142857144,3807.285714285714,19816172
875,2022-08-25,127.71428571428571,675719,5579.428571428572,511.85714285714283,3704.0,19819438
876,2022-08-26,120.71428571428571,676152,5385.285714285715,502.7142857142857,3633.285714285714,19822435
877,2022-08-27,118.42857142857143,676565,5211.285714285715,493.57142857142856,3568.5714285714284,19825041
878,2022-08-28,113.85714285714286,677005,5030.142857142857,488.2857142857143,3473.5714285714284,19827923
879,2022-08-29,111.14285714285714,677496,4877.714285714285,484.14285714285717,3382.285714285714,19831859
880,2022-08-30,112.28571428571429,677975,4738.571428571428,476.2857142857143,3439.0,19836332
881,2022-08-31,111.57142857142857,678453,4617.0,468.14285714285717,3447.8571428571427,19840307
882,2022-09-01,114.42857142857143,678911,4564.142857142857,456.0,3518.4285714285716,19844067
883,2022-09-02,118.57142857142857,679299,4478.0,449.57142857142856,3553.0,19847306
884,2022-09-03,117.28571428571429,679654,4416.142857142857,441.2857142857143,3605.1428571428573,19850277
885,2022-09-04,116.71428571428571,680034,4415.142857142857,432.7142857142857,3730.4285714285716,19854036
886,2022-09-05,115.0,680474,4351.142857142857,425.42857142857144,3794.5714285714284,19858421
887,2022-09-06,111.71428571428571,680906,4340.571428571428,418.7142857142857,3718.4285714285716,19862361
888,2022-09-07,108.28571428571429,681345,4345.142857142857,413.14285714285717,3686.1428571428573,19866110
889,2022-09-08,105.85714285714286,681747,4207.142857142857,405.14285714285717,3613.285714285714,19869360
890,2022-09-09,100.57142857142857,682109,4221.571428571428,401.42857142857144,3593.8571428571427,19872463
891,2022-09-10,101.14285714285714,682461,4175.857142857143,401.0,3578.1428571428573,19875324
892,2022-09-11,102.0,682864,4100.0,404.2857142857143,3596.8571428571427,19879214
893,2022-09-12,101.85714285714286,683290,4093.0,402.2857142857143,3650.1428571428573,19883972
894,2022-09-13,106.0,683785,4039.714285714286,411.2857142857143,3744.5714285714284,19888573
895,2022-09-14,108.14285714285714,684261,3946.0,416.57142857142856,3845.1428571428573,19893026
896,2022-09-15,108.14285714285714,684720,3944.4285714285716,424.7142857142857,3980.8571428571427,19897226
897,2022-09-16,110.85714285714286,685119,3915.4285714285716,430.0,4070.285714285714,19900955
898,2022-09-17,110.0,685519,3852.4285714285716,436.85714285714283,4117.0,19904143
899,2022-09-18,107.0,685962,3839.4285714285716,442.57142857142856,4124.571428571428,19908086
900,2022-09-19,107.14285714285714,686593,3802.5714285714284,471.85714285714283,4259.428571428572,19913788
901,2022-09-20,105.85714285714286,687257,3828.8571428571427,496.0,4630.714285714285,19920988
902,2022-09-21,109.42857142857143,687978,3938.0,531.0,4986.0,19927928
903,2022-09-22,111.71428571428571,688699,4002.714285714286,568.4285714285714,5285.142857142857,19934222
904,2022-09-23,116.28571428571429,689263,4107.714285714285,592.0,5610.428571428572,19940228
905,2022-09-24,119.71428571428571,689904,4273.857142857143,626.4285714285714,5913.428571428572,19945537
906,2022-09-25,123.14285714285714,690738,4415.0,682.2857142857143,6312.571428571428,19952274
907,2022-09-26,127.85714285714286,691603,4670.0,715.7142857142857,6646.857142857143,19960316
908,2022-09-27,130.28571428571428,692418,4881.857142857143,737.2857142857143,6710.285714285715,19967960
909,2022-09-28,130.28571428571428,693397,5090.428571428572,774.1428571428571,6834.0,19975766
910,2022-09-29,130.71428571428572,694342,5367.571428571428,806.1428571428571,6985.142857142857,19983118
911,2022-09-30,129.0,695058,5620.857142857143,827.8571428571429,7141.285714285715,19990217
912,2022-10-01,130.71428571428572,695933,5808.285714285715,861.2857142857143,7320.571428571428,19996781
913,2022-10-02,133.71428571428572,696842,6068.285714285715,872.0,7590.0,20005404
914,2022-10-03,136.42857142857142,697949,6317.0,906.5714285714286,7995.571428571428,20016285
915,2022-10-04,137.85714285714286,699094,6585.714285714285,953.7142857142857,8367.285714285714,20026531
916,2022-10-05,142.57142857142858,700023,6864.428571428572,946.5714285714286,8615.57142857143,20036075
917,2022-10-06,149.57142857142858,700971,7178.714285714285,947.0,8825.142857142857,20044894
918,2022-10-07,155.0,701714,7440.571428571428,950.8571428571429,9001.42857142857,20053227
919,2022-10-08,158.42857142857142,702393,7770.571428571428,922.8571428571429,9003.857142857143,20059808
920,2022-10-09,161.85714285714286,703381,7980.571428571428,934.1428571428571,8916.857142857143,20067822
921,2022-10-10,163.42857142857142,704429,8136.714285714285,925.7142857142857,8767.42857142857,20077657
922,2022-10-11,170.42857142857142,705393,8207.714285714286,899.8571428571429,8558.142857142857,20086438
923,2022-10-12,170.42857142857142,706324,8166.142857142857,900.1428571428571,8355.285714285714,20094562
924,2022-10-13,171.28571428571428,707320,8153.714285714285,907.0,8175.857142857143,20102125
925,2022-10-14,171.57142857142858,708098,8155.0,912.0,8034.428571428572,20109468
926,2022-10-15,171.14285714285714,708796,8211.42857142857,914.7142857142857,7952.142857142857,20115473
927,2022-10-16,170.57142857142858,709751,8198.0,910.0,7844.0,20122730
928,2022-10-17,170.71428571428572,710684,8301.285714285714,893.5714285714286,7767.714285714285,20132031
929,2022-10-18,167.42857142857142,711544,8316.0,878.7142857142857,7608.428571428572,20139697
930,2022-10-19,171.42857142857142,712438,8474.714285714286,873.4285714285714,7453.857142857143,20146739
931,2022-10-20,169.0,713256,8440.42857142857,848.0,7241.285714285715,20152814
932,2022-10-21,168.14285714285714,713945,8455.57142857143,835.2857142857143,7015.0,20158573
933,2022-10-22,167.28571428571428,714559,8314.42857142857,823.2857142857143,6803.857142857143,20163100
934,2022-10-23,167.85714285714286,715285,8325.857142857143,790.5714285714286,6483.0,20168111
935,2022-10-24,166.85714285714286,715993,8175.571428571428,758.4285714285714,6032.428571428572,20174258
936,2022-10-25,171.42857142857142,716697,8067.714285714285,736.1428571428571,5677.428571428572,20179439
937,2022-10-26,170.71428571428572,717336,7861.857142857143,699.7142857142857,5374.857142857143,20184363
938,2022-10-27,173.0,717969,7726.714285714285,673.2857142857143,5131.571428571428,20188735
939,2022-10-28,175.85714285714286,718436,7557.571428571428,641.5714285714286,4868.285714285715,20192651
940,2022-10-29,180.28571428571428,718847,7397.571428571428,612.5714285714286,4682.571428571428,20195878
941,2022-10-30,181.71428571428572,719387,7201.857142857143,586.0,4513.428571428572,20199705
942,2022-10-31,180.0,719918,7018.571428571428,560.7142857142857,4297.142857142857,20204338
943,2022-11-01,175.14285714285714,720474,6883.285714285715,539.5714285714286,4141.428571428572,20208429
944,2022-11-02,165.85714285714286,720970,6646.142857142857,519.1428571428571,3952.1428571428573,20212028
945,2022-11-03,160.57142857142858,721439,6385.428571428572,495.7142857142857,3793.4285714285716,20215289
946,2022-11-04,151.71428571428572,721784,6113.285714285715,478.2857142857143,3628.285714285714,20218049
947,2022-11-05,141.0,722097,5892.142857142857,464.2857142857143,3506.4285714285716,20220423
948,2022-11-06,135.71428571428572,722508,5693.142857142857,445.85714285714283,3376.4285714285716,20223340
949,2022-11-07,133.14285714285714,723013,5388.285714285715,442.14285714285717,3268.714285714286,20227219
950,2022-11-08,129.57142857142858,723454,5152.714285714285,425.7142857142857,3167.1428571428573,20230599
951,2022-11-09,130.42857142857142,723901,5012.0,418.7142857142857,3108.0,20233784
952,2022-11-10,128.28571428571428,724366,4862.0,418.14285714285717,3043.0,20236590
953,2022-11-11,126.85714285714286,724720,4757.857142857143,419.42857142857144,3014.714285714286,20239152
954,2022-11-12,129.0,725025,4680.571428571428,418.2857142857143,2985.8571428571427,20241324
955,2022-11-13,125.14285714285714,725431,4541.428571428572,417.57142857142856,2947.285714285714,20243971
956,2022-11-14,121.14285714285714,725860,4463.571428571428,406.7142857142857,2892.285714285714,20247465
957,2022-11-15,117.42857142857143,726292,4359.285714285715,405.42857142857144,2860.8571428571427,20250625
958,2022-11-16,111.85714285714286,726778,4258.714285714285,411.0,2824.8571428571427,20253558
959,2022-11-17,107.57142857142857,727218,4210.714285714285,407.42857142857144,2810.1428571428573,20256261
960,2022-11-18,102.42857142857143,727608,4127.571428571428,412.57142857142856,2801.4285714285716,20258762
961,2022-11-19,99.57142857142857,727936,4040.1428571428573,415.85714285714283,2806.4285714285716,20260969
962,2022-11-20,99.14285714285714,728286,3947.0,407.85714285714283,2801.5714285714284,20263582
963,2022-11-21,96.28571428571429,728709,3911.8571428571427,407.0,2809.4285714285716,20267131
964,2022-11-22,93.85714285714286,729192,3881.0,414.2857142857143,2851.0,20270582
965,2022-11-23,95.57142857142857,729638,3900.8571428571427,408.57142857142856,2894.8571428571427,20273822
966,2022-11-24,97.28571428571429,730079,3860.4285714285716,408.7142857142857,2938.285714285714,20276829
967,2022-11-25,101.85714285714286,730409,3843.285714285714,400.14285714285717,2957.8571428571427,20279467
968,2022-11-26,98.42857142857143,730785,3834.714285714286,407.0,2971.714285714286,20281771
969,2022-11-27,99.0,731252,3866.4285714285716,423.7142857142857,3048.714285714286,20284923
970,2022-11-28,98.57142857142857,731809,3876.5714285714284,442.85714285714283,3147.0,20289160
971,2022-11-29,97.71428571428571,732310,3824.285714285714,445.42857142857144,3221.4285714285716,20293132
972,2022-11-30,98.57142857142857,732753,3819.714285714286,445.0,3274.0,20296740
973,2022-12-01,100.0,733210,3853.285714285714,447.2857142857143,3303.5714285714284,20299954
974,2022-12-02,101.42857142857143,733567,3868.285714285714,451.14285714285717,3394.5714285714284,20303229
975,2022-12-03,103.0,733970,3880.285714285714,455.0,3419.8571428571427,20305710
976,2022-12-04,101.28571428571429,734450,3951.285714285714,456.85714285714283,3456.5714285714284,20309119
977,2022-12-05,105.42857142857143,735039,3994.4285714285716,461.42857142857144,3544.1428571428573,20313969
978,2022-12-06,104.85714285714286,735660,4092.1428571428573,478.57142857142856,3656.8571428571427,20318730
979,2022-12-07,104.0,736238,4113.285714285715,497.85714285714283,3804.285714285714,20323370
980,2022-12-08,98.57142857142857,736848,4175.857142857143,519.7142857142857,3929.714285714286,20327462
981,2022-12-09,96.14285714285714,737348,4295.285714285715,540.1428571428571,4008.1428571428573,20331286
982,2022-12-10,93.14285714285714,737785,4444.857142857143,545.0,4123.142857142857,20334572
983,2022-12-11,94.0,738491,4545.714285714285,577.2857142857143,4239.428571428572,20338795
984,2022-12-12,94.71428571428571,739253,4636.571428571428,602.0,4454.571428571428,20345151
985,2022-12-13,99.28571428571429,740022,4788.571428571428,623.1428571428571,4700.571428571428,20351634
986,2022-12-14,103.0,740752,4985.428571428572,644.8571428571429,4889.428571428572,20357596
987,2022-12-15,111.28571428571429,741592,5164.142857142857,677.7142857142857,5097.571428571428,20363145
988,2022-12-16,115.42857142857143,742274,5300.714285714285,703.7142857142857,5340.571428571428,20368670
989,2022-12-17,122.0,742903,5435.285714285715,731.1428571428571,5481.571428571428,20372943
990,2022-12-18,126.28571428571429,743850,5598.142857142857,765.5714285714286,5622.857142857143,20378155
991,2022-12-19,131.14285714285714,744887,5847.285714285715,804.8571428571429,5892.0,20386395
992,2022-12-20,132.42857142857142,745951,6104.142857142857,847.0,6085.285714285715,20394231
993,2022-12-21,132.71428571428572,746920,6271.428571428572,881.1428571428571,6239.571428571428,20401273
994,2022-12-22,135.71428571428572,747881,6470.571428571428,898.4285714285714,6338.428571428572,20407514
995,2022-12-23,139.14285714285714,748609,6735.0,905.0,6295.571428571428,20412739
996,2022-12-24,142.14285714285714,749174,6952.571428571428,895.8571428571429,6224.714285714285,20416516
997,2022-12-25,143.71428571428572,749801,7077.142857142857,850.1428571428571,5963.285714285715,20419898
998,2022-12-26,142.28571428571428,750573,7198.428571428572,812.2857142857143,5428.857142857143,20424397
999,2022-12-27,146.57142857142858,751461,7241.714285714285,787.1428571428571,5163.285714285715,20430374
1000,2022-12-28,154.14285714285714,752468,7380.714285714285,792.5714285714286,5244.285714285715,20437983
1001,2022-12-29,157.42857142857142,753444,7557.0,794.7142857142857,5346.0,20444936
1002,2022-12-30,162.42857142857142,754237,7585.714285714285,804.0,5388.714285714285,20450460
1003,2022-12-31,166.0,754820,7626.714285714285,806.5714285714286,5405.0,20454351
1004,2023-01-01,170.0,755454,7713.571428571428,807.5714285714286,5398.571428571428,20457688
1005,2023-01-02,175.14285714285714,756233,7760.714285714285,808.5714285714286,5418.142857142857,20462324
1006,2023-01-03,175.42857142857142,757090,7764.142857142857,804.1428571428571,5384.142857142857,20468063
1007,2023-01-04,173.14285714285714,757830,7759.0,766.0,5012.714285714285,20473072
1008,2023-01-05,166.71428571428572,758554,7667.857142857143,730.0,4614.857142857143,20477240
1009,2023-01-06,163.71428571428572,759166,7617.714285714285,704.1428571428571,4313.142857142857,20480652
1010,2023-01-07,160.42857142857142,759703,7527.142857142857,697.5714285714286,4102.571428571428,20483069
1011,2023-01-08,151.0,760355,7380.857142857143,700.1428571428571,3983.1428571428573,20485570
1012,2023-01-09,147.14285714285714,760986,7270.0,679.0,3779.714285714286,20488782
1013,2023-01-10,140.42857142857142,761562,7094.428571428572,638.8571428571429,3360.1428571428573,20491584
1014,2023-01-11,135.28571428571428,762166,6885.0,619.4285714285714,2983.4285714285716,20493956
1015,2023-01-12,133.42857142857142,762716,6698.428571428572,594.5714285714286,2702.8571428571427,20496160
1016,2023-01-13,125.28571428571429,763114,6483.857142857143,564.0,2487.4285714285716,20498064
1017,2023-01-14,120.42857142857143,763458,6277.142857142857,536.4285714285714,2331.714285714286,20499391
1018,2023-01-15,117.28571428571429,763943,6123.0,512.5714285714286,2213.4285714285716,20501064
1019,2023-01-16,108.85714285714286,764441,5907.714285714285,493.57142857142856,2084.1428571428573,20503371
1020,2023-01-17,107.85714285714286,764937,5780.857142857143,482.14285714285717,1967.7142857142858,20505358
1021,2023-01-18,103.85714285714286,765420,5658.285714285715,464.85714285714283,1900.4285714285713,20507259
1022,2023-01-19,101.0,765939,5430.857142857143,460.42857142857144,1843.857142857143,20509067
1023,2023-01-20,99.14285714285714,766320,5280.285714285715,458.0,1814.5714285714287,20510766
1024,2023-01-21,96.85714285714286,766726,5145.0,466.85714285714283,1825.0,20512166
1025,2023-01-22,100.85714285714286,767244,5059.142857142857,471.57142857142856,1835.5714285714287,20513913
1026,2023-01-23,103.42857142857143,767742,4925.285714285715,471.57142857142856,1846.2857142857142,20516295
1027,2023-01-24,103.71428571428571,768287,4805.571428571428,478.57142857142856,1926.7142857142858,20518845
1028,2023-01-25,103.0,768845,4715.714285714285,489.2857142857143,2001.142857142857,20521267
1029,2023-01-26,102.28571428571429,769379,4745.571428571428,491.42857142857144,2076.8571428571427,20523605
1030,2023-01-27,100.0,769849,4705.571428571428,504.14285714285717,2158.4285714285716,20525875
1031,2023-01-28,102.42857142857143,770295,4751.0,509.85714285714283,2215.8571428571427,20527677
1032,2023-01-29,102.71428571428571,770905,4719.571428571428,523.0,2287.5714285714284,20529926
1033,2023-01-30,101.85714285714286,771549,4723.857142857143,543.8571428571429,2414.4285714285716,20533196
1034,2023-01-31,102.14285714285714,772191,4796.285714285715,557.7142857142857,2518.714285714286,20536476
1035,2023-02-01,103.71428571428571,772864,4787.285714285715,574.1428571428571,2631.8571428571427,20539690
1036,2023-02-02,107.57142857142857,773480,4808.142857142857,585.8571428571429,2720.1428571428573,20542646
1037,2023-02-03,109.85714285714286,773947,4863.714285714285,585.4285714285714,2788.8571428571427,20545397
1038,2023-02-04,108.85714285714286,774507,4867.142857142857,601.7142857142857,2849.0,20547620
1039,2023-02-05,109.71428571428571,775148,4914.0,606.1428571428571,2901.4285714285716,20550236
1040,2023-02-06,107.71428571428571,775832,5022.571428571428,611.8571428571429,2951.5714285714284,20553857
1041,2023-02-07,106.28571428571429,776491,5037.857142857143,614.2857142857143,2968.0,20557252
1042,2023-02-08,105.42857142857143,777140,5125.714285714285,610.8571428571429,2985.285714285714,20560587
1043,2023-02-09,101.85714285714286,777837,5039.714285714285,622.4285714285714,2997.714285714286,20563630
1044,2023-02-10,104.0,778371,5080.142857142857,632.0,3040.5714285714284,20566681
1045,2023-02-11,103.28571428571429,778990,5106.0,640.4285714285714,3065.285714285714,20569077
1046,2023-02-12,101.71428571428571,779721,5174.428571428572,653.2857142857143,3108.714285714286,20571997
1047,2023-02-13,105.28571428571429,780506,5220.428571428572,667.7142857142857,3241.1428571428573,20576545
1048,2023-02-14,108.57142857142857,781241,5288.142857142857,678.5714285714286,3378.4285714285716,20580901
1049,2023-02-15,110.14285714285714,782059,5320.714285714285,702.7142857142857,3458.285714285714,20584795
1050,2023-02-16,111.85714285714286,782816,5539.142857142857,711.2857142857143,3595.714285714286,20588800
1051,2023-02-17,112.71428571428571,783443,5644.285714285715,724.5714285714286,3699.8571428571427,20592580
1052,2023-02-18,116.14285714285714,784084,5768.571428571428,727.7142857142857,3772.8571428571427,20595487
1053,2023-02-19,119.28571428571429,784880,5879.0,737.0,3846.4285714285716,20598922
1054,2023-02-20,121.28571428571429,785748,5961.714285714285,748.8571428571429,3847.0,20603474
1055,2023-02-21,120.85714285714286,786558,6078.142857142857,759.5714285714286,3842.714285714286,20607800
1056,2023-02-22,125.28571428571429,787291,6255.142857142857,747.4285714285714,3837.1428571428573,20611655
1057,2023-02-23,127.57142857142857,787970,6327.571428571428,736.2857142857143,3761.4285714285716,20615130
1058,2023-02-24,129.57142857142858,788556,6367.714285714285,730.4285714285714,3666.0,20618242
1059,2023-02-25,131.42857142857142,789180,6397.571428571428,728.0,3612.0,20620771
1060,2023-02-26,132.28571428571428,789946,6371.857142857143,723.7142857142857,3535.714285714286,20623672
1061,2023-02-27,133.71428571428572,790716,6362.714285714285,709.7142857142857,3502.4285714285716,20627991
1062,2023-02-28,137.42857142857142,791472,6374.857142857143,702.0,3476.8571428571427,20632138
1063,2023-03-01,137.42857142857142,792286,6297.857142857143,713.5714285714286,3493.714285714286,20636111
1064,2023-03-02,132.57142857142858,793041,6231.571428571428,724.4285714285714,3506.5714285714284,20639676
1065,2023-03-03,133.42857142857142,793665,6228.142857142857,729.8571428571429,3550.714285714286,20643097
1066,2023-03-04,131.71428571428572,794317,6109.428571428572,733.8571428571429,3556.8571428571427,20645669
1067,2023-03-05,130.14285714285714,795023,6103.857142857143,725.2857142857143,3593.1428571428573,20648824
1068,2023-03-06,129.14285714285714,795870,6060.857142857143,736.2857142857143,3630.0,20653401
1069,2023-03-07,129.57142857142858,796705,5992.571428571428,747.5714285714286,3674.0,20657856
1070,2023-03-08,129.42857142857142,797599,5969.142857142857,759.0,3723.285714285714,20662174
1071,2023-03-09,133.57142857142858,798422,6008.714285714285,768.7142857142857,3779.8571428571427,20666135
1072,2023-03-10,133.57142857142858,799037,6117.142857142857,767.4285714285714,3804.285714285714,20669727
1073,2023-03-11,134.85714285714286,799734,6204.857142857143,773.8571428571429,3877.4285714285716,20672811
1074,2023-03-12,137.85714285714286,800591,6271.571428571428,795.4285714285714,4001.8571428571427,20676837
1075,2023-03-13,141.0,801535,6413.857142857143,809.2857142857143,4103.571428571428,20682126
1076,2023-03-14,139.71428571428572,802403,6504.0,814.0,4191.714285714285,20687198
1077,2023-03-15,137.28571428571428,803181,6628.428571428572,797.4285714285714,4199.285714285715,20691569
1078,2023-03-16,138.28571428571428,804062,6740.142857142857,805.7142857142857,4255.0,20695920
1079,2023-03-17,137.0,804724,6723.857142857143,812.4285714285714,4273.0,20699638
1080,2023-03-18,137.0,805421,6830.857142857143,812.4285714285714,4276.0,20702743
1081,2023-03-19,134.0,806242,6845.0,807.2857142857143,4227.0,20706426
1082,2023-03-20,131.42857142857142,807078,6845.285714285715,791.8571428571429,4147.142857142857,20711156
1083,2023-03-21,132.14285714285714,807890,6875.0,783.8571428571429,4100.714285714285,20715903
1084,2023-03-22,133.28571428571428,808705,6870.857142857143,789.1428571428571,4093.8571428571427,20720226
1085,2023-03-23,131.71428571428572,809508,6883.0,778.0,4039.285714285714,20724195
1086,2023-03-24,132.0,810151,6857.142857142857,775.2857142857143,4043.0,20727939
1087,2023-03-25,135.0,810705,6877.714285714285,754.8571428571429,3992.0,20730687
1088,2023-03-26,139.28571428571428,811327,6909.428571428572,726.4285714285714,3916.714285714286,20733843
1089,2023-03-27,140.42857142857142,811986,6859.857142857143,701.1428571428571,3801.5714285714284,20737767
1090,2023-03-28,140.42857142857142,812732,6814.0,691.7142857142857,3637.285714285714,20741364
1091,2023-03-29,140.42857142857142,813560,6785.428571428572,693.5714285714286,3510.8571428571427,20744802
1092,2023-03-30,142.0,814233,6675.714285714285,675.0,3379.5714285714284,20747852
1093,2023-03-31,143.57142857142858,814841,6682.714285714285,670.0,3203.1428571428573,20750361
1094,2023-04-01,138.57142857142858,815449,6538.285714285715,677.7142857142857,3108.1428571428573,20752444
1095,2023-04-02,132.71428571428572,816094,6394.428571428572,681.0,2978.5714285714284,20754693
1096,2023-04-03,129.0,816693,6310.571428571428,672.4285714285714,2769.0,20757150
1097,2023-04-04,125.0,817334,6204.142857142857,657.4285714285714,2567.285714285714,20759335
1098,2023-04-05,124.28571428571429,817997,6034.571428571428,633.8571428571429,2395.714285714286,20761572
1099,2023-04-06,119.57142857142857,818536,5882.428571428572,614.7142857142857,2240.8571428571427,20763538
1100,2023-04-07,114.42857142857143,818941,5677.714285714285,585.7142857142857,2110.8571428571427,20765137
1101,2023-04-08,111.85714285714286,819355,5562.142857142857,558.0,2032.0,20766668
1102,2023-04-09,112.0,819798,5412.0,529.1428571428571,1945.4285714285713,20768311
1103,2023-04-10,106.71428571428571,820438,5410.142857142857,535.0,1899.142857142857,20770444
1104,2023-04-11,106.0,821026,5383.857142857143,527.4285714285714,1912.857142857143,20772725
1105,2023-04-12,103.42857142857143,821526,5304.0,504.14285714285717,1886.857142857143,20774780
1106,2023-04-13,106.0,822017,5249.428571428572,497.2857142857143,1874.5714285714287,20776660
1107,2023-04-14,108.42857142857143,822404,5172.428571428572,494.7142857142857,1868.0,20778213
1108,2023-04-15,108.85714285714286,822824,5051.428571428572,495.57142857142856,1830.857142857143,20779484
1109,2023-04-16,110.42857142857143,823269,5028.285714285715,495.85714285714283,1851.5714285714287,20781272
1110,2023-04-17,114.85714285714286,823793,4869.714285714285,479.2857142857143,1841.0,20783331
1111,2023-04-18,113.14285714285714,824239,4692.571428571428,459.0,1772.7142857142858,20785134
1112,2023-04-19,109.71428571428571,824706,4645.857142857143,454.2857142857143,1722.5714285714287,20786838
1113,2023-04-20,105.71428571428571,825113,4482.285714285715,442.2857142857143,1666.5714285714287,20788326
1114,2023-04-21,101.14285714285714,825444,4381.571428571428,434.2857142857143,1636.5714285714287,20789669
1115,2023-04-22,100.0,825767,4319.285714285715,420.42857142857144,1625.142857142857,20790860
1116,2023-04-23,96.57142857142857,826189,4223.0,417.14285714285717,1574.2857142857142,20792292
1117,2023-04-24,91.71428571428571,826613,4082.5714285714284,402.85714285714283,1523.857142857143,20793998
1118,2023-04-25,89.0,827028,4006.1428571428573,398.42857142857144,1495.4285714285713,20795602
1119,2023-04-26,88.14285714285714,827482,3873.1428571428573,396.57142857142856,1476.142857142857,20797171
1120,2023-04-27,86.42857142857143,827949,3822.5714285714284,405.14285714285717,1479.857142857143,20798685
1121,2023-04-28,84.42857142857143,828282,3774.714285714286,405.42857142857144,1483.5714285714287,20800054
1122,2023-04-29,80.42857142857143,828611,3736.1428571428573,406.2857142857143,1486.4285714285713,20801265
1123,2023-04-30,77.28571428571429,828966,3697.285714285714,396.7142857142857,1459.0,20802505
1124,2023-05-01,79.14285714285714,829354,3668.285714285714,391.57142857142856,1451.142857142857,20804156
1125,2023-05-02,81.42857142857143,829764,3638.285714285714,390.85714285714283,1475.857142857143,20805933
1126,2023-05-03,82.0,830127,3643.0,377.85714285714283,1469.7142857142858,20807459
1127,2023-05-04,84.42857142857143,830488,3650.4285714285716,362.7142857142857,1464.7142857142858,20808938
1128,2023-05-05,85.42857142857143,830832,3617.0,364.2857142857143,1440.2857142857142,20810136
1129,2023-05-06,87.57142857142857,831143,3578.5714285714284,361.7142857142857,1400.7142857142858,20811070
1130,2023-05-07,88.57142857142857,831449,3554.5714285714284,354.7142857142857,1381.857142857143,20812178
1131,2023-05-08,87.14285714285714,831810,3517.714285714286,350.85714285714283,1335.7142857142858,20813506
1132,2023-05-09,84.57142857142857,832172,3508.285714285714,344.0,1288.5714285714287,20814953
1133,2023-05-10,85.0,832544,3487.8571428571427,345.2857142857143,1251.5714285714287,20816220
1134,2023-05-11,82.57142857142857,832850,3461.4285714285716,337.42857142857144,1211.142857142857,20817416
1135,2023-05-12,81.85714285714286,833099,3451.1428571428573,323.85714285714283,1175.4285714285713,20818364
1136,2023-05-13,81.85714285714286,833328,3410.8571428571427,312.14285714285717,1153.7142857142858,20819146
1137,2023-05-14,80.14285714285714,833605,3348.5714285714284,308.0,1142.5714285714287,20820176
1138,2023-05-15,78.71428571428571,833917,3294.8571428571427,301.0,1115.4285714285713,20821314
1139,2023-05-16,80.42857142857143,834251,3173.5714285714284,297.0,1061.4285714285713,20822383
1140,2023-05-17,77.28571428571429,834530,3108.5714285714284,283.7142857142857,1022.0,20823374
1141,2023-05-18,77.0,834817,3047.5714285714284,281.0,990.2857142857143,20824348
1142,2023-05-19,74.28571428571429,835009,2945.8571428571427,272.85714285714283,980.8571428571429,20825230
1143,2023-05-20,73.42857142857143,835185,2893.5714285714284,265.2857142857143,971.5714285714286,20825947
1144,2023-05-21,69.42857142857143,835429,2829.0,260.57142857142856,950.2857142857143,20826828
1145,2023-05-22,68.28571428571429,835720,2762.0,257.57142857142856,944.1428571428571,20827923
1146,2023-05-23,64.14285714285714,836017,2733.5714285714284,252.28571428571428,940.1428571428571,20828964
1147,2023-05-24,61.714285714285715,836288,2629.285714285714,251.14285714285714,930.1428571428571,20829885
1148,2023-05-25,58.0,836558,2556.285714285714,248.71428571428572,908.2857142857143,20830706
1149,2023-05-26,56.142857142857146,836755,2497.8571428571427,249.42857142857142,883.4285714285714,20831414
1150,2023-05-27,54.0,836939,2441.5714285714284,250.57142857142858,862.0,20831981
1151,2023-05-28,55.57142857142857,837161,2369.8571428571427,247.42857142857142,821.1428571428571,20832576
1152,2023-05-29,54.714285714285715,837410,2338.1428571428573,241.42857142857142,771.2857142857143,20833322
1153,2023-05-30,53.57142857142857,837685,2313.714285714286,238.28571428571428,734.0,20834102
1154,2023-05-31,53.142857142857146,837909,2323.714285714286,231.57142857142858,718.5714285714286,20834915
