,date,cumAdmissions,Vax_index,hospitalCases,covidOccupiedMVBeds,dailyCases
0,2020-04-02,21387,0.32999999999999996,58.26724148137661,3.565511867310207,7.884386206227673
1,2020-04-03,23390,0.32999999999999996,60.94853528392762,3.5749335474262405,7.885480944030149
2,2020-04-04,25378,0.32999999999999996,64.13595648097568,3.600974016612085,7.718124705535101
3,2020-04-05,27464,0.32999999999999996,65.26173591619433,3.6261410041013735,7.631893592389988
4,2020-04-06,29650,0.32999999999999996,66.42593886363449,3.6324890121878735,7.949824140753886
5,2020-04-07,31835,0.32999999999999996,68.41362064231085,3.654474595998582,7.989222926924555
6,2020-04-08,34007,0.32999999999999996,66.59552276247302,3.640339937138054,7.930903307286193
7,2020-04-09,35989,0.32999999999999996,68.20162379825274,3.6488436826492974,7.87977348051797
8,2020-04-10,37696,0.32999999999999996,66.41285870314613,3.67539710754794,7.765711251000938
9,2020-04-11,39304,0.32999999999999996,67.77684355226093,3.67575846096917,7.629269245227948
10,2020-04-12,40828,0.32999999999999996,69.41427157420641,3.67008916846446,7.5913867530248345
11,2020-04-13,42382,0.32999999999999996,69.03744055890672,3.6685030733793416,7.733319978201508
12,2020-04-14,43742,0.32999999999999996,68.73762291367711,3.673356359256215,7.76018412547654
13,2020-04-15,45022,0.32999999999999996,68.03514432754459,3.678191528813227,7.915173849451627
14,2020-04-16,46539,0.32999999999999996,67.14249806987137,3.6727678682853075,7.940208590154564
15,2020-04-17,47921,0.32999999999999996,66.59389618177529,3.6752523081319786,7.8824122633197335
16,2020-04-18,49136,0.32999999999999996,66.23084722145377,3.6668992112059464,7.89419049062508
17,2020-04-19,50300,0.32999999999999996,66.4063167259963,3.663322108405865,7.741336209672131
18,2020-04-20,51577,0.32999999999999996,65.08695797560725,3.6664376507393954,7.792356097086867
19,2020-04-21,52857,0.32999999999999996,65.13116351593192,3.669863657692789,7.861977892523939
20,2020-04-22,53983,0.32999999999999996,65.95017266754004,3.656634532644645,8.028618614490224
21,2020-04-23,55053,0.32999999999999996,64.6364532001287,3.6446977969145413,7.983169072183539
22,2020-04-24,56164,0.32999999999999996,64.10792589820494,3.644876615482004,7.938561449023947
23,2020-04-25,57014,0.32999999999999996,63.13842944356404,3.6418980639593492,7.711760162060034
24,2020-04-26,58068,0.32999999999999996,62.661800285261094,3.6252264660031184,7.6443263399010375
25,2020-04-27,59216,0.32999999999999996,64.33846387647053,3.6209888378687176,7.875357971760782
26,2020-04-28,60264,0.32999999999999996,62.466933357115934,3.611474397080947,7.887884616702211
27,2020-04-29,61346,0.32999999999999996,60.78751991603837,3.625531927691468,8.01454668908171
28,2020-04-30,62354,0.32999999999999996,61.38852313988748,3.6079769017361887,7.93069540842779
29,2020-05-01,63244,0.32999999999999996,59.759225927170995,3.5855538652491927,7.887011308191259
30,2020-05-02,64062,0.32999999999999996,59.620156834044295,3.59187941375879,7.529561551680936
31,2020-05-03,64907,0.32999999999999996,58.923384428937936,3.568323263795397,7.491523384335212
32,2020-05-04,65796,0.32999999999999996,59.362519725180576,3.5799232962995418,7.55816844619552
33,2020-05-05,66605,0.32999999999999996,59.79941784266206,3.5626508442947364,7.647479082794973
34,2020-05-06,67458,0.32999999999999996,57.139029106639526,3.5591187853153503,7.680062800173034
35,2020-05-07,68312,0.32999999999999996,57.69774636588672,3.5428109875978175,7.663639325284027
36,2020-05-08,68874,0.32999999999999996,56.10243302337654,3.5312810742075587,7.482615784787855
37,2020-05-09,69501,0.32999999999999996,55.99989896276055,3.540393965383462,7.140682040813739
38,2020-05-10,70103,0.32999999999999996,55.30914045936659,3.5140954700033977,7.2435850991815895
39,2020-05-11,70731,0.32999999999999996,55.474685582587774,3.5110206057112445,7.630144888370923
40,2020-05-12,71420,0.32999999999999996,55.61615053214922,3.5081002959707486,7.5858846547896235
41,2020-05-13,72021,0.32999999999999996,55.376873850844696,3.502542326489254,7.573223637403969
42,2020-05-14,72631,0.32999999999999996,54.923023316672754,3.48805434009078,7.3330145512127825
43,2020-05-15,73235,0.32999999999999996,53.89457276674799,3.499252906044603,7.301098575997425
44,2020-05-16,73740,0.32999999999999996,52.536042766723696,3.4616448336198804,7.132567546241691
45,2020-05-17,74289,0.32999999999999996,53.69217671927774,3.4968005619691813,7.031274017491768
46,2020-05-18,74903,0.32999999999999996,53.18211654715456,3.465166727135241,7.334641771477602
47,2020-05-19,75422,0.32999999999999996,52.8648257238057,3.4512300519773236,7.475702685277602
48,2020-05-20,76010,0.32999999999999996,52.73173733944206,3.4358299344289023,7.387124501410224
49,2020-05-21,76628,0.32999999999999996,51.79193871732236,3.405847091450202,7.355133040061215
50,2020-05-22,77125,0.32999999999999996,50.57973240175717,3.4152112737353626,7.141186763995709
51,2020-05-23,77527,0.32999999999999996,50.26914063695104,3.4105867085967074,6.852624991935492
52,2020-05-24,77945,0.32999999999999996,51.00735794859871,3.3916792631373895,6.777926017939305
53,2020-05-25,78333,0.32999999999999996,50.551902363360945,3.3781059486093397,6.90664433272722
54,2020-05-26,78800,0.32999999999999996,50.04012611826925,3.400608125358798,6.952632286282756
55,2020-05-27,79244,0.32999999999999996,49.179604371692065,3.388877977420616,7.04429844427219
56,2020-05-28,79700,0.32999999999999996,48.97023243661314,3.351233949997571,7.020947412683674
57,2020-05-29,80131,0.32999999999999996,47.83456111911901,3.3560509638367564,6.896759897933595
58,2020-05-30,80524,0.32999999999999996,46.418833829359535,3.33234154211723,6.615996281073496
59,2020-05-31,80860,0.32999999999999996,45.38218854775349,3.3407276167369027,6.592153851853347
60,2020-06-01,81217,0.32999999999999996,45.0158659088106,3.275481829338573,6.859557597557824
61,2020-06-02,81629,0.32999999999999996,44.6083024075691,3.3109366489489456,6.890776630648527
62,2020-06-03,81995,0.32999999999999996,44.31582146611087,3.29997410211059,6.8113267635183865
63,2020-06-04,82343,0.32999999999999996,44.17540403592865,3.2864200867819675,6.732168107151246
64,2020-06-05,82652,0.32999999999999996,43.75995855143482,3.2823834079460363,6.625001283051424
65,2020-06-06,82875,0.32999999999999996,42.61726467183435,3.2810207386884205,6.309765307742133
66,2020-06-07,83121,0.32999999999999996,42.282011078987736,3.2654325170687457,6.237091941106127
67,2020-06-08,83409,0.32999999999999996,42.426870269068225,3.2705155488035142,6.597712120676313
68,2020-06-09,83696,0.32999999999999996,41.48201307202245,3.2844112797240763,6.665304347331809
69,2020-06-10,84008,0.32999999999999996,41.624144715671754,3.218974257205189,6.682280821658042
70,2020-06-11,84270,0.32999999999999996,40.84528306545537,3.1650633255882212,6.5256461868336935
71,2020-06-12,84509,0.32999999999999996,40.7485449949926,3.163915565720452,6.5483639775815785
72,2020-06-13,84717,0.32999999999999996,40.318453933870465,3.195106064801048,6.38525596786448
73,2020-06-14,84968,0.32999999999999996,40.17168232401428,3.195106064801048,6.3458598105184665
74,2020-06-15,85258,0.32999999999999996,38.6674129264859,3.171834708856351,6.554197575096582
75,2020-06-16,85531,0.32999999999999996,38.94503287237993,3.1751484742190343,6.603236369659873
76,2020-06-17,85813,0.32999999999999996,40.245195827020666,3.149689723214467,6.524645378712461
77,2020-06-18,86069,0.32999999999999996,38.74645669257253,3.158091539480088,6.5483639775815785
78,2020-06-19,86268,0.32999999999999996,37.605693323891195,3.1509083097872637,6.4230089730460564
79,2020-06-20,86417,0.32999999999999996,38.29599275792513,3.1569093290056824,6.17739017528739
80,2020-06-21,86598,0.32999999999999996,38.34812043374987,3.105571293592263,6.058244066108927
81,2020-06-22,86836,0.32999999999999996,38.114868860943666,3.1319442844411864,6.426364232039024
82,2020-06-23,87056,0.32999999999999996,37.388378904199634,3.105571293592263,6.3148301692106195
83,2020-06-24,87238,0.32999999999999996,36.767804524570536,3.118419477321844,6.321121695232322
84,2020-06-25,87422,0.32999999999999996,37.01739271602436,3.0710374703316683,6.202030160754808
85,2020-06-26,87595,0.32999999999999996,35.496227696026715,3.0499939494809913,6.197730242833624
86,2020-06-27,87764,0.32999999999999996,35.68704725962703,3.0607329407454875,5.981382643096001
87,2020-06-28,87883,0.32999999999999996,35.654472359340815,3.064214462784237,5.793825817656278
88,2020-06-29,88026,0.32999999999999996,36.068318473382746,3.0710374703316683,6.234336320969441
89,2020-06-30,88161,0.32999999999999996,34.94005697778578,3.087328755315027,6.103977206583501
90,2020-07-01,88313,0.32999999999999996,33.85267615493012,3.0624796572746287,6.149036158741464
91,2020-07-02,88434,0.32999999999999996,33.17479812069548,3.036869815325649,6.076485958486823
92,2020-07-03,88556,0.32999999999999996,32.566773508018784,2.9930006686502177,6.0344850785728905
93,2020-07-04,88662,0.32999999999999996,31.57855746876014,2.999731890731429,5.72887561048152
94,2020-07-05,88770,0.32999999999999996,32.12945304684485,3.008449620643877,6.048137534200385
95,2020-07-06,88894,0.32999999999999996,32.12945304684485,3.0329943530708814,6.231572305421929
96,2020-07-07,89020,0.32999999999999996,31.40007192340212,2.9930006686502177,6.083029676849003
97,2020-07-08,89139,0.32999999999999996,30.536050162522795,2.9321038986693626,6.256150397909837
98,2020-07-09,89255,0.32999999999999996,30.57236418795432,2.951308630574746,6.264197289328766
99,2020-07-10,89338,0.32999999999999996,30.31645350947663,2.9591463411246037,6.013614418150668
100,2020-07-11,89415,0.32999999999999996,28.762072230714764,2.974177205493822,5.8354065631423255
101,2020-07-12,89474,0.32999999999999996,28.0381791409752,2.8225995728005677,5.643247524821362
102,2020-07-13,89593,0.32999999999999996,29.461413822406293,2.8957579310397645,6.272173404519037
103,2020-07-14,89691,0.32999999999999996,28.14008936414772,2.814174833805613,6.227410429057194
104,2020-07-15,89786,0.32999999999999996,28.745808107732987,2.8540944337651206,6.3135666051796
105,2020-07-16,89886,0.32999999999999996,26.878049946861903,2.84267390815995,6.203458951872112
106,2020-07-17,89949,0.32999999999999996,27.015597294492363,2.8858931549372473,6.054887684448303
107,2020-07-18,89992,0.32999999999999996,26.868833877497497,2.8503367403009157,5.919154136086693
108,2020-07-19,90047,0.32999999999999996,27.32267812381328,2.879122817410338,5.80716237713369
109,2020-07-20,90120,0.32999999999999996,26.905663252955545,2.8225995728005677,6.366368736571711
110,2020-07-21,90179,0.32999999999999996,26.54253013304599,2.8540944337651206,6.276135305522307
111,2020-07-22,90246,0.32999999999999996,27.411793242214344,2.7826825744347112,6.36038476035903
112,2020-07-23,90325,0.32999999999999996,25.38399861797126,2.8098719646868937,6.332337513120081
113,2020-07-24,90396,0.32999999999999996,25.01054101863251,2.752838289916181,6.305947998699889
114,2020-07-25,90442,0.32999999999999996,24.386463423642134,2.74221571542982,5.968533279544673
115,2020-07-26,90489,0.32999999999999996,24.08573594083578,2.7312201743833264,6.002996803966701
116,2020-07-27,90561,0.32999999999999996,24.096996404237668,2.7139733295753135,6.429707094300707
117,2020-07-28,90619,0.32999999999999996,23.938468664715383,2.719827176486119,6.398016079325114
118,2020-07-29,90669,0.32999999999999996,23.824053179950393,2.626292786329519,6.601398707772053
119,2020-07-30,90735,0.32999999999999996,22.93214824747611,2.6022664275583045,6.488899939730146
120,2020-07-31,90775,0.32999999999999996,23.32028274495281,2.6487085422057715,6.203458951872112
121,2020-08-01,90812,0.32999999999999996,23.164024719786035,2.618473129595172,5.985020828249918
122,2020-08-02,90854,0.32999999999999996,23.592172957387277,2.633933792115619,6.002996803966701
123,2020-08-03,90914,0.32999999999999996,22.455203812227335,2.61046708675639,6.572425886721063
124,2020-08-04,90962,0.32999999999999996,22.7959385870859,2.655855608474233,6.574323423598502
125,2020-08-05,91013,0.32999999999999996,22.235779153215432,2.57640610063703,6.581873939809766
126,2020-08-06,91053,0.32999999999999996,22.480764878744296,2.585245604848314,6.611459853602199
127,2020-08-07,91108,0.32999999999999996,22.455203812227335,2.618473129595172,6.502342408066346
128,2020-08-08,91158,0.32999999999999996,20.95973760717653,2.49621038655299,6.209151729467633
129,2020-08-09,91204,0.32999999999999996,20.45655564639666,2.6022664275583045,6.089526633505494
130,2020-08-10,91241,0.32999999999999996,21.703453484763592,2.5580154264782133,6.897422253291549
131,2020-08-11,91297,0.32999999999999996,20.755186111614847,2.6022664275583045,6.808407496233741
132,2020-08-12,91336,0.32999999999999996,21.060685236693242,2.626292786329519,6.715303707794286
133,2020-08-13,91381,0.32999999999999996,21.302297464205143,2.618473129595172,6.639224907724687
134,2020-08-14,91425,0.32999999999999996,21.003107406658057,2.618473129595172,6.659286253445763
135,2020-08-15,91458,0.32999999999999996,20.606838317118598,2.618473129595172,6.220431262495191
136,2020-08-16,91488,0.32999999999999996,20.725668380271262,2.655855608474233,6.031039710253935
137,2020-08-17,91524,0.32999999999999996,19.689956960938968,2.6022664275583045,6.741665032951837
138,2020-08-18,91569,0.32999999999999996,20.165455969655273,2.6487085422057715,6.5647956082383825
139,2020-08-19,91613,0.32999999999999996,19.83474269264268,2.6022664275583045,6.701416546991673
140,2020-08-20,91654,0.32999999999999996,19.460899284749292,2.633933792115619,6.813510015556078
141,2020-08-21,91693,0.32999999999999996,18.935918320482568,2.641403425316079,6.634804068086813
142,2020-08-22,91713,0.32999999999999996,20.710881258274945,2.641403425316079,6.321121695232322
143,2020-08-23,91753,0.32999999999999996,18.848797202036796,2.585245604848314,6.285312965975835
144,2020-08-24,91779,0.32999999999999996,19.05670989629868,2.585245604848314,6.739300171854126
145,2020-08-25,91828,0.32999999999999996,19.00510834180462,2.5284656511340384,6.6814395473198624
146,2020-08-26,91867,0.32999999999999996,18.760958631846748,2.585245604848314,6.758820178385237
147,2020-08-27,91932,0.32999999999999996,18.760958631846748,2.57640610063703,6.884753266603179
148,2020-08-28,91964,0.32999999999999996,18.69016123008854,2.538595345374122,6.91056786388805
149,2020-08-29,92007,0.32999999999999996,18.34722585099272,2.538595345374122,6.652358891682383
150,2020-08-30,92040,0.32999999999999996,18.087124223159847,2.5284656511340384,6.5949372647442
151,2020-08-31,92079,0.32999999999999996,18.04942648615787,2.585245604848314,6.831500656121258
152,2020-09-01,92134,0.32999999999999996,18.953257725259434,2.6022664275583045,7.220334046493685
153,2020-09-02,92199,0.32999999999999996,16.84754561111616,2.4847768589994623,7.507737840631742
154,2020-09-03,92245,0.32999999999999996,18.36555757300235,2.5180361629798176,7.514407729315251
155,2020-09-04,92296,0.32999999999999996,18.618887302266817,2.5284656511340384,7.487765644941723
156,2020-09-05,92367,0.32999999999999996,19.022336386480763,2.5180361629798176,7.324011459363642
157,2020-09-06,92430,0.32999999999999996,18.760958631846748,2.5484405407296773,7.272804300271212
158,2020-09-07,92506,0.32999999999999996,20.149926196649037,2.626292786329519,7.750555456287541
159,2020-09-08,92580,0.32999999999999996,19.882589095430166,2.641403425316079,7.625171472346758
160,2020-09-09,92683,0.32999999999999996,19.722295097284775,2.49621038655299,7.571355605043471
161,2020-09-10,92793,0.32999999999999996,18.97056912236355,2.5580154264782133,7.646047403548298
162,2020-09-11,92892,0.32999999999999996,20.304274092499448,2.923448484855645,7.571355605043471
163,2020-09-12,93002,0.32999999999999996,19.64127199388147,2.655855608474233,7.333828531929261
164,2020-09-13,93133,0.32999999999999996,21.469928914959336,2.719827176486119,7.101993555096182
165,2020-09-14,93252,0.32999999999999996,23.12769239447579,2.719827176486119,7.586191221036684
166,2020-09-15,93403,0.32999999999999996,23.066907430487564,2.725574978519552,7.6210547321152635
167,2020-09-16,93555,0.32999999999999996,23.638880506933642,2.868659506740555,7.8115896415106665
168,2020-09-17,93700,0.32999999999999996,23.43920023068593,2.8387664055881556,7.858149855639683
169,2020-09-18,93855,0.32999999999999996,24.364418820281593,2.8010772030062836,7.925691136185237
170,2020-09-19,94024,0.32999999999999996,24.712857172441744,2.8925073583877547,7.909867996878482
171,2020-09-20,94200,0.32999999999999996,26.41942947580824,2.9617098147984384,7.998323058069649
172,2020-09-21,94407,0.32999999999999996,26.48584532388984,2.9404982595690927,8.012653400027709
173,2020-09-22,94609,0.32999999999999996,26.93322439730718,2.9377282607018254,8.131804174154626
174,2020-09-23,94837,0.32999999999999996,28.300062797602845,3.0349393199367065,8.215940564127628
175,2020-09-24,95053,0.32999999999999996,28.979986605234586,3.077681184428155,8.278134084390759
176,2020-09-25,95271,0.32999999999999996,29.383493270222594,3.021009264606054,8.24146396564965
177,2020-09-26,95462,0.32999999999999996,30.11624754793612,3.08574640635288,8.180770185065747
178,2020-09-27,95661,0.32999999999999996,30.00394137830595,3.114211118249875,8.238387049637424
179,2020-09-28,95908,0.32999999999999996,31.365529345368262,3.076036596571833,8.550982939288497
180,2020-09-29,96167,0.32999999999999996,31.35861228186774,3.1332561692068492,8.570414867594497
181,2020-09-30,96402,0.32999999999999996,31.28928407424365,3.114211118249875,8.73763430094396
182,2020-10-01,96709,0.32999999999999996,31.537536179593097,3.163915565720452,8.80026839910011
183,2020-10-02,96993,0.32999999999999996,32.15587599351385,3.1751484742190343,8.821296533491992
184,2020-10-03,97314,0.32999999999999996,33.507800772512866,3.1509083097872637,8.66458435021456
185,2020-10-04,97691,0.32999999999999996,34.07896690493658,3.172944518232197,8.677680207311484
186,2020-10-05,98057,0.32999999999999996,36.242960312092784,3.1837618390773765,8.992229630702326
187,2020-10-06,98463,0.32999999999999996,35.545480745424115,3.178415913532626,9.007011882208879
188,2020-10-07,98836,0.32999999999999996,36.62889250771264,3.1858662372828133,9.063754263187391
189,2020-10-08,99254,0.32999999999999996,37.0628898712507,3.222570520810888,9.065697671844541
190,2020-10-09,99724,0.32999999999999996,38.114868860943666,3.2020446500641793,8.92383371009138
191,2020-10-10,100147,0.32999999999999996,38.986352156185966,3.2304577008508537,8.707008798816176
192,2020-10-11,100660,0.32999999999999996,39.46236846907772,3.2533479101037064,8.661052754361366
193,2020-10-12,101193,0.32999999999999996,40.17168232401428,3.217154393972851,9.119282729804405
194,2020-10-13,101812,0.32999999999999996,40.0892152015294,3.2903817912365163,9.077493260408367
195,2020-10-14,102420,0.32999999999999996,41.388102742631666,3.2903817912365163,9.131332191764407
196,2020-10-15,103081,0.32999999999999996,41.97347872392709,3.296824736131999,9.064326304264005
197,2020-10-16,103621,0.32999999999999996,42.20725313405401,3.2789603521686135,9.02532342369124
198,2020-10-17,104288,0.32999999999999996,43.81872383562716,3.26247356551363,8.877476362418314
199,2020-10-18,105002,0.32999999999999996,44.261916000101294,3.301220799199615,8.840944597825779
200,2020-10-19,105641,0.32999999999999996,45.3478724842908,3.311529175500715,9.391287548535024
201,2020-10-20,106409,0.32999999999999996,46.42539932879374,3.317363576299623,9.362109398193736
202,2020-10-21,107245,0.32999999999999996,47.23873402295429,3.3344705635746674,9.36712858002547
203,2020-10-22,108008,0.32999999999999996,48.45269430544851,3.317363576299623,9.287017204250569
204,2020-10-23,108805,0.32999999999999996,48.59435236433049,3.3432790050181342,9.217608907950169
205,2020-10-24,109648,0.32999999999999996,48.8634077106523,3.349766066806732,8.960281957800571
206,2020-10-25,110630,0.32999999999999996,51.320196674781585,3.3621448569165064,8.93677112080457
207,2020-10-26,111681,0.32999999999999996,51.46044853059385,3.366708986030445,9.416966070671885
208,2020-10-27,112686,0.32999999999999996,52.66494795584967,3.4062158807145426,9.325798872166951
209,2020-10-28,113730,0.32999999999999996,53.146762605661266,3.4098651541987466,9.316649819777988
210,2020-10-29,114876,0.32999999999999996,53.69713086363354,3.4141540126110224,9.304154411700562
211,2020-10-30,115747,0.32999999999999996,54.85181831087843,3.4130908310455292,9.28847671162577
212,2020-10-31,116762,0.32999999999999996,54.4545278375018,3.4217735473293978,9.01352236513596
213,2020-11-01,117807,0.32999999999999996,53.987867238731496,3.3928675466308915,8.953684631201192
214,2020-11-02,118789,0.32999999999999996,56.24989664754729,3.429096976364924,9.600369976346439
215,2020-11-03,119694,0.32999999999999996,57.50112195531824,3.4488979015340218,9.403796448334555
216,2020-11-04,120793,0.32999999999999996,57.553106183556,3.4441428183290177,9.338030315038557
217,2020-11-05,121880,0.32999999999999996,57.385997681306264,3.456652542686683,9.344392762636282
218,2020-11-06,122850,0.32999999999999996,57.215746060176365,3.451519494122583,9.343273363648919
219,2020-11-07,123878,0.32999999999999996,57.818099430372435,3.4518084792028083,9.144052346326673
220,2020-11-08,125057,0.32999999999999996,58.423171565969575,3.447720611007663,9.213427450626657
221,2020-11-09,126308,0.32999999999999996,59.5189847903654,3.469932408927759,9.60547210754515
222,2020-11-10,127514,0.32999999999999996,58.3052453436792,3.459165842601921,9.483080728128927
223,2020-11-11,128862,0.32999999999999996,59.329906261333164,3.457494174621062,9.491127870194624
224,2020-11-12,130179,0.32999999999999996,60.55128197496647,3.437397762432092,9.389362107265843
225,2020-11-13,131415,0.32999999999999996,62.16679827414845,3.480583050825673,9.37700080628184
226,2020-11-14,132516,0.32999999999999996,61.57304724234431,3.4717521443754147,9.112275276882464
227,2020-11-15,133714,0.32999999999999996,61.28341226035484,3.473297352231942,9.004810461090429
228,2020-11-16,134954,0.32999999999999996,62.424493449937486,3.4963509561823063,9.458008166881129
229,2020-11-17,136030,0.32999999999999996,63.88810529788894,3.4745749148080805,9.322193327398239
230,2020-11-18,137307,0.32999999999999996,62.41341287574224,3.4949951595048954,9.226481647269184
231,2020-11-19,138455,0.32999999999999996,63.295151044061214,3.5191007485534023,9.085176094672152
232,2020-11-20,139517,0.32999999999999996,63.67389780536041,3.5097750988808367,9.037143817010183
233,2020-11-21,140490,0.32999999999999996,62.433724321451514,3.5153101552183252,8.749442978596857
234,2020-11-22,141468,0.32999999999999996,63.09144492446746,3.5124623933953547,8.69965970192745
235,2020-11-23,142520,0.32999999999999996,62.505633601049034,3.5110206057112445,9.122069987850708
236,2020-11-24,143511,0.32999999999999996,63.83689457491968,3.5095666359919924,8.995206201089845
237,2020-11-25,144594,0.32999999999999996,62.9391784770463,3.5122571625420127,8.988307396488226
238,2020-11-26,145454,0.32999999999999996,60.58849646709845,3.4861562725493727,8.875490354405558
239,2020-11-27,146294,0.32999999999999996,62.522205069047054,3.5089397304117944,8.875490354405558
240,2020-11-28,147132,0.32999999999999996,60.28161258719541,3.492711902851169,8.620760830166478
241,2020-11-29,148074,0.32999999999999996,61.002666527767246,3.509148952314228,8.593845326558156
242,2020-11-30,149058,0.32999999999999996,60.63934926568305,3.4753370936166643,9.052813484616982
243,2020-12-01,150116,0.32999999999999996,61.29872303378694,3.485439203849717,8.96144102994516
244,2020-12-02,151101,0.32999999999999996,60.34678494779637,3.4896985511777454,8.956989531418534
245,2020-12-03,152118,0.32999999999999996,59.985620643842026,3.455241120326536,8.896745470324221
246,2020-12-04,153150,0.32999999999999996,60.30532755572835,3.4842375886328654,8.91749541206881
247,2020-12-05,154121,0.32999999999999996,60.49243105946619,3.4630075369407534,8.70709489270254
248,2020-12-06,155232,0.32999999999999996,60.9504701618013,3.4735535956056,8.76810785532224
249,2020-12-07,156331,0.32999999999999996,62.322777028085106,3.4790999084311647,9.183530179774904
250,2020-12-08,157601,0.32999999999999996,61.277668790995016,3.4635497576769776,9.146605426988936
251,2020-12-09,158888,0.32999999999999996,61.289154677090316,3.4835126836172687,9.187609483322609
252,2020-12-10,160147,0.32999999999999996,60.64521153392386,3.4866327064446803,9.240837732482374
253,2020-12-11,161417,0.32999999999999996,61.72819714887823,3.477102960791663,9.30067550344431
254,2020-12-12,162650,0.32999999999999996,61.45713281782385,3.4735535956056,9.111083797984927
255,2020-12-13,163982,0.32999999999999996,61.79042074606992,3.4717521443754147,9.220002970917827
256,2020-12-14,165342,0.32999999999999996,63.45648090043762,3.477102960791663,9.649064702990033
257,2020-12-15,166822,0.32999999999999996,63.32927664259122,3.4773538066932965,9.638304711231637
258,2020-12-16,168226,0.32999999999999996,64.23736660157387,3.48567855018681,9.667257041305353
259,2020-12-17,169735,0.32999999999999996,65.11076827338435,3.4844785654948898,9.653134258353553
260,2020-12-18,171169,0.32999999999999996,64.84276823034588,3.5012340144972844,9.716493454847148
261,2020-12-19,172744,0.32999999999999996,64.95057023848523,3.5051297305941334,9.3844308068276
262,2020-12-20,174444,0.32999999999999996,65.86052485107923,3.5042715458402625,9.63546784550179
263,2020-12-21,176261,0.32999999999999996,65.3141596262536,3.525870087297455,9.971640904918752
264,2020-12-22,178129,0.32999999999999996,67.85218498273028,3.51287212108727,9.936782666752597
265,2020-12-23,179794,0.32999999999999996,67.61619431782103,3.5003563045241393,9.863699320600928
266,2020-12-24,181365,0.32999999999999996,66.89188328540156,3.5310973489429998,9.62746871108199
267,2020-12-25,183061,0.32999999999999996,66.71729467392814,3.5214521485456447,8.90803765352074
268,2020-12-26,185053,0.32999999999999996,66.54180436109215,3.516115187000163,9.842520343978252
269,2020-12-27,187188,0.32999999999999996,68.03046513081055,3.550349798838227,9.967704915296933
270,2020-12-28,189563,0.32999999999999996,70.11936755306007,3.537411108228614,9.917881477846102
271,2020-12-29,192090,0.32999999999999996,71.90835782133321,3.5620420498685457,10.434283667959884
272,2020-12-30,194289,0.32999999999999996,72.91269969509592,3.583565777814885,10.311264870284107
273,2020-12-31,196168,0.32999999999999996,71.89716685255274,3.5842312463764885,10.05516153852499
274,2021-01-01,198414,0.32999999999999996,73.94612964177561,3.5890706923099165,9.615193020161911
275,2021-01-02,200658,0.32999999999999996,74.0215053614233,3.6020448223017705,10.18332265789651
276,2021-01-03,203230,0.32999999999999996,76.30541683533767,3.6170604171516194,10.105295790391972
277,2021-01-04,205819,0.32999999999999996,76.8661912824501,3.619831482574172,10.39684542228292
278,2021-01-05,208524,0.32999999999999996,75.69722213822827,3.639693566453245,10.246263994664899
279,2021-01-06,211640,0.32999999999999996,78.38518177990272,3.639508370968035,10.140371319929026
280,2021-01-07,214782,0.32999999999999996,79.65772054456235,3.6563869393162136,10.060742432543654
281,2021-01-08,217580,0.32999999999999996,79.60511581671064,3.6655875835968854,9.972602078821557
282,2021-01-09,220409,0.32999999999999996,79.60053824281346,3.6598960503321294,9.8178894881555
283,2021-01-10,223148,0.32999999999999996,81.83161683626696,3.6712859158779056,9.751427176955868
284,2021-01-11,226046,0.32999999999999996,81.13114565020499,3.6691093756051836,10.152903769115486
285,2021-01-12,228991,0.32999999999999996,82.57366771394616,3.6915810820477213,10.020740629284077
286,2021-01-13,231820,0.32999999999999996,83.53327426006884,3.6896983117487245,9.948429494304666
287,2021-01-14,234522,0.32999999999999996,83.8648566923249,3.69254501297352,9.892184323587793
288,2021-01-15,236985,0.32999999999999996,84.10877093992512,3.707116561863795,9.8521741227081
289,2021-01-16,239712,0.32999999999999996,84.69884139156692,3.7087766958318316,9.600955484373582
290,2021-01-17,242208,0.32999999999999996,84.1764475015382,3.7042058538355915,9.555513601700762
291,2021-01-18,245150,0.32999999999999996,86.09487766623383,3.7042058538355915,9.940820959619995
292,2021-01-19,247988,0.32999999999999996,84.03276262495625,3.7083778265162235,9.832992521995166
293,2021-01-20,250838,0.32999999999999996,84.30637113088574,3.714186304226802,9.72328424534902
294,2021-01-21,253142,0.32999999999999996,82.79340954912024,3.710641447401708,9.637743987404706
295,2021-01-22,255436,0.32999999999999996,85.86006504460202,3.717480385258309,9.580002010764698
296,2021-01-23,257666,0.32999999999999996,83.04885012347904,3.7079777827323315,9.311415038684789
297,2021-01-24,259756,0.32999999999999996,84.637058588416,3.71949231888958,9.089964489079064
298,2021-01-25,261697,0.32999999999999996,82.70862220246255,3.7064815176648778,9.58726221381583
299,2021-01-26,263924,0.32999999999999996,82.87696865254874,3.7102480315002855,9.49618480498324
300,2021-01-27,265980,0.32999999999999996,80.73689084546055,3.6890431312680585,9.449352082675516
301,2021-01-28,267976,0.32999999999999996,81.39262055801396,3.6960855969677904,9.397311238216291
302,2021-01-29,269874,0.32999999999999996,80.95442245127062,3.698191804663915,9.308742588849078
303,2021-01-30,271539,0.32999999999999996,79.698841592873,3.701291903586256,9.069798865591018
304,2021-01-31,273181,0.32999999999999996,79.08799822810286,3.6797438557463003,8.987245985916909
305,2021-02-01,275002,0.3086325,78.56880585704427,3.70659720075887,9.325925853342213
306,2021-02-02,276741,0.3086325,77.69490622844889,3.6938199246782903,9.209612986387338
307,2021-02-03,278427,0.3086325,76.7581260748001,3.686591854494227,9.19767571593411
308,2021-02-04,279892,0.3086325,76.2967066687747,3.687058920942575,9.13508345428801
309,2021-02-05,281243,0.3086325,75.3786419155208,3.6859218995379153,9.007195083259132
310,2021-02-06,282501,0.3086325,74.2965963070373,3.676046882402071,8.761256268690687
311,2021-02-07,283870,0.3086325,75.21387054916981,3.6812792923486137,8.720338116509263
312,2021-02-08,285270,0.3086325,73.92891745499978,3.6774802503353055,9.001620783443823
313,2021-02-09,286458,0.3086325,71.93632024508887,3.658192900139721,8.892159515969306
314,2021-02-10,287766,0.3086325,71.07507619757608,3.654558265621322,8.862109590825824
315,2021-02-11,288912,0.3086325,70.60257995680405,3.65949235055963,8.81507908142875
316,2021-02-12,289961,0.3086325,68.70092080464609,3.6533824993208333,8.764084012280675
317,2021-02-13,290951,0.3086325,66.82086270113552,3.635565026818064,8.485209548842004
318,2021-02-14,292060,0.3086325,66.4406480028811,3.641532917123083,8.457730540887678
319,2021-02-15,293128,0.3086325,67.08162017576448,3.6466529716044778,8.909882809083049
320,2021-02-16,294137,0.3086325,65.18888211479734,3.6353746199446344,8.786540024223424
321,2021-02-17,295106,0.3086325,64.43751560814037,3.6316123682809462,8.71710988024859
322,2021-02-18,296037,0.3086325,64.20942274546456,3.6196201046181242,8.707180978123754
323,2021-02-19,296896,0.3086325,64.38368242459707,3.6234837630274144,8.611112367117178
324,2021-02-20,297667,0.3086325,61.86192062076949,3.601093359808599,8.383778115556792
325,2021-02-21,298457,0.3086325,60.48850368423265,3.620674068509973,8.36770418646755
326,2021-02-22,299215,0.3086325,61.210583709335026,3.604398282464054,8.705112588280365
327,2021-02-23,299958,0.3086325,61.75461002134135,3.598810047086988,8.540114272916247
328,2021-02-24,300662,0.3086325,60.113107129638806,3.575916041920641,8.439233473185782
329,2021-02-25,301319,0.3086325,58.9853308017236,3.578001301950516,8.355067439073643
330,2021-02-26,301880,0.3086325,58.574111785779,3.5831651535631295,8.20838022139895
331,2021-02-27,302360,0.3086325,57.12146558621898,3.5445161731886845,7.91813130148273
332,2021-02-28,302842,0.3086325,55.94963788075463,3.552141456963016,7.887666370258163
333,2021-03-01,303452,0.287265,56.02727711595328,3.5749335474262405,8.257407970685067
334,2021-03-02,303993,0.287265,55.407184827056994,3.5694925376508193,8.21849638578988
335,2021-03-03,304489,0.287265,53.6872216866476,3.5475420125891954,8.115928033659298
336,2021-03-04,304994,0.287265,53.71693856622729,3.5409148604226384,8.06490560660928
337,2021-03-05,305400,0.287265,53.0252010399794,3.543836198397573,8.012842911421954
338,2021-03-06,305828,0.287265,52.64693808376544,3.547375353249001,7.824340459357118
339,2021-03-07,306197,0.287265,50.454262827532894,3.505557233558807,7.787237429460769
340,2021-03-08,306604,0.287265,51.2063716094308,3.5027594236665247,8.198453875029413
341,2021-03-09,306983,0.287265,50.333802601900445,3.5072567594659283,8.146260068083082
342,2021-03-10,307385,0.287265,49.25291821661505,3.509148952314228,8.10181976848875
343,2021-03-11,307729,0.287265,47.607338624023825,3.4738094726013813,8.035294413823314
344,2021-03-12,308024,0.287265,47.50393131842097,3.4707145560262678,8.020202358221635
345,2021-03-13,308317,0.287265,47.12419397860205,3.444743966474699,7.766212014504812
346,2021-03-14,308601,0.287265,46.605253901516335,3.445343159613855,7.794540804217747
347,2021-03-15,308961,0.287265,46.29704800766853,3.4518084792028083,8.171160241229703
348,2021-03-16,309258,0.287265,46.081593162923305,3.4244697621196365,8.050859532573366
349,2021-03-17,309520,0.287265,44.893642651729984,3.4244697621196365,8.07149122300438
350,2021-03-18,309807,0.287265,44.171792303793694,3.402495644918099,8.005421711261185
351,2021-03-19,310031,0.287265,42.77917238239169,3.4123787243622954,7.934637163820347
352,2021-03-20,310274,0.287265,41.375823492044844,3.3884744772736193,7.7464698274163855
353,2021-03-21,310499,0.287265,41.416727267427554,3.3693979699568417,8.00350876709471
354,2021-03-22,310737,0.287265,41.93759844343587,3.3916792631373895,8.131804174154626
355,2021-03-23,310971,0.287265,40.44284044565859,3.3407276167369027,7.981600039776946
356,2021-03-24,311192,0.287265,41.13290201941319,3.33234154211723,8.118621978306457
357,2021-03-25,311429,0.287265,39.64086124028011,3.314466816511221,8.002550741392296
358,2021-03-26,311633,0.287265,39.25065363648452,3.352206629807298,7.817515593969913
359,2021-03-27,311802,0.287265,39.390538646880074,3.311529175500715,7.644039171798884
360,2021-03-28,311986,0.287265,37.403272061869856,3.3055269685676723,7.9639542958227585
361,2021-03-29,312150,0.287265,38.400113689575285,3.320220476683937,7.722605489199277
362,2021-03-30,312333,0.287265,37.56143666837122,3.3024601591738687,7.643751910920782
363,2021-03-31,312523,0.287265,36.69590050789718,3.320220476683937,7.700780783077695
364,2021-04-01,312674,0.26589749999999995,36.02041003715655,3.259473841644722,7.623997203915357
365,2021-04-02,312809,0.26589749999999995,34.296614551792224,3.203989107116586,7.343538870044682
366,2021-04-03,312954,0.26589749999999995,33.989980541064995,3.238076108591481,7.290913089854687
367,2021-04-04,313082,0.26589749999999995,34.436410610221245,3.241380080512309,7.256541594913074
368,2021-04-05,313235,0.26589749999999995,34.47119285972543,3.243826131556239,7.3697103207488315
369,2021-04-06,313398,0.26589749999999995,32.72716216975154,3.2261102132661756,7.527599526100337
370,2021-04-07,313559,0.26589749999999995,33.09993823415647,3.184816424704557,7.526289103703404
371,2021-04-08,313695,0.26589749999999995,33.112436987998976,3.1805690458477773,7.492545478203213
372,2021-04-09,313838,0.26589749999999995,31.68067655803176,3.1900185321389674,7.433058971283018
373,2021-04-10,313962,0.26589749999999995,31.64670540334765,3.1751484742190343,7.241783172826907
374,2021-04-11,314114,0.26589749999999995,31.030236872959275,3.1557211936788865,7.246729760081674
375,2021-04-12,314259,0.26589749999999995,31.802411382810046,3.168473410377849,7.402323567982225
376,2021-04-13,314386,0.26589749999999995,30.492366645338,3.1910450567744477,7.264490138260046
377,2021-04-14,314514,0.26589749999999995,29.966331346283884,3.160438398978088,7.268000267149958
378,2021-04-15,314618,0.26589749999999995,29.852970168373854,3.087328755315027,7.2189473323616
379,2021-04-16,314711,0.26589749999999995,29.70821813909334,3.1409809700975826,7.220795807269406
380,2021-04-17,314826,0.26589749999999995,29.430291649553226,3.1345609635173406,6.912523223688448
381,2021-04-18,314908,0.26589749999999995,29.194898854028917,3.1345609635173406,7.356720486128197
382,2021-04-19,315027,0.26589749999999995,29.202802244520623,3.118419477321844,7.351550933437256
383,2021-04-20,315114,0.26589749999999995,28.802658023077818,3.1225565226549565,7.28706340287872
384,2021-04-21,315216,0.26589749999999995,29.13946342120247,3.0889011457688285,7.363435819466864
385,2021-04-22,315296,0.26589749999999995,28.190789107984735,3.0950933601363197,7.2520950123496455
386,2021-04-23,315395,0.26589749999999995,28.06372098348575,3.038786033644729,7.090854543200407
387,2021-04-24,315479,0.26589749999999995,27.438423664798282,3.0105849224357772,6.846339622050543
388,2021-04-25,315571,0.26589749999999995,27.39401303775501,3.0572031743434573,7.189796593033559
389,2021-04-26,315661,0.26589749999999995,27.006467621918556,3.016888993850163,7.351152033057254
390,2021-04-27,315769,0.26589749999999995,27.215026348124525,3.0270706210219016,7.14672002621275
391,2021-04-28,315842,0.26589749999999995,25.90628579644725,3.0105849224357772,7.304468100568902
392,2021-04-29,315898,0.26589749999999995,25.837101948983197,2.9486455263571596,7.191706215177646
393,2021-04-30,315954,0.26589749999999995,25.925990400249663,2.9377282607018254,6.993409414874704
394,2021-05-01,316004,0.24453,23.949855561378023,2.8721895191437583,6.781699009822194
395,2021-05-02,316076,0.24453,23.638880506933642,2.9263635372124277,6.849836915947097
396,2021-05-03,316160,0.24453,24.60493682036464,2.9114755121327605,7.145214342015195
397,2021-05-04,316225,0.24453,24.50706373756519,2.889219363029481,7.324011459363642
398,2021-05-05,316300,0.24453,23.92707189574669,2.902149851954408,7.325244510291924
399,2021-05-06,316364,0.24453,23.938468664715383,2.8650859921445737,7.222640470547772
400,2021-05-07,316416,0.24453,24.130720386696495,2.8721895191437583,7.06705688617858
401,2021-05-08,316485,0.24453,23.708628751387334,2.8503367403009157,6.8470401696484595
402,2021-05-09,316544,0.24453,23.650531207478462,2.8098719646868937,7.230894702086619
403,2021-05-10,316606,0.24453,23.054715526936924,2.834806533295078,7.373998599065522
404,2021-05-11,316671,0.24453,23.04251192169526,2.8503367403009157,7.177768248650367
405,2021-05-12,316742,0.24453,22.59514464356011,2.7681212325884283,7.176313924563897
406,2021-05-13,316803,0.24453,22.1835779543919,2.84267390815995,7.109866064130771
407,2021-05-14,316855,0.24453,22.02562886049529,2.796581912653069,7.000521133344208
408,2021-05-15,316911,0.24453,21.117982146706428,2.719827176486119,6.850534745697275
409,2021-05-16,316956,0.24453,21.23174667861281,2.719827176486119,7.027845007211579
410,2021-05-17,317016,0.24453,22.287760031155376,2.818416854779641,7.380199546730589
411,2021-05-18,317091,0.24453,21.580389183985684,2.725574978519552,7.340717578008141
412,2021-05-19,317168,0.24453,20.828653547633103,2.796581912653069,7.348754881237775
413,2021-05-20,317234,0.24453,20.988668652516168,2.719827176486119,7.2377155148647505
414,2021-05-21,317300,0.24453,20.988668652516168,2.7730520940539534,7.177768248650367
415,2021-05-22,317355,0.24453,20.681250201639482,2.792018972004985,7.038658874227486
416,2021-05-23,317413,0.24453,20.916206369818582,2.752838289916181,7.199776954650015
417,2021-05-24,317490,0.24453,21.539085922590075,2.818416854779641,7.525633168790396
418,2021-05-25,317554,0.24453,21.744197047087347,2.818416854779641,7.540921344104646
419,2021-05-26,317630,0.24453,21.49763972827184,2.826724476825282,7.656304404164246
420,2021-05-27,317683,0.24453,21.27412755372996,2.669699668295939,7.626344192437972
421,2021-05-28,317748,0.24453,20.974212070970022,2.8010772030062836,7.582505437414535
422,2021-05-29,317798,0.24453,21.160772513681007,2.796581912653069,7.4257491199175965
423,2021-05-30,317852,0.24453,20.95973760717653,2.796581912653069,7.474313607606864
424,2021-05-31,317929,0.24453,21.852179872407657,2.752838289916181,7.653751226579232
425,2021-06-01,318020,0.22316249999999999,22.55713454150351,2.7681212325884283,7.971531518331366
426,2021-06-02,318109,0.22316249999999999,22.6582389889809,2.8465302856567902,8.069893827559914
427,2021-06-03,318185,0.22316249999999999,22.64564555266168,2.868659506740555,8.086088216242567
428,2021-06-04,318257,0.22316249999999999,22.80838224602088,2.834806533295078,8.042286830538357
429,2021-06-05,318332,0.22316249999999999,23.00583061556886,2.8387664055881556,7.854758392367103
430,2021-06-06,318428,0.22316249999999999,22.746040523877824,2.882527919676877,8.013221812430409
431,2021-06-07,318538,0.22316249999999999,22.944458439635174,2.8010772030062836,8.336487934126687
432,2021-06-08,318654,0.22316249999999999,23.04251192169526,2.879122817410338,8.315089448916376
433,2021-06-09,318779,0.22316249999999999,22.944458439635174,2.902149851954408,8.35313685081849
434,2021-06-10,318918,0.22316249999999999,23.379878801794018,2.8925073583877547,8.3268499126775
435,2021-06-11,319044,0.22316249999999999,23.72021722953582,2.889219363029481,8.298795049731325
436,2021-06-12,319150,0.22316249999999999,22.96904298078148,2.9539461748408695,8.135440399697327
437,2021-06-13,319297,0.22316249999999999,24.11948860695176,3.0062969284014254,8.23706507653162
438,2021-06-14,319455,0.22316249999999999,23.972599822675953,2.9263635372124277,8.581314394369276
439,2021-06-15,319601,0.22316249999999999,24.52887498157134,3.008449620643877,8.602133251771193
440,2021-06-16,319746,0.22316249999999999,24.561525595332018,2.9591463411246037,8.626820196304788
441,2021-06-17,319893,0.22316249999999999,26.21831500607237,2.9907186646123125,8.637324328154458
442,2021-06-18,320048,0.22316249999999999,26.42893627396259,3.0270706210219016,8.564356831743988
443,2021-06-19,320188,0.22316249999999999,26.102106851888518,2.9975069896534796,8.379537040585086
444,2021-06-20,320332,0.22316249999999999,26.352704880960687,3.051815367222203,8.504726956897402
445,2021-06-21,320481,0.22316249999999999,27.331613805715495,3.038786033644729,8.892925516354586
446,2021-06-22,320630,0.22316249999999999,26.767070152784406,3.0710374703316683,8.950562657687508
447,2021-06-23,320793,0.22316249999999999,25.837101948983197,3.0607329407454875,9.028010441554377
448,2021-06-24,320954,0.22316249999999999,26.41942947580824,3.080938447053705,9.044429010973998
449,2021-06-25,321117,0.22316249999999999,26.42893627396259,3.0349393199367065,9.033655970370289
450,2021-06-26,321299,0.22316249999999999,26.8596119758777,3.0148043634287776,8.945531038029248
451,2021-06-27,321483,0.22316249999999999,27.024721278731946,3.036869815325649,9.063124583745028
452,2021-06-28,321676,0.22316249999999999,28.21607575448242,3.1099291805583507,9.434991473294989
453,2021-06-29,321914,0.22316249999999999,27.623513569313513,3.0825513703161436,9.425195664752048
454,2021-06-30,322185,0.22316249999999999,27.918410282200178,3.0825513703161436,9.450892394005653
455,2021-07-01,322426,0.201795,29.265886709991527,3.119806307263195,9.462755878926213
456,2021-07-02,322672,0.201795,29.083831281669095,3.1225565226549565,9.388062967068429
457,2021-07-03,322937,0.201795,28.696912966675225,3.1156219660474593,9.320533990769103
458,2021-07-04,323250,0.201795,30.323821296905596,3.1794949675540503,9.368902619078955
459,2021-07-05,323599,0.201795,29.958798776045207,3.158091539480088,9.654756724843752
460,2021-07-06,323970,0.201795,31.191739109273755,3.1794949675540503,9.694689558957444
461,2021-07-07,324346,0.201795,32.248037174406974,3.214396832682325,9.76490677348537
462,2021-07-08,324712,0.201795,32.46334144340758,3.218066158606971,9.646438395193346
463,2021-07-09,325084,0.201795,33.24934172203376,3.219878716455462,9.620359230890957
464,2021-07-10,325463,0.201795,33.04358373874605,3.218974257205189,9.503146246428555
465,2021-07-11,325863,0.201795,33.79866174269699,3.2261102132661756,9.56974694683006
466,2021-07-12,326365,0.201795,34.92311204669192,3.2347222614953273,9.909996509173514
467,2021-07-13,326881,0.201795,36.14260413501853,3.255665274723023,9.967644530257624
468,2021-07-14,327334,0.201795,36.21660182675166,3.2740745212107605,10.099376861286897
469,2021-07-15,327855,0.201795,36.83433465557047,3.2789603521686135,10.216411456152203
470,2021-07-16,328314,0.201795,37.92242755545543,3.310342436196484,10.113385171008643
471,2021-07-17,328840,0.201795,38.26275021669997,3.3005983727207537,9.79018641953453
472,2021-07-18,329425,0.201795,38.1387944891707,3.2936277407784633,9.736154539516091
473,2021-07-19,330050,0.201795,39.78256005238233,3.3156303681108836,9.970738826912335
474,2021-07-20,330720,0.201795,38.92664192378792,3.3185110636088293,9.806507211533342
475,2021-07-21,331345,0.201795,40.032603287398636,3.3179381130860177,9.696042697141811
476,2021-07-22,331956,0.201795,41.28967295581082,3.3391812696430456,9.579054636967793
477,2021-07-23,332532,0.201795,41.84964284278348,3.3407276167369027,9.474209368000501
478,2021-07-24,333101,0.201795,42.27808275826926,3.3555744280885773,9.304978607139386
479,2021-07-25,333783,0.201795,41.99736633343506,3.381064949724124,9.277716235447492
480,2021-07-26,334398,0.201795,44.33376199284457,3.383979928341713,9.541273112490739
481,2021-07-27,335044,0.201795,43.807716867911,3.3948319635682243,9.524138496623387
482,2021-07-28,335635,0.201795,43.59386381146877,3.3990846575423923,9.553856112102196
483,2021-07-29,336224,0.201795,42.64046653063278,3.3998478986619514,9.501419770278707
484,2021-07-30,336739,0.201795,44.31941068762644,3.3998478986619514,9.381021708431343
485,2021-07-31,337201,0.201795,44.26551362212378,3.418693477719806,9.221961192551895
486,2021-08-01,337746,0.18042750000000002,43.14112283367996,3.401365359189339,9.234465619318929
487,2021-08-02,338318,0.18042750000000002,43.65675329005616,3.389280642219532,9.542559459094601
488,2021-08-03,338897,0.18042750000000002,43.30305524452575,3.4043647892440028,9.558301407796945
489,2021-08-04,339516,0.18042750000000002,43.09193636536318,3.4021196214872576,9.615677720613027
490,2021-08-05,340056,0.18042750000000002,42.93228587601915,3.4141540126110224,9.592068685618598
491,2021-08-06,340600,0.18042750000000002,43.235411103027545,3.400608125358798,9.483610129508518
492,2021-08-07,341131,0.18042750000000002,43.53451425615484,3.3904836558034255,9.291035974753793
493,2021-08-08,341632,0.18042750000000002,43.110866973707985,3.395612179581201,9.299803593109475
494,2021-08-09,342154,0.18042750000000002,42.81371448222525,3.3948319635682243,9.597219922648954
495,2021-08-10,342770,0.18042750000000002,43.46383440714772,3.4217735473293978,9.575857490945374
496,2021-08-11,343406,0.18042750000000002,43.84072186277753,3.4109464636969995,9.622915779639563
497,2021-08-12,344008,0.18042750000000002,44.103061358650756,3.4193822932356444,9.578390856929024
498,2021-08-13,344589,0.18042750000000002,42.98562906652053,3.4095033502041585,9.488570738625508
499,2021-08-14,345170,0.18042750000000002,42.7945310241121,3.4155623887855717,9.349762329346827
500,2021-08-15,345758,0.18042750000000002,43.15245829745442,3.418693477719806,9.347453359780955
501,2021-08-16,346408,0.18042750000000002,44.501725414962486,3.413800279551899,9.673255831620562
502,2021-08-17,347079,0.18042750000000002,45.365036758517036,3.419725761489611,9.67986012264899
503,2021-08-18,347742,0.18042750000000002,44.240318463082886,3.400987115043817,9.68911661854301
504,2021-08-19,348466,0.18042750000000002,45.31694525624402,3.42143378995807,9.621292496057109
505,2021-08-20,349064,0.18042750000000002,43.99775793917332,3.4488979015340218,9.508099337492673
506,2021-08-21,349642,0.18042750000000002,45.15131012155273,3.440494216645206,9.400501657489466
507,2021-08-22,350258,0.18042750000000002,45.241173933507014,3.4355147750390347,9.392856172509305
508,2021-08-23,350971,0.18042750000000002,45.50190337965248,3.411663941355169,9.65816554479
509,2021-08-24,351588,0.18042750000000002,45.38218854775349,3.428442898328321,9.594741231868321
510,2021-08-25,352305,0.18042750000000002,45.49166584438923,3.432012338903366,9.585037207681534
511,2021-08-26,352940,0.18042750000000002,44.65787129794572,3.4277865274005146,9.539323457009095
512,2021-08-27,353559,0.18042750000000002,45.69219595127883,3.438021205060794,9.462249730478408
513,2021-08-28,354151,0.18042750000000002,44.904144011734566,3.4326540618488557,9.298974466184527
514,2021-08-29,354741,0.18042750000000002,45.10624892989976,3.422112693294247,9.254822616868866
515,2021-08-30,355413,0.18042750000000002,45.63119695843445,3.4244697621196365,9.487903942870382
516,2021-08-31,356067,0.18042750000000002,47.276795253488736,3.438021205060794,9.746652574516464
517,2021-09-01,356738,0.15906,46.21440963693684,3.4417184418173816,9.69394304442664
518,2021-09-02,357338,0.15906,46.54980539832022,3.440801033540601,9.66685753860681
519,2021-09-03,357875,0.15906,46.418833829359535,3.4336125238222364,9.610666140800705
520,2021-09-04,358483,0.15906,45.92458578593138,3.4411073423513483,9.431176401732788
521,2021-09-05,359051,0.15906,46.399126588590356,3.434882849352583,9.432973822782248
522,2021-09-06,359724,0.15906,46.57265254250222,3.449191047998362,9.735390351101554
523,2021-09-07,360372,0.15906,46.601995743046146,3.445043806697882,9.586197432649042
524,2021-09-08,361130,0.15906,47.23238473140651,3.4486042859710038,9.511659018311274
525,2021-09-09,361793,0.15906,46.98346743373886,3.4389524570093806,9.468986129831578
526,2021-09-10,362325,0.15906,47.07311452662893,3.442023235505351,9.337111603463
527,2021-09-11,362850,0.15906,46.90314576179159,3.4281150003877974,9.147593384477583
528,2021-09-12,363369,0.15906,46.957793312678334,3.4389524570093806,9.194283989987294
529,2021-09-13,363899,0.15906,46.925662554445445,3.410226272878159,9.495802209537347
530,2021-09-14,364489,0.15906,47.079505303847796,3.442023235505351,9.401898627806636
531,2021-09-15,365016,0.15906,47.4441962337575,3.452097008527369,9.393052051045723
532,2021-09-16,365558,0.15906,46.787014579047685,3.448310199943973,9.389362107265843
533,2021-09-17,365984,0.15906,45.137454353240265,3.430398311663977,9.391523023186688
534,2021-09-18,366442,0.15906,45.746286001906896,3.4277865274005146,9.332713389781313
535,2021-09-19,366915,0.15906,44.5550751486572,3.426135472256803,9.481419837302614
536,2021-09-20,367396,0.15906,43.97226724598608,3.419038199336779,9.708235213737101
537,2021-09-21,367911,0.15906,44.984498031844794,3.409140858528301,9.664313509997921
538,2021-09-22,368343,0.15906,44.3660198404683,3.4294231600879868,9.612431102507983
539,2021-09-23,368802,0.15906,44.09581454732582,3.400608125358798,9.598703731442896
540,2021-09-24,369240,0.15906,42.725333736462765,3.416262674034013,9.514897900061406
541,2021-09-25,369641,0.15906,44.269110682590934,3.3944406719447664,9.430426374141186
542,2021-09-26,370071,0.15906,43.08435965511399,3.381064949724124,9.550237614119549
543,2021-09-27,370570,0.15906,43.8370569963398,3.3896824748064365,9.773045928339865
544,2021-09-28,371044,0.15906,43.60497460633125,3.3860357562844703,9.637596367971652
545,2021-09-29,371541,0.15906,42.17964671638836,3.374234859006534,9.609416316553483
546,2021-09-30,371989,0.15906,42.6288686258615,3.374234859006534,9.550041587592021
547,2021-10-01,372421,0.13769250000000005,43.201512781614,3.3729274079551232,9.457935480592642
548,2021-10-02,372857,0.13769250000000005,42.05697184923093,3.363066092561861,9.371597043967563
549,2021-10-03,373319,0.13769250000000005,42.64433115596576,3.3711705629919253,9.560757590757348
550,2021-10-04,373807,0.13769250000000005,43.28428553953276,3.363983088192322,9.819230000278115
551,2021-10-05,374371,0.13769250000000005,43.22788254791728,3.361682637934387,9.71225236601035
552,2021-10-06,374901,0.13769250000000005,43.50106179315048,3.374234859006534,9.719747895360076
553,2021-10-07,375413,0.13769250000000005,43.35552757054276,3.3772522640655023,9.709241256911692
554,2021-10-08,375889,0.13769250000000005,43.0691985652733,3.359822982068122,9.644067868942903
555,2021-10-09,376372,0.13769250000000005,43.616079971036356,3.3467978699352265,9.562111967406011
556,2021-10-10,376887,0.13769250000000005,43.04643772493688,3.352206629807298,9.69114478639976
557,2021-10-11,377436,0.13769250000000005,43.7194693840308,3.3328758768757876,9.964983379124686
558,2021-10-12,378049,0.13769250000000005,44.07406037928058,3.3751017022565324,9.918883339326046
559,2021-10-13,378624,0.13769250000000005,43.7010414023067,3.3793795597676066,9.911501945402305
560,2021-10-14,379197,0.13769250000000005,43.590159005337874,3.3626060069650308,9.883437746082711
561,2021-10-15,379821,0.13769250000000005,44.19345419530581,3.3531746306262087,9.822953319556921
562,2021-10-16,380427,0.13769250000000005,44.03049007767515,3.3711705629919253,9.695021135994226
563,2021-10-17,381073,0.13769250000000005,44.707334667923796,3.383151499999939,9.84342781801359
564,2021-10-18,381807,0.13769250000000005,45.981494888825104,3.385626319433981,10.080824219728777
565,2021-10-19,382563,0.13769250000000005,46.44508510160259,3.3896824748064365,9.995041552824768
566,2021-10-20,383304,0.13769250000000005,46.5563353585793,3.3733641882565712,9.981937402645464
567,2021-10-21,383959,0.13769250000000005,45.94803538285526,3.3776795698050286,9.868185188108669
568,2021-10-22,384568,0.13769250000000005,46.63130338160212,3.387258933125337,9.770796968004163
569,2021-10-23,385195,0.13769250000000005,46.2342688006711,3.409140858528301,9.641102882099577
570,2021-10-24,385884,0.13769250000000005,47.20697108882026,3.383151499999939,9.651160012746207
571,2021-10-25,386599,0.13769250000000005,48.45571664343521,3.4084138026090263,9.898751819107986
572,2021-10-26,387339,0.13769250000000005,47.563521830119875,3.4084138026090263,9.790062714281662
573,2021-10-27,388157,0.13769250000000005,48.66338460002556,3.416262674034013,9.820401239289746
574,2021-10-28,388913,0.13769250000000005,49.81479527344184,3.413800279551899,9.785099884289343
575,2021-10-29,389615,0.13769250000000005,48.8425837504491,3.416262674034013,9.757769582125242
576,2021-10-30,390214,0.13769250000000005,49.430924022528544,3.4098651541987466,9.595702568480924
577,2021-10-31,390935,0.13769250000000005,47.85933585462708,3.42006860616198,9.635704607232734
578,2021-11-01,391704,0.11632500000000004,50.025922819981346,3.4326540618488557,9.847187120132123
579,2021-11-02,392399,0.11632500000000004,50.18738014416425,3.433293583875636,9.686386355849537
580,2021-11-03,393041,0.11632500000000004,50.0117117134068,3.433293583875636,9.630718929122015
581,2021-11-04,393588,0.11632500000000004,49.223618010305714,3.444743966474699,9.568500447016296
582,2021-11-05,394164,0.11632500000000004,49.279259617736436,3.43645865452771,9.467729286926616
583,2021-11-06,394731,0.11632500000000004,48.47988224909617,3.4271278489391777,9.399569091341329
584,2021-11-07,395323,0.11632500000000004,49.020521250613804,3.4392618374571566,9.504387179779608
585,2021-11-08,396027,0.11632500000000004,50.15347268073315,3.418002142988765,9.811131307890252
586,2021-11-09,396676,0.11632500000000004,49.544084518456835,3.436144560379185,9.775163172815953
587,2021-11-10,397332,0.11632500000000004,48.39217091753161,3.430722234940265,9.792878789566515
588,2021-11-11,397958,0.11632500000000004,48.78597491141556,3.434882849352583,9.75015826050406
589,2021-11-12,398557,0.11632500000000004,48.528143777077254,3.432012338903366,9.686637454794347
590,2021-11-13,399079,0.11632500000000004,47.384315700652884,3.4281150003877974,9.567828509600806
591,2021-11-14,399644,0.11632500000000004,47.393780227356636,3.4281150003877974,9.636739677297548
592,2021-11-15,400217,0.11632500000000004,49.14139752300315,3.436772218505027,9.95200369316932
593,2021-11-16,400805,0.11632500000000004,48.803865097031,3.4355147750390347,9.869878293281019
594,2021-11-17,401418,0.11632500000000004,47.475653826973186,3.4152112737353626,9.860832456189838
595,2021-11-18,402004,0.11632500000000004,47.08270006524688,3.4148595074894277,9.834027654338582
596,2021-11-19,402571,0.11632500000000004,47.46936552540287,3.4166118485733508,9.736681171711826
597,2021-11-20,403068,0.11632500000000004,47.034734682275996,3.402870933366518,9.644653789394308
598,2021-11-21,403581,0.11632500000000004,46.63130338160212,3.4039924148044913,9.698384956044265
599,2021-11-22,404070,0.11632500000000004,47.77872722642336,3.4051073743979123,9.960001864931755
600,2021-11-23,404583,0.11632500000000004,47.286301331879415,3.401742860455139,9.921499721429079
601,2021-11-24,405183,0.11632500000000004,47.368533380731634,3.4241348406462264,9.897070938821999
602,2021-11-25,405691,0.11632500000000004,46.80963915956269,3.4241348406462264,9.835061543797517
603,2021-11-26,406189,0.11632500000000004,46.05160766080789,3.422451229848255,9.749276689036682
604,2021-11-27,406680,0.11632500000000004,45.89440238862399,3.406951333161072,9.60237138921348
605,2021-11-28,407144,0.11632500000000004,46.15473330615324,3.4155623887855717,9.754217395111235
606,2021-11-29,407668,0.11632500000000004,46.40241224861107,3.4152112737353626,10.057249561834182
607,2021-11-30,408249,0.11632500000000004,46.935306235016505,3.430722234940265,10.051664086701225
608,2021-12-01,408817,0.0949575,45.93463843553095,3.3776795698050286,10.044902141180149
609,2021-12-02,409379,0.0949575,45.90446776692877,3.401365359189339,9.963568811829264
610,2021-12-03,409902,0.0949575,46.78378077415113,3.4113055405100114,9.882549288952873
611,2021-12-04,410422,0.0949575,45.86754058101214,3.4130908310455292,9.741825217622848
612,2021-12-05,411009,0.0949575,46.660575565164244,3.401742860455139,9.784128793224214
613,2021-12-06,411580,0.0949575,46.98025964779058,3.429748776018358,10.11313034374723
614,2021-12-07,412238,0.0949575,46.65732484787269,3.420752432965943,10.06099524924083
615,2021-12-08,412869,0.0949575,46.435244225093356,3.402495644918099,10.094858633810604
616,2021-12-09,413483,0.0949575,46.81286952223712,3.42143378995807,10.073025877942852
617,2021-12-10,414072,0.0949575,46.520398710672076,3.401742860455139,10.002573394307591
618,2021-12-11,414649,0.0949575,47.15924926300196,3.406583960459602,9.940924789002421
619,2021-12-12,415285,0.0949575,47.43475110502502,3.4109464636969995,10.028257723245268
620,2021-12-13,415918,0.0949575,48.05357758418853,3.4148595074894277,10.462401768746396
621,2021-12-14,416576,0.0949575,46.88060811045474,3.4166118485733508,10.609448299038458
622,2021-12-15,417212,0.0949575,47.59795586202951,3.4062158807145426,10.690417847251931
623,2021-12-16,417851,0.0949575,47.840757124783806,3.3998478986619514,10.638293065478601
624,2021-12-17,418450,0.0949575,47.311632870398924,3.42143378995807,10.552966885483167
625,2021-12-18,419041,0.0949575,47.01231852443414,3.407683967273575,10.489338034969705
626,2021-12-19,419779,0.0949575,48.04743445169838,3.4039924148044913,10.48458642762971
627,2021-12-20,420600,0.0949575,48.95542259692541,3.409140858528301,10.832678391792454
628,2021-12-21,421486,0.0949575,48.74418176986651,3.3975490446774943,10.91627826442933
629,2021-12-22,422446,0.0949575,49.82052421400959,3.3944406719447664,10.971040437756463
630,2021-12-23,423464,0.0949575,50.03728608276251,3.386444335346975,10.964053311619057
631,2021-12-24,424357,0.0949575,50.44028442493908,3.395222465149449,10.83256876065732
632,2021-12-25,425374,0.0949575,49.50641992409965,3.3793795597676066,10.250790148488129
633,2021-12-26,426464,0.0949575,50.55747074446899,3.4120216685404166,10.684025355746353
634,2021-12-27,427843,0.0949575,53.95843968568653,3.417655525678159,11.0728265259152
635,2021-12-28,429477,0.0949575,55.79832469013178,3.4098651541987466,11.151686095937412
636,2021-12-29,431291,0.0949575,57.53145721849882,3.4120216685404166,11.384338197469908
637,2021-12-30,433035,0.0949575,58.74301717239739,3.387664958305193,11.256394632701687
638,2021-12-31,434541,0.0949575,60.17268496899905,3.413445886443606,11.057946907887752
639,2022-01-01,436078,0.07359,59.8816466899743,3.400228387460683,10.687370712731123
640,2022-01-02,437676,0.07359,59.87363407250031,3.4095033502041585,11.033638645674332
641,2022-01-03,439480,0.07359,63.86339292698426,3.4166118485733508,11.259894133523202
642,2022-01-04,441128,0.07359,64.42015970009352,3.3994666562610694,11.424597389118798
643,2022-01-05,442934,0.07359,65.4271813725257,3.4095033502041585,11.215446770728708
644,2022-01-06,444570,0.07359,66.1337014316599,3.4084138026090263,11.0460960083405
645,2022-01-07,445983,0.07359,66.60690664395192,3.3900834783003626,10.736048822257619
646,2022-01-08,447497,0.07359,66.05280760229891,3.3711705629919253,10.514047287732367
647,2022-01-09,449135,0.07359,66.99492238201383,3.403619315724318,10.533594220623504
648,2022-01-10,450893,0.07359,67.57038236741805,3.379802267084545,10.823611706273743
649,2022-01-11,452608,0.07359,66.83540169727785,3.3626060069650308,10.701782403059342
650,2022-01-12,454143,0.07359,67.33562749517077,3.3990846575423923,10.60260642823784
651,2022-01-13,455731,0.07359,67.4119402393285,3.393655706922825,10.54444420325637
652,2022-01-14,457175,0.07359,66.26699958428979,3.375533698099745,10.44721200992129
653,2022-01-15,458481,0.07359,66.45371742864795,3.358416792628212,10.35818790343836
654,2022-01-16,459956,0.07359,65.73060925464051,3.3437854569772814,10.559361364549453
655,2022-01-17,461362,0.07359,65.83225277367306,3.368952330925636,10.811956908788705
656,2022-01-18,462837,0.07359,66.7156739173411,3.350256549951754,10.721411880384627
657,2022-01-19,464314,0.07359,65.13116351593192,3.3467978699352265,10.670130266239576
658,2022-01-20,465756,0.07359,64.26005345232201,3.329648776102162,10.572881594496849
659,2022-01-21,466956,0.07359,63.48865060844278,3.320220476683937,10.491982178109488
660,2022-01-22,467951,0.07359,63.99028610462386,3.323597527430088,10.3914990330741
661,2022-01-23,469249,0.07359,61.86004111614398,3.3109366489489456,10.588677561748957
662,2022-01-24,470460,0.07359,63.48865060844278,3.296824736131999,10.769396020499476
663,2022-01-25,471906,0.07359,62.85913112686558,3.3185110636088293,10.666760672366786
664,2022-01-26,473274,0.07359,61.652609693260985,3.3055269685676723,10.632827452480413
665,2022-01-27,474453,0.07359,62.72588327504238,3.2987199886227416,10.529897945078186
666,2022-01-28,475514,0.07359,61.80360393989679,3.2884101522136953,10.406088620868475
667,2022-01-29,476651,0.07359,61.35989145575813,3.294912338051675,10.294671600128796
668,2022-01-30,477705,0.07359,61.137585290157325,3.2817031570720063,10.444978629708189
669,2022-01-31,478855,0.07359,61.87507402557589,3.2676255741491462,10.588132010804834
670,2022-02-01,480160,0.0522225,60.23412787318843,3.2929825105331556,10.484740474202761
671,2022-02-02,481374,0.0522225,59.94567235467625,3.260978863750512,10.43253095869927
672,2022-02-03,482486,0.0522225,59.44999546857711,3.2747793243784313,10.308415644481913
673,2022-02-04,483457,0.0522225,58.790805552301414,3.2712320508053088,10.137139149599005
674,2022-02-05,484307,0.0522225,59.203197204224175,3.2579583690242715,9.967362677290653
675,2022-02-06,485267,0.0522225,57.04890455910688,3.224347337131866,10.096402007845212
676,2022-02-07,486287,0.0522225,58.83022579626601,3.240558689644717,10.289819575695287
677,2022-02-08,487319,0.0522225,57.25074997884269,3.236405504694952,10.183463540369212
678,2022-02-09,488271,0.0522225,57.64601628796504,3.2269864856098396,10.111259292980955
679,2022-02-10,489258,0.0522225,56.209135971608305,3.213470131272523,9.928185212869838
680,2022-02-11,490088,0.0522225,54.99641366180581,3.2430137812738327,9.781808688695186
681,2022-02-12,490939,0.0522225,55.01295933219937,3.2106670899516736,9.623125982111278
682,2022-02-13,491816,0.0522225,54.92776393599266,3.181638189934649,9.713794536399162
683,2022-02-14,492731,0.0522225,55.367540898093694,3.1827024408351696,9.952270135298988
684,2022-02-15,493681,0.0522225,54.94908688037231,3.168473410377849,9.902820334990924
685,2022-02-16,494625,0.0522225,55.064897089229426,3.1869113159084885,9.887490778695462
686,2022-02-17,495370,0.0522225,53.67483021627112,3.166205520544927,9.762202108594327
687,2022-02-18,496109,0.0522225,53.857659465618774,3.1650633255882212,9.486146758574002
688,2022-02-19,496814,0.0522225,52.44025629262981,3.1509083097872637,9.537568316241506
689,2022-02-20,497535,0.0522225,53.490782975026654,3.1858662372828133,9.600893870630003
690,2022-02-21,498291,0.0522225,53.2954462366931,3.166205520544927,9.732723568456597
691,2022-02-22,499083,0.0522225,52.918389037758985,3.1332561692068492,9.58873196037565
692,2022-02-23,499823,0.0522225,52.92093704751324,3.1127920959201894,9.523498564148861
693,2022-02-24,500617,0.0522225,52.829058235131846,3.1422446434996716,9.371958344530738
694,2022-02-25,501298,0.0522225,51.58658022557577,3.0950933601363197,9.27215049039277
695,2022-02-26,501993,0.0522225,51.90329013096454,3.042576397982271,9.180633217865747
696,2022-02-27,502750,0.0522225,52.12723746358487,3.09201650234655,9.383243108552115
697,2022-02-28,503683,0.0522225,52.36234161134259,3.111364812614694,9.701242156257713
698,2022-03-01,504595,0.030855,53.35319000538959,3.065937503995481,9.701214728182453
699,2022-03-02,505502,0.030855,51.59996334983091,3.065937503995481,9.7413279011795
700,2022-03-03,506523,0.030855,51.51151004204807,3.038786033644729,9.692087787824173
701,2022-03-04,507366,0.030855,51.11931751725531,3.0189572165475522,9.665972266965062
702,2022-03-05,508245,0.030855,51.71478145305017,3.021009264606054,9.603907789111949
703,2022-03-06,509303,0.030855,52.21106543991869,3.031034716460465,9.805705762984326
704,2022-03-07,510408,0.030855,52.8750363824309,3.044450914377261,10.11073125862685
705,2022-03-08,511573,0.030855,53.16444528298198,3.0536239352991132,10.133612763681635
706,2022-03-09,512805,0.030855,53.590420437106744,3.0793150928199178,10.184308348963922
707,2022-03-10,513929,0.030855,54.041736933297855,3.0148043634287776,10.165447424317767
708,2022-03-11,515087,0.030855,54.16865213450012,3.0607329407454875,10.132400844520381
709,2022-03-12,516183,0.030855,54.24161029592765,3.0148043634287776,10.07912879859697
710,2022-03-13,517517,0.030855,54.923023316672754,3.001938330962238,10.255968676901688
711,2022-03-14,518891,0.030855,56.416866966273666,3.040688165538175,10.495737599506938
712,2022-03-15,520349,0.030855,56.75906954031983,3.036869815325649,10.434785448113862
713,2022-03-16,521887,0.030855,57.21136763420125,3.0230453663417496,10.433033770183682
714,2022-03-17,523313,0.030855,58.294693563843296,3.0793150928199178,10.356476247043425
715,2022-03-18,524699,0.030855,57.9379658564405,3.036869815325649,10.279136813616432
716,2022-03-19,526164,0.030855,57.18727460740213,3.046311894636421,10.17991879163506
717,2022-03-20,527598,0.030855,58.46937289010238,3.038786033644729,10.34644422171917
718,2022-03-21,529206,0.030855,61.22209422216123,3.1070325122736744,10.601714946056129
719,2022-03-22,530919,0.030855,61.4228467177923,3.0950933601363197,10.520655067251791
720,2022-03-23,532632,0.030855,59.264574097579384,3.0793150928199178,10.474657979415255
721,2022-03-24,534240,0.030855,60.33297200291211,3.099638325666223,10.368121606951036
722,2022-03-25,535805,0.030855,61.571150445717315,3.1435016916714797,10.255752930069034
723,2022-03-26,537318,0.030855,62.74782510238943,3.10410136119638,10.124154301596525
724,2022-03-27,538931,0.030855,63.10229358811544,3.105571293592263,10.222669200536554
725,2022-03-28,540884,0.030855,64.86504186807387,3.1225565226549565,10.489108197420148
726,2022-03-29,542731,0.030855,64.65541919935575,3.1751484742190343,10.353324998416587
727,2022-03-30,544632,0.030855,63.94452048434704,3.111364812614694,10.290897116845926
728,2022-03-31,546434,0.030855,64.44272059385436,3.084153983720645,10.019054869282675
729,2022-04-01,547961,0.009487499999999899,65.59516147146799,3.1279653793028364,9.907085705648463
730,2022-04-02,549505,0.009487499999999899,64.8958575500644,3.1239200672617042,9.694191954372023
731,2022-04-03,551130,0.009487499999999899,65.0546166489547,3.1422446434996716,9.798189400531953
732,2022-04-04,552822,0.009487499999999899,65.1956659510793,3.1266244194542376,10.00492807007819
733,2022-04-05,554640,0.009487499999999899,65.66713410835787,3.1484648757717832,9.908186500618054
734,2022-04-06,556446,0.009487499999999899,65.70055707940388,3.119806307263195,9.82912330161416
735,2022-04-07,558001,0.009487499999999899,66.1518346011396,3.1084851106177966,9.69794454576768
736,2022-04-08,559510,0.009487499999999899,65.12946439080548,3.1521206933806156,9.568884176890545
737,2022-04-09,560833,0.009487499999999899,66.10565823290518,3.1266244194542376,9.416203633583669
738,2022-04-10,562263,0.009487499999999899,65.65208287571437,3.1509083097872637,9.511043966785213
739,2022-04-11,563902,0.009487499999999899,66.23249135111749,3.1521206933806156,9.66574366231337
740,2022-04-12,565563,0.009487499999999899,64.9420273386349,3.160438398978088,9.568596395454767
741,2022-04-13,567151,0.009487499999999899,64.16046355869659,3.10410136119638,9.506451455445085
742,2022-04-14,568519,0.009487499999999899,62.83544253291284,3.138433491904024,9.353788293107327
743,2022-04-15,569694,0.009487499999999899,62.64896827889422,3.0904636909775056,9.165594701108146
744,2022-04-16,570781,0.009487499999999899,61.88258780096804,3.09201650234655,9.101437992422625
745,2022-04-17,571897,0.009487499999999899,63.08963645861184,3.125276007298337,9.11075856590887
746,2022-04-18,573129,0.009487499999999899,62.320924628937675,3.099638325666223,9.317462237957598
747,2022-04-19,574238,0.009487499999999899,64.34716458959255,3.119806307263195,9.31870077996223
748,2022-04-20,575379,0.009487499999999899,63.44038405818224,3.135858736678297,9.148476396326892
749,2022-04-21,576390,0.009487499999999899,60.63348588932074,3.093559689463441,9.010790234364514
750,2022-04-22,577356,0.009487499999999899,60.89624811621464,3.051815367222203,8.880235083211828
751,2022-04-23,578256,0.009487499999999899,60.053413682016206,3.08574640635288,8.73011972458167
752,2022-04-24,579118,0.009487499999999899,58.720135011599304,3.1011349743553853,8.832407534588238
753,2022-04-25,580052,0.009487499999999899,59.256397682606156,3.1070325122736744,8.940140591032113
754,2022-04-26,581020,0.009487499999999899,57.14341834287708,3.076036596571833,8.788503259976885
755,2022-04-27,581902,0.009487499999999899,57.23981573642978,3.09201650234655,8.691284691606292
756,2022-04-28,582676,0.009487499999999899,56.19780333963382,3.044450914377261,8.592668931304045
757,2022-04-29,583381,0.009487499999999899,54.21244993256487,3.0793150928199178,8.481543007356025
758,2022-04-30,583987,0.009487499999999899,54.210018525664864,3.08574640635288,8.34589166933757
759,2022-05-01,584613,-0.011880000000000102,53.63017483829372,3.087328755315027,8.45049371730316
760,2022-05-02,585278,-0.011880000000000102,52.66494795584967,3.0981325747108857,8.710617472483309
761,2022-05-03,586046,-0.011880000000000102,53.19473190120526,3.08574640635288,8.777610800621071
762,2022-05-04,586749,-0.011880000000000102,52.58251929924293,3.0710374703316683,8.661234208566711
763,2022-05-05,587417,-0.011880000000000102,52.623764949821954,3.0825513703161436,8.545927641048307
764,2022-05-06,588035,-0.011880000000000102,51.5946109076956,3.0536239352991132,8.427116668000954
765,2022-05-07,588561,-0.011880000000000102,50.38989996805237,3.0189572165475522,8.277151415146417
766,2022-05-08,589118,-0.011880000000000102,49.817659903058306,3.040688165538175,8.444242937563107
767,2022-05-09,589773,-0.011880000000000102,50.06850933260652,3.0270706210219016,8.574830989752515
768,2022-05-10,590353,-0.011880000000000102,49.92057502057686,2.9717291043522085,8.499397309677313
769,2022-05-11,590907,-0.011880000000000102,49.23241161253854,2.9717291043522085,8.396625315848368
770,2022-05-12,591449,-0.011880000000000102,46.104889269060905,2.9591463411246037,8.28023612066269
771,2022-05-13,591882,-0.011880000000000102,46.85482519165768,2.9052926665607615,8.194760338383427
772,2022-05-14,592334,-0.011880000000000102,47.276795253488736,2.9952633452292763,8.087482496370747
773,2022-05-15,592782,-0.011880000000000102,46.51385902488605,2.9617098147984384,8.328441509688206
774,2022-05-16,593274,-0.011880000000000102,44.87612988276107,2.9617098147984384,8.469322389249719
775,2022-05-17,593707,-0.011880000000000102,43.15623551674854,3.001938330962238,8.341985648294388
776,2022-05-18,594249,-0.011880000000000102,45.31006702222925,2.9717291043522085,8.282472778327115
777,2022-05-19,594726,-0.011880000000000102,43.35552757054276,3.0041265867149063,8.193371265072308
778,2022-05-20,595100,-0.011880000000000102,43.167563372443894,2.9717291043522085,8.071668533274167
779,2022-05-21,595413,-0.011880000000000102,42.871166233621054,2.974177205493822,7.9158084210728035
780,2022-05-22,595807,-0.011880000000000102,43.85171293490765,2.9404982595690927,8.089569799389263
781,2022-05-23,596200,-0.011880000000000102,43.664140630242436,2.9717291043522085,8.262135464337721
782,2022-05-24,596577,-0.011880000000000102,41.20317736170058,2.9377282607018254,8.163204430209426
783,2022-05-25,596978,-0.011880000000000102,42.16385607503211,2.923448484855645,8.096147243016071
784,2022-05-26,597322,-0.011880000000000102,39.98895150047362,2.9052926665607615,8.029920640158878
785,2022-05-27,597680,-0.011880000000000102,41.0124881173855,2.8010772030062836,7.967352127740266
786,2022-05-28,597998,-0.011880000000000102,38.84829521212527,2.8721895191437583,7.896570681719846
787,2022-05-29,598363,-0.011880000000000102,39.905761756325184,2.8540944337651206,8.0050394532496
788,2022-05-30,598747,-0.011880000000000102,40.20198366230577,2.814174833805613,8.215187439934034
789,2022-05-31,599124,-0.011880000000000102,40.1456749889564,2.74221571542982,8.185458264040289
790,2022-06-01,599482,-0.0332475000000001,38.69069300443608,2.8503367403009157,8.181866300458035
791,2022-06-02,599798,-0.0332475000000001,38.82981691570608,2.8387664055881556,8.077323757686194
792,2022-06-03,600130,-0.0332475000000001,39.892596259118,2.8465302856567902,8.161284315269778
793,2022-06-04,600504,-0.0332475000000001,39.14169964277992,2.8225995728005677,8.266411288363734
794,2022-06-05,600897,-0.0332475000000001,39.50266347995162,2.8503367403009157,8.520524508220525
795,2022-06-06,601381,-0.0332475000000001,39.75164568527962,2.85780448894602,8.662593918508525
796,2022-06-07,601850,-0.0332475000000001,39.896985678943174,2.7826825744347112,8.633680907676899
797,2022-06-08,602376,-0.0332475000000001,39.300398878014235,2.8307930022272783,8.676432892989979
798,2022-06-09,602874,-0.0332475000000001,39.132594034185104,2.8858931549372473,8.643455819519776
799,2022-06-10,603344,-0.0332475000000001,40.75697442414781,2.879122817410338,8.602133251771193
800,2022-06-11,603799,-0.0332475000000001,40.75276012589783,2.8540944337651206,8.53300302135095
801,2022-06-12,604312,-0.0332475000000001,40.64289490662214,2.8721895191437583,8.742194978011703
802,2022-06-13,604866,-0.0332475000000001,40.59199602789617,2.8465302856567902,8.909951073333678
803,2022-06-14,605491,-0.0332475000000001,40.941585374413776,2.85780448894602,8.88964789681772
804,2022-06-15,606203,-0.0332475000000001,41.96551040197926,2.8307930022272783,8.870362642555452
805,2022-06-16,606917,-0.0332475000000001,41.853648503405836,2.7681212325884283,8.835980976564535
806,2022-06-17,607609,-0.0332475000000001,42.025202380620875,2.8756769818474814,8.815307330282446
807,2022-06-18,608270,-0.0332475000000001,43.686288271528014,2.8957579310397645,8.814850772960728
808,2022-06-19,609039,-0.0332475000000001,43.46755989902927,2.9175257593158443,9.011033437521368
809,2022-06-20,609832,-0.0332475000000001,45.20319655996558,2.9692586914189327,9.145616346170145
810,2022-06-21,610795,-0.0332475000000001,45.06457700465667,2.9404982595690927,9.17697326805789
811,2022-06-22,611700,-0.0332475000000001,45.634589909795686,2.9114755121327605,9.188601538542144
812,2022-06-23,612607,-0.0332475000000001,46.392553923461854,2.9591463411246037,9.13408117920474
813,2022-06-24,613463,-0.0332475000000001,47.47879737526001,2.964249432530826,9.07557602605967
814,2022-06-25,614316,-0.0332475000000001,48.36792057516708,2.9486455263571596,9.008232495877923
815,2022-06-26,615365,-0.0332475000000001,49.5267077434028,3.0230453663417496,9.202128720223321
816,2022-06-27,616543,-0.0332475000000001,49.203087784800346,3.001938330962238,9.372520068531276
817,2022-06-28,617699,-0.0332475000000001,50.93336767734774,3.0499939494809913,9.371436417597987
818,2022-06-29,618989,-0.0332475000000001,51.6587693070373,3.038786033644729,9.36543178635181
819,2022-06-30,620270,-0.0332475000000001,51.85827516669623,3.0189572165475522,9.357020161899849
820,2022-07-01,621286,-0.05461500000000015,53.060712371507556,3.025065745428716,9.33861444346941
821,2022-07-02,622451,-0.05461500000000015,52.43247493008254,3.0062969284014254,9.274533764725184
822,2022-07-03,623909,-0.05461500000000015,55.514180787781534,2.9952633452292763,9.494862393884166
823,2022-07-04,625475,-0.05461500000000015,55.92905116782219,3.038786033644729,9.659749814416971
824,2022-07-05,626966,-0.05461500000000015,56.39435964134753,3.0554198174341995,9.59181965596129
825,2022-07-06,628473,-0.05461500000000015,57.581226120971095,3.0148043634287776,9.547849600678694
826,2022-07-07,630117,-0.05461500000000015,57.38164454575689,3.0554198174341995,9.454840659688312
827,2022-07-08,631551,-0.05461500000000015,58.92545135692665,3.065937503995481,9.38355998724096
828,2022-07-09,632836,-0.05461500000000015,57.62875279636123,3.048159515272412,9.264052618262944
829,2022-07-10,634306,-0.05461500000000015,60.188552938828444,3.067648925024265,9.417461295233997
830,2022-07-11,635877,-0.05461500000000015,60.00757006372306,3.1070325122736744,9.562691765672039
831,2022-07-12,637418,-0.05461500000000015,61.09909650585937,3.0904636909775056,9.466722497256944
832,2022-07-13,639022,-0.05461500000000015,61.38470709113159,3.111364812614694,9.362149991893238
833,2022-07-14,640528,-0.05461500000000015,60.43346801692703,3.1156219660474593,9.263416069478865
834,2022-07-15,641685,-0.05461500000000015,60.78946482717136,3.0981325747108857,9.13027257191111
835,2022-07-16,642845,-0.05461500000000015,61.407596427232825,3.1225565226549565,8.957959182787064
836,2022-07-17,644181,-0.05461500000000015,60.717421934127955,3.096617620431648,9.079855795498775
837,2022-07-18,645548,-0.05461500000000015,61.828072426485164,3.1557211936788865,9.14566843110189
838,2022-07-19,646978,-0.05461500000000015,60.3309982204558,3.1509083097872637,9.031580291768288
839,2022-07-20,648394,-0.05461500000000015,61.02776699307138,3.139710607763492,9.011580396640607
840,2022-07-21,649690,-0.05461500000000015,61.002666527767246,3.1292989613227937,8.898752918594317
841,2022-07-22,650685,-0.05461500000000015,60.03149700780004,3.1292989613227937,8.779356395141079
842,2022-07-23,651662,-0.05461500000000015,58.44838112269504,3.119806307263195,8.578128552776903
843,2022-07-24,652758,-0.05461500000000015,57.83739636971031,3.1447521774391323,8.69965970192745
844,2022-07-25,653829,-0.05461500000000015,59.53722054898511,3.1211852956510766,8.83702048389435
845,2022-07-26,654867,-0.05461500000000015,56.45059519425172,3.10410136119638,8.72245548183536
846,2022-07-27,655850,-0.05461500000000015,57.440357639858725,3.105571293592263,8.629081703247035
847,2022-07-28,656737,-0.05461500000000015,56.86781825052309,3.0889011457688285,8.519352167666973
848,2022-07-29,657456,-0.05461500000000015,55.107320839662975,3.087328755315027,8.435017433530138
849,2022-07-30,658217,-0.05461500000000015,56.21593341542585,3.0572031743434573,8.312664426643304
850,2022-07-31,659146,-0.05461500000000015,56.49999236679442,3.076036596571833,8.445171788978802
851,2022-08-01,660056,-0.07598250000000016,56.79684465819957,3.069348867441501,8.568601845175804
852,2022-08-02,660884,-0.07598250000000016,55.84196640133113,3.0904636909775056,8.50059657988023
853,2022-08-03,661749,-0.07598250000000016,55.14968114434512,3.080938447053705,8.415310870346742
854,2022-08-04,662583,-0.07598250000000016,54.31922264936517,3.069348867441501,8.300711671178975
855,2022-08-05,663285,-0.07598250000000016,52.96676055430286,3.0743812017763568,8.204728105572558
856,2022-08-06,663934,-0.07598250000000016,53.438328672029506,3.0536239352991132,8.036033067425207
857,2022-08-07,664657,-0.07598250000000016,54.41834948860924,3.064214462784237,8.210503658917057
858,2022-08-08,665477,-0.07598250000000016,53.98541613316356,3.084153983720645,8.391829578717308
859,2022-08-09,666269,-0.07598250000000016,53.318056089955306,3.08574640635288,8.292191931524384
860,2022-08-10,667076,-0.07598250000000016,50.89492023783597,3.0499939494809913,8.226417315099496
861,2022-08-11,667804,-0.07598250000000016,51.953511543036726,3.038786033644729,8.139390184686972
862,2022-08-12,668384,-0.07598250000000016,51.14110796685532,3.0041265867149063,8.022829343157834
863,2022-08-13,669012,-0.07598250000000016,51.77333495848373,3.012703087297897,7.857924161332346
864,2022-08-14,669649,-0.07598250000000016,51.59996334983091,3.0270706210219016,8.022829343157834
865,2022-08-15,670332,-0.07598250000000016,51.768017217357944,3.016888993850163,8.165279851063618
866,2022-08-16,670975,-0.07598250000000016,50.80958581096521,2.9930006686502177,8.034740018361582
867,2022-08-17,671603,-0.07598250000000016,51.54370893244939,3.0349393199367065,7.952668274594314
868,2022-08-18,672136,-0.07598250000000016,50.03728608276251,3.0270706210219016,7.860403643702521
869,2022-08-19,672633,-0.07598250000000016,49.561449513575475,3.001938330962238,7.740821211619175
870,2022-08-20,673110,-0.07598250000000016,49.636562184989856,2.9717291043522085,7.621644005745445
871,2022-08-21,673587,-0.07598250000000016,48.64839368774858,2.9907186646123125,7.754875933579212
872,2022-08-22,674107,-0.07598250000000016,48.46176022723539,2.9813912294589255,7.98336500574428
873,2022-08-23,674641,-0.07598250000000016,48.17612313671954,2.8957579310397645,7.87977348051797
874,2022-08-24,675176,-0.07598250000000016,47.13694717206152,2.93493031257374,7.843129389296969
875,2022-08-25,675719,-0.07598250000000016,47.4032411093951,2.868659506740555,7.680614244652493
876,2022-08-26,676152,-0.07598250000000016,45.28253397936532,2.8650859921445737,7.603192518227514
877,2022-08-27,676565,-0.07598250000000016,45.85073655976346,2.9292484885213184,7.477089601491845
878,2022-08-28,677005,-0.07598250000000016,44.51596402554207,2.9052926665607615,7.56792066346991
879,2022-08-29,677496,-0.07598250000000016,45.0054146205603,2.9321038986693626,7.848392734208026
880,2022-08-30,677975,-0.07598250000000016,45.00192982050904,2.920502756050653,7.963152906588767
881,2022-08-31,678453,-0.07598250000000016,44.25831781630543,2.920502756050653,7.857246733414327
882,2022-09-01,678911,-0.0973500000000001,46.20778626167143,2.9321038986693626,7.807298307196903
883,2022-09-02,679299,-0.0973500000000001,43.10708212723023,2.9539461748408695,7.673140717601511
884,2022-09-03,679654,-0.0973500000000001,44.34810437906221,2.902149851954408,7.595339438575196
885,2022-09-04,680034,-0.0973500000000001,44.49104070947478,2.8925073583877547,7.807059289921747
886,2022-09-05,680474,-0.0973500000000001,43.38919555595214,2.8957579310397645,7.945336243295311
887,2022-09-06,680906,-0.0973500000000001,44.742601350820614,2.84267390815995,7.849304917273436
888,2022-09-07,681345,-0.0973500000000001,44.37318213500444,2.8387664055881556,7.804665568367537
889,2022-09-08,681747,-0.0973500000000001,42.76764646202378,2.879122817410338,7.676193078158692
890,2022-09-09,682109,-0.0973500000000001,43.48617817583404,2.834806533295078,7.634510217907073
891,2022-09-10,682461,-0.0973500000000001,43.17133805782775,2.914516886494359,7.561326010887191
892,2022-09-11,682864,-0.0973500000000001,42.516442499367905,2.9114755121327605,7.837834611641864
893,2022-09-12,683290,-0.0973500000000001,43.20528178112423,2.8925073583877547,8.018509451994055
894,2022-09-13,683785,-0.0973500000000001,43.38919555595214,2.9377282607018254,7.9884441080513255
895,2022-09-14,684261,-0.0973500000000001,41.893664820465816,2.8925073583877547,7.959135039921127
896,2022-09-15,684720,-0.0973500000000001,42.725333736462765,2.879122817410338,7.906669161785619
897,2022-09-16,685119,-0.0973500000000001,42.717631880558386,2.902149851954408,7.7998586603693045
898,2022-09-17,685519,-0.0973500000000001,41.44123249734838,2.8957579310397645,7.658850270082337
899,2022-09-18,685962,-0.0973500000000001,42.15990664500293,2.8387664055881556,7.849988439153437
900,2022-09-19,686593,-0.0973500000000001,42.21119408657252,2.8957579310397645,8.180456758950875
901,2022-09-20,687257,-0.0973500000000001,44.066804405910794,2.9114755121327605,8.388617831830365
902,2022-09-21,687978,-0.0973500000000001,44.75669307439254,2.964249432530826,8.355838490072765
903,2022-09-22,688699,-0.0973500000000001,44.405385008871775,2.9292484885213184,8.268683272523528
904,2022-09-23,689263,-0.0973500000000001,45.38561740938852,2.988417031123448,8.22686354876917
905,2022-09-24,689904,-0.0973500000000001,45.746286001906896,2.964249432530826,8.116602290662176
906,2022-09-25,690738,-0.0973500000000001,45.759789295682175,2.920502756050653,8.329368614225489
907,2022-09-26,691603,-0.0973500000000001,48.34971739572878,2.9860954593035425,8.487092417047903
908,2022-09-27,692418,-0.0973500000000001,48.91687643253758,2.9591463411246037,8.441916505238511
909,2022-09-28,693397,-0.0973500000000001,49.41637999051258,2.964249432530826,8.460585859580362
910,2022-09-29,694342,-0.0973500000000001,50.501733398801846,2.9377282607018254,8.40723018817363
911,2022-09-30,695058,-0.0973500000000001,50.815099638218754,2.9591463411246037,8.376028972848461
912,2022-10-01,695933,-0.11871750000000016,49.817659903058306,2.9930006686502177,8.306164860980152
913,2022-10-02,696842,-0.11871750000000016,51.24436775088498,2.9766033582043745,8.54912927323845
914,2022-10-03,697949,-0.11871750000000016,53.15686839129892,3.0270706210219016,8.755573212583524
915,2022-10-04,699094,-0.11871750000000016,53.97560954742057,2.9837536331772543,8.702260550141677
916,2022-10-05,700023,-0.11871750000000016,54.55798094256273,3.036869815325649,8.639279914372464
917,2022-10-06,700971,-0.11871750000000016,56.03183760948025,3.048159515272412,8.569105838468655
918,2022-10-07,701714,-0.11871750000000016,55.446773630834016,3.042576397982271,8.518712048736248
919,2022-10-08,702393,-0.11871750000000016,55.729281122253134,3.042576397982271,8.30847228065815
920,2022-10-09,703381,-0.11871750000000016,54.963293239413865,3.0290602078759963,8.483989068085542
921,2022-10-10,704429,-0.11871750000000016,55.78912848942829,3.048159515272412,8.665938874549358
922,2022-10-11,705393,-0.11871750000000016,55.16848764275621,3.0793150928199178,8.565268208182628
923,2022-10-12,706324,-0.11871750000000016,53.85027090325763,3.036869815325649,8.496118224206569
924,2022-10-13,707320,-0.11871750000000016,55.8327841909244,3.0589741638083265,8.43243097451992
925,2022-10-14,708098,-0.11871750000000016,55.46771015716609,3.046311894636421,8.406139043944702
926,2022-10-15,708796,-0.11871750000000016,56.625352454832594,3.036869815325649,8.22671482930518
927,2022-10-16,709751,-0.11871750000000016,54.7399009748389,3.021009264606054,8.395643704446783
928,2022-10-17,710684,-0.11871750000000016,57.405578828898065,3.0499939494809913,8.616379644239206
929,2022-10-18,711544,-0.11871750000000016,55.40951510431339,3.038786033644729,8.44447524246338
930,2022-10-19,712438,-0.11871750000000016,56.46182921791824,3.08574640635288,8.368844033409573
931,2022-10-20,713256,-0.11871750000000016,55.27638373148333,3.0270706210219016,8.23706507653162
932,2022-10-21,713945,-0.11871750000000016,55.71314697525518,3.0349393199367065,8.189346055662094
933,2022-10-22,714559,-0.11871750000000016,54.328909046695586,3.025065745428716,7.973910909401252
934,2022-10-23,715285,-0.11871750000000016,54.93013394722722,3.0290602078759963,8.06490560660928
935,2022-10-24,715993,-0.11871750000000016,55.02240965618444,3.036869815325649,8.247585762865867
936,2022-10-25,716697,-0.11871750000000016,53.592906765898874,3.093559689463441,8.094766582015437
937,2022-10-26,717336,-0.11871750000000016,53.0252010399794,3.077681184428155,8.049224374154457
938,2022-10-27,717969,-0.11871750000000016,52.96930404879726,3.0572031743434573,7.942673570319531
939,2022-10-28,718436,-0.11871750000000016,52.841837733589074,3.0710374703316683,7.843817687178551
940,2022-10-29,718847,-0.11871750000000016,51.47389529108335,3.080938447053705,7.66979887044261
941,2022-10-30,719387,-0.11871750000000016,51.47658382623672,3.048159515272412,7.823167499103659
942,2022-10-31,719918,-0.11871750000000016,51.813184301854385,3.012703087297897,7.994655546227379
943,2022-11-01,720474,-0.1400850000000002,51.13021499130876,3.0349393199367065,7.883070733006592
944,2022-11-02,720970,-0.1400850000000002,48.43757715028273,2.9404982595690927,7.767962465227288
945,2022-11-03,721439,-0.1400850000000002,47.865525672061665,2.9813912294589255,7.6792349913397615
946,2022-11-04,721784,-0.1400850000000002,47.45993005864011,2.9377282607018254,7.52890802328679
947,2022-11-05,722097,-0.1400850000000002,46.935306235016505,2.9175257593158443,7.392854531318402
948,2022-11-06,722508,-0.1400850000000002,47.43160192237733,2.9692586914189327,7.578804325274094
949,2022-11-07,723013,-0.1400850000000002,45.41303037817797,2.9717291043522085,7.8352911059683565
950,2022-11-08,723454,-0.1400850000000002,46.19121981843945,2.9813912294589255,7.711493980531957
951,2022-11-09,723901,-0.1400850000000002,45.26186304408865,2.956558601307256,7.658002457948584
952,2022-11-10,724366,-0.1400850000000002,44.37676244955253,2.9432408122159686,7.543819161167721
953,2022-11-11,724720,-0.1400850000000002,45.05066988216024,2.9084009928308108,7.461713526455277
954,2022-11-12,725025,-0.1400850000000002,45.130523400471574,2.9591463411246037,7.312420158761002
955,2022-11-13,725431,-0.1400850000000002,44.1501099905584,2.8925073583877547,7.491182425694346
956,2022-11-14,725860,-0.1400850000000002,43.46755989902927,2.8925073583877547,7.741336209672131
957,2022-11-15,726292,-0.1400850000000002,43.63827443634333,2.9114755121327605,7.650905736274024
958,2022-11-16,726778,-0.1400850000000002,42.698365589373005,2.8307930022272783,7.583735728887565
959,2022-11-17,727218,-0.1400850000000002,43.14112283367996,2.8465302856567902,7.510077986292005
960,2022-11-18,727608,-0.1400850000000002,42.93228587601915,2.7681212325884283,7.4399482718078955
961,2022-11-19,727936,-0.1400850000000002,42.90556656775031,2.902149851954408,7.326885934893053
962,2022-11-20,728286,-0.1400850000000002,41.6605431610852,2.882527919676877,7.479511523916553
963,2022-11-21,728709,-0.1400850000000002,42.53198342160947,2.818416854779641,7.755382845406528
964,2022-11-22,729192,-0.1400850000000002,42.82521665379305,2.8540944337651206,7.7301973885190245
965,2022-11-23,729638,-0.1400850000000002,43.22788254791728,2.8756769818474814,7.673418638510749
966,2022-11-24,730079,-0.1400850000000002,42.04506368338975,2.889219363029481,7.606194571989399
967,2022-11-25,730409,-0.1400850000000002,42.46975431411001,2.8957579310397645,7.488107913141512
968,2022-11-26,730785,-0.1400850000000002,42.675224027698484,2.814174833805613,7.365793928512637
969,2022-11-27,731252,-0.1400850000000002,42.539749804748006,2.8957579310397645,7.6486227686598465
970,2022-11-28,731809,-0.1400850000000002,42.80604307621166,2.8055066431817224,7.91453882284567
971,2022-11-29,732310,-0.1400850000000002,41.375823492044844,2.8307930022272783,7.856568787390547
972,2022-11-30,732753,-0.1400850000000002,43.10708212723023,2.8957579310397645,7.770207983934284
973,2022-12-01,733210,-0.16145250000000022,42.95897334421061,2.920502756050653,7.666164300440276
974,2022-12-02,733567,-0.16145250000000022,42.874991106164465,2.9263635372124277,7.683091519023567
975,2022-12-03,733970,-0.16145250000000022,42.99704325263198,2.85780448894602,7.4326948981011345
976,2022-12-04,734450,-0.16145250000000022,44.39107816126876,2.8540944337651206,7.7191810430612255
977,2022-12-05,735039,-0.16145250000000022,43.935802678613804,2.9114755121327605,8.035663817763298
978,2022-12-06,735660,-0.16145250000000022,44.01231132707075,2.814174833805613,8.019074114229428
979,2022-12-07,736238,-0.16145250000000022,43.66044725999969,2.8756769818474814,7.996008504411337
980,2022-12-08,736848,-0.16145250000000022,44.56928103079538,2.7779051405710913,7.883290114209269
981,2022-12-09,737348,-0.16145250000000022,45.86754058101214,2.8721895191437583,7.822462977573885
982,2022-12-10,737785,-0.16145250000000022,46.67032509921623,2.7681212325884283,7.686109950416094
983,2022-12-11,738491,-0.16145250000000022,46.79024795316755,2.8756769818474814,7.9115693303428785
984,2022-12-12,739253,-0.16145250000000022,46.14809342361501,2.9263635372124277,8.277432289645608
985,2022-12-13,740022,-0.16145250000000022,47.59482748147427,2.9263635372124277,8.295086888651444
986,2022-12-14,740752,-0.16145250000000022,48.267638821813485,2.9539461748408695,8.220296045444233
987,2022-12-15,741592,-0.16145250000000022,48.64239482305354,2.974177205493822,8.156143490866677
988,2022-12-16,742274,-0.16145250000000022,48.884214534234296,2.9591463411246037,8.15226812591016
989,2022-12-17,742903,-0.16145250000000022,49.55566248952515,2.9377282607018254,7.922129254857441
990,2022-12-18,743850,-0.16145250000000022,50.22688289205738,2.964249432530826,8.1001046649924
991,2022-12-19,744887,-0.16145250000000022,51.35262841269332,3.0105849224357772,8.508730057860037
992,2022-12-20,745951,-0.16145250000000022,52.677804835566924,2.951308630574746,8.464000039316327
993,2022-12-21,746920,-0.16145250000000022,51.60531471583878,2.9591463411246037,8.368844033409573
994,2022-12-22,747881,-0.16145250000000022,52.51794699360314,3.021009264606054,8.261134779685985
995,2022-12-23,748609,-0.16145250000000022,53.87489178904063,3.0148043634287776,8.102333650809546
996,2022-12-24,749174,-0.16145250000000022,53.63017483829372,2.9907186646123125,7.811351777925133
997,2022-12-25,749801,-0.16145250000000022,52.577359176411335,2.9907186646123125,7.712026263848736
998,2022-12-26,750573,-0.16145250000000022,53.55309858345448,2.988417031123448,7.968349012451665
999,2022-12-27,751461,-0.16145250000000022,53.4458282675308,3.021009264606054,8.222540467029221
1000,2022-12-28,752468,-0.16145250000000022,54.09061898031687,3.069348867441501,8.437830372352405
1001,2022-12-29,753444,-0.16145250000000022,55.53738773820165,3.064214462784237,8.357506786584638
1002,2022-12-30,754237,-0.16145250000000022,54.36520316827677,3.0793150928199178,8.152106282518988
1003,2022-12-31,754820,-0.16145250000000022,54.333750986569754,3.042576397982271,7.8380654780420285
1004,2023-01-01,755454,-0.1828200000000002,54.10282608532043,3.048159515272412,7.699972061027746
1005,2023-01-02,756233,-0.1828200000000002,54.3627850254971,3.0607329407454875,7.9952356388358305
1006,2023-01-03,757090,-0.1828200000000002,53.50575158093028,3.025065745428716,8.186237194242878
1007,2023-01-04,757830,-0.1828200000000002,54.002569332502986,3.040688165538175,8.064548225401554
1008,2023-01-05,758554,-0.1828200000000002,54.017263651432785,2.9717291043522085,7.899806125317499
1009,2023-01-06,759166,-0.1828200000000002,53.50325737815624,3.042576397982271,7.719972472565445
1010,2023-01-07,759703,-0.1828200000000002,52.75481852894073,2.9952633452292763,7.409079583943323
1011,2023-01-08,760355,-0.1828200000000002,51.481960080147516,2.8858931549372473,7.4399482718078955
1012,2023-01-09,760986,-0.1828200000000002,52.41950101083828,3.008449620643877,7.665603814367535
1013,2023-01-10,761562,-0.1828200000000002,50.2522457929178,2.9084009928308108,7.542532406575271
1014,2023-01-11,762166,-0.1828200000000002,50.15064505535058,2.9617098147984384,7.392092649752471
1015,2023-01-12,762716,-0.1828200000000002,50.615867180361434,2.9377282607018254,7.325655149308353
1016,2023-01-13,763114,-0.1828200000000002,49.4686998267432,2.9052926665607615,7.193135762527704
1017,2023-01-14,763458,-0.1828200000000002,48.75911583880668,2.9052926665607615,6.865065455200092
1018,2023-01-15,763943,-0.1828200000000002,48.40731547003273,2.8010772030062836,7.075783851845752
1019,2023-01-16,764441,-0.1828200000000002,48.1852898160269,2.8387664055881556,7.366970651317752
1020,2023-01-17,764937,-0.1828200000000002,47.61984342544877,2.8858931549372473,7.2318071547252005
1021,2023-01-18,765420,-0.1828200000000002,47.60108384588947,2.879122817410338,7.191706215177646
1022,2023-01-19,765939,-0.1828200000000002,45.7564141913337,2.8756769818474814,7.146218412708453
1023,2023-01-20,766320,-0.1828200000000002,46.2044738882042,2.8614679916423875,7.089786428528436
1024,2023-01-21,766726,-0.1828200000000002,45.7564141913337,2.8503367403009157,6.913824436899019
1025,2023-01-22,767244,-0.1828200000000002,46.51712908922324,2.9052926665607615,7.115076237054543
1026,2023-01-23,767742,-0.1828200000000002,45.14091906218991,2.902149851954408,7.395895569424662
1027,2023-01-24,768287,-0.1828200000000002,44.84808209202948,2.8925073583877547,7.457473610021207
1028,2023-01-25,768845,-0.1828200000000002,45.54962004311433,2.8614679916423875,7.41094721135707
1029,2023-01-26,769379,-0.1828200000000002,46.451643454740115,2.85780448894602,7.379040145767973
1030,2023-01-27,769849,-0.1828200000000002,45.25841612223871,2.796581912653069,7.352348199974497
1031,2023-01-28,770295,-0.1828200000000002,46.80640836710886,2.9084009928308108,7.143202817100473
1032,2023-01-29,770905,-0.1828200000000002,45.7867728965304,2.9114755121327605,7.343941185136539
1033,2023-01-30,771549,-0.1828200000000002,45.24462338246509,2.882527919676877,7.681716108127133
1034,2023-01-31,772191,-0.1828200000000002,46.56286355442307,2.8989718475561053,7.684464804421765
1035,2023-02-01,772864,-0.20418750000000024,45.334132060514406,2.8989718475561053,7.666164300440276
1036,2023-02-02,773480,-0.20418750000000024,46.925662554445445,2.9432408122159686,7.590777086096003
1037,2023-02-03,773947,-0.20418750000000024,46.56286355442307,2.8614679916423875,7.525961196629986
1038,2023-02-04,774507,-0.20418750000000024,46.8838290538156,2.8858931549372473,7.3334216343009215
1039,2023-02-05,775148,-0.20418750000000024,46.86772006891304,2.9292484885213184,7.480547479372669
1040,2023-02-06,775832,-0.20418750000000024,47.73210260024686,2.8307930022272783,7.773441513751082
1041,2023-02-07,776491,-0.20418750000000024,46.9095812574583,2.8650859921445737,7.715478352353156
1042,2023-02-08,777140,-0.20418750000000024,47.35905911782451,2.879122817410338,7.6994325037267854
1043,2023-02-09,777837,-0.20418750000000024,44.907643416014224,2.8650859921445737,7.616918849269884
1044,2023-02-10,778371,-0.20418750000000024,47.46936552540287,2.9114755121327605,7.61928456519451
1045,2023-02-11,778990,-0.20418750000000024,47.45993005864011,2.868659506740555,7.401192574942215
1046,2023-02-12,779721,-0.20418750000000024,48.36488763077268,2.8957579310397645,7.579731047287245
1047,2023-02-13,780506,-0.20418750000000024,48.71428707965238,2.9175257593158443,7.978059510935569
1048,2023-02-14,781241,-0.20418750000000024,48.389140908282194,2.9377282607018254,7.939385402632778
1049,2023-02-15,782059,-0.20418750000000024,48.06892878560152,2.914516886494359,7.838757716788706
1050,2023-02-16,782816,-0.20418750000000024,49.7402027622381,2.9052926665607615,7.863997826977313
1051,2023-02-17,783443,-0.20418750000000024,49.68267630113394,2.9292484885213184,7.812065177407239
1052,2023-02-18,784084,-0.20418750000000024,50.05715978428562,2.9432408122159686,7.575708264149732
1053,2023-02-19,784880,-0.20418750000000024,50.60753281940233,2.9591463411246037,7.726016782331926
1054,2023-02-20,785748,-0.20418750000000024,50.38989996805237,2.956558601307256,7.978847520302603
1055,2023-02-21,786558,-0.20418750000000024,50.74609332476298,2.9292484885213184,7.933186978885759
1056,2023-02-22,787291,-0.20418750000000024,51.61333974828813,2.9952633452292763,7.82971618366582
1057,2023-02-23,787970,-0.20418750000000024,51.15743900556912,2.951308630574746,7.736431626101144
1058,2023-02-24,788556,-0.20418750000000024,50.479405073313224,2.96676559454863,7.637119166796101
1059,2023-02-25,789180,-0.20418750000000024,50.64362920801419,2.9766033582043745,7.450004889236076
1060,2023-02-26,789946,-0.20418750000000024,50.1025281379878,2.974177205493822,7.5738454446415835
1061,2023-02-27,790716,-0.20418750000000024,50.20996050891512,2.9813912294589255,7.931734414940971
1062,2023-02-28,791472,-0.20418750000000024,50.97997839870967,2.9952633452292763,7.895273188469512
1063,2023-03-01,792286,-0.22555500000000023,50.130843031888745,2.9952633452292763,7.8567948270143875
1064,2023-03-02,793041,-0.22555500000000023,49.86345069830397,2.84267390815995,7.759427752957634
1065,2023-03-03,793665,-0.22555500000000023,50.41230509685051,2.9813912294589255,7.722342538518387
1066,2023-03-04,794317,-0.22555500000000023,48.228023194712854,2.9459564086646886,7.465231451258294
1067,2023-03-05,795023,-0.22555500000000023,49.99180302593307,2.9459564086646886,7.64947956863362
1068,2023-03-06,795870,-0.22555500000000023,49.34645313437228,2.964249432530826,7.983756742749268
1069,2023-03-07,796705,-0.22555500000000023,49.636562184989856,3.001938330962238,7.959537648337248
1070,2023-03-08,797599,-0.22555500000000023,49.6625115669582,2.9930006686502177,7.931526711148615
1071,2023-03-09,798422,-0.22555500000000023,50.64362920801419,2.9377282607018254,7.854078539866577
1072,2023-03-10,799037,-0.22555500000000023,52.455812299963064,2.9813912294589255,7.766212014504812
1073,2023-03-11,799734,-0.22555500000000023,50.03444573526564,2.9692586914189327,7.628977172485255
1074,2023-03-12,800591,-0.22555500000000023,51.28772516749665,2.9975069896534796,7.8686931817882035
1075,2023-03-13,801535,-0.22555500000000023,52.100987523033325,3.0148043634287776,8.113225845866493
1076,2023-03-14,802403,-0.22555500000000023,51.39580907534491,2.9813912294589255,8.07573688062435
1077,2023-03-15,803181,-0.22555500000000023,52.058934181392246,2.951308630574746,7.9424684172343305
1078,2023-03-16,804062,-0.22555500000000023,52.72917155211058,2.956558601307256,7.9383553407545495
1079,2023-03-17,804724,-0.22555500000000023,52.15870358469634,2.9591463411246037,7.797203716718406
1080,2023-03-18,805421,-0.22555500000000023,52.079969085257524,2.9692586914189327,7.6350906461618955
1081,2023-03-19,806242,-0.22555500000000023,51.55443323570594,2.9459564086646886,7.788702921566264
1082,2023-03-20,807078,-0.22555500000000023,52.10623956340526,2.974177205493822,8.013221812430409
1083,2023-03-21,807890,-0.22555500000000023,51.95087065751455,2.9930006686502177,8.016435933728596
1084,2023-03-22,808705,-0.22555500000000023,51.98254411686331,2.9717291043522085,7.932564743240295
1085,2023-03-23,809508,-0.22555500000000023,52.946404056353046,2.9263635372124277,7.855890322472988
1086,2023-03-24,810151,-0.22555500000000023,51.68012114702211,2.964249432530826,7.803466281019401
1087,2023-03-25,810705,-0.22555500000000023,52.455812299963064,3.016888993850163,7.524976750458949
1088,2023-03-26,811327,-0.22555500000000023,52.142975128294644,3.016888993850163,7.649764985237459
1089,2023-03-27,811986,-0.22555500000000023,51.1791980220949,2.9930006686502177,7.845650540060382
1090,2023-03-28,812732,-0.22555500000000023,51.08932623041138,2.9930006686502177,7.76746268861444
1091,2023-03-29,813560,-0.22555500000000023,51.44968621641712,2.9717291043522085,7.726802146525948
1092,2023-03-30,814233,-0.22555500000000023,50.916897089535254,2.956558601307256,7.618989194567879
1093,2023-03-31,814841,-0.22555500000000023,51.810529527545896,2.9907186646123125,7.442833182827002
1094,2023-04-01,815449,-0.2469225000000002,49.69706999530998,2.9321038986693626,7.274544840188469
1095,2023-04-02,816094,-0.2469225000000002,49.361037030629944,2.914516886494359,7.343941185136539
1096,2023-04-03,816693,-0.2469225000000002,49.53250131186278,2.9263635372124277,7.423912257913584
1097,2023-04-04,817334,-0.2469225000000002,48.97319336592324,2.920502756050653,7.317820543877561
1098,2023-04-05,817997,-0.2469225000000002,48.04128980242682,2.9591463411246037,7.339101400307284
1099,2023-04-06,818536,-0.2469225000000002,47.81286289094361,2.8540944337651206,7.222179661214397
1100,2023-04-07,818941,-0.2469225000000002,47.69785526456979,2.8925073583877547,7.034689969590942
1101,2023-04-08,819355,-0.2469225000000002,47.254600055013185,2.8756769818474814,6.995192634767815
1102,2023-04-09,819798,-0.2469225000000002,46.091579985034535,2.9175257593158443,7.0593504796138085
1103,2023-04-10,820438,-0.2469225000000002,49.49481966130081,2.792018972004985,7.296020344668354
1104,2023-04-11,821026,-0.2469225000000002,48.422450876374796,2.9052926665607615,7.356720486128197
1105,2023-04-12,821526,-0.2469225000000002,46.26072215423206,2.9084009928308108,7.262289288543887
1106,2023-04-13,822017,-0.2469225000000002,46.5987371455396,2.914516886494359,7.181634933885812
1107,2023-04-14,822404,-0.2469225000000002,45.958078159986066,2.9432408122159686,7.00816242300728
1108,2023-04-15,822824,-0.2469225000000002,44.405385008871775,2.8858931549372473,6.825782698221649
1109,2023-04-16,823269,-0.2469225000000002,45.54621489934589,2.9486455263571596,7.136126686837884
1110,2023-04-17,823793,-0.2469225000000002,46.04827361674117,2.9084009928308108,7.264050401531703
1111,2023-04-18,824239,-0.2469225000000002,44.34810437906221,2.8650859921445737,7.143706122056928
1112,2023-04-19,824706,-0.2469225000000002,45.15477278613685,2.8225995728005677,7.092454332228489
1113,2023-04-20,825113,-0.2469225000000002,42.535866952764195,2.814174833805613,6.969288295248386
1114,2023-04-21,825444,-0.2469225000000002,43.47128477840359,2.8387664055881556,6.875980971768552
1115,2023-04-22,825767,-0.2469225000000002,42.79069235413076,2.85780448894602,6.766511232147059
1116,2023-04-23,826189,-0.2469225000000002,43.129781655500025,2.8756769818474814,6.934391559600144
1117,2023-04-24,826613,-0.2469225000000002,42.516442499367905,2.7779051405710913,7.093519273970816
1118,2023-04-25,827028,-0.2469225000000002,42.34476938110983,2.7873865087293748,7.037526692399147
1119,2023-04-26,827482,-0.2469225000000002,41.680738258622945,2.796581912653069,7.017478625854392
1120,2023-04-27,827949,-0.2469225000000002,41.116333251919286,2.7580167792317547,6.985040553541577
1121,2023-04-28,828282,-0.2469225000000002,42.18753779422503,2.7779051405710913,6.893440779205759
1122,2023-04-29,828611,-0.2469225000000002,41.72913026576984,2.7312201743833264,6.781699009822194
1123,2023-04-30,828966,-0.2469225000000002,42.076804460537076,2.7873865087293748,6.803275879109714
1124,2023-05-01,829354,-0.2682900000000003,41.71301153004909,2.834806533295078,7.063762247897226
1125,2023-05-02,829764,-0.2682900000000003,41.50644465803764,2.8540944337651206,7.1305273838720895
1126,2023-05-03,830127,-0.2682900000000003,41.81355883307205,2.814174833805613,6.992218630203159
1127,2023-05-04,830488,-0.2682900000000003,41.330739844997645,2.834806533295078,6.963770550917856
1128,2023-05-05,830832,-0.2682900000000003,41.24440899203392,2.8098719646868937,6.771856146841804
1129,2023-05-06,831143,-0.2682900000000003,40.61746069371259,2.8055066431817224,6.544453874497841
1130,2023-05-07,831449,-0.2682900000000003,41.40037503059742,2.818416854779641,6.7005929523996794
1131,2023-05-08,831810,-0.2682900000000003,40.64713098776245,2.792018972004985,6.865751571204682
1132,2023-05-09,832172,-0.2682900000000003,41.23616897014467,2.7779051405710913,6.9438726591664315
1133,2023-05-10,832544,-0.2682900000000003,41.232047778477735,2.826724476825282,6.822910032812257
1134,2023-05-11,832850,-0.2682900000000003,40.55799561187785,2.7580167792317547,6.770332263300181
1135,2023-05-12,833099,-0.2682900000000003,40.94576262162531,2.7873865087293748,6.558065811013059
1136,2023-05-13,833328,-0.2682900000000003,39.38604098881694,2.8055066431817224,6.381744493636973
1137,2023-05-14,833605,-0.2682900000000003,39.538415613048535,2.7631102596696318,6.633917294369637
1138,2023-05-15,833917,-0.2682900000000003,38.99093804297404,2.74221571542982,6.7249791265807035
1139,2023-05-16,834251,-0.2682900000000003,37.40823394690674,2.8307930022272783,6.667871285647354
1140,2023-05-17,834530,-0.2682900000000003,39.268756708059065,2.719827176486119,6.598635180128926
1141,2023-05-18,834817,-0.2682900000000003,38.65809342241887,2.7475721789258554,6.582813329661913
1142,2023-05-19,835009,-0.2682900000000003,37.73787329875686,2.68298054536311,6.49201983883762
1143,2023-05-20,835185,-0.2682900000000003,37.66944550787615,2.7779051405710913,6.302114543471609
1144,2023-05-21,835429,-0.2682900000000003,37.41319458282194,2.57640610063703,6.490981068464727
1145,2023-05-22,835720,-0.2682900000000003,36.716471759008286,2.695738520795895,6.689817168284527
1146,2023-05-23,836017,-0.2682900000000003,36.3951284842399,2.68298054536311,6.643624186731145
1147,2023-05-24,836288,-0.2682900000000003,35.65990541863547,2.6022664275583045,6.531627865540863
1148,2023-05-25,836558,-0.2682900000000003,36.12140916673174,2.567333188581406,6.426364232039024
1149,2023-05-26,836755,-0.2682900000000003,35.632724447777676,2.585245604848314,6.290515929181497
1150,2023-05-27,836939,-0.2682900000000003,35.63816377907574,2.695738520795895,6.08628395885018
1151,2023-05-28,837161,-0.2682900000000003,34.7470980081141,2.6628507278707954,6.130661293922035
1152,2023-05-29,837410,-0.2682900000000003,35.54001455586637,2.655855608474233,6.338509045549053
1153,2023-05-30,837685,-0.2682900000000003,35.4797812648869,2.626292786329519,6.37939592139453
1154,2023-05-31,837909,-0.2682900000000003,36.036392914039055,2.57640610063703,6.417389076935282
