areaName,date,areaCode,dailyCases,cumulativeCases,population,long,lat
England,2023-07-25,E92000001,379,20857797,"56,536,419",-2.07811,53.235
England,2023-07-24,E92000001,532,20857418,"56,536,419",-2.07811,53.235
England,2023-07-23,E92000001,457,20856886,"56,536,419",-2.07811,53.235
England,2023-07-22,E92000001,381,20856429,"56,536,419",-2.07811,53.235
England,2023-07-21,E92000001,426,20856048,"56,536,419",-2.07811,53.235
England,2023-07-20,E92000001,463,20855622,"56,536,419",-2.07811,53.235
England,2023-07-19,E92000001,449,20855159,"56,536,419",-2.07811,53.235
England,2023-07-18,E92000001,502,20854710,"56,536,419",-2.07811,53.235
England,2023-07-17,E92000001,486,20854208,"56,536,419",-2.07811,53.235
England,2023-07-16,E92000001,380,20853722,"56,536,419",-2.07811,53.235
England,2023-07-15,E92000001,333,20853342,"56,536,419",-2.07811,53.235
England,2023-07-14,E92000001,336,20853009,"56,536,419",-2.07811,53.235
England,2023-07-13,E92000001,416,20852673,"56,536,419",-2.07811,53.235
England,2023-07-12,E92000001,418,20852257,"56,536,419",-2.07811,53.235
England,2023-07-11,E92000001,449,20851839,"56,536,419",-2.07811,53.235
England,2023-07-10,E92000001,455,20851390,"56,536,419",-2.07811,53.235
England,2023-07-09,E92000001,389,20850935,"56,536,419",-2.07811,53.235
England,2023-07-08,E92000001,306,20850546,"56,536,419",-2.07811,53.235
England,2023-07-07,E92000001,348,20850240,"56,536,419",-2.07811,53.235
England,2023-07-06,E92000001,313,20849892,"56,536,419",-2.07811,53.235
England,2023-07-05,E92000001,345,20849579,"56,536,419",-2.07811,53.235
England,2023-07-04,E92000001,308,20849234,"56,536,419",-2.07811,53.235
England,2023-07-03,E92000001,345,20848926,"56,536,419",-2.07811,53.235
England,2023-07-02,E92000001,264,20848581,"56,536,419",-2.07811,53.235
England,2023-07-01,E92000001,209,20848317,"56,536,419",-2.07811,53.235
England,2023-06-30,E92000001,236,20848108,"56,536,419",-2.07811,53.235
England,2023-06-29,E92000001,252,20847872,"56,536,419",-2.07811,53.235
England,2023-06-28,E92000001,297,20847620,"56,536,419",-2.07811,53.235
England,2023-06-27,E92000001,294,20847323,"56,536,419",-2.07811,53.235
England,2023-06-26,E92000001,305,20847029,"56,536,419",-2.07811,53.235
England,2023-06-25,E92000001,303,20846724,"56,536,419",-2.07811,53.235
England,2023-06-24,E92000001,258,20846421,"56,536,419",-2.07811,53.235
England,2023-06-23,E92000001,289,20846163,"56,536,419",-2.07811,53.235
England,2023-06-22,E92000001,345,20845874,"56,536,419",-2.07811,53.235
England,2023-06-21,E92000001,371,20845529,"56,536,419",-2.07811,53.235
England,2023-06-20,E92000001,396,20845158,"56,536,419",-2.07811,53.235
England,2023-06-19,E92000001,421,20844762,"56,536,419",-2.07811,53.235
England,2023-06-18,E92000001,350,20844341,"56,536,419",-2.07811,53.235
England,2023-06-17,E92000001,333,20843991,"56,536,419",-2.07811,53.235
England,2023-06-16,E92000001,340,20843658,"56,536,419",-2.07811,53.235
England,2023-06-15,E92000001,385,20843318,"56,536,419",-2.07811,53.235
England,2023-06-14,E92000001,463,20842933,"56,536,419",-2.07811,53.235
England,2023-06-13,E92000001,509,20842470,"56,536,419",-2.07811,53.235
England,2023-06-12,E92000001,583,20841961,"56,536,419",-2.07811,53.235
England,2023-06-11,E92000001,516,20841378,"56,536,419",-2.07811,53.235
England,2023-06-10,E92000001,382,20840862,"56,536,419",-2.07811,53.235
England,2023-06-09,E92000001,468,20840480,"56,536,419",-2.07811,53.235
England,2023-06-08,E92000001,578,20840012,"56,536,419",-2.07811,53.235
England,2023-06-07,E92000001,681,20839434,"56,536,419",-2.07811,53.235
England,2023-06-06,E92000001,757,20838753,"56,536,419",-2.07811,53.235
England,2023-06-05,E92000001,805,20837996,"56,536,419",-2.07811,53.235
England,2023-06-04,E92000001,614,20837191,"56,536,419",-2.07811,53.235
England,2023-06-03,E92000001,471,20836577,"56,536,419",-2.07811,53.235
England,2023-06-02,E92000001,578,20836106,"56,536,419",-2.07811,53.235
England,2023-06-01,E92000001,674,20835528,"56,536,419",-2.07811,53.235
England,2023-05-31,E92000001,812,20834854,"56,536,419",-2.07811,53.235
England,2023-05-30,E92000001,779,20834042,"56,536,419",-2.07811,53.235
England,2023-05-29,E92000001,745,20833263,"56,536,419",-2.07811,53.235
England,2023-05-28,E92000001,593,20832518,"56,536,419",-2.07811,53.235
England,2023-05-27,E92000001,567,20831925,"56,536,419",-2.07811,53.235
England,2023-05-26,E92000001,706,20831358,"56,536,419",-2.07811,53.235
England,2023-05-25,E92000001,821,20830652,"56,536,419",-2.07811,53.235
England,2023-05-24,E92000001,920,20829831,"56,536,419",-2.07811,53.235
England,2023-05-23,E92000001,1041,20828911,"56,536,419",-2.07811,53.235
England,2023-05-22,E92000001,1095,20827870,"56,536,419",-2.07811,53.235
England,2023-05-21,E92000001,881,20826775,"56,536,419",-2.07811,53.235
England,2023-05-20,E92000001,717,20825894,"56,536,419",-2.07811,53.235
England,2023-05-19,E92000001,882,20825177,"56,536,419",-2.07811,53.235
England,2023-05-18,E92000001,974,20824295,"56,536,419",-2.07811,53.235
England,2023-05-17,E92000001,991,20823321,"56,536,419",-2.07811,53.235
England,2023-05-16,E92000001,1069,20822330,"56,536,419",-2.07811,53.235
England,2023-05-15,E92000001,1137,20821261,"56,536,419",-2.07811,53.235
England,2023-05-14,E92000001,1030,20820124,"56,536,419",-2.07811,53.235
England,2023-05-13,E92000001,782,20819094,"56,536,419",-2.07811,53.235
England,2023-05-12,E92000001,948,20818312,"56,536,419",-2.07811,53.235
England,2023-05-11,E92000001,1196,20817364,"56,536,419",-2.07811,53.235
England,2023-05-10,E92000001,1267,20816168,"56,536,419",-2.07811,53.235
England,2023-05-09,E92000001,1446,20814901,"56,536,419",-2.07811,53.235
England,2023-05-08,E92000001,1328,20813455,"56,536,419",-2.07811,53.235
England,2023-05-07,E92000001,1107,20812127,"56,536,419",-2.07811,53.235
England,2023-05-06,E92000001,934,20811020,"56,536,419",-2.07811,53.235
England,2023-05-05,E92000001,1198,20810086,"56,536,419",-2.07811,53.235
England,2023-05-04,E92000001,1478,20808888,"56,536,419",-2.07811,53.235
England,2023-05-03,E92000001,1525,20807410,"56,536,419",-2.07811,53.235
England,2023-05-02,E92000001,1777,20805885,"56,536,419",-2.07811,53.235
England,2023-05-01,E92000001,1650,20804108,"56,536,419",-2.07811,53.235
England,2023-04-30,E92000001,1240,20802458,"56,536,419",-2.07811,53.235
England,2023-04-29,E92000001,1210,20801218,"56,536,419",-2.07811,53.235
England,2023-04-28,E92000001,1369,20800008,"56,536,419",-2.07811,53.235
England,2023-04-27,E92000001,1514,20798639,"56,536,419",-2.07811,53.235
England,2023-04-26,E92000001,1569,20797125,"56,536,419",-2.07811,53.235
England,2023-04-25,E92000001,1604,20795556,"56,536,419",-2.07811,53.235
England,2023-04-24,E92000001,1706,20793952,"56,536,419",-2.07811,53.235
England,2023-04-23,E92000001,1432,20792246,"56,536,419",-2.07811,53.235
England,2023-04-22,E92000001,1190,20790814,"56,536,419",-2.07811,53.235
England,2023-04-21,E92000001,1343,20789624,"56,536,419",-2.07811,53.235
England,2023-04-20,E92000001,1488,20788281,"56,536,419",-2.07811,53.235
England,2023-04-19,E92000001,1702,20786793,"56,536,419",-2.07811,53.235
England,2023-04-18,E92000001,1803,20785091,"56,536,419",-2.07811,53.235
England,2023-04-17,E92000001,2060,20783288,"56,536,419",-2.07811,53.235
England,2023-04-16,E92000001,1788,20781228,"56,536,419",-2.07811,53.235
England,2023-04-15,E92000001,1271,20779440,"56,536,419",-2.07811,53.235
England,2023-04-14,E92000001,1553,20778169,"56,536,419",-2.07811,53.235
England,2023-04-13,E92000001,1880,20776616,"56,536,419",-2.07811,53.235
England,2023-04-12,E92000001,2054,20774736,"56,536,419",-2.07811,53.235
England,2023-04-11,E92000001,2281,20772682,"56,536,419",-2.07811,53.235
England,2023-04-10,E92000001,2133,20770401,"56,536,419",-2.07811,53.235
England,2023-04-09,E92000001,1643,20768268,"56,536,419",-2.07811,53.235
England,2023-04-08,E92000001,1531,20766625,"56,536,419",-2.07811,53.235
England,2023-04-07,E92000001,1599,20765094,"56,536,419",-2.07811,53.235
England,2023-04-06,E92000001,1965,20763495,"56,536,419",-2.07811,53.235
England,2023-04-05,E92000001,2236,20761530,"56,536,419",-2.07811,53.235
England,2023-04-04,E92000001,2185,20759294,"56,536,419",-2.07811,53.235
England,2023-04-03,E92000001,2456,20757109,"56,536,419",-2.07811,53.235
England,2023-04-02,E92000001,2249,20754653,"56,536,419",-2.07811,53.235
England,2023-04-01,E92000001,2083,20752404,"56,536,419",-2.07811,53.235
England,2023-03-31,E92000001,2509,20750321,"56,536,419",-2.07811,53.235
England,2023-03-30,E92000001,3050,20747812,"56,536,419",-2.07811,53.235
England,2023-03-29,E92000001,3438,20744762,"56,536,419",-2.07811,53.235
England,2023-03-28,E92000001,3597,20741324,"56,536,419",-2.07811,53.235
England,2023-03-27,E92000001,3924,20737727,"56,536,419",-2.07811,53.235
England,2023-03-26,E92000001,3156,20733803,"56,536,419",-2.07811,53.235
England,2023-03-25,E92000001,2748,20730647,"56,536,419",-2.07811,53.235
England,2023-03-24,E92000001,3744,20727899,"56,536,419",-2.07811,53.235
England,2023-03-23,E92000001,3969,20724155,"56,536,419",-2.07811,53.235
England,2023-03-22,E92000001,4324,20720186,"56,536,419",-2.07811,53.235
England,2023-03-21,E92000001,4747,20715862,"56,536,419",-2.07811,53.235
England,2023-03-20,E92000001,4729,20711115,"56,536,419",-2.07811,53.235
England,2023-03-19,E92000001,3683,20706386,"56,536,419",-2.07811,53.235
England,2023-03-18,E92000001,3105,20702703,"56,536,419",-2.07811,53.235
England,2023-03-17,E92000001,3717,20699598,"56,536,419",-2.07811,53.235
England,2023-03-16,E92000001,4351,20695881,"56,536,419",-2.07811,53.235
England,2023-03-15,E92000001,4371,20691530,"56,536,419",-2.07811,53.235
England,2023-03-14,E92000001,5072,20687159,"56,536,419",-2.07811,53.235
England,2023-03-13,E92000001,5289,20682087,"56,536,419",-2.07811,53.235
England,2023-03-12,E92000001,4026,20676798,"56,536,419",-2.07811,53.235
England,2023-03-11,E92000001,3084,20672772,"56,536,419",-2.07811,53.235
England,2023-03-10,E92000001,3592,20669688,"56,536,419",-2.07811,53.235
England,2023-03-09,E92000001,3962,20666096,"56,536,419",-2.07811,53.235
England,2023-03-08,E92000001,4317,20662134,"56,536,419",-2.07811,53.235
England,2023-03-07,E92000001,4455,20657817,"56,536,419",-2.07811,53.235
England,2023-03-06,E92000001,4577,20653362,"56,536,419",-2.07811,53.235
England,2023-03-05,E92000001,3155,20648785,"56,536,419",-2.07811,53.235
England,2023-03-04,E92000001,2572,20645630,"56,536,419",-2.07811,53.235
England,2023-03-03,E92000001,3421,20643058,"56,536,419",-2.07811,53.235
England,2023-03-02,E92000001,3564,20639637,"56,536,419",-2.07811,53.235
England,2023-03-01,E92000001,3972,20636073,"56,536,419",-2.07811,53.235
England,2023-02-28,E92000001,4147,20632101,"56,536,419",-2.07811,53.235
England,2023-02-27,E92000001,4318,20627954,"56,536,419",-2.07811,53.235
England,2023-02-26,E92000001,2901,20623636,"56,536,419",-2.07811,53.235
England,2023-02-25,E92000001,2528,20620735,"56,536,419",-2.07811,53.235
England,2023-02-24,E92000001,3112,20618207,"56,536,419",-2.07811,53.235
England,2023-02-23,E92000001,3476,20615095,"56,536,419",-2.07811,53.235
England,2023-02-22,E92000001,3852,20611619,"56,536,419",-2.07811,53.235
England,2023-02-21,E92000001,4326,20607767,"56,536,419",-2.07811,53.235
England,2023-02-20,E92000001,4552,20603441,"56,536,419",-2.07811,53.235
England,2023-02-19,E92000001,3434,20598889,"56,536,419",-2.07811,53.235
England,2023-02-18,E92000001,2907,20595455,"56,536,419",-2.07811,53.235
England,2023-02-17,E92000001,3780,20592548,"56,536,419",-2.07811,53.235
England,2023-02-16,E92000001,4005,20588768,"56,536,419",-2.07811,53.235
England,2023-02-15,E92000001,3894,20584763,"56,536,419",-2.07811,53.235
England,2023-02-14,E92000001,4355,20580869,"56,536,419",-2.07811,53.235
England,2023-02-13,E92000001,4547,20576514,"56,536,419",-2.07811,53.235
England,2023-02-12,E92000001,2920,20571967,"56,536,419",-2.07811,53.235
England,2023-02-11,E92000001,2396,20569047,"56,536,419",-2.07811,53.235
England,2023-02-10,E92000001,3049,20566651,"56,536,419",-2.07811,53.235
England,2023-02-09,E92000001,3043,20563602,"56,536,419",-2.07811,53.235
England,2023-02-08,E92000001,3335,20560559,"56,536,419",-2.07811,53.235
England,2023-02-07,E92000001,3394,20557224,"56,536,419",-2.07811,53.235
England,2023-02-06,E92000001,3621,20553830,"56,536,419",-2.07811,53.235
England,2023-02-05,E92000001,2616,20550209,"56,536,419",-2.07811,53.235
England,2023-02-04,E92000001,2223,20547593,"56,536,419",-2.07811,53.235
England,2023-02-03,E92000001,2751,20545370,"56,536,419",-2.07811,53.235
England,2023-02-02,E92000001,2956,20542619,"56,536,419",-2.07811,53.235
England,2023-02-01,E92000001,3214,20539663,"56,536,419",-2.07811,53.235
England,2023-01-31,E92000001,3280,20536449,"56,536,419",-2.07811,53.235
England,2023-01-30,E92000001,3270,20533169,"56,536,419",-2.07811,53.235
England,2023-01-29,E92000001,2249,20529899,"56,536,419",-2.07811,53.235
England,2023-01-28,E92000001,1802,20527650,"56,536,419",-2.07811,53.235
England,2023-01-27,E92000001,2270,20525848,"56,536,419",-2.07811,53.235
England,2023-01-26,E92000001,2337,20523578,"56,536,419",-2.07811,53.235
England,2023-01-25,E92000001,2422,20521241,"56,536,419",-2.07811,53.235
England,2023-01-24,E92000001,2550,20518819,"56,536,419",-2.07811,53.235
England,2023-01-23,E92000001,2382,20516269,"56,536,419",-2.07811,53.235
England,2023-01-22,E92000001,1747,20513887,"56,536,419",-2.07811,53.235
England,2023-01-21,E92000001,1400,20512140,"56,536,419",-2.07811,53.235
England,2023-01-20,E92000001,1699,20510740,"56,536,419",-2.07811,53.235
England,2023-01-19,E92000001,1808,20509041,"56,536,419",-2.07811,53.235
England,2023-01-18,E92000001,1901,20507233,"56,536,419",-2.07811,53.235
England,2023-01-17,E92000001,1987,20505332,"56,536,419",-2.07811,53.235
England,2023-01-16,E92000001,2307,20503345,"56,536,419",-2.07811,53.235
England,2023-01-15,E92000001,1673,20501038,"56,536,419",-2.07811,53.235
England,2023-01-14,E92000001,1327,20499365,"56,536,419",-2.07811,53.235
England,2023-01-13,E92000001,1904,20498038,"56,536,419",-2.07811,53.235
England,2023-01-12,E92000001,2204,20496134,"56,536,419",-2.07811,53.235
England,2023-01-11,E92000001,2372,20493930,"56,536,419",-2.07811,53.235
England,2023-01-10,E92000001,2802,20491558,"56,536,419",-2.07811,53.235
England,2023-01-09,E92000001,3212,20488756,"56,536,419",-2.07811,53.235
England,2023-01-08,E92000001,2501,20485544,"56,536,419",-2.07811,53.235
England,2023-01-07,E92000001,2415,20483043,"56,536,419",-2.07811,53.235
England,2023-01-06,E92000001,3411,20480628,"56,536,419",-2.07811,53.235
England,2023-01-05,E92000001,4168,20477217,"56,536,419",-2.07811,53.235
England,2023-01-04,E92000001,5009,20473049,"56,536,419",-2.07811,53.235
England,2023-01-03,E92000001,5739,20468040,"56,536,419",-2.07811,53.235
England,2023-01-02,E92000001,4636,20462301,"56,536,419",-2.07811,53.235
England,2023-01-01,E92000001,3336,20457665,"56,536,419",-2.07811,53.235
England,2022-12-31,E92000001,3891,20454329,"56,536,419",-2.07811,53.235
England,2022-12-30,E92000001,5524,20450438,"56,536,419",-2.07811,53.235
England,2022-12-29,E92000001,6953,20444914,"56,536,419",-2.07811,53.235
England,2022-12-28,E92000001,7609,20437961,"56,536,419",-2.07811,53.235
England,2022-12-27,E92000001,5977,20430352,"56,536,419",-2.07811,53.235
England,2022-12-26,E92000001,4499,20424375,"56,536,419",-2.07811,53.235
England,2022-12-25,E92000001,3382,20419876,"56,536,419",-2.07811,53.235
England,2022-12-24,E92000001,3777,20416494,"56,536,419",-2.07811,53.235
England,2022-12-23,E92000001,5225,20412717,"56,536,419",-2.07811,53.235
England,2022-12-22,E92000001,6241,20407492,"56,536,419",-2.07811,53.235
England,2022-12-21,E92000001,7042,20401251,"56,536,419",-2.07811,53.235
England,2022-12-20,E92000001,7836,20394209,"56,536,419",-2.07811,53.235
England,2022-12-19,E92000001,8240,20386373,"56,536,419",-2.07811,53.235
England,2022-12-18,E92000001,5212,20378133,"56,536,419",-2.07811,53.235
England,2022-12-17,E92000001,4273,20372921,"56,536,419",-2.07811,53.235
England,2022-12-16,E92000001,5525,20368648,"56,536,419",-2.07811,53.235
England,2022-12-15,E92000001,5549,20363123,"56,536,419",-2.07811,53.235
England,2022-12-14,E92000001,5962,20357574,"56,536,419",-2.07811,53.235
England,2022-12-13,E92000001,6483,20351612,"56,536,419",-2.07811,53.235
England,2022-12-12,E92000001,6356,20345129,"56,536,419",-2.07811,53.235
England,2022-12-11,E92000001,4223,20338773,"56,536,419",-2.07811,53.235
England,2022-12-10,E92000001,3286,20334550,"56,536,419",-2.07811,53.235
England,2022-12-09,E92000001,3824,20331264,"56,536,419",-2.07811,53.235
England,2022-12-08,E92000001,4092,20327440,"56,536,419",-2.07811,53.235
England,2022-12-07,E92000001,4640,20323348,"56,536,419",-2.07811,53.235
England,2022-12-06,E92000001,4761,20318708,"56,536,419",-2.07811,53.235
England,2022-12-05,E92000001,4850,20313947,"56,536,419",-2.07811,53.235
England,2022-12-04,E92000001,3409,20309097,"56,536,419",-2.07811,53.235
England,2022-12-03,E92000001,2481,20305688,"56,536,419",-2.07811,53.235
England,2022-12-02,E92000001,3275,20303207,"56,536,419",-2.07811,53.235
England,2022-12-01,E92000001,3214,20299932,"56,536,419",-2.07811,53.235
England,2022-11-30,E92000001,3608,20296718,"56,536,419",-2.07811,53.235
England,2022-11-29,E92000001,3972,20293110,"56,536,419",-2.07811,53.235
England,2022-11-28,E92000001,4237,20289138,"56,536,419",-2.07811,53.235
England,2022-11-27,E92000001,3152,20284901,"56,536,419",-2.07811,53.235
England,2022-11-26,E92000001,2304,20281749,"56,536,419",-2.07811,53.235
England,2022-11-25,E92000001,2638,20279445,"56,536,419",-2.07811,53.235
England,2022-11-24,E92000001,3007,20276807,"56,536,419",-2.07811,53.235
England,2022-11-23,E92000001,3240,20273800,"56,536,419",-2.07811,53.235
England,2022-11-22,E92000001,3451,20270560,"56,536,419",-2.07811,53.235
England,2022-11-21,E92000001,3548,20267109,"56,536,419",-2.07811,53.235
England,2022-11-20,E92000001,2613,20263561,"56,536,419",-2.07811,53.235
England,2022-11-19,E92000001,2206,20260948,"56,536,419",-2.07811,53.235
England,2022-11-18,E92000001,2501,20258742,"56,536,419",-2.07811,53.235
England,2022-11-17,E92000001,2703,20256241,"56,536,419",-2.07811,53.235
England,2022-11-16,E92000001,2933,20253538,"56,536,419",-2.07811,53.235
England,2022-11-15,E92000001,3160,20250605,"56,536,419",-2.07811,53.235
England,2022-11-14,E92000001,3494,20247445,"56,536,419",-2.07811,53.235
England,2022-11-13,E92000001,2647,20243951,"56,536,419",-2.07811,53.235
England,2022-11-12,E92000001,2172,20241304,"56,536,419",-2.07811,53.235
England,2022-11-11,E92000001,2562,20239132,"56,536,419",-2.07811,53.235
England,2022-11-10,E92000001,2806,20236570,"56,536,419",-2.07811,53.235
England,2022-11-09,E92000001,3185,20233764,"56,536,419",-2.07811,53.235
England,2022-11-08,E92000001,3380,20230579,"56,536,419",-2.07811,53.235
England,2022-11-07,E92000001,3879,20227199,"56,536,419",-2.07811,53.235
England,2022-11-06,E92000001,2917,20223320,"56,536,419",-2.07811,53.235
England,2022-11-05,E92000001,2374,20220403,"56,536,419",-2.07811,53.235
England,2022-11-04,E92000001,2759,20218029,"56,536,419",-2.07811,53.235
England,2022-11-03,E92000001,3261,20215270,"56,536,419",-2.07811,53.235
England,2022-11-02,E92000001,3599,20212009,"56,536,419",-2.07811,53.235
England,2022-11-01,E92000001,4091,20208410,"56,536,419",-2.07811,53.235
England,2022-10-31,E92000001,4634,20204319,"56,536,419",-2.07811,53.235
England,2022-10-30,E92000001,3827,20199685,"56,536,419",-2.07811,53.235
England,2022-10-29,E92000001,3227,20195858,"56,536,419",-2.07811,53.235
England,2022-10-28,E92000001,3916,20192631,"56,536,419",-2.07811,53.235
England,2022-10-27,E92000001,4372,20188715,"56,536,419",-2.07811,53.235
England,2022-10-26,E92000001,4924,20184343,"56,536,419",-2.07811,53.235
England,2022-10-25,E92000001,5181,20179419,"56,536,419",-2.07811,53.235
England,2022-10-24,E92000001,6147,20174238,"56,536,419",-2.07811,53.235
England,2022-10-23,E92000001,5011,20168091,"56,536,419",-2.07811,53.235
England,2022-10-22,E92000001,4527,20163080,"56,536,419",-2.07811,53.235
England,2022-10-21,E92000001,5759,20158553,"56,536,419",-2.07811,53.235
England,2022-10-20,E92000001,6075,20152794,"56,536,419",-2.07811,53.235
England,2022-10-19,E92000001,7042,20146719,"56,536,419",-2.07811,53.235
England,2022-10-18,E92000001,7665,20139677,"56,536,419",-2.07811,53.235
England,2022-10-17,E92000001,9301,20132012,"56,536,419",-2.07811,53.235
England,2022-10-16,E92000001,7257,20122711,"56,536,419",-2.07811,53.235
England,2022-10-15,E92000001,6005,20115454,"56,536,419",-2.07811,53.235
England,2022-10-14,E92000001,7343,20109449,"56,536,419",-2.07811,53.235
England,2022-10-13,E92000001,7563,20102106,"56,536,419",-2.07811,53.235
England,2022-10-12,E92000001,8123,20094543,"56,536,419",-2.07811,53.235
England,2022-10-11,E92000001,8781,20086420,"56,536,419",-2.07811,53.235
England,2022-10-10,E92000001,9834,20077639,"56,536,419",-2.07811,53.235
England,2022-10-09,E92000001,8014,20067805,"56,536,419",-2.07811,53.235
England,2022-10-08,E92000001,6581,20059791,"56,536,419",-2.07811,53.235
England,2022-10-07,E92000001,8333,20053210,"56,536,419",-2.07811,53.235
England,2022-10-06,E92000001,8819,20044877,"56,536,419",-2.07811,53.235
England,2022-10-05,E92000001,9544,20036058,"56,536,419",-2.07811,53.235
England,2022-10-04,E92000001,10246,20026514,"56,536,419",-2.07811,53.235
England,2022-10-03,E92000001,10881,20016268,"56,536,419",-2.07811,53.235
England,2022-10-02,E92000001,8623,20005387,"56,536,419",-2.07811,53.235
England,2022-10-01,E92000001,6564,19996764,"56,536,419",-2.07811,53.235
England,2022-09-30,E92000001,7099,19990200,"56,536,419",-2.07811,53.235
England,2022-09-29,E92000001,7352,19983101,"56,536,419",-2.07811,53.235
England,2022-09-28,E92000001,7806,19975749,"56,536,419",-2.07811,53.235
England,2022-09-27,E92000001,7644,19967943,"56,536,419",-2.07811,53.235
England,2022-09-26,E92000001,8040,19960299,"56,536,419",-2.07811,53.235
England,2022-09-25,E92000001,6737,19952259,"56,536,419",-2.07811,53.235
England,2022-09-24,E92000001,5309,19945522,"56,536,419",-2.07811,53.235
England,2022-09-23,E92000001,6006,19940213,"56,536,419",-2.07811,53.235
England,2022-09-22,E92000001,6294,19934207,"56,536,419",-2.07811,53.235
England,2022-09-21,E92000001,6940,19927913,"56,536,419",-2.07811,53.235
England,2022-09-20,E92000001,7200,19920973,"56,536,419",-2.07811,53.235
England,2022-09-19,E92000001,5702,19913773,"56,536,419",-2.07811,53.235
England,2022-09-18,E92000001,3943,19908071,"56,536,419",-2.07811,53.235
England,2022-09-17,E92000001,3188,19904128,"56,536,419",-2.07811,53.235
England,2022-09-16,E92000001,3729,19900940,"56,536,419",-2.07811,53.235
England,2022-09-15,E92000001,4200,19897211,"56,536,419",-2.07811,53.235
England,2022-09-14,E92000001,4453,19893011,"56,536,419",-2.07811,53.235
England,2022-09-13,E92000001,4600,19888558,"56,536,419",-2.07811,53.235
England,2022-09-12,E92000001,4757,19883958,"56,536,419",-2.07811,53.235
England,2022-09-11,E92000001,3890,19879201,"56,536,419",-2.07811,53.235
England,2022-09-10,E92000001,2861,19875311,"56,536,419",-2.07811,53.235
England,2022-09-09,E92000001,3103,19872450,"56,536,419",-2.07811,53.235
England,2022-09-08,E92000001,3250,19869347,"56,536,419",-2.07811,53.235
England,2022-09-07,E92000001,3749,19866097,"56,536,419",-2.07811,53.235
England,2022-09-06,E92000001,3940,19862348,"56,536,419",-2.07811,53.235
England,2022-09-05,E92000001,4385,19858408,"56,536,419",-2.07811,53.235
England,2022-09-04,E92000001,3759,19854023,"56,536,419",-2.07811,53.235
England,2022-09-03,E92000001,2971,19850264,"56,536,419",-2.07811,53.235
England,2022-09-02,E92000001,3239,19847293,"56,536,419",-2.07811,53.235
England,2022-09-01,E92000001,3760,19844054,"56,536,419",-2.07811,53.235
England,2022-08-31,E92000001,3974,19840294,"56,536,419",-2.07811,53.235
England,2022-08-30,E92000001,4473,19836320,"56,536,419",-2.07811,53.235
England,2022-08-29,E92000001,3936,19831847,"56,536,419",-2.07811,53.235
England,2022-08-28,E92000001,2882,19827911,"56,536,419",-2.07811,53.235
England,2022-08-27,E92000001,2606,19825029,"56,536,419",-2.07811,53.235
England,2022-08-26,E92000001,2997,19822423,"56,536,419",-2.07811,53.235
England,2022-08-25,E92000001,3266,19819426,"56,536,419",-2.07811,53.235
England,2022-08-24,E92000001,3913,19816160,"56,536,419",-2.07811,53.235
England,2022-08-23,E92000001,4076,19812247,"56,536,419",-2.07811,53.235
England,2022-08-22,E92000001,4575,19808171,"56,536,419",-2.07811,53.235
England,2022-08-21,E92000001,3547,19803596,"56,536,419",-2.07811,53.235
England,2022-08-20,E92000001,3059,19800049,"56,536,419",-2.07811,53.235
England,2022-08-19,E92000001,3492,19796990,"56,536,419",-2.07811,53.235
England,2022-08-18,E92000001,3989,19793498,"56,536,419",-2.07811,53.235
England,2022-08-17,E92000001,4421,19789509,"56,536,419",-2.07811,53.235
England,2022-08-16,E92000001,4845,19785088,"56,536,419",-2.07811,53.235
England,2022-08-15,E92000001,5606,19780243,"56,536,419",-2.07811,53.235
England,2022-08-14,E92000001,4781,19774637,"56,536,419",-2.07811,53.235
England,2022-08-13,E92000001,3978,19769856,"56,536,419",-2.07811,53.235
England,2022-08-12,E92000001,4781,19765878,"56,536,419",-2.07811,53.235
England,2022-08-11,E92000001,5446,19761097,"56,536,419",-2.07811,53.235
England,2022-08-10,E92000001,6003,19755651,"56,536,419",-2.07811,53.235
England,2022-08-09,E92000001,6462,19749648,"56,536,419",-2.07811,53.235
England,2022-08-08,E92000001,7226,19743186,"56,536,419",-2.07811,53.235
England,2022-08-07,E92000001,5897,19735960,"56,536,419",-2.07811,53.235
England,2022-08-06,E92000001,4852,19730063,"56,536,419",-2.07811,53.235
England,2022-08-05,E92000001,5859,19725211,"56,536,419",-2.07811,53.235
England,2022-08-04,E92000001,6524,19719352,"56,536,419",-2.07811,53.235
England,2022-08-03,E92000001,7419,19712828,"56,536,419",-2.07811,53.235
England,2022-08-02,E92000001,8165,19705409,"56,536,419",-2.07811,53.235
England,2022-08-01,E92000001,8814,19697244,"56,536,419",-2.07811,53.235
England,2022-07-31,E92000001,7672,19688430,"56,536,419",-2.07811,53.235
England,2022-07-30,E92000001,6612,19680758,"56,536,419",-2.07811,53.235
England,2022-07-29,E92000001,7585,19674146,"56,536,419",-2.07811,53.235
England,2022-07-28,E92000001,8339,19666561,"56,536,419",-2.07811,53.235
England,2022-07-27,E92000001,9435,19658222,"56,536,419",-2.07811,53.235
England,2022-07-26,E92000001,10482,19648787,"56,536,419",-2.07811,53.235
England,2022-07-25,E92000001,11929,19638305,"56,536,419",-2.07811,53.235
England,2022-07-24,E92000001,10216,19626376,"56,536,419",-2.07811,53.235
England,2022-07-23,E92000001,8909,19616160,"56,536,419",-2.07811,53.235
England,2022-07-22,E92000001,11177,19607251,"56,536,419",-2.07811,53.235
England,2022-07-21,E92000001,12791,19596074,"56,536,419",-2.07811,53.235
England,2022-07-20,E92000001,14533,19583283,"56,536,419",-2.07811,53.235
England,2022-07-19,E92000001,14866,19568750,"56,536,419",-2.07811,53.235
England,2022-07-18,E92000001,16919,19553884,"56,536,419",-2.07811,53.235
England,2022-07-17,E92000001,15702,19536965,"56,536,419",-2.07811,53.235
England,2022-07-16,E92000001,13677,19521263,"56,536,419",-2.07811,53.235
England,2022-07-15,E92000001,16626,19507586,"56,536,419",-2.07811,53.235
England,2022-07-14,E92000001,19340,19490960,"56,536,419",-2.07811,53.235
England,2022-07-13,E92000001,21639,19471620,"56,536,419",-2.07811,53.235
England,2022-07-12,E92000001,24377,19449981,"56,536,419",-2.07811,53.235
England,2022-07-11,E92000001,27198,19425604,"56,536,419",-2.07811,53.235
England,2022-07-10,E92000001,23046,19398406,"56,536,419",-2.07811,53.235
England,2022-07-09,E92000001,19354,19375360,"56,536,419",-2.07811,53.235
England,2022-07-08,E92000001,22173,19356006,"56,536,419",-2.07811,53.235
England,2022-07-07,E92000001,24049,19333833,"56,536,419",-2.07811,53.235
England,2022-07-06,E92000001,26741,19309784,"56,536,419",-2.07811,53.235
England,2022-07-05,E92000001,28118,19283043,"56,536,419",-2.07811,53.235
England,2022-07-04,E92000001,30388,19254925,"56,536,419",-2.07811,53.235
England,2022-07-03,E92000001,25172,19224537,"56,536,419",-2.07811,53.235
England,2022-07-02,E92000001,19586,19199365,"56,536,419",-2.07811,53.235
England,2022-07-01,E92000001,21067,19179779,"56,536,419",-2.07811,53.235
England,2022-06-30,E92000001,21513,19158712,"56,536,419",-2.07811,53.235
England,2022-06-29,E92000001,21720,19137199,"56,536,419",-2.07811,53.235
England,2022-06-28,E92000001,21869,19115479,"56,536,419",-2.07811,53.235
England,2022-06-27,E92000001,21896,19093610,"56,536,419",-2.07811,53.235
England,2022-06-26,E92000001,18039,19071714,"56,536,419",-2.07811,53.235
England,2022-06-25,E92000001,14478,19053675,"56,536,419",-2.07811,53.235
England,2022-06-24,E92000001,15626,19039197,"56,536,419",-2.07811,53.235
England,2022-06-23,E92000001,16698,19023571,"56,536,419",-2.07811,53.235
England,2022-06-22,E92000001,17764,19006873,"56,536,419",-2.07811,53.235
England,2022-06-21,E92000001,17531,18989109,"56,536,419",-2.07811,53.235
England,2022-06-20,E92000001,16918,18971578,"56,536,419",-2.07811,53.235
England,2022-06-19,E92000001,14524,18954660,"56,536,419",-2.07811,53.235
England,2022-06-18,E92000001,11634,18940136,"56,536,419",-2.07811,53.235
England,2022-06-17,E92000001,11640,18928502,"56,536,419",-2.07811,53.235
England,2022-06-16,E92000001,11915,18916862,"56,536,419",-2.07811,53.235
England,2022-06-15,E92000001,12387,18904947,"56,536,419",-2.07811,53.235
England,2022-06-14,E92000001,12660,18892560,"56,536,419",-2.07811,53.235
England,2022-06-13,E92000001,12954,18879900,"56,536,419",-2.07811,53.235
England,2022-06-12,E92000001,10718,18866946,"56,536,419",-2.07811,53.235
England,2022-06-11,E92000001,8468,18856228,"56,536,419",-2.07811,53.235
England,2022-06-10,E92000001,9153,18847760,"56,536,419",-2.07811,53.235
England,2022-06-09,E92000001,9589,18838607,"56,536,419",-2.07811,53.235
England,2022-06-08,E92000001,9952,18829018,"56,536,419",-2.07811,53.235
England,2022-06-07,E92000001,9484,18819066,"56,536,419",-2.07811,53.235
England,2022-06-06,E92000001,9798,18809582,"56,536,419",-2.07811,53.235
England,2022-06-05,E92000001,8350,18799784,"56,536,419",-2.07811,53.235
England,2022-06-04,E92000001,6278,18791434,"56,536,419",-2.07811,53.235
England,2022-06-03,E92000001,5581,18785156,"56,536,419",-2.07811,53.235
England,2022-06-02,E92000001,5081,18779575,"56,536,419",-2.07811,53.235
England,2022-06-01,E92000001,5711,18774494,"56,536,419",-2.07811,53.235
England,2022-05-31,E92000001,5734,18768783,"56,536,419",-2.07811,53.235
England,2022-05-30,E92000001,5928,18763049,"56,536,419",-2.07811,53.235
England,2022-05-29,E92000001,4687,18757121,"56,536,419",-2.07811,53.235
England,2022-05-28,E92000001,4153,18752434,"56,536,419",-2.07811,53.235
England,2022-05-27,E92000001,4494,18748281,"56,536,419",-2.07811,53.235
England,2022-05-26,E92000001,4819,18743787,"56,536,419",-2.07811,53.235
England,2022-05-25,E92000001,5189,18738968,"56,536,419",-2.07811,53.235
England,2022-05-24,E92000001,5593,18733779,"56,536,419",-2.07811,53.235
England,2022-05-23,E92000001,6248,18728186,"56,536,419",-2.07811,53.235
England,2022-05-22,E92000001,5151,18721938,"56,536,419",-2.07811,53.235
England,2022-05-21,E92000001,4243,18716787,"56,536,419",-2.07811,53.235
England,2022-05-20,E92000001,5049,18712544,"56,536,419",-2.07811,53.235
England,2022-05-19,E92000001,5785,18707495,"56,536,419",-2.07811,53.235
England,2022-05-18,E92000001,6392,18701710,"56,536,419",-2.07811,53.235
England,2022-05-17,E92000001,6833,18695318,"56,536,419",-2.07811,53.235
England,2022-05-16,E92000001,7883,18688485,"56,536,419",-2.07811,53.235
England,2022-05-15,E92000001,6730,18680602,"56,536,419",-2.07811,53.235
England,2022-05-14,E92000001,5139,18673872,"56,536,419",-2.07811,53.235
England,2022-05-13,E92000001,5794,18668733,"56,536,419",-2.07811,53.235
England,2022-05-12,E92000001,6376,18662939,"56,536,419",-2.07811,53.235
England,2022-05-11,E92000001,7265,18656563,"56,536,419",-2.07811,53.235
England,2022-05-10,E92000001,8154,18649298,"56,536,419",-2.07811,53.235
England,2022-05-09,E92000001,8876,18641144,"56,536,419",-2.07811,53.235
England,2022-05-08,E92000001,7664,18632268,"56,536,419",-2.07811,53.235
England,2022-05-07,E92000001,6354,18624604,"56,536,419",-2.07811,53.235
England,2022-05-06,E92000001,7517,18618250,"56,536,419",-2.07811,53.235
England,2022-05-05,E92000001,8592,18610733,"56,536,419",-2.07811,53.235
England,2022-05-04,E92000001,9783,18602141,"56,536,419",-2.07811,53.235
England,2022-05-03,E92000001,11155,18592358,"56,536,419",-2.07811,53.235
England,2022-05-02,E92000001,10343,18581203,"56,536,419",-2.07811,53.235
England,2022-05-01,E92000001,7718,18570860,"56,536,419",-2.07811,53.235
England,2022-04-30,E92000001,6863,18563142,"56,536,419",-2.07811,53.235
England,2022-04-29,E92000001,7992,18556279,"56,536,419",-2.07811,53.235
England,2022-04-28,E92000001,9056,18548287,"56,536,419",-2.07811,53.235
England,2022-04-27,E92000001,10120,18539231,"56,536,419",-2.07811,53.235
England,2022-04-26,E92000001,11293,18529111,"56,536,419",-2.07811,53.235
England,2022-04-25,E92000001,13403,18517818,"56,536,419",-2.07811,53.235
England,2022-04-24,E92000001,11867,18504415,"56,536,419",-2.07811,53.235
England,2022-04-23,E92000001,10573,18492548,"56,536,419",-2.07811,53.235
England,2022-04-22,E92000001,12526,18481975,"56,536,419",-2.07811,53.235
England,2022-04-21,E92000001,14520,18469449,"56,536,419",-2.07811,53.235
England,2022-04-20,E92000001,16973,18454929,"56,536,419",-2.07811,53.235
England,2022-04-19,E92000001,20595,18437956,"56,536,419",-2.07811,53.235
England,2022-04-18,E92000001,20566,18417361,"56,536,419",-2.07811,53.235
England,2022-04-17,E92000001,16262,18396795,"56,536,419",-2.07811,53.235
England,2022-04-16,E92000001,16091,18380533,"56,536,419",-2.07811,53.235
England,2022-04-15,E92000001,17306,18364442,"56,536,419",-2.07811,53.235
England,2022-04-14,E92000001,21433,18347136,"56,536,419",-2.07811,53.235
England,2022-04-13,E92000001,25507,18325703,"56,536,419",-2.07811,53.235
England,2022-04-12,E92000001,27382,18300196,"56,536,419",-2.07811,53.235
England,2022-04-11,E92000001,30597,18272814,"56,536,419",-2.07811,53.235
England,2022-04-10,E92000001,25641,18242217,"56,536,419",-2.07811,53.235
England,2022-04-09,E92000001,23013,18216576,"56,536,419",-2.07811,53.235
England,2022-04-08,E92000001,27391,18193563,"56,536,419",-2.07811,53.235
England,2022-04-07,E92000001,31745,18166172,"56,536,419",-2.07811,53.235
England,2022-04-06,E92000001,36891,18134427,"56,536,419",-2.07811,53.235
England,2022-04-05,E92000001,40393,18097536,"56,536,419",-2.07811,53.235
England,2022-04-04,E92000001,45140,18057143,"56,536,419",-2.07811,53.235
England,2022-04-03,E92000001,35606,18012003,"56,536,419",-2.07811,53.235
England,2022-04-02,E92000001,31609,17976397,"56,536,419",-2.07811,53.235
England,2022-04-01,E92000001,40342,17944788,"56,536,419",-2.07811,53.235
England,2022-03-31,E92000001,45879,17904446,"56,536,419",-2.07811,53.235
England,2022-03-30,E92000001,62750,17858567,"56,536,419",-2.07811,53.235
England,2022-03-29,E92000001,67441,17795817,"56,536,419",-2.07811,53.235
England,2022-03-28,E92000001,78909,17728376,"56,536,419",-2.07811,53.235
England,2022-03-27,E92000001,58000,17649467,"56,536,419",-2.07811,53.235
England,2022-03-26,E92000001,51776,17591467,"56,536,419",-2.07811,53.235
England,2022-03-25,E92000001,60256,17539691,"56,536,419",-2.07811,53.235
England,2022-03-24,E92000001,68604,17479435,"56,536,419",-2.07811,53.235
England,2022-03-23,E92000001,77600,17410831,"56,536,419",-2.07811,53.235
England,2022-03-22,E92000001,81845,17333231,"56,536,419",-2.07811,53.235
England,2022-03-21,E92000001,89907,17251386,"56,536,419",-2.07811,53.235
England,2022-03-20,E92000001,66907,17161479,"56,536,419",-2.07811,53.235
England,2022-03-19,E92000001,55211,17094572,"56,536,419",-2.07811,53.235
England,2022-03-18,E92000001,61904,17039361,"56,536,419",-2.07811,53.235
England,2022-03-17,E92000001,67687,16977457,"56,536,419",-2.07811,53.235
England,2022-03-16,E92000001,73952,16909770,"56,536,419",-2.07811,53.235
England,2022-03-15,E92000001,74101,16835818,"56,536,419",-2.07811,53.235
England,2022-03-14,E92000001,79515,16761717,"56,536,419",-2.07811,53.235
England,2022-03-13,E92000001,60270,16682202,"56,536,419",-2.07811,53.235
England,2022-03-12,E92000001,49161,16621932,"56,536,419",-2.07811,53.235
England,2022-03-11,E92000001,52270,16572771,"56,536,419",-2.07811,53.235
England,2022-03-10,E92000001,54298,16520501,"56,536,419",-2.07811,53.235
England,2022-03-09,E92000001,55491,16466203,"56,536,419",-2.07811,53.235
England,2022-03-08,E92000001,52342,16410712,"56,536,419",-2.07811,53.235
England,2022-03-07,E92000001,50982,16358370,"56,536,419",-2.07811,53.235
England,2022-03-06,E92000001,35914,16307388,"56,536,419",-2.07811,53.235
England,2022-03-05,E92000001,28509,16271474,"56,536,419",-2.07811,53.235
England,2022-03-04,E92000001,30605,16242965,"56,536,419",-2.07811,53.235
England,2022-03-03,E92000001,31533,16212360,"56,536,419",-2.07811,53.235
England,2022-03-02,E92000001,33361,16180827,"56,536,419",-2.07811,53.235
England,2022-03-01,E92000001,31864,16147466,"56,536,419",-2.07811,53.235
England,2022-02-28,E92000001,31865,16115602,"56,536,419",-2.07811,53.235
England,2022-02-27,E92000001,22165,16083737,"56,536,419",-2.07811,53.235
England,2022-02-26,E92000001,17604,16061572,"56,536,419",-2.07811,53.235
England,2022-02-25,E92000001,19533,16043968,"56,536,419",-2.07811,53.235
England,2022-02-24,E92000001,21882,16024435,"56,536,419",-2.07811,53.235
England,2022-02-23,E92000001,26008,16002553,"56,536,419",-2.07811,53.235
England,2022-02-22,E92000001,28019,15976545,"56,536,419",-2.07811,53.235
England,2022-02-21,E92000001,33033,15948526,"56,536,419",-2.07811,53.235
England,2022-02-20,E92000001,28411,15915493,"56,536,419",-2.07811,53.235
England,2022-02-19,E92000001,26429,15887082,"56,536,419",-2.07811,53.235
England,2022-02-18,E92000001,24923,15860653,"56,536,419",-2.07811,53.235
England,2022-02-17,E92000001,34168,15835730,"56,536,419",-2.07811,53.235
England,2022-02-16,E92000001,39445,15801562,"56,536,419",-2.07811,53.235
England,2022-02-15,E92000001,40145,15762117,"56,536,419",-2.07811,53.235
England,2022-02-14,E92000001,42490,15721972,"56,536,419",-2.07811,53.235
England,2022-02-13,E92000001,32326,15679482,"56,536,419",-2.07811,53.235
England,2022-02-12,E92000001,29142,15647156,"56,536,419",-2.07811,53.235
England,2022-02-11,E92000001,34944,15618014,"56,536,419",-2.07811,53.235
England,2022-02-10,E92000001,41331,15583070,"56,536,419",-2.07811,53.235
England,2022-02-09,E92000001,51013,15541739,"56,536,419",-2.07811,53.235
England,2022-02-08,E92000001,55437,15490726,"56,536,419",-2.07811,53.235
England,2022-02-07,E92000001,62672,15435289,"56,536,419",-2.07811,53.235
England,2022-02-06,E92000001,50148,15372617,"56,536,419",-2.07811,53.235
England,2022-02-05,E92000001,43233,15322469,"56,536,419",-2.07811,53.235
England,2022-02-04,E92000001,52556,15279236,"56,536,419",-2.07811,53.235
England,2022-02-03,E92000001,64032,15226680,"56,536,419",-2.07811,53.235
England,2022-02-02,E92000001,73908,15162648,"56,536,419",-2.07811,53.235
England,2022-02-01,E92000001,78511,15088740,"56,536,419",-2.07811,53.235
England,2022-01-31,E92000001,88502,15010229,"56,536,419",-2.07811,53.235
England,2022-01-30,E92000001,74980,14921727,"56,536,419",-2.07811,53.235
England,2022-01-29,E92000001,63024,14846747,"56,536,419",-2.07811,53.235
England,2022-01-28,E92000001,71682,14783723,"56,536,419",-2.07811,53.235
England,2022-01-27,E92000001,82725,14712041,"56,536,419",-2.07811,53.235
England,2022-01-26,E92000001,93211,14629316,"56,536,419",-2.07811,53.235
England,2022-01-25,E92000001,96954,14536105,"56,536,419",-2.07811,53.235
England,2022-01-24,E92000001,109233,14439151,"56,536,419",-2.07811,53.235
England,2022-01-23,E92000001,88558,14329918,"56,536,419",-2.07811,53.235
England,2022-01-22,E92000001,70483,14241360,"56,536,419",-2.07811,53.235
England,2022-01-21,E92000001,79172,14170877,"56,536,419",-2.07811,53.235
England,2022-01-20,E92000001,86951,14091705,"56,536,419",-2.07811,53.235
England,2022-01-19,E92000001,97335,14004754,"56,536,419",-2.07811,53.235
England,2022-01-18,E92000001,103308,13907419,"56,536,419",-2.07811,53.235
England,2022-01-17,E92000001,114776,13804111,"56,536,419",-2.07811,53.235
England,2022-01-16,E92000001,85599,13689335,"56,536,419",-2.07811,53.235
England,2022-01-15,E92000001,67821,13603736,"56,536,419",-2.07811,53.235
England,2022-01-14,E92000001,75174,13535915,"56,536,419",-2.07811,53.235
England,2022-01-13,E92000001,84132,13460741,"56,536,419",-2.07811,53.235
England,2022-01-12,E92000001,90000,13376609,"56,536,419",-2.07811,53.235
England,2022-01-11,E92000001,100979,13286609,"56,536,419",-2.07811,53.235
England,2022-01-10,E92000001,116343,13185630,"56,536,419",-2.07811,53.235
England,2022-01-09,E92000001,83081,13069287,"56,536,419",-2.07811,53.235
England,2022-01-08,E92000001,81221,12986206,"56,536,419",-2.07811,53.235
England,2022-01-07,E92000001,105080,12904985,"56,536,419",-2.07811,53.235
England,2022-01-06,E92000001,150786,12799905,"56,536,419",-2.07811,53.235
England,2022-01-05,E92000001,183798,12649119,"56,536,419",-2.07811,53.235
England,2022-01-04,E92000001,234873,12465321,"56,536,419",-2.07811,53.235
England,2022-01-03,E92000001,193617,12230448,"56,536,419",-2.07811,53.235
England,2022-01-02,E92000001,148609,12036831,"56,536,419",-2.07811,53.235
England,2022-01-01,E92000001,99303,11888222,"56,536,419",-2.07811,53.235
England,2021-12-31,E92000001,152887,11788919,"56,536,419",-2.07811,53.235
England,2021-12-30,E92000001,192825,11636032,"56,536,419",-2.07811,53.235
England,2021-12-29,E92000001,224031,11443207,"56,536,419",-2.07811,53.235
England,2021-12-28,E92000001,170586,11219176,"56,536,419",-2.07811,53.235
England,2021-12-27,E92000001,155567,11048590,"56,536,419",-2.07811,53.235
England,2021-12-26,E92000001,98918,10893023,"56,536,419",-2.07811,53.235
England,2021-12-25,E92000001,59912,10794105,"56,536,419",-2.07811,53.235
England,2021-12-24,E92000001,117562,10734193,"56,536,419",-2.07811,53.235
England,2021-12-23,E92000001,137021,10616631,"56,536,419",-2.07811,53.235
England,2021-12-22,E92000001,138142,10479610,"56,536,419",-2.07811,53.235
England,2021-12-21,E92000001,129599,10341468,"56,536,419",-2.07811,53.235
England,2021-12-20,E92000001,117577,10211869,"56,536,419",-2.07811,53.235
England,2021-12-19,E92000001,78497,10094292,"56,536,419",-2.07811,53.235
England,2021-12-18,E92000001,78930,10015795,"56,536,419",-2.07811,53.235
England,2021-12-17,E92000001,84967,9936865,"56,536,419",-2.07811,53.235
England,2021-12-16,E92000001,93804,9851898,"56,536,419",-2.07811,53.235
England,2021-12-15,E92000001,99654,9758094,"56,536,419",-2.07811,53.235
England,2021-12-14,E92000001,90717,9658440,"56,536,419",-2.07811,53.235
England,2021-12-13,E92000001,76507,9567723,"56,536,419",-2.07811,53.235
England,2021-12-12,E92000001,46367,9491216,"56,536,419",-2.07811,53.235
England,2021-12-11,E92000001,41940,9444849,"56,536,419",-2.07811,53.235
England,2021-12-10,E92000001,45018,9402909,"56,536,419",-2.07811,53.235
England,2021-12-09,E92000001,48817,9357891,"56,536,419",-2.07811,53.235
England,2021-12-08,E92000001,50059,9309074,"56,536,419",-2.07811,53.235
England,2021-12-07,E92000001,48146,9259015,"56,536,419",-2.07811,53.235
England,2021-12-06,E92000001,51123,9210869,"56,536,419",-2.07811,53.235
England,2021-12-05,E92000001,35037,9159746,"56,536,419",-2.07811,53.235
England,2021-12-04,E92000001,33379,9124709,"56,536,419",-2.07811,53.235
England,2021-12-03,E92000001,39222,9091330,"56,536,419",-2.07811,53.235
England,2021-12-02,E92000001,43045,9052108,"56,536,419",-2.07811,53.235
England,2021-12-01,E92000001,47263,9009063,"56,536,419",-2.07811,53.235
England,2021-11-30,E92000001,47632,8961800,"56,536,419",-2.07811,53.235
England,2021-11-29,E92000001,47939,8914168,"56,536,419",-2.07811,53.235
England,2021-11-28,E92000001,33857,8866229,"56,536,419",-2.07811,53.235
England,2021-11-27,E92000001,28459,8832372,"56,536,419",-2.07811,53.235
England,2021-11-26,E92000001,33666,8803913,"56,536,419",-2.07811,53.235
England,2021-11-25,E92000001,37143,8770247,"56,536,419",-2.07811,53.235
England,2021-11-24,E92000001,39881,8733104,"56,536,419",-2.07811,53.235
England,2021-11-23,E92000001,41015,8693223,"56,536,419",-2.07811,53.235
England,2021-11-22,E92000001,42869,8652208,"56,536,419",-2.07811,53.235
England,2021-11-21,E92000001,31761,8609339,"56,536,419",-2.07811,53.235
England,2021-11-20,E92000001,29868,8577578,"56,536,419",-2.07811,53.235
England,2021-11-19,E92000001,33184,8547710,"56,536,419",-2.07811,53.235
England,2021-11-18,E92000001,37099,8514526,"56,536,419",-2.07811,53.235
England,2021-11-17,E92000001,38257,8477427,"56,536,419",-2.07811,53.235
England,2021-11-16,E92000001,38656,8439170,"56,536,419",-2.07811,53.235
England,2021-11-15,E92000001,42477,8400514,"56,536,419",-2.07811,53.235
England,2021-11-14,E92000001,29599,8358037,"56,536,419",-2.07811,53.235
England,2021-11-13,E92000001,27358,8328438,"56,536,419",-2.07811,53.235
England,2021-11-12,E92000001,31337,8301080,"56,536,419",-2.07811,53.235
England,2021-11-11,E92000001,33700,8269743,"56,536,419",-2.07811,53.235
England,2021-11-10,E92000001,35390,8236043,"56,536,419",-2.07811,53.235
England,2021-11-09,E92000001,34679,8200653,"56,536,419",-2.07811,53.235
England,2021-11-08,E92000001,36138,8165974,"56,536,419",-2.07811,53.235
England,2021-11-07,E92000001,25447,8129836,"56,536,419",-2.07811,53.235
England,2021-11-06,E92000001,22581,8104389,"56,536,419",-2.07811,53.235
England,2021-11-05,E92000001,24405,8081808,"56,536,419",-2.07811,53.235
England,2021-11-04,E92000001,27379,8057403,"56,536,419",-2.07811,53.235
England,2021-11-03,E92000001,29396,8030024,"56,536,419",-2.07811,53.235
England,2021-11-02,E92000001,31328,8000628,"56,536,419",-2.07811,53.235
England,2021-11-01,E92000001,37663,7969300,"56,536,419",-2.07811,53.235
England,2021-10-31,E92000001,29564,7931637,"56,536,419",-2.07811,53.235
England,2021-10-30,E92000001,28243,7902073,"56,536,419",-2.07811,53.235
England,2021-10-29,E92000001,33995,7873830,"56,536,419",-2.07811,53.235
England,2021-10-28,E92000001,35076,7839835,"56,536,419",-2.07811,53.235
England,2021-10-27,E92000001,36524,7804759,"56,536,419",-2.07811,53.235
England,2021-10-26,E92000001,35276,7768235,"56,536,419",-2.07811,53.235
England,2021-10-25,E92000001,39958,7732959,"56,536,419",-2.07811,53.235
England,2021-10-24,E92000001,30091,7693001,"56,536,419",-2.07811,53.235
England,2021-10-23,E92000001,29747,7662910,"56,536,419",-2.07811,53.235
England,2021-10-22,E92000001,34506,7633163,"56,536,419",-2.07811,53.235
England,2021-10-21,E92000001,38581,7598657,"56,536,419",-2.07811,53.235
England,2021-10-20,E92000001,43963,7560076,"56,536,419",-2.07811,53.235
England,2021-10-19,E92000001,44630,7516113,"56,536,419",-2.07811,53.235
England,2021-10-18,E92000001,49257,7471483,"56,536,419",-2.07811,53.235
England,2021-10-17,E92000001,37501,7422226,"56,536,419",-2.07811,53.235
England,2021-10-16,E92000001,31639,7384725,"56,536,419",-2.07811,53.235
England,2021-10-15,E92000001,36631,7353086,"56,536,419",-2.07811,53.235
England,2021-10-14,E92000001,39262,7316455,"56,536,419",-2.07811,53.235
England,2021-10-13,E92000001,40547,7277193,"56,536,419",-2.07811,53.235
England,2021-10-12,E92000001,40892,7236646,"56,536,419",-2.07811,53.235
England,2021-10-11,E92000001,43115,7195754,"56,536,419",-2.07811,53.235
England,2021-10-10,E92000001,31499,7152639,"56,536,419",-2.07811,53.235
England,2021-10-09,E92000001,27180,7121140,"56,536,419",-2.07811,53.235
England,2021-10-08,E92000001,29848,7093960,"56,536,419",-2.07811,53.235
England,2021-10-07,E92000001,32158,7064112,"56,536,419",-2.07811,53.235
England,2021-10-06,E92000001,32547,7031954,"56,536,419",-2.07811,53.235
England,2021-10-05,E92000001,32269,6999407,"56,536,419",-2.07811,53.235
England,2021-10-04,E92000001,36475,6967138,"56,536,419",-2.07811,53.235
England,2021-10-03,E92000001,27138,6930663,"56,536,419",-2.07811,53.235
England,2021-10-02,E92000001,21873,6903525,"56,536,419",-2.07811,53.235
England,2021-10-01,E92000001,24134,6881652,"56,536,419",-2.07811,53.235
England,2021-09-30,E92000001,26808,6857518,"56,536,419",-2.07811,53.235
England,2021-09-29,E92000001,28688,6830710,"56,536,419",-2.07811,53.235
England,2021-09-28,E92000001,29628,6802022,"56,536,419",-2.07811,53.235
England,2021-09-27,E92000001,34595,6772394,"56,536,419",-2.07811,53.235
England,2021-09-26,E92000001,26814,6737799,"56,536,419",-2.07811,53.235
England,2021-09-25,E92000001,23389,6710985,"56,536,419",-2.07811,53.235
England,2021-09-24,E92000001,25754,6687596,"56,536,419",-2.07811,53.235
England,2021-09-23,E92000001,28340,6661842,"56,536,419",-2.07811,53.235
England,2021-09-22,E92000001,28789,6633502,"56,536,419",-2.07811,53.235
England,2021-09-21,E92000001,30547,6604713,"56,536,419",-2.07811,53.235
England,2021-09-20,E92000001,32121,6574166,"56,536,419",-2.07811,53.235
England,2021-09-19,E92000001,24789,6542045,"56,536,419",-2.07811,53.235
England,2021-09-18,E92000001,20926,6517256,"56,536,419",-2.07811,53.235
England,2021-09-17,E92000001,22375,6496330,"56,536,419",-2.07811,53.235
England,2021-09-16,E92000001,22320,6473955,"56,536,419",-2.07811,53.235
England,2021-09-15,E92000001,22414,6451635,"56,536,419",-2.07811,53.235
England,2021-09-14,E92000001,22641,6429221,"56,536,419",-2.07811,53.235
England,2021-09-13,E92000001,25199,6406580,"56,536,419",-2.07811,53.235
England,2021-09-12,E92000001,17879,6381381,"56,536,419",-2.07811,53.235
England,2021-09-11,E92000001,16956,6363502,"56,536,419",-2.07811,53.235
England,2021-09-10,E92000001,21031,6346546,"56,536,419",-2.07811,53.235
England,2021-09-09,E92000001,24440,6325515,"56,536,419",-2.07811,53.235
England,2021-09-08,E92000001,25659,6301075,"56,536,419",-2.07811,53.235
England,2021-09-07,E92000001,27938,6275416,"56,536,419",-2.07811,53.235
England,2021-09-06,E92000001,33135,6247478,"56,536,419",-2.07811,53.235
England,2021-09-05,E92000001,23457,6214343,"56,536,419",-2.07811,53.235
England,2021-09-04,E92000001,23409,6190886,"56,536,419",-2.07811,53.235
England,2021-09-03,E92000001,28730,6167477,"56,536,419",-2.07811,53.235
England,2021-09-02,E92000001,30636,6138747,"56,536,419",-2.07811,53.235
England,2021-09-01,E92000001,31600,6108111,"56,536,419",-2.07811,53.235
England,2021-08-31,E92000001,33565,6076511,"56,536,419",-2.07811,53.235
England,2021-08-30,E92000001,24973,6042946,"56,536,419",-2.07811,53.235
England,2021-08-29,E92000001,19152,6017973,"56,536,419",-2.07811,53.235
England,2021-08-28,E92000001,20138,5998821,"56,536,419",-2.07811,53.235
England,2021-08-27,E92000001,24253,5978683,"56,536,419",-2.07811,53.235
England,2021-08-26,E92000001,26482,5954430,"56,536,419",-2.07811,53.235
England,2021-08-25,E92000001,27901,5927948,"56,536,419",-2.07811,53.235
England,2021-08-24,E92000001,28212,5900047,"56,536,419",-2.07811,53.235
England,2021-08-23,E92000001,30333,5871835,"56,536,419",-2.07811,53.235
England,2021-08-22,E92000001,22409,5841502,"56,536,419",-2.07811,53.235
England,2021-08-21,E92000001,22605,5819093,"56,536,419",-2.07811,53.235
England,2021-08-20,E92000001,25555,5796488,"56,536,419",-2.07811,53.235
England,2021-08-19,E92000001,29081,5770933,"56,536,419",-2.07811,53.235
England,2021-08-18,E92000001,31426,5741852,"56,536,419",-2.07811,53.235
England,2021-08-17,E92000001,31095,5710426,"56,536,419",-2.07811,53.235
England,2021-08-16,E92000001,30861,5679331,"56,536,419",-2.07811,53.235
England,2021-08-15,E92000001,21280,5648470,"56,536,419",-2.07811,53.235
England,2021-08-14,E92000001,21336,5627190,"56,536,419",-2.07811,53.235
England,2021-08-13,E92000001,24992,5605854,"56,536,419",-2.07811,53.235
England,2021-08-12,E92000001,27690,5580862,"56,536,419",-2.07811,53.235
England,2021-08-11,E92000001,29135,5553172,"56,536,419",-2.07811,53.235
England,2021-08-10,E92000001,27610,5524037,"56,536,419",-2.07811,53.235
England,2021-08-09,E92000001,28292,5496427,"56,536,419",-2.07811,53.235
England,2021-08-08,E92000001,20157,5468135,"56,536,419",-2.07811,53.235
England,2021-08-07,E92000001,19957,5447978,"56,536,419",-2.07811,53.235
England,2021-08-06,E92000001,24851,5428021,"56,536,419",-2.07811,53.235
England,2021-08-05,E92000001,28126,5403170,"56,536,419",-2.07811,53.235
England,2021-08-04,E92000001,28895,5375044,"56,536,419",-2.07811,53.235
England,2021-08-03,E92000001,27062,5346149,"56,536,419",-2.07811,53.235
England,2021-08-02,E92000001,26580,5319087,"56,536,419",-2.07811,53.235
England,2021-08-01,E92000001,18714,5292507,"56,536,419",-2.07811,53.235
England,2021-07-31,E92000001,18450,5273793,"56,536,419",-2.07811,53.235
England,2021-07-30,E92000001,22109,5255343,"56,536,419",-2.07811,53.235
England,2021-07-29,E92000001,25361,5233234,"56,536,419",-2.07811,53.235
England,2021-07-28,E92000001,26925,5207873,"56,536,419",-2.07811,53.235
England,2021-07-27,E92000001,26027,5180948,"56,536,419",-2.07811,53.235
England,2021-07-26,E92000001,26541,5154921,"56,536,419",-2.07811,53.235
England,2021-07-25,E92000001,19657,5128380,"56,536,419",-2.07811,53.235
England,2021-07-24,E92000001,20276,5108723,"56,536,419",-2.07811,53.235
England,2021-07-23,E92000001,24586,5088447,"56,536,419",-2.07811,53.235
England,2021-07-22,E92000001,27711,5063861,"56,536,419",-2.07811,53.235
England,2021-07-21,E92000001,31676,5036150,"56,536,419",-2.07811,53.235
England,2021-07-20,E92000001,35947,5004474,"56,536,419",-2.07811,53.235
England,2021-07-19,E92000001,43401,4968527,"56,536,419",-2.07811,53.235
England,2021-07-18,E92000001,33164,4925126,"56,536,419",-2.07811,53.235
England,2021-07-17,E92000001,35281,4891962,"56,536,419",-2.07811,53.235
England,2021-07-16,E92000001,51138,4856681,"56,536,419",-2.07811,53.235
England,2021-07-15,E92000001,57583,4805543,"56,536,419",-2.07811,53.235
England,2021-07-14,E92000001,50320,4747960,"56,536,419",-2.07811,53.235
England,2021-07-13,E92000001,43247,4697640,"56,536,419",-2.07811,53.235
England,2021-07-12,E92000001,40477,4654393,"56,536,419",-2.07811,53.235
England,2021-07-11,E92000001,27418,4613916,"56,536,419",-2.07811,53.235
England,2021-07-10,E92000001,25411,4586498,"56,536,419",-2.07811,53.235
England,2021-07-09,E92000001,29050,4561087,"56,536,419",-2.07811,53.235
England,2021-07-08,E92000001,29929,4532037,"56,536,419",-2.07811,53.235
England,2021-07-07,E92000001,34274,4502108,"56,536,419",-2.07811,53.235
England,2021-07-06,E92000001,31627,4467834,"56,536,419",-2.07811,53.235
England,2021-07-05,E92000001,30215,4436207,"56,536,419",-2.07811,53.235
England,2021-07-04,E92000001,21806,4405992,"56,536,419",-2.07811,53.235
England,2021-07-03,E92000001,20638,4384186,"56,536,419",-2.07811,53.235
England,2021-07-02,E92000001,22287,4363548,"56,536,419",-2.07811,53.235
England,2021-07-01,E92000001,24267,4341261,"56,536,419",-2.07811,53.235
England,2021-06-30,E92000001,23941,4316994,"56,536,419",-2.07811,53.235
England,2021-06-29,E92000001,23250,4293053,"56,536,419",-2.07811,53.235
England,2021-06-28,E92000001,23511,4269803,"56,536,419",-2.07811,53.235
England,2021-06-27,E92000001,15407,4246292,"56,536,419",-2.07811,53.235
England,2021-06-26,E92000001,13486,4230885,"56,536,419",-2.07811,53.235
England,2021-06-25,E92000001,14901,4217399,"56,536,419",-2.07811,53.235
England,2021-06-24,E92000001,15084,4202498,"56,536,419",-2.07811,53.235
England,2021-06-23,E92000001,14806,4187414,"56,536,419",-2.07811,53.235
England,2021-06-22,E92000001,13563,4172608,"56,536,419",-2.07811,53.235
England,2021-06-21,E92000001,12707,4159045,"56,536,419",-2.07811,53.235
England,2021-06-20,E92000001,8203,4146338,"56,536,419",-2.07811,53.235
England,2021-06-19,E92000001,7127,4138135,"56,536,419",-2.07811,53.235
England,2021-06-18,E92000001,8772,4131008,"56,536,419",-2.07811,53.235
England,2021-06-17,E92000001,9523,4122236,"56,536,419",-2.07811,53.235
England,2021-06-16,E92000001,9411,4112713,"56,536,419",-2.07811,53.235
England,2021-06-15,E92000001,9153,4103302,"56,536,419",-2.07811,53.235
England,2021-06-14,E92000001,8941,4094149,"56,536,419",-2.07811,53.235
England,2021-06-13,E92000001,6075,4085208,"56,536,419",-2.07811,53.235
England,2021-06-12,E92000001,5422,4079133,"56,536,419",-2.07811,53.235
England,2021-06-11,E92000001,6510,4073711,"56,536,419",-2.07811,53.235
England,2021-06-10,E92000001,6718,4067201,"56,536,419",-2.07811,53.235
England,2021-06-09,E92000001,6919,4060483,"56,536,419",-2.07811,53.235
England,2021-06-08,E92000001,6630,4053564,"56,536,419",-2.07811,53.235
England,2021-06-07,E92000001,6791,4046934,"56,536,419",-2.07811,53.235
England,2021-06-06,E92000001,4730,4040143,"56,536,419",-2.07811,53.235
England,2021-06-05,E92000001,3964,4035413,"56,536,419",-2.07811,53.235
England,2021-06-04,E92000001,4886,4031449,"56,536,419",-2.07811,53.235
England,2021-06-03,E92000001,5131,4026563,"56,536,419",-2.07811,53.235
England,2021-06-02,E92000001,5039,4021432,"56,536,419",-2.07811,53.235
England,2021-06-01,E92000001,4515,4016393,"56,536,419",-2.07811,53.235
England,2021-05-31,E92000001,3170,4011878,"56,536,419",-2.07811,53.235
England,2021-05-30,E92000001,2598,4008708,"56,536,419",-2.07811,53.235
England,2021-05-29,E92000001,2462,4006110,"56,536,419",-2.07811,53.235
England,2021-05-28,E92000001,2929,4003648,"56,536,419",-2.07811,53.235
England,2021-05-27,E92000001,3075,4000719,"56,536,419",-2.07811,53.235
England,2021-05-26,E92000001,3179,3997644,"56,536,419",-2.07811,53.235
England,2021-05-25,E92000001,2797,3994465,"56,536,419",-2.07811,53.235
England,2021-05-24,E92000001,2750,3991668,"56,536,419",-2.07811,53.235
England,2021-05-23,E92000001,1918,3988918,"56,536,419",-2.07811,53.235
England,2021-05-22,E92000001,1606,3987000,"56,536,419",-2.07811,53.235
England,2021-05-21,E92000001,1872,3985394,"56,536,419",-2.07811,53.235
England,2021-05-20,E92000001,2000,3983522,"56,536,419",-2.07811,53.235
England,2021-05-19,E92000001,2261,3981522,"56,536,419",-2.07811,53.235
England,2021-05-18,E92000001,2241,3979261,"56,536,419",-2.07811,53.235
England,2021-05-17,E92000001,2341,3977020,"56,536,419",-2.07811,53.235
England,2021-05-16,E92000001,1587,3974679,"56,536,419",-2.07811,53.235
England,2021-05-15,E92000001,1306,3973092,"56,536,419",-2.07811,53.235
England,2021-05-14,E92000001,1540,3971786,"56,536,419",-2.07811,53.235
England,2021-05-13,E92000001,1737,3970246,"56,536,419",-2.07811,53.235
England,2021-05-12,E92000001,1869,3968509,"56,536,419",-2.07811,53.235
England,2021-05-11,E92000001,1872,3966640,"56,536,419",-2.07811,53.235
England,2021-05-10,E92000001,2325,3964768,"56,536,419",-2.07811,53.235
England,2021-05-09,E92000001,1985,3962443,"56,536,419",-2.07811,53.235
England,2021-05-08,E92000001,1301,3960458,"56,536,419",-2.07811,53.235
England,2021-05-07,E92000001,1657,3959157,"56,536,419",-2.07811,53.235
England,2021-05-06,E92000001,1967,3957500,"56,536,419",-2.07811,53.235
England,2021-05-05,E92000001,2203,3955533,"56,536,419",-2.07811,53.235
England,2021-05-04,E92000001,2200,3953330,"56,536,419",-2.07811,53.235
England,2021-05-03,E92000001,1806,3951130,"56,536,419",-2.07811,53.235
England,2021-05-02,E92000001,1305,3949324,"56,536,419",-2.07811,53.235
England,2021-05-01,E92000001,1210,3948019,"56,536,419",-2.07811,53.235
England,2021-04-30,E92000001,1528,3946809,"56,536,419",-2.07811,53.235
England,2021-04-29,E92000001,1901,3945281,"56,536,419",-2.07811,53.235
England,2021-04-28,E92000001,2153,3943380,"56,536,419",-2.07811,53.235
England,2021-04-27,E92000001,1809,3941227,"56,536,419",-2.07811,53.235
England,2021-04-26,E92000001,2267,3939418,"56,536,419",-2.07811,53.235
England,2021-04-25,E92000001,1897,3937151,"56,536,419",-2.07811,53.235
England,2021-04-24,E92000001,1300,3935254,"56,536,419",-2.07811,53.235
England,2021-04-23,E92000001,1701,3933954,"56,536,419",-2.07811,53.235
England,2021-04-22,E92000001,2032,3932253,"56,536,419",-2.07811,53.235
England,2021-04-21,E92000001,2298,3930221,"56,536,419",-2.07811,53.235
England,2021-04-20,E92000001,2112,3927923,"56,536,419",-2.07811,53.235
England,2021-04-19,E92000001,2268,3925811,"56,536,419",-2.07811,53.235
England,2021-04-18,E92000001,2281,3923543,"56,536,419",-2.07811,53.235
England,2021-04-17,E92000001,1398,3921262,"56,536,419",-2.07811,53.235
England,2021-04-16,E92000001,1963,3919864,"56,536,419",-2.07811,53.235
England,2021-04-15,E92000001,1959,3917901,"56,536,419",-2.07811,53.235
England,2021-04-14,E92000001,2068,3915942,"56,536,419",-2.07811,53.235
England,2021-04-13,E92000001,2060,3913874,"56,536,419",-2.07811,53.235
England,2021-04-12,E92000001,2399,3911814,"56,536,419",-2.07811,53.235
England,2021-04-11,E92000001,2020,3909415,"56,536,419",-2.07811,53.235
England,2021-04-10,E92000001,2009,3907395,"56,536,419",-2.07811,53.235
England,2021-04-09,E92000001,2482,3905386,"56,536,419",-2.07811,53.235
England,2021-04-08,E92000001,2651,3902904,"56,536,419",-2.07811,53.235
England,2021-04-07,E92000001,2752,3900253,"56,536,419",-2.07811,53.235
England,2021-04-06,E92000001,2756,3897501,"56,536,419",-2.07811,53.235
England,2021-04-05,E92000001,2314,3894745,"56,536,419",-2.07811,53.235
England,2021-04-04,E92000001,2042,3892431,"56,536,419",-2.07811,53.235
England,2021-04-03,E92000001,2121,3890389,"56,536,419",-2.07811,53.235
England,2021-04-02,E92000001,2248,3888268,"56,536,419",-2.07811,53.235
England,2021-04-01,E92000001,3067,3886020,"56,536,419",-2.07811,53.235
England,2021-03-31,E92000001,3340,3882953,"56,536,419",-2.07811,53.235
England,2021-03-30,E92000001,3135,3879613,"56,536,419",-2.07811,53.235
England,2021-03-29,E92000001,3422,3876478,"56,536,419",-2.07811,53.235
England,2021-03-28,E92000001,4477,3873056,"56,536,419",-2.07811,53.235
England,2021-03-27,E92000001,3136,3868579,"56,536,419",-2.07811,53.235
England,2021-03-26,E92000001,3803,3865443,"56,536,419",-2.07811,53.235
England,2021-03-25,E92000001,4674,3861640,"56,536,419",-2.07811,53.235
England,2021-03-24,E92000001,5321,3856966,"56,536,419",-2.07811,53.235
England,2021-03-23,E92000001,4566,3851645,"56,536,419",-2.07811,53.235
England,2021-03-22,E92000001,5400,3847079,"56,536,419",-2.07811,53.235
England,2021-03-21,E92000001,4679,3841679,"56,536,419",-2.07811,53.235
England,2021-03-20,E92000001,3514,3837000,"56,536,419",-2.07811,53.235
England,2021-03-19,E92000001,4333,3833486,"56,536,419",-2.07811,53.235
England,2021-03-18,E92000001,4689,3829153,"56,536,419",-2.07811,53.235
England,2021-03-17,E92000001,5048,3824464,"56,536,419",-2.07811,53.235
England,2021-03-16,E92000001,4933,3819416,"56,536,419",-2.07811,53.235
England,2021-03-15,E92000001,5643,3814483,"56,536,419",-2.07811,53.235
England,2021-03-14,E92000001,3707,3808840,"56,536,419",-2.07811,53.235
England,2021-03-13,E92000001,3592,3805133,"56,536,419",-2.07811,53.235
England,2021-03-12,E92000001,4767,3801541,"56,536,419",-2.07811,53.235
England,2021-03-11,E92000001,4848,3796774,"56,536,419",-2.07811,53.235
England,2021-03-10,E92000001,5222,3791926,"56,536,419",-2.07811,53.235
England,2021-03-09,E92000001,5488,3786704,"56,536,419",-2.07811,53.235
England,2021-03-08,E92000001,5818,3781216,"56,536,419",-2.07811,53.235
England,2021-03-07,E92000001,3677,3775398,"56,536,419",-2.07811,53.235
England,2021-03-06,E92000001,3832,3771721,"56,536,419",-2.07811,53.235
England,2021-03-05,E92000001,4728,3767889,"56,536,419",-2.07811,53.235
England,2021-03-04,E92000001,5011,3763161,"56,536,419",-2.07811,53.235
England,2021-03-03,E92000001,5305,3758150,"56,536,419",-2.07811,53.235
England,2021-03-02,E92000001,5950,3752845,"56,536,419",-2.07811,53.235
England,2021-03-01,E92000001,6215,3746895,"56,536,419",-2.07811,53.235
England,2021-02-28,E92000001,4112,3740680,"56,536,419",-2.07811,53.235
England,2021-02-27,E92000001,4254,3736568,"56,536,419",-2.07811,53.235
England,2021-02-26,E92000001,5883,3732314,"56,536,419",-2.07811,53.235
England,2021-02-25,E92000001,6934,3726431,"56,536,419",-2.07811,53.235
England,2021-02-24,E92000001,7621,3719497,"56,536,419",-2.07811,53.235
England,2021-02-23,E92000001,8536,3711876,"56,536,419",-2.07811,53.235
England,2021-02-22,E92000001,10279,3703340,"56,536,419",-2.07811,53.235
England,2021-02-21,E92000001,7033,3693061,"56,536,419",-2.07811,53.235
England,2021-02-20,E92000001,7161,3686028,"56,536,419",-2.07811,53.235
England,2021-02-19,E92000001,9246,3678867,"56,536,419",-2.07811,53.235
England,2021-02-18,E92000001,10303,3669621,"56,536,419",-2.07811,53.235
England,2021-02-17,E92000001,10419,3659318,"56,536,419",-2.07811,53.235
England,2021-02-16,E92000001,11268,3648899,"56,536,419",-2.07811,53.235
England,2021-02-15,E92000001,12953,3637631,"56,536,419",-2.07811,53.235
England,2021-02-14,E92000001,7781,3624678,"56,536,419",-2.07811,53.235
England,2021-02-13,E92000001,8025,3616897,"56,536,419",-2.07811,53.235
England,2021-02-12,E92000001,10986,3608872,"56,536,419",-2.07811,53.235
England,2021-02-11,E92000001,11637,3597886,"56,536,419",-2.07811,53.235
England,2021-02-10,E92000001,12272,3586249,"56,536,419",-2.07811,53.235
England,2021-02-09,E92000001,12696,3573977,"56,536,419",-2.07811,53.235
England,2021-02-08,E92000001,14370,3561281,"56,536,419",-2.07811,53.235
England,2021-02-07,E92000001,10457,3546911,"56,536,419",-2.07811,53.235
England,2021-02-06,E92000001,10951,3536454,"56,536,419",-2.07811,53.235
England,2021-02-05,E92000001,14461,3525503,"56,536,419",-2.07811,53.235
England,2021-02-04,E92000001,16717,3511042,"56,536,419",-2.07811,53.235
England,2021-02-03,E92000001,17948,3494325,"56,536,419",-2.07811,53.235
England,2021-02-02,E92000001,18193,3476377,"56,536,419",-2.07811,53.235
England,2021-02-01,E92000001,20765,3458184,"56,536,419",-2.07811,53.235
England,2021-01-31,E92000001,14138,3437419,"56,536,419",-2.07811,53.235
England,2021-01-30,E92000001,15524,3423281,"56,536,419",-2.07811,53.235
England,2021-01-29,E92000001,20363,3407757,"56,536,419",-2.07811,53.235
England,2021-01-28,E92000001,22523,3387394,"56,536,419",-2.07811,53.235
England,2021-01-27,E92000001,23899,3364871,"56,536,419",-2.07811,53.235
England,2021-01-26,E92000001,25210,3340972,"56,536,419",-2.07811,53.235
England,2021-01-25,E92000001,27972,3315762,"56,536,419",-2.07811,53.235
England,2021-01-24,E92000001,15883,3287790,"56,536,419",-2.07811,53.235
England,2021-01-23,E92000001,20425,3271907,"56,536,419",-2.07811,53.235
England,2021-01-22,E92000001,27741,3251482,"56,536,419",-2.07811,53.235
England,2021-01-21,E92000001,29633,3223741,"56,536,419",-2.07811,53.235
England,2021-01-20,E92000001,32679,3194108,"56,536,419",-2.07811,53.235
England,2021-01-19,E92000001,37055,3161429,"56,536,419",-2.07811,53.235
England,2021-01-18,E92000001,41935,3124374,"56,536,419",-2.07811,53.235
England,2021-01-17,E92000001,26976,3082439,"56,536,419",-2.07811,53.235
England,2021-01-16,E92000001,28413,3055463,"56,536,419",-2.07811,53.235
England,2021-01-15,E92000001,37879,3027050,"56,536,419",-2.07811,53.235
England,2021-01-14,E92000001,39658,2989171,"56,536,419",-2.07811,53.235
England,2021-01-13,E92000001,42303,2949513,"56,536,419",-2.07811,53.235
England,2021-01-12,E92000001,45968,2907210,"56,536,419",-2.07811,53.235
England,2021-01-11,E92000001,53519,2861242,"56,536,419",-2.07811,53.235
England,2021-01-10,E92000001,33749,2807723,"56,536,419",-2.07811,53.235
England,2021-01-09,E92000001,36419,2773974,"56,536,419",-2.07811,53.235
England,2021-01-08,E92000001,43494,2737555,"56,536,419",-2.07811,53.235
England,2021-01-07,E92000001,48132,2694061,"56,536,419",-2.07811,53.235
England,2021-01-06,E92000001,52752,2645929,"56,536,419",-2.07811,53.235
England,2021-01-05,E92000001,59600,2593177,"56,536,419",-2.07811,53.235
England,2021-01-04,E92000001,70920,2533577,"56,536,419",-2.07811,53.235
England,2021-01-03,E92000001,50664,2462657,"56,536,419",-2.07811,53.235
England,2021-01-02,E92000001,55428,2411993,"56,536,419",-2.07811,53.235
England,2021-01-01,E92000001,28879,2356565,"56,536,419",-2.07811,53.235
England,2020-12-31,E92000001,47824,2327686,"56,536,419",-2.07811,53.235
England,2020-12-30,E92000001,64243,2279862,"56,536,419",-2.07811,53.235
England,2020-12-29,E92000001,74058,2215619,"56,536,419",-2.07811,53.235
England,2020-12-28,E92000001,40845,2141561,"56,536,419",-2.07811,53.235
England,2020-12-27,E92000001,43250,2100716,"56,536,419",-2.07811,53.235
England,2020-12-26,E92000001,37462,2057466,"56,536,419",-2.07811,53.235
England,2020-12-25,E92000001,12926,2020004,"56,536,419",-2.07811,53.235
England,2020-12-24,E92000001,29287,2007078,"56,536,419",-2.07811,53.235
England,2020-12-23,E92000001,38383,1977791,"56,536,419",-2.07811,53.235
England,2020-12-22,E92000001,41741,1939408,"56,536,419",-2.07811,53.235
England,2020-12-21,E92000001,43446,1897667,"56,536,419",-2.07811,53.235
England,2020-12-20,E92000001,29556,1854221,"56,536,419",-2.07811,53.235
England,2020-12-19,E92000001,22195,1824665,"56,536,419",-2.07811,53.235
England,2020-12-18,E92000001,32426,1802470,"56,536,419",-2.07811,53.235
England,2020-12-17,E92000001,30159,1770044,"56,536,419",-2.07811,53.235
England,2020-12-16,E92000001,30650,1739885,"56,536,419",-2.07811,53.235
England,2020-12-15,E92000001,29652,1709235,"56,536,419",-2.07811,53.235
England,2020-12-14,E92000001,30019,1679583,"56,536,419",-2.07811,53.235
England,2020-12-13,E92000001,18409,1649564,"56,536,419",-2.07811,53.235
England,2020-12-12,E92000001,16268,1631155,"56,536,419",-2.07811,53.235
England,2020-12-11,E92000001,20177,1614887,"56,536,419",-2.07811,53.235
England,2020-12-10,E92000001,18850,1594710,"56,536,419",-2.07811,53.235
England,2020-12-09,E92000001,17744,1575860,"56,536,419",-2.07811,53.235
England,2020-12-08,E92000001,16937,1558116,"56,536,419",-2.07811,53.235
England,2020-12-07,E92000001,17662,1541179,"56,536,419",-2.07811,53.235
England,2020-12-06,E92000001,11036,1523517,"56,536,419",-2.07811,53.235
England,2020-12-05,E92000001,10302,1512481,"56,536,419",-2.07811,53.235
England,2020-12-04,E92000001,13065,1502179,"56,536,419",-2.07811,53.235
England,2020-12-03,E92000001,12762,1489114,"56,536,419",-2.07811,53.235
England,2020-12-02,E92000001,13662,1476352,"56,536,419",-2.07811,53.235
England,2020-12-01,E92000001,13731,1462690,"56,536,419",-2.07811,53.235
England,2020-11-30,E92000001,15228,1448959,"56,536,419",-2.07811,53.235
England,2020-11-29,E92000001,9068,1433731,"56,536,419",-2.07811,53.235
England,2020-11-28,E92000001,9347,1424663,"56,536,419",-2.07811,53.235
England,2020-11-27,E92000001,12459,1415316,"56,536,419",-2.07811,53.235
England,2020-11-26,E92000001,12459,1402857,"56,536,419",-2.07811,53.235
England,2020-11-25,E92000001,14155,1390398,"56,536,419",-2.07811,53.235
England,2020-11-24,E92000001,14266,1376243,"56,536,419",-2.07811,53.235
England,2020-11-23,E92000001,16472,1361977,"56,536,419",-2.07811,53.235
England,2020-11-22,E92000001,10216,1345505,"56,536,419",-2.07811,53.235
England,2020-11-21,E92000001,10806,1335289,"56,536,419",-2.07811,53.235
England,2020-11-20,E92000001,14960,1324483,"56,536,419",-2.07811,53.235
England,2020-11-19,E92000001,15797,1309523,"56,536,419",-2.07811,53.235
England,2020-11-18,E92000001,18545,1293726,"56,536,419",-2.07811,53.235
England,2020-11-17,E92000001,20677,1275181,"56,536,419",-2.07811,53.235
England,2020-11-16,E92000001,24136,1254504,"56,536,419",-2.07811,53.235
England,2020-11-15,E92000001,14422,1230368,"56,536,419",-2.07811,53.235
England,2020-11-14,E92000001,16290,1215946,"56,536,419",-2.07811,53.235
England,2020-11-13,E92000001,22008,1199656,"56,536,419",-2.07811,53.235
England,2020-11-12,E92000001,22320,1177648,"56,536,419",-2.07811,53.235
England,2020-11-11,E92000001,25065,1155328,"56,536,419",-2.07811,53.235
England,2020-11-10,E92000001,24836,1130263,"56,536,419",-2.07811,53.235
England,2020-11-09,E92000001,28560,1105427,"56,536,419",-2.07811,53.235
England,2020-11-08,E92000001,18272,1076867,"56,536,419",-2.07811,53.235
England,2020-11-07,E92000001,16888,1058595,"56,536,419",-2.07811,53.235
England,2020-11-06,E92000001,21179,1041707,"56,536,419",-2.07811,53.235
England,2020-11-05,E92000001,21206,1020528,"56,536,419",-2.07811,53.235
England,2020-11-04,E92000001,21053,999322,"56,536,419",-2.07811,53.235
England,2020-11-03,E92000001,22690,978269,"56,536,419",-2.07811,53.235
England,2020-11-02,E92000001,28394,955579,"56,536,419",-2.07811,53.235
England,2020-11-01,E92000001,13611,927185,"56,536,419",-2.07811,53.235
England,2020-10-31,E92000001,14565,913574,"56,536,419",-2.07811,53.235
England,2020-10-30,E92000001,19899,899009,"56,536,419",-2.07811,53.235
England,2020-10-29,E92000001,20257,879110,"56,536,419",-2.07811,53.235
England,2020-10-28,E92000001,20547,858853,"56,536,419",-2.07811,53.235
England,2020-10-27,E92000001,20762,838306,"56,536,419",-2.07811,53.235
England,2020-10-26,E92000001,23033,817544,"56,536,419",-2.07811,53.235
England,2020-10-25,E92000001,13353,794511,"56,536,419",-2.07811,53.235
England,2020-10-24,E92000001,13713,781158,"56,536,419",-2.07811,53.235
England,2020-10-23,E92000001,18359,767445,"56,536,419",-2.07811,53.235
England,2020-10-22,E92000001,19866,749086,"56,536,419",-2.07811,53.235
England,2020-10-21,E92000001,21762,729220,"56,536,419",-2.07811,53.235
England,2020-10-20,E92000001,21638,707458,"56,536,419",-2.07811,53.235
England,2020-10-19,E92000001,22369,685820,"56,536,419",-2.07811,53.235
England,2020-10-18,E92000001,11982,663451,"56,536,419",-2.07811,53.235
England,2020-10-17,E92000001,12487,651469,"56,536,419",-2.07811,53.235
England,2020-10-16,E92000001,14761,638982,"56,536,419",-2.07811,53.235
England,2020-10-15,E92000001,15428,624221,"56,536,419",-2.07811,53.235
England,2020-10-14,E92000001,16646,608793,"56,536,419",-2.07811,53.235
England,2020-10-13,E92000001,15660,592147,"56,536,419",-2.07811,53.235
England,2020-10-12,E92000001,16420,576487,"56,536,419",-2.07811,53.235
England,2020-10-11,E92000001,9781,560067,"56,536,419",-2.07811,53.235
England,2020-10-10,E92000001,10301,550286,"56,536,419",-2.07811,53.235
England,2020-10-09,E92000001,13159,539985,"56,536,419",-2.07811,53.235
England,2020-10-08,E92000001,15452,526826,"56,536,419",-2.07811,53.235
England,2020-10-07,E92000001,15418,511374,"56,536,419",-2.07811,53.235
England,2020-10-06,E92000001,14458,495956,"56,536,419",-2.07811,53.235
England,2020-10-05,E92000001,14218,481498,"56,536,419",-2.07811,53.235
England,2020-10-04,E92000001,9966,467280,"56,536,419",-2.07811,53.235
England,2020-10-03,E92000001,9820,457314,"56,536,419",-2.07811,53.235
England,2020-10-02,E92000001,11719,447494,"56,536,419",-2.07811,53.235
England,2020-10-01,E92000001,11444,435775,"56,536,419",-2.07811,53.235
England,2020-09-30,E92000001,10663,424331,"56,536,419",-2.07811,53.235
England,2020-09-29,E92000001,8832,413668,"56,536,419",-2.07811,53.235
England,2020-09-28,E92000001,8641,404836,"56,536,419",-2.07811,53.235
England,2020-09-27,E92000001,6084,396195,"56,536,419",-2.07811,53.235
England,2020-09-26,E92000001,5704,390111,"56,536,419",-2.07811,53.235
England,2020-09-25,E92000001,6105,384407,"56,536,419",-2.07811,53.235
England,2020-09-24,E92000001,6361,378302,"56,536,419",-2.07811,53.235
England,2020-09-23,E92000001,5933,371941,"56,536,419",-2.07811,53.235
England,2020-09-22,E92000001,5400,366008,"56,536,419",-2.07811,53.235
England,2020-09-21,E92000001,4727,360608,"56,536,419",-2.07811,53.235
England,2020-09-20,E92000001,4652,355881,"56,536,419",-2.07811,53.235
England,2020-09-19,E92000001,4215,351229,"56,536,419",-2.07811,53.235
England,2020-09-18,E92000001,4290,347014,"56,536,419",-2.07811,53.235
England,2020-09-17,E92000001,3979,342724,"56,536,419",-2.07811,53.235
England,2020-09-16,E92000001,3778,338745,"56,536,419",-2.07811,53.235
England,2020-09-15,E92000001,3057,334967,"56,536,419",-2.07811,53.235
England,2020-09-14,E92000001,2941,331910,"56,536,419",-2.07811,53.235
England,2020-09-13,E92000001,1722,328969,"56,536,419",-2.07811,53.235
England,2020-09-12,E92000001,2224,327247,"56,536,419",-2.07811,53.235
England,2020-09-11,E92000001,2893,325023,"56,536,419",-2.07811,53.235
England,2020-09-10,E92000001,3143,322130,"56,536,419",-2.07811,53.235
England,2020-09-09,E92000001,2893,318987,"56,536,419",-2.07811,53.235
England,2020-09-08,E92000001,3071,316094,"56,536,419",-2.07811,53.235
England,2020-09-07,E92000001,3530,313023,"56,536,419",-2.07811,53.235
England,2020-09-06,E92000001,2079,309493,"56,536,419",-2.07811,53.235
England,2020-09-05,E92000001,2200,307414,"56,536,419",-2.07811,53.235
England,2020-09-04,E92000001,2637,305214,"56,536,419",-2.07811,53.235
England,2020-09-03,E92000001,2716,302577,"56,536,419",-2.07811,53.235
England,2020-09-02,E92000001,2696,299861,"56,536,419",-2.07811,53.235
England,2020-09-01,E92000001,1962,297165,"56,536,419",-2.07811,53.235
England,2020-08-31,E92000001,1279,295203,"56,536,419",-2.07811,53.235
England,2020-08-30,E92000001,987,293924,"56,536,419",-2.07811,53.235
England,2020-08-29,E92000001,1051,292937,"56,536,419",-2.07811,53.235
England,2020-08-28,E92000001,1395,291886,"56,536,419",-2.07811,53.235
England,2020-08-27,E92000001,1356,290491,"56,536,419",-2.07811,53.235
England,2020-08-26,E92000001,1181,289135,"56,536,419",-2.07811,53.235
England,2020-08-25,E92000001,1085,287954,"56,536,419",-2.07811,53.235
England,2020-08-24,E92000001,1156,286869,"56,536,419",-2.07811,53.235
England,2020-08-23,E92000001,704,285713,"56,536,419",-2.07811,53.235
England,2020-08-22,E92000001,732,285009,"56,536,419",-2.07811,53.235
England,2020-08-21,E92000001,1031,284277,"56,536,419",-2.07811,53.235
England,2020-08-20,E92000001,1254,283246,"56,536,419",-2.07811,53.235
England,2020-08-19,E92000001,1109,281992,"56,536,419",-2.07811,53.235
England,2020-08-18,E92000001,955,280883,"56,536,419",-2.07811,53.235
England,2020-08-17,E92000001,1159,279928,"56,536,419",-2.07811,53.235
England,2020-08-16,E92000001,534,278769,"56,536,419",-2.07811,53.235
England,2020-08-15,E92000001,656,278235,"56,536,419",-2.07811,53.235
England,2020-08-14,E92000001,1059,277579,"56,536,419",-2.07811,53.235
England,2020-08-13,E92000001,1036,276520,"56,536,419",-2.07811,53.235
England,2020-08-12,E92000001,1126,275484,"56,536,419",-2.07811,53.235
England,2020-08-11,E92000001,1247,274358,"56,536,419",-2.07811,53.235
England,2020-08-10,E92000001,1375,273111,"56,536,419",-2.07811,53.235
England,2020-08-09,E92000001,569,271736,"56,536,419",-2.07811,53.235
England,2020-08-08,E92000001,648,271167,"56,536,419",-2.07811,53.235
England,2020-08-07,E92000001,892,270519,"56,536,419",-2.07811,53.235
England,2020-08-06,E92000001,1005,269627,"56,536,419",-2.07811,53.235
England,2020-08-05,E92000001,973,268622,"56,536,419",-2.07811,53.235
England,2020-08-04,E92000001,965,267649,"56,536,419",-2.07811,53.235
England,2020-08-03,E92000001,963,266684,"56,536,419",-2.07811,53.235
England,2020-08-02,E92000001,518,265721,"56,536,419",-2.07811,53.235
England,2020-08-01,E92000001,508,265203,"56,536,419",-2.07811,53.235
England,2020-07-31,E92000001,644,264695,"56,536,419",-2.07811,53.235
England,2020-07-30,E92000001,879,264051,"56,536,419",-2.07811,53.235
England,2020-07-29,E92000001,994,263172,"56,536,419",-2.07811,53.235
England,2020-07-28,E92000001,796,262178,"56,536,419",-2.07811,53.235
England,2020-07-27,E92000001,824,261382,"56,536,419",-2.07811,53.235
England,2020-07-26,E92000001,518,260558,"56,536,419",-2.07811,53.235
England,2020-07-25,E92000001,499,260040,"56,536,419",-2.07811,53.235
England,2020-07-24,E92000001,720,259541,"56,536,419",-2.07811,53.235
England,2020-07-23,E92000001,741,258821,"56,536,419",-2.07811,53.235
England,2020-07-22,E92000001,764,258080,"56,536,419",-2.07811,53.235
England,2020-07-21,E92000001,697,257316,"56,536,419",-2.07811,53.235
England,2020-07-20,E92000001,769,256619,"56,536,419",-2.07811,53.235
England,2020-07-19,E92000001,419,255850,"56,536,419",-2.07811,53.235
England,2020-07-18,E92000001,473,255431,"56,536,419",-2.07811,53.235
England,2020-07-17,E92000001,548,254958,"56,536,419",-2.07811,53.235
England,2020-07-16,E92000001,644,254410,"56,536,419",-2.07811,53.235
England,2020-07-15,E92000001,726,253766,"56,536,419",-2.07811,53.235
England,2020-07-14,E92000001,661,253040,"56,536,419",-2.07811,53.235
England,2020-07-13,E92000001,694,252379,"56,536,419",-2.07811,53.235
England,2020-07-12,E92000001,351,251685,"56,536,419",-2.07811,53.235
England,2020-07-11,E92000001,432,251334,"56,536,419",-2.07811,53.235
England,2020-07-10,E92000001,524,250902,"56,536,419",-2.07811,53.235
England,2020-07-09,E92000001,688,250378,"56,536,419",-2.07811,53.235
England,2020-07-08,E92000001,682,249690,"56,536,419",-2.07811,53.235
England,2020-07-07,E92000001,565,249008,"56,536,419",-2.07811,53.235
England,2020-07-06,E92000001,664,248443,"56,536,419",-2.07811,53.235
England,2020-07-05,E92000001,544,247779,"56,536,419",-2.07811,53.235
England,2020-07-04,E92000001,385,247235,"56,536,419",-2.07811,53.235
England,2020-07-03,E92000001,536,246850,"56,536,419",-2.07811,53.235
England,2020-07-02,E92000001,561,246314,"56,536,419",-2.07811,53.235
England,2020-07-01,E92000001,607,245753,"56,536,419",-2.07811,53.235
England,2020-06-30,E92000001,578,245146,"56,536,419",-2.07811,53.235
England,2020-06-29,E92000001,666,244568,"56,536,419",-2.07811,53.235
England,2020-06-28,E92000001,413,243902,"56,536,419",-2.07811,53.235
England,2020-06-27,E92000001,506,243489,"56,536,419",-2.07811,53.235
England,2020-06-26,E92000001,640,242983,"56,536,419",-2.07811,53.235
England,2020-06-25,E92000001,643,242343,"56,536,419",-2.07811,53.235
England,2020-06-24,E92000001,732,241700,"56,536,419",-2.07811,53.235
England,2020-06-23,E92000001,727,240968,"56,536,419",-2.07811,53.235
England,2020-06-22,E92000001,821,240241,"56,536,419",-2.07811,53.235
England,2020-06-21,E92000001,550,239420,"56,536,419",-2.07811,53.235
England,2020-06-20,E92000001,626,238870,"56,536,419",-2.07811,53.235
England,2020-06-19,E92000001,818,238244,"56,536,419",-2.07811,53.235
England,2020-06-18,E92000001,938,237426,"56,536,419",-2.07811,53.235
England,2020-06-17,E92000001,914,236488,"56,536,419",-2.07811,53.235
England,2020-06-16,E92000001,996,235574,"56,536,419",-2.07811,53.235
England,2020-06-15,E92000001,944,234578,"56,536,419",-2.07811,53.235
England,2020-06-14,E92000001,752,233634,"56,536,419",-2.07811,53.235
England,2020-06-13,E92000001,785,232882,"56,536,419",-2.07811,53.235
England,2020-06-12,E92000001,938,232097,"56,536,419",-2.07811,53.235
England,2020-06-11,E92000001,915,231159,"56,536,419",-2.07811,53.235
England,2020-06-10,E92000001,1086,230244,"56,536,419",-2.07811,53.235
England,2020-06-09,E92000001,1066,229158,"56,536,419",-2.07811,53.235
England,2020-06-08,E92000001,990,228092,"56,536,419",-2.07811,53.235
England,2020-06-07,E92000001,668,227102,"56,536,419",-2.07811,53.235
England,2020-06-06,E92000001,723,226434,"56,536,419",-2.07811,53.235
England,2020-06-05,E92000001,1020,225711,"56,536,419",-2.07811,53.235
England,2020-06-04,E92000001,1147,224691,"56,536,419",-2.07811,53.235
England,2020-06-03,E92000001,1251,223544,"56,536,419",-2.07811,53.235
England,2020-06-02,E92000001,1365,222293,"56,536,419",-2.07811,53.235
England,2020-06-01,E92000001,1319,220928,"56,536,419",-2.07811,53.235
England,2020-05-31,E92000001,984,219609,"56,536,419",-2.07811,53.235
England,2020-05-30,E92000001,1010,218625,"56,536,419",-2.07811,53.235
England,2020-05-29,E92000001,1374,217615,"56,536,419",-2.07811,53.235
England,2020-05-28,E92000001,1575,216241,"56,536,419",-2.07811,53.235
England,2020-05-27,E92000001,1616,214666,"56,536,419",-2.07811,53.235
England,2020-05-26,E92000001,1461,213050,"56,536,419",-2.07811,53.235
England,2020-05-25,E92000001,1389,211589,"56,536,419",-2.07811,53.235
England,2020-05-24,E92000001,1206,210200,"56,536,419",-2.07811,53.235
England,2020-05-23,E92000001,1309,208994,"56,536,419",-2.07811,53.235
England,2020-05-22,E92000001,1798,207685,"56,536,419",-2.07811,53.235
England,2020-05-21,E92000001,2277,205887,"56,536,419",-2.07811,53.235
England,2020-05-20,E92000001,2359,203610,"56,536,419",-2.07811,53.235
England,2020-05-19,E92000001,2602,201251,"56,536,419",-2.07811,53.235
England,2020-05-18,E92000001,2226,198649,"56,536,419",-2.07811,53.235
England,2020-05-17,E92000001,1593,196423,"56,536,419",-2.07811,53.235
England,2020-05-16,E92000001,1781,194830,"56,536,419",-2.07811,53.235
England,2020-05-15,E92000001,2145,193049,"56,536,419",-2.07811,53.235
England,2020-05-14,E92000001,2222,190904,"56,536,419",-2.07811,53.235
England,2020-05-13,E92000001,2899,188682,"56,536,419",-2.07811,53.235
England,2020-05-12,E92000001,2940,185783,"56,536,419",-2.07811,53.235
England,2020-05-11,E92000001,3088,182843,"56,536,419",-2.07811,53.235
England,2020-05-10,E92000001,2013,179755,"56,536,419",-2.07811,53.235
England,2020-05-09,E92000001,1797,177742,"56,536,419",-2.07811,53.235
England,2020-05-08,E92000001,2622,175945,"56,536,419",-2.07811,53.235
England,2020-05-07,E92000001,3205,173323,"56,536,419",-2.07811,53.235
England,2020-05-06,E92000001,3264,170118,"56,536,419",-2.07811,53.235
England,2020-05-05,E92000001,3148,166854,"56,536,419",-2.07811,53.235
England,2020-05-04,E92000001,2851,163706,"56,536,419",-2.07811,53.235
England,2020-05-03,E92000001,2648,160855,"56,536,419",-2.07811,53.235
England,2020-05-02,E92000001,2762,158207,"56,536,419",-2.07811,53.235
England,2020-05-01,E92000001,4109,155445,"56,536,419",-2.07811,53.235
England,2020-04-30,E92000001,4314,151336,"56,536,419",-2.07811,53.235
England,2020-04-29,E92000001,4737,147022,"56,536,419",-2.07811,53.235
England,2020-04-28,E92000001,4113,142285,"56,536,419",-2.07811,53.235
England,2020-04-27,E92000001,4056,138172,"56,536,419",-2.07811,53.235
England,2020-04-26,E92000001,3137,134116,"56,536,419",-2.07811,53.235
England,2020-04-25,E92000001,3381,130979,"56,536,419",-2.07811,53.235
England,2020-04-24,E92000001,4352,127598,"56,536,419",-2.07811,53.235
England,2020-04-23,E92000001,4574,123246,"56,536,419",-2.07811,53.235
England,2020-04-22,E92000001,4812,118672,"56,536,419",-2.07811,53.235
England,2020-04-21,E92000001,3996,113860,"56,536,419",-2.07811,53.235
England,2020-04-20,E92000001,3698,109864,"56,536,419",-2.07811,53.235
England,2020-04-19,E92000001,3494,106166,"56,536,419",-2.07811,53.235
England,2020-04-18,E92000001,4142,102672,"56,536,419",-2.07811,53.235
England,2020-04-17,E92000001,4088,98530,"56,536,419",-2.07811,53.235
England,2020-04-16,E92000001,4360,94442,"56,536,419",-2.07811,53.235
England,2020-04-15,E92000001,4240,90082,"56,536,419",-2.07811,53.235
England,2020-04-14,E92000001,3568,85842,"56,536,419",-2.07811,53.235
England,2020-04-13,E92000001,3463,82274,"56,536,419",-2.07811,53.235
England,2020-04-12,E92000001,2958,78811,"56,536,419",-2.07811,53.235
England,2020-04-11,E92000001,3085,75853,"56,536,419",-2.07811,53.235
England,2020-04-10,E92000001,3590,72768,"56,536,419",-2.07811,53.235
England,2020-04-09,E92000001,4076,69178,"56,536,419",-2.07811,53.235
England,2020-04-08,E92000001,4315,65102,"56,536,419",-2.07811,53.235
England,2020-04-07,E92000001,4605,60787,"56,536,419",-2.07811,53.235
England,2020-04-06,E92000001,4407,56182,"56,536,419",-2.07811,53.235
England,2020-04-05,E92000001,3094,51775,"56,536,419",-2.07811,53.235
England,2020-04-04,E92000001,3405,48681,"56,536,419",-2.07811,53.235
England,2020-04-03,E92000001,4102,45276,"56,536,419",-2.07811,53.235
England,2020-04-02,E92000001,4097,41174,"56,536,419",-2.07811,53.235
England,2020-04-01,E92000001,4150,37077,"56,536,419",-2.07811,53.235
England,2020-03-31,E92000001,3816,32927,"56,536,419",-2.07811,53.235
England,2020-03-30,E92000001,3514,29111,"56,536,419",-2.07811,53.235
England,2020-03-29,E92000001,2449,25597,"56,536,419",-2.07811,53.235
England,2020-03-28,E92000001,2379,23148,"56,536,419",-2.07811,53.235
England,2020-03-27,E92000001,2673,20769,"56,536,419",-2.07811,53.235
England,2020-03-26,E92000001,2633,18096,"56,536,419",-2.07811,53.235
England,2020-03-25,E92000001,2284,15463,"56,536,419",-2.07811,53.235
England,2020-03-24,E92000001,2041,13179,"56,536,419",-2.07811,53.235
England,2020-03-23,E92000001,2010,11138,"56,536,419",-2.07811,53.235
England,2020-03-22,E92000001,1212,9128,"56,536,419",-2.07811,53.235
England,2020-03-21,E92000001,1040,7916,"56,536,419",-2.07811,53.235
England,2020-03-20,E92000001,1096,6876,"56,536,419",-2.07811,53.235
England,2020-03-19,E92000001,932,5780,"56,536,419",-2.07811,53.235
England,2020-03-18,E92000001,910,4848,"56,536,419",-2.07811,53.235
England,2020-03-17,E92000001,683,3938,"56,536,419",-2.07811,53.235
England,2020-03-16,E92000001,552,3255,"56,536,419",-2.07811,53.235
England,2020-03-15,E92000001,398,2703,"56,536,419",-2.07811,53.235
England,2020-03-14,E92000001,315,2305,"56,536,419",-2.07811,53.235
England,2020-03-13,E92000001,401,1990,"56,536,419",-2.07811,53.235
England,2020-03-12,E92000001,421,1589,"56,536,419",-2.07811,53.235
England,2020-03-11,E92000001,358,1168,"56,536,419",-2.07811,53.235
England,2020-03-10,E92000001,229,810,"56,536,419",-2.07811,53.235
England,2020-03-09,E92000001,127,581,"56,536,419",-2.07811,53.235
England,2020-03-08,E92000001,50,454,"56,536,419",-2.07811,53.235
England,2020-03-07,E92000001,55,404,"56,536,419",-2.07811,53.235
England,2020-03-06,E92000001,74,349,"56,536,419",-2.07811,53.235
England,2020-03-05,E92000001,46,275,"56,536,419",-2.07811,53.235
England,2020-03-04,E92000001,49,229,"56,536,419",-2.07811,53.235
England,2020-03-03,E92000001,53,180,"56,536,419",-2.07811,53.235
England,2020-03-02,E92000001,40,127,"56,536,419",-2.07811,53.235
England,2020-03-01,E92000001,18,87,"56,536,419",-2.07811,53.235
England,2020-02-28,E92000001,11,65,"56,536,419",-2.07811,53.235
England,2020-02-27,E92000001,7,54,"56,536,419",-2.07811,53.235
England,2020-02-23,E92000001,6,41,"56,536,419",-2.07811,53.235
England,2020-02-03,E92000001,18,20,"56,536,419",-2.07811,53.235
Northern Ireland,2022-05-19,N92000002,190,713294,"1,904,563",,
Northern Ireland,2022-05-18,N92000002,266,713104,"1,904,563",,
Northern Ireland,2022-05-17,N92000002,318,712838,"1,904,563",,
Northern Ireland,2022-05-16,N92000002,356,712520,"1,904,563",,
Northern Ireland,2022-05-15,N92000002,281,712164,"1,904,563",,
Northern Ireland,2022-05-14,N92000002,195,711883,"1,904,563",,
Northern Ireland,2022-05-13,N92000002,213,711688,"1,904,563",,
Northern Ireland,2022-05-12,N92000002,214,711475,"1,904,563",,
Northern Ireland,2022-05-11,N92000002,289,711261,"1,904,563",,
Northern Ireland,2022-05-10,N92000002,333,710972,"1,904,563",,
Northern Ireland,2022-05-09,N92000002,372,710639,"1,904,563",,
Northern Ireland,2022-05-08,N92000002,321,710267,"1,904,563",,
Northern Ireland,2022-05-07,N92000002,253,709946,"1,904,563",,
Northern Ireland,2022-05-06,N92000002,261,709693,"1,904,563",,
Northern Ireland,2022-05-05,N92000002,306,709432,"1,904,563",,
Northern Ireland,2022-05-04,N92000002,344,709126,"1,904,563",,
Northern Ireland,2022-05-03,N92000002,373,708782,"1,904,563",,
Northern Ireland,2022-05-02,N92000002,308,708409,"1,904,563",,
Northern Ireland,2022-05-01,N92000002,243,708101,"1,904,563",,
Northern Ireland,2022-04-30,N92000002,203,707858,"1,904,563",,
Northern Ireland,2022-04-29,N92000002,281,707655,"1,904,563",,
Northern Ireland,2022-04-28,N92000002,297,707374,"1,904,563",,
Northern Ireland,2022-04-27,N92000002,360,707077,"1,904,563",,
Northern Ireland,2022-04-26,N92000002,371,706717,"1,904,563",,
Northern Ireland,2022-04-25,N92000002,454,706346,"1,904,563",,
Northern Ireland,2022-04-24,N92000002,437,705892,"1,904,563",,
Northern Ireland,2022-04-23,N92000002,385,705455,"1,904,563",,
Northern Ireland,2022-04-22,N92000002,475,705070,"1,904,563",,
Northern Ireland,2022-04-21,N92000002,622,704595,"1,904,563",,
Northern Ireland,2022-04-20,N92000002,682,703973,"1,904,563",,
Northern Ireland,2022-04-19,N92000002,719,703291,"1,904,563",,
Northern Ireland,2022-04-18,N92000002,591,702572,"1,904,563",,
Northern Ireland,2022-04-17,N92000002,413,701981,"1,904,563",,
Northern Ireland,2022-04-16,N92000002,470,701568,"1,904,563",,
Northern Ireland,2022-04-15,N92000002,528,701098,"1,904,563",,
Northern Ireland,2022-04-14,N92000002,652,700570,"1,904,563",,
Northern Ireland,2022-04-13,N92000002,784,699918,"1,904,563",,
Northern Ireland,2022-04-12,N92000002,808,699134,"1,904,563",,
Northern Ireland,2022-04-11,N92000002,909,698326,"1,904,563",,
Northern Ireland,2022-04-10,N92000002,715,697417,"1,904,563",,
Northern Ireland,2022-04-09,N92000002,588,696702,"1,904,563",,
Northern Ireland,2022-04-08,N92000002,678,696114,"1,904,563",,
Northern Ireland,2022-04-07,N92000002,949,695436,"1,904,563",,
Northern Ireland,2022-04-06,N92000002,1071,694487,"1,904,563",,
Northern Ireland,2022-04-05,N92000002,1231,693416,"1,904,563",,
Northern Ireland,2022-04-04,N92000002,1321,692185,"1,904,563",,
Northern Ireland,2022-04-03,N92000002,997,690864,"1,904,563",,
Northern Ireland,2022-04-02,N92000002,809,689867,"1,904,563",,
Northern Ireland,2022-04-01,N92000002,985,689058,"1,904,563",,
Northern Ireland,2022-03-31,N92000002,1115,688073,"1,904,563",,
Northern Ireland,2022-03-30,N92000002,1369,686958,"1,904,563",,
Northern Ireland,2022-03-29,N92000002,1462,685589,"1,904,563",,
Northern Ireland,2022-03-28,N92000002,1730,684127,"1,904,563",,
Northern Ireland,2022-03-27,N92000002,1338,682397,"1,904,563",,
Northern Ireland,2022-03-26,N92000002,1174,681059,"1,904,563",,
Northern Ireland,2022-03-25,N92000002,1432,679885,"1,904,563",,
Northern Ireland,2022-03-24,N92000002,1850,678453,"1,904,563",,
Northern Ireland,2022-03-23,N92000002,2325,676603,"1,904,563",,
Northern Ireland,2022-03-22,N92000002,2404,674278,"1,904,563",,
Northern Ireland,2022-03-21,N92000002,2835,671874,"1,904,563",,
Northern Ireland,2022-03-20,N92000002,2173,669039,"1,904,563",,
Northern Ireland,2022-03-19,N92000002,1645,666866,"1,904,563",,
Northern Ireland,2022-03-18,N92000002,1704,665221,"1,904,563",,
Northern Ireland,2022-03-17,N92000002,1670,663517,"1,904,563",,
Northern Ireland,2022-03-16,N92000002,2036,661847,"1,904,563",,
Northern Ireland,2022-03-15,N92000002,2404,659811,"1,904,563",,
Northern Ireland,2022-03-14,N92000002,2566,657407,"1,904,563",,
Northern Ireland,2022-03-13,N92000002,2050,654841,"1,904,563",,
Northern Ireland,2022-03-12,N92000002,1686,652791,"1,904,563",,
Northern Ireland,2022-03-11,N92000002,1960,651105,"1,904,563",,
Northern Ireland,2022-03-10,N92000002,2212,649145,"1,904,563",,
Northern Ireland,2022-03-09,N92000002,2533,646933,"1,904,563",,
Northern Ireland,2022-03-08,N92000002,2690,644400,"1,904,563",,
Northern Ireland,2022-03-07,N92000002,2706,641710,"1,904,563",,
Northern Ireland,2022-03-06,N92000002,2209,639004,"1,904,563",,
Northern Ireland,2022-03-05,N92000002,1756,636795,"1,904,563",,
Northern Ireland,2022-03-04,N92000002,1866,635039,"1,904,563",,
Northern Ireland,2022-03-03,N92000002,2157,633173,"1,904,563",,
Northern Ireland,2022-03-02,N92000002,2396,631016,"1,904,563",,
Northern Ireland,2022-03-01,N92000002,2498,628620,"1,904,563",,
Northern Ireland,2022-02-28,N92000002,2520,626122,"1,904,563",,
Northern Ireland,2022-02-27,N92000002,2090,623602,"1,904,563",,
Northern Ireland,2022-02-26,N92000002,1603,621512,"1,904,563",,
Northern Ireland,2022-02-25,N92000002,1709,619909,"1,904,563",,
Northern Ireland,2022-02-24,N92000002,1887,618200,"1,904,563",,
Northern Ireland,2022-02-23,N92000002,2371,616313,"1,904,563",,
Northern Ireland,2022-02-22,N92000002,2679,613942,"1,904,563",,
Northern Ireland,2022-02-21,N92000002,2865,611263,"1,904,563",,
Northern Ireland,2022-02-20,N92000002,2436,608398,"1,904,563",,
Northern Ireland,2022-02-19,N92000002,1894,605962,"1,904,563",,
Northern Ireland,2022-02-18,N92000002,2096,604068,"1,904,563",,
Northern Ireland,2022-02-17,N92000002,2332,601972,"1,904,563",,
Northern Ireland,2022-02-16,N92000002,2931,599640,"1,904,563",,
Northern Ireland,2022-02-15,N92000002,2869,596709,"1,904,563",,
Northern Ireland,2022-02-14,N92000002,2999,593840,"1,904,563",,
Northern Ireland,2022-02-13,N92000002,2510,590841,"1,904,563",,
Northern Ireland,2022-02-12,N92000002,2183,588331,"1,904,563",,
Northern Ireland,2022-02-11,N92000002,2437,586148,"1,904,563",,
Northern Ireland,2022-02-10,N92000002,2813,583711,"1,904,563",,
Northern Ireland,2022-02-09,N92000002,3459,580898,"1,904,563",,
Northern Ireland,2022-02-08,N92000002,3837,577439,"1,904,563",,
Northern Ireland,2022-02-07,N92000002,4075,573602,"1,904,563",,
Northern Ireland,2022-02-06,N92000002,3193,569527,"1,904,563",,
Northern Ireland,2022-02-05,N92000002,2689,566334,"1,904,563",,
Northern Ireland,2022-02-04,N92000002,3075,563645,"1,904,563",,
Northern Ireland,2022-02-03,N92000002,3662,560570,"1,904,563",,
Northern Ireland,2022-02-02,N92000002,4261,556908,"1,904,563",,
Northern Ireland,2022-02-01,N92000002,4568,552647,"1,904,563",,
Northern Ireland,2022-01-31,N92000002,4971,548079,"1,904,563",,
Northern Ireland,2022-01-30,N92000002,4220,543108,"1,904,563",,
Northern Ireland,2022-01-29,N92000002,3414,538888,"1,904,563",,
Northern Ireland,2022-01-28,N92000002,3607,535474,"1,904,563",,
Northern Ireland,2022-01-27,N92000002,3905,531867,"1,904,563",,
Northern Ireland,2022-01-26,N92000002,4347,527962,"1,904,563",,
Northern Ireland,2022-01-25,N92000002,4849,523615,"1,904,563",,
Northern Ireland,2022-01-24,N92000002,5338,518766,"1,904,563",,
Northern Ireland,2022-01-23,N92000002,4400,513428,"1,904,563",,
Northern Ireland,2022-01-22,N92000002,3266,509028,"1,904,563",,
Northern Ireland,2022-01-21,N92000002,3548,505762,"1,904,563",,
Northern Ireland,2022-01-20,N92000002,3848,502214,"1,904,563",,
Northern Ireland,2022-01-19,N92000002,4037,498366,"1,904,563",,
Northern Ireland,2022-01-18,N92000002,4398,494329,"1,904,563",,
Northern Ireland,2022-01-17,N92000002,4607,489931,"1,904,563",,
Northern Ireland,2022-01-16,N92000002,3620,485324,"1,904,563",,
Northern Ireland,2022-01-15,N92000002,2842,481704,"1,904,563",,
Northern Ireland,2022-01-14,N92000002,2692,478862,"1,904,563",,
Northern Ireland,2022-01-13,N92000002,2890,476170,"1,904,563",,
Northern Ireland,2022-01-12,N92000002,3130,473280,"1,904,563",,
Northern Ireland,2022-01-11,N92000002,3232,470150,"1,904,563",,
Northern Ireland,2022-01-10,N92000002,3614,466918,"1,904,563",,
Northern Ireland,2022-01-09,N92000002,2838,463304,"1,904,563",,
Northern Ireland,2022-01-08,N92000002,2637,460466,"1,904,563",,
Northern Ireland,2022-01-07,N92000002,2708,457829,"1,904,563",,
Northern Ireland,2022-01-06,N92000002,3578,455121,"1,904,563",,
Northern Ireland,2022-01-05,N92000002,6819,451543,"1,904,563",,
Northern Ireland,2022-01-04,N92000002,8470,444724,"1,904,563",,
Northern Ireland,2022-01-03,N92000002,7309,436254,"1,904,563",,
Northern Ireland,2022-01-02,N92000002,6912,428945,"1,904,563",,
Northern Ireland,2022-01-01,N92000002,5385,422033,"1,904,563",,
Northern Ireland,2021-12-31,N92000002,7996,416648,"1,904,563",,
Northern Ireland,2021-12-30,N92000002,8740,408652,"1,904,563",,
Northern Ireland,2021-12-29,N92000002,8976,399912,"1,904,563",,
Northern Ireland,2021-12-28,N92000002,8410,390936,"1,904,563",,
Northern Ireland,2021-12-27,N92000002,7310,382526,"1,904,563",,
Northern Ireland,2021-12-26,N92000002,3518,375216,"1,904,563",,
Northern Ireland,2021-12-25,N92000002,2662,371698,"1,904,563",,
Northern Ireland,2021-12-24,N92000002,4290,369036,"1,904,563",,
Northern Ireland,2021-12-23,N92000002,4318,364746,"1,904,563",,
Northern Ireland,2021-12-22,N92000002,4372,360428,"1,904,563",,
Northern Ireland,2021-12-21,N92000002,3828,356056,"1,904,563",,
Northern Ireland,2021-12-20,N92000002,2710,352228,"1,904,563",,
Northern Ireland,2021-12-19,N92000002,2101,349518,"1,904,563",,
Northern Ireland,2021-12-18,N92000002,1975,347417,"1,904,563",,
Northern Ireland,2021-12-17,N92000002,1835,345442,"1,904,563",,
Northern Ireland,2021-12-16,N92000002,2006,343607,"1,904,563",,
Northern Ireland,2021-12-15,N92000002,2224,341601,"1,904,563",,
Northern Ireland,2021-12-14,N92000002,2205,339377,"1,904,563",,
Northern Ireland,2021-12-13,N92000002,1932,337172,"1,904,563",,
Northern Ireland,2021-12-12,N92000002,1434,335240,"1,904,563",,
Northern Ireland,2021-12-11,N92000002,1439,333806,"1,904,563",,
Northern Ireland,2021-12-10,N92000002,1464,332367,"1,904,563",,
Northern Ireland,2021-12-09,N92000002,1681,330903,"1,904,563",,
Northern Ireland,2021-12-08,N92000002,1886,329222,"1,904,563",,
Northern Ireland,2021-12-07,N92000002,1801,327336,"1,904,563",,
Northern Ireland,2021-12-06,N92000002,1932,325535,"1,904,563",,
Northern Ireland,2021-12-05,N92000002,1527,323603,"1,904,563",,
Northern Ireland,2021-12-04,N92000002,1399,322076,"1,904,563",,
Northern Ireland,2021-12-03,N92000002,1581,320677,"1,904,563",,
Northern Ireland,2021-12-02,N92000002,1889,319096,"1,904,563",,
Northern Ireland,2021-12-01,N92000002,1992,317207,"1,904,563",,
Northern Ireland,2021-11-30,N92000002,1968,315215,"1,904,563",,
Northern Ireland,2021-11-29,N92000002,2018,313247,"1,904,563",,
Northern Ireland,2021-11-28,N92000002,1496,311229,"1,904,563",,
Northern Ireland,2021-11-27,N92000002,1355,309733,"1,904,563",,
Northern Ireland,2021-11-26,N92000002,1425,308378,"1,904,563",,
Northern Ireland,2021-11-25,N92000002,1619,306953,"1,904,563",,
Northern Ireland,2021-11-24,N92000002,1644,305334,"1,904,563",,
Northern Ireland,2021-11-23,N92000002,1774,303690,"1,904,563",,
Northern Ireland,2021-11-22,N92000002,1866,301916,"1,904,563",,
Northern Ireland,2021-11-21,N92000002,1470,300050,"1,904,563",,
Northern Ireland,2021-11-20,N92000002,1415,298580,"1,904,563",,
Northern Ireland,2021-11-19,N92000002,1642,297165,"1,904,563",,
Northern Ireland,2021-11-18,N92000002,1681,295523,"1,904,563",,
Northern Ireland,2021-11-17,N92000002,1746,293842,"1,904,563",,
Northern Ireland,2021-11-16,N92000002,1755,292096,"1,904,563",,
Northern Ireland,2021-11-15,N92000002,1876,290341,"1,904,563",,
Northern Ireland,2021-11-14,N92000002,1469,288465,"1,904,563",,
Northern Ireland,2021-11-13,N92000002,1345,286996,"1,904,563",,
Northern Ireland,2021-11-12,N92000002,1303,285651,"1,904,563",,
Northern Ireland,2021-11-11,N92000002,1482,284348,"1,904,563",,
Northern Ireland,2021-11-10,N92000002,1470,282866,"1,904,563",,
Northern Ireland,2021-11-09,N92000002,1593,281396,"1,904,563",,
Northern Ireland,2021-11-08,N92000002,1511,279803,"1,904,563",,
Northern Ireland,2021-11-07,N92000002,1028,278292,"1,904,563",,
Northern Ireland,2021-11-06,N92000002,998,277264,"1,904,563",,
Northern Ireland,2021-11-05,N92000002,1092,276266,"1,904,563",,
Northern Ireland,2021-11-04,N92000002,1187,275174,"1,904,563",,
Northern Ireland,2021-11-03,N92000002,1182,273987,"1,904,563",,
Northern Ireland,2021-11-02,N92000002,1160,272805,"1,904,563",,
Northern Ireland,2021-11-01,N92000002,1249,271645,"1,904,563",,
Northern Ireland,2021-10-31,N92000002,960,270396,"1,904,563",,
Northern Ireland,2021-10-30,N92000002,960,269436,"1,904,563",,
Northern Ireland,2021-10-29,N92000002,1073,268476,"1,904,563",,
Northern Ireland,2021-10-28,N92000002,1174,267403,"1,904,563",,
Northern Ireland,2021-10-27,N92000002,1242,266229,"1,904,563",,
Northern Ireland,2021-10-26,N92000002,1263,264987,"1,904,563",,
Northern Ireland,2021-10-25,N92000002,1229,263724,"1,904,563",,
Northern Ireland,2021-10-24,N92000002,1052,262495,"1,904,563",,
Northern Ireland,2021-10-23,N92000002,1009,261443,"1,904,563",,
Northern Ireland,2021-10-22,N92000002,1052,260434,"1,904,563",,
Northern Ireland,2021-10-21,N92000002,1137,259382,"1,904,563",,
Northern Ireland,2021-10-20,N92000002,1396,258245,"1,904,563",,
Northern Ireland,2021-10-19,N92000002,1462,256849,"1,904,563",,
Northern Ireland,2021-10-18,N92000002,1450,255387,"1,904,563",,
Northern Ireland,2021-10-17,N92000002,1065,253937,"1,904,563",,
Northern Ireland,2021-10-16,N92000002,1001,252872,"1,904,563",,
Northern Ireland,2021-10-15,N92000002,1096,251871,"1,904,563",,
Northern Ireland,2021-10-14,N92000002,1252,250775,"1,904,563",,
Northern Ireland,2021-10-13,N92000002,1296,249523,"1,904,563",,
Northern Ireland,2021-10-12,N92000002,1403,248227,"1,904,563",,
Northern Ireland,2021-10-11,N92000002,1444,246824,"1,904,563",,
Northern Ireland,2021-10-10,N92000002,1154,245380,"1,904,563",,
Northern Ireland,2021-10-09,N92000002,1007,244226,"1,904,563",,
Northern Ireland,2021-10-08,N92000002,1239,243219,"1,904,563",,
Northern Ireland,2021-10-07,N92000002,1275,241980,"1,904,563",,
Northern Ireland,2021-10-06,N92000002,1277,240705,"1,904,563",,
Northern Ireland,2021-10-05,N92000002,1289,239428,"1,904,563",,
Northern Ireland,2021-10-04,N92000002,1326,238139,"1,904,563",,
Northern Ireland,2021-10-03,N92000002,1044,236813,"1,904,563",,
Northern Ireland,2021-10-02,N92000002,899,235769,"1,904,563",,
Northern Ireland,2021-10-01,N92000002,915,234870,"1,904,563",,
Northern Ireland,2021-09-30,N92000002,1022,233955,"1,904,563",,
Northern Ireland,2021-09-29,N92000002,1162,232933,"1,904,563",,
Northern Ireland,2021-09-28,N92000002,1115,231771,"1,904,563",,
Northern Ireland,2021-09-27,N92000002,1328,230656,"1,904,563",,
Northern Ireland,2021-09-26,N92000002,913,229328,"1,904,563",,
Northern Ireland,2021-09-25,N92000002,823,228415,"1,904,563",,
Northern Ireland,2021-09-24,N92000002,936,227592,"1,904,563",,
Northern Ireland,2021-09-23,N92000002,1080,226656,"1,904,563",,
Northern Ireland,2021-09-22,N92000002,1104,225576,"1,904,563",,
Northern Ireland,2021-09-21,N92000002,1211,224472,"1,904,563",,
Northern Ireland,2021-09-20,N92000002,1259,223261,"1,904,563",,
Northern Ireland,2021-09-19,N92000002,939,222002,"1,904,563",,
Northern Ireland,2021-09-18,N92000002,866,221063,"1,904,563",,
Northern Ireland,2021-09-17,N92000002,987,220197,"1,904,563",,
Northern Ireland,2021-09-16,N92000002,1064,219210,"1,904,563",,
Northern Ireland,2021-09-15,N92000002,1192,218146,"1,904,563",,
Northern Ireland,2021-09-14,N92000002,1283,216954,"1,904,563",,
Northern Ireland,2021-09-13,N92000002,1377,215671,"1,904,563",,
Northern Ireland,2021-09-12,N92000002,920,214294,"1,904,563",,
Northern Ireland,2021-09-11,N92000002,1003,213374,"1,904,563",,
Northern Ireland,2021-09-10,N92000002,1372,212371,"1,904,563",,
Northern Ireland,2021-09-09,N92000002,1654,210999,"1,904,563",,
Northern Ireland,2021-09-08,N92000002,1550,209345,"1,904,563",,
Northern Ireland,2021-09-07,N92000002,1661,207795,"1,904,563",,
Northern Ireland,2021-09-06,N92000002,1756,206134,"1,904,563",,
Northern Ireland,2021-09-05,N92000002,1299,204378,"1,904,563",,
Northern Ireland,2021-09-04,N92000002,1211,203079,"1,904,563",,
Northern Ireland,2021-09-03,N92000002,1376,201868,"1,904,563",,
Northern Ireland,2021-09-02,N92000002,1389,200492,"1,904,563",,
Northern Ireland,2021-09-01,N92000002,1497,199103,"1,904,563",,
Northern Ireland,2021-08-31,N92000002,1594,197606,"1,904,563",,
Northern Ireland,2021-08-30,N92000002,1423,196012,"1,904,563",,
Northern Ireland,2021-08-29,N92000002,1078,194589,"1,904,563",,
Northern Ireland,2021-08-28,N92000002,1166,193511,"1,904,563",,
Northern Ireland,2021-08-27,N92000002,1457,192345,"1,904,563",,
Northern Ireland,2021-08-26,N92000002,1653,190888,"1,904,563",,
Northern Ireland,2021-08-25,N92000002,1712,189235,"1,904,563",,
Northern Ireland,2021-08-24,N92000002,1658,187523,"1,904,563",,
Northern Ireland,2021-08-23,N92000002,1771,185865,"1,904,563",,
Northern Ireland,2021-08-22,N92000002,1284,184094,"1,904,563",,
Northern Ireland,2021-08-21,N92000002,1483,182810,"1,904,563",,
Northern Ireland,2021-08-20,N92000002,1603,181327,"1,904,563",,
Northern Ireland,2021-08-19,N92000002,1817,179724,"1,904,563",,
Northern Ireland,2021-08-18,N92000002,1791,177907,"1,904,563",,
Northern Ireland,2021-08-17,N92000002,1688,176116,"1,904,563",,
Northern Ireland,2021-08-16,N92000002,1697,174428,"1,904,563",,
Northern Ireland,2021-08-15,N92000002,1312,172731,"1,904,563",,
Northern Ireland,2021-08-14,N92000002,1230,171419,"1,904,563",,
Northern Ireland,2021-08-13,N92000002,1326,170189,"1,904,563",,
Northern Ireland,2021-08-12,N92000002,1372,168863,"1,904,563",,
Northern Ireland,2021-08-11,N92000002,1443,167491,"1,904,563",,
Northern Ireland,2021-08-10,N92000002,1428,166048,"1,904,563",,
Northern Ireland,2021-08-09,N92000002,1408,164620,"1,904,563",,
Northern Ireland,2021-08-08,N92000002,1092,163212,"1,904,563",,
Northern Ireland,2021-08-07,N92000002,1056,162120,"1,904,563",,
Northern Ireland,2021-08-06,N92000002,1211,161064,"1,904,563",,
Northern Ireland,2021-08-05,N92000002,1402,159853,"1,904,563",,
Northern Ireland,2021-08-04,N92000002,1340,158451,"1,904,563",,
Northern Ireland,2021-08-03,N92000002,1294,157111,"1,904,563",,
Northern Ireland,2021-08-02,N92000002,1169,155817,"1,904,563",,
Northern Ireland,2021-08-01,N92000002,868,154648,"1,904,563",,
Northern Ireland,2021-07-31,N92000002,871,153780,"1,904,563",,
Northern Ireland,2021-07-30,N92000002,1016,152909,"1,904,563",,
Northern Ireland,2021-07-29,N92000002,1199,151893,"1,904,563",,
Northern Ireland,2021-07-28,N92000002,1327,150694,"1,904,563",,
Northern Ireland,2021-07-27,N92000002,1417,149367,"1,904,563",,
Northern Ireland,2021-07-26,N92000002,1302,147950,"1,904,563",,
Northern Ireland,2021-07-25,N92000002,1050,146648,"1,904,563",,
Northern Ireland,2021-07-24,N92000002,1036,145598,"1,904,563",,
Northern Ireland,2021-07-23,N92000002,1262,144562,"1,904,563",,
Northern Ireland,2021-07-22,N92000002,1351,143300,"1,904,563",,
Northern Ireland,2021-07-21,N92000002,1488,141949,"1,904,563",,
Northern Ireland,2021-07-20,N92000002,1495,140461,"1,904,563",,
Northern Ireland,2021-07-19,N92000002,1692,138966,"1,904,563",,
Northern Ireland,2021-07-18,N92000002,1006,137274,"1,904,563",,
Northern Ireland,2021-07-17,N92000002,1149,136268,"1,904,563",,
Northern Ireland,2021-07-16,N92000002,1406,135119,"1,904,563",,
Northern Ireland,2021-07-15,N92000002,1322,133713,"1,904,563",,
Northern Ireland,2021-07-14,N92000002,1170,132391,"1,904,563",,
Northern Ireland,2021-07-13,N92000002,902,131221,"1,904,563",,
Northern Ireland,2021-07-12,N92000002,523,130319,"1,904,563",,
Northern Ireland,2021-07-11,N92000002,478,129796,"1,904,563",,
Northern Ireland,2021-07-10,N92000002,488,129318,"1,904,563",,
Northern Ireland,2021-07-09,N92000002,578,128830,"1,904,563",,
Northern Ireland,2021-07-08,N92000002,629,128252,"1,904,563",,
Northern Ireland,2021-07-07,N92000002,624,127623,"1,904,563",,
Northern Ireland,2021-07-06,N92000002,556,126999,"1,904,563",,
Northern Ireland,2021-07-05,N92000002,517,126443,"1,904,563",,
Northern Ireland,2021-07-04,N92000002,383,125926,"1,904,563",,
Northern Ireland,2021-07-03,N92000002,349,125543,"1,904,563",,
Northern Ireland,2021-07-02,N92000002,379,125194,"1,904,563",,
Northern Ireland,2021-07-01,N92000002,419,124815,"1,904,563",,
Northern Ireland,2021-06-30,N92000002,437,124396,"1,904,563",,
Northern Ireland,2021-06-29,N92000002,409,123959,"1,904,563",,
Northern Ireland,2021-06-28,N92000002,328,123550,"1,904,563",,
Northern Ireland,2021-06-27,N92000002,207,123222,"1,904,563",,
Northern Ireland,2021-06-26,N92000002,247,123015,"1,904,563",,
Northern Ireland,2021-06-25,N92000002,251,122768,"1,904,563",,
Northern Ireland,2021-06-24,N92000002,241,122517,"1,904,563",,
Northern Ireland,2021-06-23,N92000002,200,122276,"1,904,563",,
Northern Ireland,2021-06-22,N92000002,207,122076,"1,904,563",,
Northern Ireland,2021-06-21,N92000002,198,121869,"1,904,563",,
Northern Ireland,2021-06-20,N92000002,132,121671,"1,904,563",,
Northern Ireland,2021-06-19,N92000002,120,121539,"1,904,563",,
Northern Ireland,2021-06-18,N92000002,135,121419,"1,904,563",,
Northern Ireland,2021-06-17,N92000002,185,121284,"1,904,563",,
Northern Ireland,2021-06-16,N92000002,173,121099,"1,904,563",,
Northern Ireland,2021-06-15,N92000002,165,120926,"1,904,563",,
Northern Ireland,2021-06-14,N92000002,120,120761,"1,904,563",,
Northern Ireland,2021-06-13,N92000002,86,120641,"1,904,563",,
Northern Ireland,2021-06-12,N92000002,62,120555,"1,904,563",,
Northern Ireland,2021-06-11,N92000002,102,120493,"1,904,563",,
Northern Ireland,2021-06-10,N92000002,130,120391,"1,904,563",,
Northern Ireland,2021-06-09,N92000002,97,120261,"1,904,563",,
Northern Ireland,2021-06-08,N92000002,107,120164,"1,904,563",,
Northern Ireland,2021-06-07,N92000002,88,120057,"1,904,563",,
Northern Ireland,2021-06-06,N92000002,50,119969,"1,904,563",,
Northern Ireland,2021-06-05,N92000002,75,119919,"1,904,563",,
Northern Ireland,2021-06-04,N92000002,77,119844,"1,904,563",,
Northern Ireland,2021-06-03,N92000002,82,119767,"1,904,563",,
Northern Ireland,2021-06-02,N92000002,84,119685,"1,904,563",,
Northern Ireland,2021-06-01,N92000002,71,119601,"1,904,563",,
Northern Ireland,2021-05-31,N92000002,58,119530,"1,904,563",,
Northern Ireland,2021-05-30,N92000002,36,119472,"1,904,563",,
Northern Ireland,2021-05-29,N92000002,59,119436,"1,904,563",,
Northern Ireland,2021-05-28,N92000002,70,119377,"1,904,563",,
Northern Ireland,2021-05-27,N92000002,74,119307,"1,904,563",,
Northern Ireland,2021-05-26,N92000002,81,119233,"1,904,563",,
Northern Ireland,2021-05-25,N92000002,66,119152,"1,904,563",,
Northern Ireland,2021-05-24,N92000002,74,119086,"1,904,563",,
Northern Ireland,2021-05-23,N92000002,57,119012,"1,904,563",,
Northern Ireland,2021-05-22,N92000002,63,118955,"1,904,563",,
Northern Ireland,2021-05-21,N92000002,80,118892,"1,904,563",,
Northern Ireland,2021-05-20,N92000002,81,118812,"1,904,563",,
Northern Ireland,2021-05-19,N92000002,101,118731,"1,904,563",,
Northern Ireland,2021-05-18,N92000002,106,118630,"1,904,563",,
Northern Ireland,2021-05-17,N92000002,99,118524,"1,904,563",,
Northern Ireland,2021-05-16,N92000002,68,118425,"1,904,563",,
Northern Ireland,2021-05-15,N92000002,64,118357,"1,904,563",,
Northern Ireland,2021-05-14,N92000002,55,118293,"1,904,563",,
Northern Ireland,2021-05-13,N92000002,89,118238,"1,904,563",,
Northern Ireland,2021-05-12,N92000002,101,118149,"1,904,563",,
Northern Ireland,2021-05-11,N92000002,106,118048,"1,904,563",,
Northern Ireland,2021-05-10,N92000002,107,117942,"1,904,563",,
Northern Ireland,2021-05-09,N92000002,78,117835,"1,904,563",,
Northern Ireland,2021-05-08,N92000002,90,117757,"1,904,563",,
Northern Ireland,2021-05-07,N92000002,78,117667,"1,904,563",,
Northern Ireland,2021-05-06,N92000002,75,117589,"1,904,563",,
Northern Ireland,2021-05-05,N92000002,96,117514,"1,904,563",,
Northern Ireland,2021-05-04,N92000002,99,117418,"1,904,563",,
Northern Ireland,2021-05-03,N92000002,87,117319,"1,904,563",,
Northern Ireland,2021-05-02,N92000002,65,117232,"1,904,563",,
Northern Ireland,2021-05-01,N92000002,62,117167,"1,904,563",,
Northern Ireland,2021-04-30,N92000002,85,117105,"1,904,563",,
Northern Ireland,2021-04-29,N92000002,97,117020,"1,904,563",,
Northern Ireland,2021-04-28,N92000002,100,116923,"1,904,563",,
Northern Ireland,2021-04-27,N92000002,108,116823,"1,904,563",,
Northern Ireland,2021-04-26,N92000002,103,116715,"1,904,563",,
Northern Ireland,2021-04-25,N92000002,79,116612,"1,904,563",,
Northern Ireland,2021-04-24,N92000002,73,116533,"1,904,563",,
Northern Ireland,2021-04-23,N92000002,75,116460,"1,904,563",,
Northern Ireland,2021-04-22,N92000002,86,116385,"1,904,563",,
Northern Ireland,2021-04-21,N92000002,110,116299,"1,904,563",,
Northern Ireland,2021-04-20,N92000002,125,116189,"1,904,563",,
Northern Ireland,2021-04-19,N92000002,128,116064,"1,904,563",,
Northern Ireland,2021-04-18,N92000002,74,115936,"1,904,563",,
Northern Ireland,2021-04-17,N92000002,82,115862,"1,904,563",,
Northern Ireland,2021-04-16,N92000002,100,115780,"1,904,563",,
Northern Ireland,2021-04-15,N92000002,116,115680,"1,904,563",,
Northern Ireland,2021-04-14,N92000002,148,115564,"1,904,563",,
Northern Ireland,2021-04-13,N92000002,103,115416,"1,904,563",,
Northern Ireland,2021-04-12,N92000002,113,115313,"1,904,563",,
Northern Ireland,2021-04-11,N92000002,87,115200,"1,904,563",,
Northern Ireland,2021-04-10,N92000002,89,115113,"1,904,563",,
Northern Ireland,2021-04-09,N92000002,129,115024,"1,904,563",,
Northern Ireland,2021-04-08,N92000002,121,114895,"1,904,563",,
Northern Ireland,2021-04-07,N92000002,108,114774,"1,904,563",,
Northern Ireland,2021-04-06,N92000002,93,114666,"1,904,563",,
Northern Ireland,2021-04-05,N92000002,55,114573,"1,904,563",,
Northern Ireland,2021-04-04,N92000002,36,114518,"1,904,563",,
Northern Ireland,2021-04-03,N92000002,49,114482,"1,904,563",,
Northern Ireland,2021-04-02,N92000002,77,114433,"1,904,563",,
Northern Ireland,2021-04-01,N92000002,94,114356,"1,904,563",,
Northern Ireland,2021-03-31,N92000002,122,114262,"1,904,563",,
Northern Ireland,2021-03-30,N92000002,107,114140,"1,904,563",,
Northern Ireland,2021-03-29,N92000002,134,114033,"1,904,563",,
Northern Ireland,2021-03-28,N92000002,92,113899,"1,904,563",,
Northern Ireland,2021-03-27,N92000002,121,113807,"1,904,563",,
Northern Ireland,2021-03-26,N92000002,134,113686,"1,904,563",,
Northern Ireland,2021-03-25,N92000002,167,113552,"1,904,563",,
Northern Ireland,2021-03-24,N92000002,166,113385,"1,904,563",,
Northern Ireland,2021-03-23,N92000002,148,113219,"1,904,563",,
Northern Ireland,2021-03-22,N92000002,174,113071,"1,904,563",,
Northern Ireland,2021-03-21,N92000002,107,112897,"1,904,563",,
Northern Ireland,2021-03-20,N92000002,122,112790,"1,904,563",,
Northern Ireland,2021-03-19,N92000002,123,112668,"1,904,563",,
Northern Ireland,2021-03-18,N92000002,169,112545,"1,904,563",,
Northern Ireland,2021-03-17,N92000002,144,112376,"1,904,563",,
Northern Ireland,2021-03-16,N92000002,172,112232,"1,904,563",,
Northern Ireland,2021-03-15,N92000002,176,112060,"1,904,563",,
Northern Ireland,2021-03-14,N92000002,112,111884,"1,904,563",,
Northern Ireland,2021-03-13,N92000002,133,111772,"1,904,563",,
Northern Ireland,2021-03-12,N92000002,160,111639,"1,904,563",,
Northern Ireland,2021-03-11,N92000002,192,111479,"1,904,563",,
Northern Ireland,2021-03-10,N92000002,198,111287,"1,904,563",,
Northern Ireland,2021-03-09,N92000002,177,111089,"1,904,563",,
Northern Ireland,2021-03-08,N92000002,220,110912,"1,904,563",,
Northern Ireland,2021-03-07,N92000002,151,110692,"1,904,563",,
Northern Ireland,2021-03-06,N92000002,143,110541,"1,904,563",,
Northern Ireland,2021-03-05,N92000002,141,110398,"1,904,563",,
Northern Ireland,2021-03-04,N92000002,164,110257,"1,904,563",,
Northern Ireland,2021-03-03,N92000002,162,110093,"1,904,563",,
Northern Ireland,2021-03-02,N92000002,209,109931,"1,904,563",,
Northern Ireland,2021-03-01,N92000002,178,109722,"1,904,563",,
Northern Ireland,2021-02-28,N92000002,123,109544,"1,904,563",,
Northern Ireland,2021-02-27,N92000002,138,109421,"1,904,563",,
Northern Ireland,2021-02-26,N92000002,171,109283,"1,904,563",,
Northern Ireland,2021-02-25,N92000002,232,109112,"1,904,563",,
Northern Ireland,2021-02-24,N92000002,260,108880,"1,904,563",,
Northern Ireland,2021-02-23,N92000002,246,108620,"1,904,563",,
Northern Ireland,2021-02-22,N92000002,252,108374,"1,904,563",,
Northern Ireland,2021-02-21,N92000002,181,108122,"1,904,563",,
Northern Ireland,2021-02-20,N92000002,220,107941,"1,904,563",,
Northern Ireland,2021-02-19,N92000002,280,107721,"1,904,563",,
Northern Ireland,2021-02-18,N92000002,266,107441,"1,904,563",,
Northern Ireland,2021-02-17,N92000002,322,107175,"1,904,563",,
Northern Ireland,2021-02-16,N92000002,309,106853,"1,904,563",,
Northern Ireland,2021-02-15,N92000002,362,106544,"1,904,563",,
Northern Ireland,2021-02-14,N92000002,243,106182,"1,904,563",,
Northern Ireland,2021-02-13,N92000002,185,105939,"1,904,563",,
Northern Ireland,2021-02-12,N92000002,272,105754,"1,904,563",,
Northern Ireland,2021-02-11,N92000002,278,105482,"1,904,563",,
Northern Ireland,2021-02-10,N92000002,331,105204,"1,904,563",,
Northern Ireland,2021-02-09,N92000002,305,104873,"1,904,563",,
Northern Ireland,2021-02-08,N92000002,340,104568,"1,904,563",,
Northern Ireland,2021-02-07,N92000002,267,104228,"1,904,563",,
Northern Ireland,2021-02-06,N92000002,300,103961,"1,904,563",,
Northern Ireland,2021-02-05,N92000002,405,103661,"1,904,563",,
Northern Ireland,2021-02-04,N92000002,374,103256,"1,904,563",,
Northern Ireland,2021-02-03,N92000002,448,102882,"1,904,563",,
Northern Ireland,2021-02-02,N92000002,424,102434,"1,904,563",,
Northern Ireland,2021-02-01,N92000002,491,102010,"1,904,563",,
Northern Ireland,2021-01-31,N92000002,370,101519,"1,904,563",,
Northern Ireland,2021-01-30,N92000002,375,101149,"1,904,563",,
Northern Ireland,2021-01-29,N92000002,506,100774,"1,904,563",,
Northern Ireland,2021-01-28,N92000002,475,100268,"1,904,563",,
Northern Ireland,2021-01-27,N92000002,583,99793,"1,904,563",,
Northern Ireland,2021-01-26,N92000002,606,99210,"1,904,563",,
Northern Ireland,2021-01-25,N92000002,589,98604,"1,904,563",,
Northern Ireland,2021-01-24,N92000002,412,98015,"1,904,563",,
Northern Ireland,2021-01-23,N92000002,437,97603,"1,904,563",,
Northern Ireland,2021-01-22,N92000002,586,97166,"1,904,563",,
Northern Ireland,2021-01-21,N92000002,716,96580,"1,904,563",,
Northern Ireland,2021-01-20,N92000002,753,95864,"1,904,563",,
Northern Ireland,2021-01-19,N92000002,835,95111,"1,904,563",,
Northern Ireland,2021-01-18,N92000002,880,94276,"1,904,563",,
Northern Ireland,2021-01-17,N92000002,588,93396,"1,904,563",,
Northern Ireland,2021-01-16,N92000002,654,92808,"1,904,563",,
Northern Ireland,2021-01-15,N92000002,821,92154,"1,904,563",,
Northern Ireland,2021-01-14,N92000002,872,91333,"1,904,563",,
Northern Ireland,2021-01-13,N92000002,1026,90461,"1,904,563",,
Northern Ireland,2021-01-12,N92000002,1087,89435,"1,904,563",,
Northern Ireland,2021-01-11,N92000002,1245,88348,"1,904,563",,
Northern Ireland,2021-01-10,N92000002,824,87103,"1,904,563",,
Northern Ireland,2021-01-09,N92000002,975,86279,"1,904,563",,
Northern Ireland,2021-01-08,N92000002,1187,85304,"1,904,563",,
Northern Ireland,2021-01-07,N92000002,1187,84117,"1,904,563",,
Northern Ireland,2021-01-06,N92000002,1489,82930,"1,904,563",,
Northern Ireland,2021-01-05,N92000002,1598,81441,"1,904,563",,
Northern Ireland,2021-01-04,N92000002,2010,79843,"1,904,563",,
Northern Ireland,2021-01-03,N92000002,1639,77833,"1,904,563",,
Northern Ireland,2021-01-02,N92000002,1920,76194,"1,904,563",,
Northern Ireland,2021-01-01,N92000002,1228,74274,"1,904,563",,
Northern Ireland,2020-12-31,N92000002,1735,73046,"1,904,563",,
Northern Ireland,2020-12-30,N92000002,2246,71311,"1,904,563",,
Northern Ireland,2020-12-29,N92000002,2332,69065,"1,904,563",,
Northern Ireland,2020-12-28,N92000002,1398,66733,"1,904,563",,
Northern Ireland,2020-12-27,N92000002,1093,65335,"1,904,563",,
Northern Ireland,2020-12-26,N92000002,705,64242,"1,904,563",,
Northern Ireland,2020-12-25,N92000002,335,63537,"1,904,563",,
Northern Ireland,2020-12-24,N92000002,614,63202,"1,904,563",,
Northern Ireland,2020-12-23,N92000002,795,62588,"1,904,563",,
Northern Ireland,2020-12-22,N92000002,699,61793,"1,904,563",,
Northern Ireland,2020-12-21,N92000002,699,61094,"1,904,563",,
Northern Ireland,2020-12-20,N92000002,488,60395,"1,904,563",,
Northern Ireland,2020-12-19,N92000002,476,59907,"1,904,563",,
Northern Ireland,2020-12-18,N92000002,535,59431,"1,904,563",,
Northern Ireland,2020-12-17,N92000002,589,58896,"1,904,563",,
Northern Ireland,2020-12-16,N92000002,610,58307,"1,904,563",,
Northern Ireland,2020-12-15,N92000002,513,57697,"1,904,563",,
Northern Ireland,2020-12-14,N92000002,558,57184,"1,904,563",,
Northern Ireland,2020-12-13,N92000002,404,56626,"1,904,563",,
Northern Ireland,2020-12-12,N92000002,353,56222,"1,904,563",,
Northern Ireland,2020-12-11,N92000002,527,55869,"1,904,563",,
Northern Ireland,2020-12-10,N92000002,498,55342,"1,904,563",,
Northern Ireland,2020-12-09,N92000002,458,54844,"1,904,563",,
Northern Ireland,2020-12-08,N92000002,479,54386,"1,904,563",,
Northern Ireland,2020-12-07,N92000002,456,53907,"1,904,563",,
Northern Ireland,2020-12-06,N92000002,355,53451,"1,904,563",,
Northern Ireland,2020-12-05,N92000002,391,53096,"1,904,563",,
Northern Ireland,2020-12-04,N92000002,418,52705,"1,904,563",,
Northern Ireland,2020-12-03,N92000002,488,52287,"1,904,563",,
Northern Ireland,2020-12-02,N92000002,411,51799,"1,904,563",,
Northern Ireland,2020-12-01,N92000002,409,51388,"1,904,563",,
Northern Ireland,2020-11-30,N92000002,489,50979,"1,904,563",,
Northern Ireland,2020-11-29,N92000002,260,50490,"1,904,563",,
Northern Ireland,2020-11-28,N92000002,323,50230,"1,904,563",,
Northern Ireland,2020-11-27,N92000002,322,49907,"1,904,563",,
Northern Ireland,2020-11-26,N92000002,335,49585,"1,904,563",,
Northern Ireland,2020-11-25,N92000002,391,49250,"1,904,563",,
Northern Ireland,2020-11-24,N92000002,324,48859,"1,904,563",,
Northern Ireland,2020-11-23,N92000002,364,48535,"1,904,563",,
Northern Ireland,2020-11-22,N92000002,253,48171,"1,904,563",,
Northern Ireland,2020-11-21,N92000002,283,47918,"1,904,563",,
Northern Ireland,2020-11-20,N92000002,343,47635,"1,904,563",,
Northern Ireland,2020-11-19,N92000002,339,47292,"1,904,563",,
Northern Ireland,2020-11-18,N92000002,429,46953,"1,904,563",,
Northern Ireland,2020-11-17,N92000002,543,46524,"1,904,563",,
Northern Ireland,2020-11-16,N92000002,545,45981,"1,904,563",,
Northern Ireland,2020-11-15,N92000002,366,45436,"1,904,563",,
Northern Ireland,2020-11-14,N92000002,399,45070,"1,904,563",,
Northern Ireland,2020-11-13,N92000002,466,44671,"1,904,563",,
Northern Ireland,2020-11-12,N92000002,537,44205,"1,904,563",,
Northern Ireland,2020-11-11,N92000002,588,43668,"1,904,563",,
Northern Ireland,2020-11-10,N92000002,700,43080,"1,904,563",,
Northern Ireland,2020-11-09,N92000002,645,42380,"1,904,563",,
Northern Ireland,2020-11-08,N92000002,400,41735,"1,904,563",,
Northern Ireland,2020-11-07,N92000002,431,41335,"1,904,563",,
Northern Ireland,2020-11-06,N92000002,467,40904,"1,904,563",,
Northern Ireland,2020-11-05,N92000002,543,40437,"1,904,563",,
Northern Ireland,2020-11-04,N92000002,577,39894,"1,904,563",,
Northern Ireland,2020-11-03,N92000002,626,39317,"1,904,563",,
Northern Ireland,2020-11-02,N92000002,646,38691,"1,904,563",,
Northern Ireland,2020-11-01,N92000002,443,38045,"1,904,563",,
Northern Ireland,2020-10-31,N92000002,487,37602,"1,904,563",,
Northern Ireland,2020-10-30,N92000002,661,37115,"1,904,563",,
Northern Ireland,2020-10-29,N92000002,674,36454,"1,904,563",,
Northern Ireland,2020-10-28,N92000002,730,35780,"1,904,563",,
Northern Ireland,2020-10-27,N92000002,804,35050,"1,904,563",,
Northern Ireland,2020-10-26,N92000002,872,34246,"1,904,563",,
Northern Ireland,2020-10-25,N92000002,661,33374,"1,904,563",,
Northern Ireland,2020-10-24,N92000002,743,32713,"1,904,563",,
Northern Ireland,2020-10-23,N92000002,856,31970,"1,904,563",,
Northern Ireland,2020-10-22,N92000002,1060,31114,"1,904,563",,
Northern Ireland,2020-10-21,N92000002,1107,30054,"1,904,563",,
Northern Ireland,2020-10-20,N92000002,1049,28947,"1,904,563",,
Northern Ireland,2020-10-19,N92000002,1033,27898,"1,904,563",,
Northern Ireland,2020-10-18,N92000002,779,26865,"1,904,563",,
Northern Ireland,2020-10-17,N92000002,832,26086,"1,904,563",,
Northern Ireland,2020-10-16,N92000002,949,25254,"1,904,563",,
Northern Ireland,2020-10-15,N92000002,1094,24305,"1,904,563",,
Northern Ireland,2020-10-14,N92000002,1071,23211,"1,904,563",,
Northern Ireland,2020-10-13,N92000002,1082,22140,"1,904,563",,
Northern Ireland,2020-10-12,N92000002,1114,21058,"1,904,563",,
Northern Ireland,2020-10-11,N92000002,835,19944,"1,904,563",,
Northern Ireland,2020-10-10,N92000002,785,19109,"1,904,563",,
Northern Ireland,2020-10-09,N92000002,858,18324,"1,904,563",,
Northern Ireland,2020-10-08,N92000002,975,17466,"1,904,563",,
Northern Ireland,2020-10-07,N92000002,1051,16491,"1,904,563",,
Northern Ireland,2020-10-06,N92000002,829,15440,"1,904,563",,
Northern Ireland,2020-10-05,N92000002,733,14611,"1,904,563",,
Northern Ireland,2020-10-04,N92000002,631,13878,"1,904,563",,
Northern Ireland,2020-10-03,N92000002,634,13247,"1,904,563",,
Northern Ireland,2020-10-02,N92000002,714,12613,"1,904,563",,
Northern Ireland,2020-10-01,N92000002,507,11899,"1,904,563",,
Northern Ireland,2020-09-30,N92000002,659,11392,"1,904,563",,
Northern Ireland,2020-09-29,N92000002,409,10733,"1,904,563",,
Northern Ireland,2020-09-28,N92000002,292,10324,"1,904,563",,
Northern Ireland,2020-09-27,N92000002,264,10032,"1,904,563",,
Northern Ireland,2020-09-26,N92000002,269,9768,"1,904,563",,
Northern Ireland,2020-09-25,N92000002,249,9499,"1,904,563",,
Northern Ireland,2020-09-24,N92000002,290,9250,"1,904,563",,
Northern Ireland,2020-09-23,N92000002,217,8960,"1,904,563",,
Northern Ireland,2020-09-22,N92000002,168,8743,"1,904,563",,
Northern Ireland,2020-09-21,N92000002,133,8575,"1,904,563",,
Northern Ireland,2020-09-20,N92000002,121,8442,"1,904,563",,
Northern Ireland,2020-09-19,N92000002,162,8321,"1,904,563",,
Northern Ireland,2020-09-18,N92000002,168,8159,"1,904,563",,
Northern Ireland,2020-09-17,N92000002,181,7991,"1,904,563",,
Northern Ireland,2020-09-16,N92000002,145,7810,"1,904,563",,
Northern Ireland,2020-09-15,N92000002,103,7665,"1,904,563",,
Northern Ireland,2020-09-14,N92000002,118,7562,"1,904,563",,
Northern Ireland,2020-09-13,N92000002,100,7444,"1,904,563",,
Northern Ireland,2020-09-12,N92000002,98,7344,"1,904,563",,
Northern Ireland,2020-09-11,N92000002,76,7246,"1,904,563",,
Northern Ireland,2020-09-10,N92000002,83,7170,"1,904,563",,
Northern Ireland,2020-09-09,N92000002,92,7087,"1,904,563",,
Northern Ireland,2020-09-08,N92000002,52,6995,"1,904,563",,
Northern Ireland,2020-09-07,N92000002,74,6943,"1,904,563",,
Northern Ireland,2020-09-06,N92000002,102,6869,"1,904,563",,
Northern Ireland,2020-09-05,N92000002,87,6767,"1,904,563",,
Northern Ireland,2020-09-04,N92000002,135,6680,"1,904,563",,
Northern Ireland,2020-09-03,N92000002,109,6545,"1,904,563",,
Northern Ireland,2020-09-02,N92000002,94,6436,"1,904,563",,
Northern Ireland,2020-09-01,N92000002,69,6342,"1,904,563",,
Northern Ireland,2020-08-31,N92000002,46,6273,"1,904,563",,
Northern Ireland,2020-08-30,N92000002,36,6227,"1,904,563",,
Northern Ireland,2020-08-29,N92000002,40,6191,"1,904,563",,
Northern Ireland,2020-08-28,N92000002,81,6151,"1,904,563",,
Northern Ireland,2020-08-27,N92000002,85,6070,"1,904,563",,
Northern Ireland,2020-08-26,N92000002,65,5985,"1,904,563",,
Northern Ireland,2020-08-25,N92000002,64,5920,"1,904,563",,
Northern Ireland,2020-08-24,N92000002,48,5856,"1,904,563",,
Northern Ireland,2020-08-23,N92000002,51,5808,"1,904,563",,
Northern Ireland,2020-08-22,N92000002,44,5757,"1,904,563",,
Northern Ireland,2020-08-21,N92000002,74,5713,"1,904,563",,
Northern Ireland,2020-08-20,N92000002,72,5639,"1,904,563",,
Northern Ireland,2020-08-19,N92000002,47,5567,"1,904,563",,
Northern Ireland,2020-08-18,N92000002,45,5520,"1,904,563",,
Northern Ireland,2020-08-17,N92000002,48,5475,"1,904,563",,
Northern Ireland,2020-08-16,N92000002,20,5427,"1,904,563",,
Northern Ireland,2020-08-15,N92000002,27,5407,"1,904,563",,
Northern Ireland,2020-08-14,N92000002,58,5380,"1,904,563",,
Northern Ireland,2020-08-13,N92000002,50,5322,"1,904,563",,
Northern Ireland,2020-08-12,N92000002,44,5272,"1,904,563",,
Northern Ireland,2020-08-11,N92000002,39,5228,"1,904,563",,
Northern Ireland,2020-08-10,N92000002,47,5189,"1,904,563",,
Northern Ireland,2020-08-09,N92000002,24,5142,"1,904,563",,
Northern Ireland,2020-08-08,N92000002,30,5118,"1,904,563",,
Northern Ireland,2020-08-07,N92000002,19,5088,"1,904,563",,
Northern Ireland,2020-08-06,N92000002,15,5069,"1,904,563",,
Northern Ireland,2020-08-05,N92000002,31,5054,"1,904,563",,
Northern Ireland,2020-08-04,N92000002,20,5023,"1,904,563",,
Northern Ireland,2020-08-03,N92000002,15,5003,"1,904,563",,
Northern Ireland,2020-08-02,N92000002,13,4988,"1,904,563",,
Northern Ireland,2020-08-01,N92000002,12,4975,"1,904,563",,
Northern Ireland,2020-07-31,N92000002,16,4963,"1,904,563",,
Northern Ireland,2020-07-30,N92000002,9,4947,"1,904,563",,
Northern Ireland,2020-07-29,N92000002,11,4938,"1,904,563",,
Northern Ireland,2020-07-28,N92000002,9,4927,"1,904,563",,
Northern Ireland,2020-07-27,N92000002,9,4918,"1,904,563",,
Northern Ireland,2020-07-24,N92000002,13,4902,"1,904,563",,
Northern Ireland,2020-07-23,N92000002,13,4889,"1,904,563",,
Northern Ireland,2020-07-22,N92000002,9,4876,"1,904,563",,
Northern Ireland,2020-07-21,N92000002,11,4867,"1,904,563",,
Northern Ireland,2020-07-18,N92000002,7,4850,"1,904,563",,
Northern Ireland,2020-07-17,N92000002,9,4843,"1,904,563",,
Northern Ireland,2020-07-16,N92000002,21,4834,"1,904,563",,
Northern Ireland,2020-07-15,N92000002,17,4813,"1,904,563",,
Northern Ireland,2020-07-14,N92000002,11,4796,"1,904,563",,
Northern Ireland,2020-07-08,N92000002,7,4767,"1,904,563",,
Northern Ireland,2020-07-06,N92000002,7,4756,"1,904,563",,
Northern Ireland,2020-07-03,N92000002,6,4748,"1,904,563",,
Northern Ireland,2020-07-01,N92000002,7,4738,"1,904,563",,
Northern Ireland,2020-06-19,N92000002,11,4703,"1,904,563",,
Northern Ireland,2020-06-18,N92000002,8,4692,"1,904,563",,
Northern Ireland,2020-06-17,N92000002,6,4684,"1,904,563",,
Northern Ireland,2020-06-16,N92000002,8,4678,"1,904,563",,
Northern Ireland,2020-06-15,N92000002,14,4670,"1,904,563",,
Northern Ireland,2020-06-14,N92000002,7,4656,"1,904,563",,
Northern Ireland,2020-06-13,N92000002,13,4649,"1,904,563",,
Northern Ireland,2020-06-12,N92000002,10,4636,"1,904,563",,
Northern Ireland,2020-06-11,N92000002,10,4626,"1,904,563",,
Northern Ireland,2020-06-10,N92000002,14,4616,"1,904,563",,
Northern Ireland,2020-06-09,N92000002,10,4602,"1,904,563",,
Northern Ireland,2020-06-08,N92000002,17,4592,"1,904,563",,
Northern Ireland,2020-06-06,N92000002,8,4572,"1,904,563",,
Northern Ireland,2020-06-05,N92000002,24,4564,"1,904,563",,
Northern Ireland,2020-06-04,N92000002,8,4540,"1,904,563",,
Northern Ireland,2020-06-03,N92000002,10,4532,"1,904,563",,
Northern Ireland,2020-06-02,N92000002,10,4522,"1,904,563",,
Northern Ireland,2020-06-01,N92000002,18,4512,"1,904,563",,
Northern Ireland,2020-05-31,N92000002,27,4494,"1,904,563",,
Northern Ireland,2020-05-30,N92000002,12,4467,"1,904,563",,
Northern Ireland,2020-05-29,N92000002,21,4455,"1,904,563",,
Northern Ireland,2020-05-28,N92000002,25,4434,"1,904,563",,
Northern Ireland,2020-05-27,N92000002,25,4409,"1,904,563",,
Northern Ireland,2020-05-26,N92000002,29,4384,"1,904,563",,
Northern Ireland,2020-05-25,N92000002,34,4355,"1,904,563",,
Northern Ireland,2020-05-24,N92000002,31,4321,"1,904,563",,
Northern Ireland,2020-05-23,N92000002,51,4290,"1,904,563",,
Northern Ireland,2020-05-22,N92000002,32,4239,"1,904,563",,
Northern Ireland,2020-05-21,N92000002,47,4207,"1,904,563",,
Northern Ireland,2020-05-20,N92000002,73,4160,"1,904,563",,
Northern Ireland,2020-05-19,N92000002,67,4087,"1,904,563",,
Northern Ireland,2020-05-18,N92000002,45,4020,"1,904,563",,
Northern Ireland,2020-05-17,N92000002,34,3975,"1,904,563",,
Northern Ireland,2020-05-16,N92000002,32,3941,"1,904,563",,
Northern Ireland,2020-05-15,N92000002,54,3909,"1,904,563",,
Northern Ireland,2020-05-14,N92000002,65,3855,"1,904,563",,
Northern Ireland,2020-05-13,N92000002,79,3790,"1,904,563",,
Northern Ireland,2020-05-12,N92000002,90,3711,"1,904,563",,
Northern Ireland,2020-05-11,N92000002,81,3621,"1,904,563",,
Northern Ireland,2020-05-10,N92000002,64,3540,"1,904,563",,
Northern Ireland,2020-05-09,N92000002,57,3476,"1,904,563",,
Northern Ireland,2020-05-08,N92000002,69,3419,"1,904,563",,
Northern Ireland,2020-05-07,N92000002,109,3350,"1,904,563",,
Northern Ireland,2020-05-06,N92000002,90,3241,"1,904,563",,
Northern Ireland,2020-05-05,N92000002,75,3151,"1,904,563",,
Northern Ireland,2020-05-04,N92000002,77,3076,"1,904,563",,
Northern Ireland,2020-05-03,N92000002,58,2999,"1,904,563",,
Northern Ireland,2020-05-02,N92000002,95,2941,"1,904,563",,
Northern Ireland,2020-05-01,N92000002,105,2846,"1,904,563",,
Northern Ireland,2020-04-30,N92000002,110,2741,"1,904,563",,
Northern Ireland,2020-04-29,N92000002,89,2631,"1,904,563",,
Northern Ireland,2020-04-28,N92000002,71,2542,"1,904,563",,
Northern Ireland,2020-04-27,N92000002,76,2471,"1,904,563",,
Northern Ireland,2020-04-26,N92000002,47,2395,"1,904,563",,
Northern Ireland,2020-04-25,N92000002,55,2348,"1,904,563",,
Northern Ireland,2020-04-24,N92000002,90,2293,"1,904,563",,
Northern Ireland,2020-04-23,N92000002,78,2203,"1,904,563",,
Northern Ireland,2020-04-22,N92000002,112,2125,"1,904,563",,
Northern Ireland,2020-04-21,N92000002,141,2013,"1,904,563",,
Northern Ireland,2020-04-20,N92000002,114,1872,"1,904,563",,
Northern Ireland,2020-04-19,N92000002,47,1758,"1,904,563",,
Northern Ireland,2020-04-18,N92000002,90,1711,"1,904,563",,
Northern Ireland,2020-04-17,N92000002,171,1621,"1,904,563",,
Northern Ireland,2020-04-16,N92000002,141,1450,"1,904,563",,
Northern Ireland,2020-04-15,N92000002,138,1309,"1,904,563",,
Northern Ireland,2020-04-14,N92000002,102,1171,"1,904,563",,
Northern Ireland,2020-04-13,N92000002,108,1069,"1,904,563",,
Northern Ireland,2020-04-12,N92000002,81,961,"1,904,563",,
Northern Ireland,2020-04-11,N92000002,68,880,"1,904,563",,
Northern Ireland,2020-04-10,N92000002,100,812,"1,904,563",,
Northern Ireland,2020-04-09,N92000002,104,712,"1,904,563",,
Northern Ireland,2020-04-08,N92000002,102,608,"1,904,563",,
Northern Ireland,2020-04-07,N92000002,134,506,"1,904,563",,
Northern Ireland,2020-04-06,N92000002,79,372,"1,904,563",,
Northern Ireland,2020-04-05,N92000002,13,293,"1,904,563",,
Northern Ireland,2020-04-04,N92000002,29,280,"1,904,563",,
Northern Ireland,2020-04-03,N92000002,40,251,"1,904,563",,
Northern Ireland,2020-04-02,N92000002,39,211,"1,904,563",,
Northern Ireland,2020-04-01,N92000002,25,172,"1,904,563",,
Northern Ireland,2020-03-31,N92000002,28,147,"1,904,563",,
Northern Ireland,2020-03-30,N92000002,21,119,"1,904,563",,
Northern Ireland,2020-03-29,N92000002,13,98,"1,904,563",,
Northern Ireland,2020-03-28,N92000002,24,85,"1,904,563",,
Northern Ireland,2020-03-27,N92000002,15,61,"1,904,563",,
Northern Ireland,2020-03-26,N92000002,6,46,"1,904,563",,
Northern Ireland,2020-03-23,N92000002,7,31,"1,904,563",,
Northern Ireland,2020-03-11,N92000002,6,24,"1,904,563",,
Scotland,2022-06-01,S92000003,820,1958838,"5,479,900",-3.97094,56.1774
Scotland,2022-05-31,S92000003,1229,1958018,"5,479,900",-3.97094,56.1774
Scotland,2022-05-30,S92000003,1131,1956789,"5,479,900",-3.97094,56.1774
Scotland,2022-05-29,S92000003,951,1955658,"5,479,900",-3.97094,56.1774
Scotland,2022-05-28,S92000003,808,1954707,"5,479,900",-3.97094,56.1774
Scotland,2022-05-27,S92000003,864,1953899,"5,479,900",-3.97094,56.1774
Scotland,2022-05-26,S92000003,895,1953035,"5,479,900",-3.97094,56.1774
Scotland,2022-05-25,S92000003,1048,1952140,"5,479,900",-3.97094,56.1774
Scotland,2022-05-24,S92000003,1032,1951092,"5,479,900",-3.97094,56.1774
Scotland,2022-05-23,S92000003,1013,1950060,"5,479,900",-3.97094,56.1774
Scotland,2022-05-22,S92000003,816,1949047,"5,479,900",-3.97094,56.1774
Scotland,2022-05-21,S92000003,746,1948231,"5,479,900",-3.97094,56.1774
Scotland,2022-05-20,S92000003,746,1947485,"5,479,900",-3.97094,56.1774
Scotland,2022-05-19,S92000003,799,1946739,"5,479,900",-3.97094,56.1774
Scotland,2022-05-18,S92000003,909,1945940,"5,479,900",-3.97094,56.1774
Scotland,2022-05-17,S92000003,1063,1945031,"5,479,900",-3.97094,56.1774
Scotland,2022-05-16,S92000003,1110,1943968,"5,479,900",-3.97094,56.1774
Scotland,2022-05-15,S92000003,921,1942858,"5,479,900",-3.97094,56.1774
Scotland,2022-05-14,S92000003,739,1941937,"5,479,900",-3.97094,56.1774
Scotland,2022-05-13,S92000003,867,1941198,"5,479,900",-3.97094,56.1774
Scotland,2022-05-12,S92000003,982,1940331,"5,479,900",-3.97094,56.1774
Scotland,2022-05-11,S92000003,1093,1939349,"5,479,900",-3.97094,56.1774
Scotland,2022-05-10,S92000003,1169,1938256,"5,479,900",-3.97094,56.1774
Scotland,2022-05-09,S92000003,1355,1937087,"5,479,900",-3.97094,56.1774
Scotland,2022-05-08,S92000003,1018,1935732,"5,479,900",-3.97094,56.1774
Scotland,2022-05-07,S92000003,840,1934714,"5,479,900",-3.97094,56.1774
Scotland,2022-05-06,S92000003,1043,1933874,"5,479,900",-3.97094,56.1774
Scotland,2022-05-05,S92000003,1210,1932831,"5,479,900",-3.97094,56.1774
Scotland,2022-05-04,S92000003,1422,1931621,"5,479,900",-3.97094,56.1774
Scotland,2022-05-03,S92000003,1632,1930199,"5,479,900",-3.97094,56.1774
Scotland,2022-05-02,S92000003,1176,1928567,"5,479,900",-3.97094,56.1774
Scotland,2022-05-01,S92000003,995,1927391,"5,479,900",-3.97094,56.1774
Scotland,2022-04-30,S92000003,1214,1926396,"5,479,900",-3.97094,56.1774
Scotland,2022-04-29,S92000003,1647,1925182,"5,479,900",-3.97094,56.1774
Scotland,2022-04-28,S92000003,2116,1923535,"5,479,900",-3.97094,56.1774
Scotland,2022-04-27,S92000003,2453,1921419,"5,479,900",-3.97094,56.1774
Scotland,2022-04-26,S92000003,2745,1918966,"5,479,900",-3.97094,56.1774
Scotland,2022-04-25,S92000003,3102,1916221,"5,479,900",-3.97094,56.1774
Scotland,2022-04-24,S92000003,2300,1913119,"5,479,900",-3.97094,56.1774
Scotland,2022-04-23,S92000003,2139,1910819,"5,479,900",-3.97094,56.1774
Scotland,2022-04-22,S92000003,2548,1908680,"5,479,900",-3.97094,56.1774
Scotland,2022-04-21,S92000003,3185,1906132,"5,479,900",-3.97094,56.1774
Scotland,2022-04-20,S92000003,3636,1902947,"5,479,900",-3.97094,56.1774
Scotland,2022-04-19,S92000003,4243,1899311,"5,479,900",-3.97094,56.1774
Scotland,2022-04-18,S92000003,3880,1895068,"5,479,900",-3.97094,56.1774
Scotland,2022-04-17,S92000003,3301,1891188,"5,479,900",-3.97094,56.1774
Scotland,2022-04-16,S92000003,3222,1887887,"5,479,900",-3.97094,56.1774
Scotland,2022-04-15,S92000003,3631,1884665,"5,479,900",-3.97094,56.1774
Scotland,2022-04-14,S92000003,4320,1881034,"5,479,900",-3.97094,56.1774
Scotland,2022-04-13,S92000003,5135,1876714,"5,479,900",-3.97094,56.1774
Scotland,2022-04-12,S92000003,5304,1871579,"5,479,900",-3.97094,56.1774
Scotland,2022-04-11,S92000003,5544,1866275,"5,479,900",-3.97094,56.1774
Scotland,2022-04-10,S92000003,4388,1860731,"5,479,900",-3.97094,56.1774
Scotland,2022-04-09,S92000003,4086,1856343,"5,479,900",-3.97094,56.1774
Scotland,2022-04-08,S92000003,4602,1852257,"5,479,900",-3.97094,56.1774
Scotland,2022-04-07,S92000003,5671,1847655,"5,479,900",-3.97094,56.1774
Scotland,2022-04-06,S92000003,6420,1841984,"5,479,900",-3.97094,56.1774
Scotland,2022-04-05,S92000003,7012,1835564,"5,479,900",-3.97094,56.1774
Scotland,2022-04-04,S92000003,6791,1828552,"5,479,900",-3.97094,56.1774
Scotland,2022-04-03,S92000003,5319,1821761,"5,479,900",-3.97094,56.1774
Scotland,2022-04-02,S92000003,4854,1816442,"5,479,900",-3.97094,56.1774
Scotland,2022-04-01,S92000003,5611,1811588,"5,479,900",-3.97094,56.1774
Scotland,2022-03-31,S92000003,6770,1805977,"5,479,900",-3.97094,56.1774
Scotland,2022-03-30,S92000003,8144,1799207,"5,479,900",-3.97094,56.1774
Scotland,2022-03-29,S92000003,9750,1791063,"5,479,900",-3.97094,56.1774
Scotland,2022-03-28,S92000003,10260,1781313,"5,479,900",-3.97094,56.1774
Scotland,2022-03-27,S92000003,7824,1771053,"5,479,900",-3.97094,56.1774
Scotland,2022-03-26,S92000003,7216,1763229,"5,479,900",-3.97094,56.1774
Scotland,2022-03-25,S92000003,8814,1756013,"5,479,900",-3.97094,56.1774
Scotland,2022-03-24,S92000003,10379,1747199,"5,479,900",-3.97094,56.1774
Scotland,2022-03-23,S92000003,11769,1736820,"5,479,900",-3.97094,56.1774
Scotland,2022-03-22,S92000003,12339,1725051,"5,479,900",-3.97094,56.1774
Scotland,2022-03-21,S92000003,13644,1712712,"5,479,900",-3.97094,56.1774
Scotland,2022-03-20,S92000003,10509,1699068,"5,479,900",-3.97094,56.1774
Scotland,2022-03-19,S92000003,9158,1688559,"5,479,900",-3.97094,56.1774
Scotland,2022-03-18,S92000003,9866,1679401,"5,479,900",-3.97094,56.1774
Scotland,2022-03-17,S92000003,11421,1669535,"5,479,900",-3.97094,56.1774
Scotland,2022-03-16,S92000003,13457,1658114,"5,479,900",-3.97094,56.1774
Scotland,2022-03-15,S92000003,14803,1644657,"5,479,900",-3.97094,56.1774
Scotland,2022-03-14,S92000003,15277,1629854,"5,479,900",-3.97094,56.1774
Scotland,2022-03-13,S92000003,12133,1614577,"5,479,900",-3.97094,56.1774
Scotland,2022-03-12,S92000003,10080,1602444,"5,479,900",-3.97094,56.1774
Scotland,2022-03-11,S92000003,11413,1592364,"5,479,900",-3.97094,56.1774
Scotland,2022-03-10,S92000003,12498,1580951,"5,479,900",-3.97094,56.1774
Scotland,2022-03-09,S92000003,13938,1568453,"5,479,900",-3.97094,56.1774
Scotland,2022-03-08,S92000003,13585,1554515,"5,479,900",-3.97094,56.1774
Scotland,2022-03-07,S92000003,13337,1540930,"5,479,900",-3.97094,56.1774
Scotland,2022-03-06,S92000003,10047,1527593,"5,479,900",-3.97094,56.1774
Scotland,2022-03-05,S92000003,7707,1517546,"5,479,900",-3.97094,56.1774
Scotland,2022-03-04,S92000003,8105,1509839,"5,479,900",-3.97094,56.1774
Scotland,2022-03-03,S92000003,9019,1501734,"5,479,900",-3.97094,56.1774
Scotland,2022-03-02,S92000003,9364,1492715,"5,479,900",-3.97094,56.1774
Scotland,2022-03-01,S92000003,9450,1483351,"5,479,900",-3.97094,56.1774
Scotland,2022-02-28,S92000003,9264,1473901,"5,479,900",-3.97094,56.1774
Scotland,2022-02-27,S92000003,6516,1464637,"5,479,900",-3.97094,56.1774
Scotland,2022-02-26,S92000003,5384,1458121,"5,479,900",-3.97094,56.1774
Scotland,2022-02-25,S92000003,5977,1452737,"5,479,900",-3.97094,56.1774
Scotland,2022-02-24,S92000003,6153,1446760,"5,479,900",-3.97094,56.1774
Scotland,2022-02-23,S92000003,7238,1440607,"5,479,900",-3.97094,56.1774
Scotland,2022-02-22,S92000003,7667,1433369,"5,479,900",-3.97094,56.1774
Scotland,2022-02-21,S92000003,8145,1425702,"5,479,900",-3.97094,56.1774
Scotland,2022-02-20,S92000003,6314,1417557,"5,479,900",-3.97094,56.1774
Scotland,2022-02-19,S92000003,5482,1411243,"5,479,900",-3.97094,56.1774
Scotland,2022-02-18,S92000003,5943,1405761,"5,479,900",-3.97094,56.1774
Scotland,2022-02-17,S92000003,7248,1399818,"5,479,900",-3.97094,56.1774
Scotland,2022-02-16,S92000003,7943,1392570,"5,479,900",-3.97094,56.1774
Scotland,2022-02-15,S92000003,8216,1384627,"5,479,900",-3.97094,56.1774
Scotland,2022-02-14,S92000003,7805,1376411,"5,479,900",-3.97094,56.1774
Scotland,2022-02-13,S92000003,6064,1368606,"5,479,900",-3.97094,56.1774
Scotland,2022-02-12,S92000003,5412,1362542,"5,479,900",-3.97094,56.1774
Scotland,2022-02-11,S92000003,6107,1357130,"5,479,900",-3.97094,56.1774
Scotland,2022-02-10,S92000003,6768,1351023,"5,479,900",-3.97094,56.1774
Scotland,2022-02-09,S92000003,8217,1344255,"5,479,900",-3.97094,56.1774
Scotland,2022-02-08,S92000003,8566,1336038,"5,479,900",-3.97094,56.1774
Scotland,2022-02-07,S92000003,7783,1327472,"5,479,900",-3.97094,56.1774
Scotland,2022-02-06,S92000003,6064,1319689,"5,479,900",-3.97094,56.1774
Scotland,2022-02-05,S92000003,5287,1313625,"5,479,900",-3.97094,56.1774
Scotland,2022-02-04,S92000003,5972,1308338,"5,479,900",-3.97094,56.1774
Scotland,2022-02-03,S92000003,7179,1302366,"5,479,900",-3.97094,56.1774
Scotland,2022-02-02,S92000003,7973,1295187,"5,479,900",-3.97094,56.1774
Scotland,2022-02-01,S92000003,8412,1287214,"5,479,900",-3.97094,56.1774
Scotland,2022-01-31,S92000003,8929,1278802,"5,479,900",-3.97094,56.1774
Scotland,2022-01-30,S92000003,6958,1269873,"5,479,900",-3.97094,56.1774
Scotland,2022-01-29,S92000003,5492,1262915,"5,479,900",-3.97094,56.1774
Scotland,2022-01-28,S92000003,6597,1257423,"5,479,900",-3.97094,56.1774
Scotland,2022-01-27,S92000003,7109,1250826,"5,479,900",-3.97094,56.1774
Scotland,2022-01-26,S92000003,8184,1243717,"5,479,900",-3.97094,56.1774
Scotland,2022-01-25,S92000003,8454,1235533,"5,479,900",-3.97094,56.1774
Scotland,2022-01-24,S92000003,9491,1227079,"5,479,900",-3.97094,56.1774
Scotland,2022-01-23,S92000003,7360,1217588,"5,479,900",-3.97094,56.1774
Scotland,2022-01-22,S92000003,6117,1210228,"5,479,900",-3.97094,56.1774
Scotland,2022-01-21,S92000003,6659,1204111,"5,479,900",-3.97094,56.1774
Scotland,2022-01-20,S92000003,7088,1197452,"5,479,900",-3.97094,56.1774
Scotland,2022-01-19,S92000003,7904,1190364,"5,479,900",-3.97094,56.1774
Scotland,2022-01-18,S92000003,8548,1182460,"5,479,900",-3.97094,56.1774
Scotland,2022-01-17,S92000003,9173,1173912,"5,479,900",-3.97094,56.1774
Scotland,2022-01-16,S92000003,7095,1164739,"5,479,900",-3.97094,56.1774
Scotland,2022-01-15,S92000003,5803,1157644,"5,479,900",-3.97094,56.1774
Scotland,2022-01-14,S92000003,6514,1151841,"5,479,900",-3.97094,56.1774
Scotland,2022-01-13,S92000003,7290,1145327,"5,479,900",-3.97094,56.1774
Scotland,2022-01-12,S92000003,7683,1138037,"5,479,900",-3.97094,56.1774
Scotland,2022-01-11,S92000003,8301,1130354,"5,479,900",-3.97094,56.1774
Scotland,2022-01-10,S92000003,9403,1122053,"5,479,900",-3.97094,56.1774
Scotland,2022-01-09,S92000003,7691,1112650,"5,479,900",-3.97094,56.1774
Scotland,2022-01-08,S92000003,7292,1104959,"5,479,900",-3.97094,56.1774
Scotland,2022-01-07,S92000003,9132,1097667,"5,479,900",-3.97094,56.1774
Scotland,2022-01-06,S92000003,13900,1088535,"5,479,900",-3.97094,56.1774
Scotland,2022-01-05,S92000003,22564,1074635,"5,479,900",-3.97094,56.1774
Scotland,2022-01-04,S92000003,19852,1052071,"5,479,900",-3.97094,56.1774
Scotland,2022-01-03,S92000003,19518,1032219,"5,479,900",-3.97094,56.1774
Scotland,2022-01-02,S92000003,15692,1012701,"5,479,900",-3.97094,56.1774
Scotland,2022-01-01,S92000003,7363,997009,"5,479,900",-3.97094,56.1774
Scotland,2021-12-31,S92000003,17772,989646,"5,479,900",-3.97094,56.1774
Scotland,2021-12-30,S92000003,22179,971874,"5,479,900",-3.97094,56.1774
Scotland,2021-12-29,S92000003,23539,949695,"5,479,900",-3.97094,56.1774
Scotland,2021-12-28,S92000003,19858,926156,"5,479,900",-3.97094,56.1774
Scotland,2021-12-27,S92000003,18761,906298,"5,479,900",-3.97094,56.1774
Scotland,2021-12-26,S92000003,7487,887537,"5,479,900",-3.97094,56.1774
Scotland,2021-12-25,S92000003,4849,880050,"5,479,900",-3.97094,56.1774
Scotland,2021-12-24,S92000003,9698,875201,"5,479,900",-3.97094,56.1774
Scotland,2021-12-23,S92000003,12413,865503,"5,479,900",-3.97094,56.1774
Scotland,2021-12-22,S92000003,11912,853090,"5,479,900",-3.97094,56.1774
Scotland,2021-12-21,S92000003,10540,841178,"5,479,900",-3.97094,56.1774
Scotland,2021-12-20,S92000003,8651,830638,"5,479,900",-3.97094,56.1774
Scotland,2021-12-19,S92000003,5607,821987,"5,479,900",-3.97094,56.1774
Scotland,2021-12-18,S92000003,5206,816380,"5,479,900",-3.97094,56.1774
Scotland,2021-12-17,S92000003,5879,811174,"5,479,900",-3.97094,56.1774
Scotland,2021-12-16,S92000003,6649,805295,"5,479,900",-3.97094,56.1774
Scotland,2021-12-15,S92000003,7217,798646,"5,479,900",-3.97094,56.1774
Scotland,2021-12-14,S92000003,6564,791429,"5,479,900",-3.97094,56.1774
Scotland,2021-12-13,S92000003,5793,784865,"5,479,900",-3.97094,56.1774
Scotland,2021-12-12,S92000003,3414,779072,"5,479,900",-3.97094,56.1774
Scotland,2021-12-11,S92000003,3319,775658,"5,479,900",-3.97094,56.1774
Scotland,2021-12-10,S92000003,3803,772339,"5,479,900",-3.97094,56.1774
Scotland,2021-12-09,S92000003,4072,768536,"5,479,900",-3.97094,56.1774
Scotland,2021-12-08,S92000003,4219,764464,"5,479,900",-3.97094,56.1774
Scotland,2021-12-07,S92000003,3811,760245,"5,479,900",-3.97094,56.1774
Scotland,2021-12-06,S92000003,3823,756434,"5,479,900",-3.97094,56.1774
Scotland,2021-12-05,S92000003,2530,752611,"5,479,900",-3.97094,56.1774
Scotland,2021-12-04,S92000003,2150,750081,"5,479,900",-3.97094,56.1774
Scotland,2021-12-03,S92000003,2666,747931,"5,479,900",-3.97094,56.1774
Scotland,2021-12-02,S92000003,2968,745265,"5,479,900",-3.97094,56.1774
Scotland,2021-12-01,S92000003,3127,742297,"5,479,900",-3.97094,56.1774
Scotland,2021-11-30,S92000003,3334,739170,"5,479,900",-3.97094,56.1774
Scotland,2021-11-29,S92000003,3478,735836,"5,479,900",-3.97094,56.1774
Scotland,2021-11-28,S92000003,2344,732358,"5,479,900",-3.97094,56.1774
Scotland,2021-11-27,S92000003,1898,730014,"5,479,900",-3.97094,56.1774
Scotland,2021-11-26,S92000003,2254,728116,"5,479,900",-3.97094,56.1774
Scotland,2021-11-25,S92000003,2511,725862,"5,479,900",-3.97094,56.1774
Scotland,2021-11-24,S92000003,2924,723351,"5,479,900",-3.97094,56.1774
Scotland,2021-11-23,S92000003,2918,720427,"5,479,900",-3.97094,56.1774
Scotland,2021-11-22,S92000003,3188,717509,"5,479,900",-3.97094,56.1774
Scotland,2021-11-21,S92000003,2187,714321,"5,479,900",-3.97094,56.1774
Scotland,2021-11-20,S92000003,2236,712134,"5,479,900",-3.97094,56.1774
Scotland,2021-11-19,S92000003,2804,709898,"5,479,900",-3.97094,56.1774
Scotland,2021-11-18,S92000003,3014,707094,"5,479,900",-3.97094,56.1774
Scotland,2021-11-17,S92000003,3341,704080,"5,479,900",-3.97094,56.1774
Scotland,2021-11-16,S92000003,3311,700739,"5,479,900",-3.97094,56.1774
Scotland,2021-11-15,S92000003,3681,697428,"5,479,900",-3.97094,56.1774
Scotland,2021-11-14,S92000003,2441,693747,"5,479,900",-3.97094,56.1774
Scotland,2021-11-13,S92000003,2334,691306,"5,479,900",-3.97094,56.1774
Scotland,2021-11-12,S92000003,2877,688972,"5,479,900",-3.97094,56.1774
Scotland,2021-11-11,S92000003,3242,686095,"5,479,900",-3.97094,56.1774
Scotland,2021-11-10,S92000003,3318,682853,"5,479,900",-3.97094,56.1774
Scotland,2021-11-09,S92000003,3484,679535,"5,479,900",-3.97094,56.1774
Scotland,2021-11-08,S92000003,3853,676051,"5,479,900",-3.97094,56.1774
Scotland,2021-11-07,S92000003,2312,672198,"5,479,900",-3.97094,56.1774
Scotland,2021-11-06,S92000003,2228,669886,"5,479,900",-3.97094,56.1774
Scotland,2021-11-05,S92000003,2792,667658,"5,479,900",-3.97094,56.1774
Scotland,2021-11-04,S92000003,2820,664866,"5,479,900",-3.97094,56.1774
Scotland,2021-11-03,S92000003,3007,662046,"5,479,900",-3.97094,56.1774
Scotland,2021-11-02,S92000003,3068,659039,"5,479,900",-3.97094,56.1774
Scotland,2021-11-01,S92000003,3323,655971,"5,479,900",-3.97094,56.1774
Scotland,2021-10-31,S92000003,2087,652648,"5,479,900",-3.97094,56.1774
Scotland,2021-10-30,S92000003,2047,650561,"5,479,900",-3.97094,56.1774
Scotland,2021-10-29,S92000003,2566,648514,"5,479,900",-3.97094,56.1774
Scotland,2021-10-28,S92000003,2526,645948,"5,479,900",-3.97094,56.1774
Scotland,2021-10-27,S92000003,2685,643422,"5,479,900",-3.97094,56.1774
Scotland,2021-10-26,S92000003,2946,640737,"5,479,900",-3.97094,56.1774
Scotland,2021-10-25,S92000003,3318,637791,"5,479,900",-3.97094,56.1774
Scotland,2021-10-24,S92000003,2335,634473,"5,479,900",-3.97094,56.1774
Scotland,2021-10-23,S92000003,2154,632138,"5,479,900",-3.97094,56.1774
Scotland,2021-10-22,S92000003,2463,629984,"5,479,900",-3.97094,56.1774
Scotland,2021-10-21,S92000003,2555,627521,"5,479,900",-3.97094,56.1774
Scotland,2021-10-20,S92000003,2863,624966,"5,479,900",-3.97094,56.1774
Scotland,2021-10-19,S92000003,2781,622103,"5,479,900",-3.97094,56.1774
Scotland,2021-10-18,S92000003,2982,619322,"5,479,900",-3.97094,56.1774
Scotland,2021-10-17,S92000003,2316,616340,"5,479,900",-3.97094,56.1774
Scotland,2021-10-16,S92000003,2161,614024,"5,479,900",-3.97094,56.1774
Scotland,2021-10-15,S92000003,2584,611863,"5,479,900",-3.97094,56.1774
Scotland,2021-10-14,S92000003,2695,609279,"5,479,900",-3.97094,56.1774
Scotland,2021-10-13,S92000003,2659,606584,"5,479,900",-3.97094,56.1774
Scotland,2021-10-12,S92000003,2644,603925,"5,479,900",-3.97094,56.1774
Scotland,2021-10-11,S92000003,2838,601281,"5,479,900",-3.97094,56.1774
Scotland,2021-10-10,S92000003,1892,598443,"5,479,900",-3.97094,56.1774
Scotland,2021-10-09,S92000003,2147,596551,"5,479,900",-3.97094,56.1774
Scotland,2021-10-08,S92000003,2302,594404,"5,479,900",-3.97094,56.1774
Scotland,2021-10-07,S92000003,2614,592102,"5,479,900",-3.97094,56.1774
Scotland,2021-10-06,S92000003,2658,589488,"5,479,900",-3.97094,56.1774
Scotland,2021-10-05,S92000003,2851,586830,"5,479,900",-3.97094,56.1774
Scotland,2021-10-04,S92000003,2970,583979,"5,479,900",-3.97094,56.1774
Scotland,2021-10-03,S92000003,1994,581009,"5,479,900",-3.97094,56.1774
Scotland,2021-10-02,S92000003,1873,579015,"5,479,900",-3.97094,56.1774
Scotland,2021-10-01,S92000003,2048,577142,"5,479,900",-3.97094,56.1774
Scotland,2021-09-30,S92000003,2377,575094,"5,479,900",-3.97094,56.1774
Scotland,2021-09-29,S92000003,2609,572717,"5,479,900",-3.97094,56.1774
Scotland,2021-09-28,S92000003,3207,570108,"5,479,900",-3.97094,56.1774
Scotland,2021-09-27,S92000003,3135,566901,"5,479,900",-3.97094,56.1774
Scotland,2021-09-26,S92000003,2151,563766,"5,479,900",-3.97094,56.1774
Scotland,2021-09-25,S92000003,2140,561615,"5,479,900",-3.97094,56.1774
Scotland,2021-09-24,S92000003,2717,559475,"5,479,900",-3.97094,56.1774
Scotland,2021-09-23,S92000003,3121,556758,"5,479,900",-3.97094,56.1774
Scotland,2021-09-22,S92000003,3515,553637,"5,479,900",-3.97094,56.1774
Scotland,2021-09-21,S92000003,3804,550122,"5,479,900",-3.97094,56.1774
Scotland,2021-09-20,S92000003,4014,546318,"5,479,900",-3.97094,56.1774
Scotland,2021-09-19,S92000003,2800,542304,"5,479,900",-3.97094,56.1774
Scotland,2021-09-18,S92000003,2615,539504,"5,479,900",-3.97094,56.1774
Scotland,2021-09-17,S92000003,3378,536889,"5,479,900",-3.97094,56.1774
Scotland,2021-09-16,S92000003,3575,533511,"5,479,900",-3.97094,56.1774
Scotland,2021-09-15,S92000003,4079,529936,"5,479,900",-3.97094,56.1774
Scotland,2021-09-14,S92000003,4785,525857,"5,479,900",-3.97094,56.1774
Scotland,2021-09-13,S92000003,5096,521072,"5,479,900",-3.97094,56.1774
Scotland,2021-09-12,S92000003,3374,515976,"5,479,900",-3.97094,56.1774
Scotland,2021-09-11,S92000003,3630,512602,"5,479,900",-3.97094,56.1774
Scotland,2021-09-10,S92000003,4786,508972,"5,479,900",-3.97094,56.1774
Scotland,2021-09-09,S92000003,5561,504186,"5,479,900",-3.97094,56.1774
Scotland,2021-09-08,S92000003,6258,498625,"5,479,900",-3.97094,56.1774
Scotland,2021-09-07,S92000003,6727,492367,"5,479,900",-3.97094,56.1774
Scotland,2021-09-06,S92000003,7136,485640,"5,479,900",-3.97094,56.1774
Scotland,2021-09-05,S92000003,4939,478504,"5,479,900",-3.97094,56.1774
Scotland,2021-09-04,S92000003,5030,473565,"5,479,900",-3.97094,56.1774
Scotland,2021-09-03,S92000003,6180,468535,"5,479,900",-3.97094,56.1774
Scotland,2021-09-02,S92000003,7622,462355,"5,479,900",-3.97094,56.1774
Scotland,2021-09-01,S92000003,7565,454733,"5,479,900",-3.97094,56.1774
Scotland,2021-08-31,S92000003,7031,447168,"5,479,900",-3.97094,56.1774
Scotland,2021-08-30,S92000003,6590,440137,"5,479,900",-3.97094,56.1774
Scotland,2021-08-29,S92000003,4468,433547,"5,479,900",-3.97094,56.1774
Scotland,2021-08-28,S92000003,4781,429079,"5,479,900",-3.97094,56.1774
Scotland,2021-08-27,S92000003,6076,424298,"5,479,900",-3.97094,56.1774
Scotland,2021-08-26,S92000003,7291,418222,"5,479,900",-3.97094,56.1774
Scotland,2021-08-25,S92000003,6893,410931,"5,479,900",-3.97094,56.1774
Scotland,2021-08-24,S92000003,5656,404038,"5,479,900",-3.97094,56.1774
Scotland,2021-08-23,S92000003,5562,398382,"5,479,900",-3.97094,56.1774
Scotland,2021-08-22,S92000003,3671,392820,"5,479,900",-3.97094,56.1774
Scotland,2021-08-21,S92000003,3058,389149,"5,479,900",-3.97094,56.1774
Scotland,2021-08-20,S92000003,3454,386091,"5,479,900",-3.97094,56.1774
Scotland,2021-08-19,S92000003,3745,382637,"5,479,900",-3.97094,56.1774
Scotland,2021-08-18,S92000003,3740,378892,"5,479,900",-3.97094,56.1774
Scotland,2021-08-17,S92000003,3401,375152,"5,479,900",-3.97094,56.1774
Scotland,2021-08-16,S92000003,2764,371751,"5,479,900",-3.97094,56.1774
Scotland,2021-08-15,S92000003,1637,368987,"5,479,900",-3.97094,56.1774
Scotland,2021-08-14,S92000003,1488,367350,"5,479,900",-3.97094,56.1774
Scotland,2021-08-13,S92000003,1534,365862,"5,479,900",-3.97094,56.1774
Scotland,2021-08-12,S92000003,1405,364328,"5,479,900",-3.97094,56.1774
Scotland,2021-08-11,S92000003,1588,362923,"5,479,900",-3.97094,56.1774
Scotland,2021-08-10,S92000003,1534,361335,"5,479,900",-3.97094,56.1774
Scotland,2021-08-09,S92000003,1505,359801,"5,479,900",-3.97094,56.1774
Scotland,2021-08-08,S92000003,1053,358296,"5,479,900",-3.97094,56.1774
Scotland,2021-08-07,S92000003,947,357243,"5,479,900",-3.97094,56.1774
Scotland,2021-08-06,S92000003,1266,356296,"5,479,900",-3.97094,56.1774
Scotland,2021-08-05,S92000003,1344,355030,"5,479,900",-3.97094,56.1774
Scotland,2021-08-04,S92000003,1307,353686,"5,479,900",-3.97094,56.1774
Scotland,2021-08-03,S92000003,1381,352379,"5,479,900",-3.97094,56.1774
Scotland,2021-08-02,S92000003,1331,350998,"5,479,900",-3.97094,56.1774
Scotland,2021-08-01,S92000003,878,349667,"5,479,900",-3.97094,56.1774
Scotland,2021-07-31,S92000003,771,348789,"5,479,900",-3.97094,56.1774
Scotland,2021-07-30,S92000003,1037,348018,"5,479,900",-3.97094,56.1774
Scotland,2021-07-29,S92000003,1183,346981,"5,479,900",-3.97094,56.1774
Scotland,2021-07-28,S92000003,1297,345798,"5,479,900",-3.97094,56.1774
Scotland,2021-07-27,S92000003,1370,344501,"5,479,900",-3.97094,56.1774
Scotland,2021-07-26,S92000003,1383,343131,"5,479,900",-3.97094,56.1774
Scotland,2021-07-25,S92000003,950,341748,"5,479,900",-3.97094,56.1774
Scotland,2021-07-24,S92000003,958,340798,"5,479,900",-3.97094,56.1774
Scotland,2021-07-23,S92000003,1285,339840,"5,479,900",-3.97094,56.1774
Scotland,2021-07-22,S92000003,1393,338555,"5,479,900",-3.97094,56.1774
Scotland,2021-07-21,S92000003,1582,337162,"5,479,900",-3.97094,56.1774
Scotland,2021-07-20,S92000003,1613,335580,"5,479,900",-3.97094,56.1774
Scotland,2021-07-19,S92000003,1921,333967,"5,479,900",-3.97094,56.1774
Scotland,2021-07-18,S92000003,1393,332046,"5,479,900",-3.97094,56.1774
Scotland,2021-07-17,S92000003,1406,330653,"5,479,900",-3.97094,56.1774
Scotland,2021-07-16,S92000003,1764,329247,"5,479,900",-3.97094,56.1774
Scotland,2021-07-15,S92000003,1976,327483,"5,479,900",-3.97094,56.1774
Scotland,2021-07-14,S92000003,2214,325507,"5,479,900",-3.97094,56.1774
Scotland,2021-07-13,S92000003,2459,323293,"5,479,900",-3.97094,56.1774
Scotland,2021-07-12,S92000003,2595,320834,"5,479,900",-3.97094,56.1774
Scotland,2021-07-11,S92000003,1894,318239,"5,479,900",-3.97094,56.1774
Scotland,2021-07-10,S92000003,1824,316345,"5,479,900",-3.97094,56.1774
Scotland,2021-07-09,S92000003,2398,314521,"5,479,900",-3.97094,56.1774
Scotland,2021-07-08,S92000003,2749,312123,"5,479,900",-3.97094,56.1774
Scotland,2021-07-07,S92000003,2921,309374,"5,479,900",-3.97094,56.1774
Scotland,2021-07-06,S92000003,3106,306453,"5,479,900",-3.97094,56.1774
Scotland,2021-07-05,S92000003,3410,303347,"5,479,900",-3.97094,56.1774
Scotland,2021-07-04,S92000003,2426,299937,"5,479,900",-3.97094,56.1774
Scotland,2021-07-03,S92000003,2526,297511,"5,479,900",-3.97094,56.1774
Scotland,2021-07-02,S92000003,3098,294985,"5,479,900",-3.97094,56.1774
Scotland,2021-07-01,S92000003,3463,291887,"5,479,900",-3.97094,56.1774
Scotland,2021-06-30,S92000003,3948,288424,"5,479,900",-3.97094,56.1774
Scotland,2021-06-29,S92000003,3903,284476,"5,479,900",-3.97094,56.1774
Scotland,2021-06-28,S92000003,3951,280573,"5,479,900",-3.97094,56.1774
Scotland,2021-06-27,S92000003,2524,276622,"5,479,900",-3.97094,56.1774
Scotland,2021-06-26,S92000003,2316,274098,"5,479,900",-3.97094,56.1774
Scotland,2021-06-25,S92000003,2640,271782,"5,479,900",-3.97094,56.1774
Scotland,2021-06-24,S92000003,2976,269142,"5,479,900",-3.97094,56.1774
Scotland,2021-06-23,S92000003,2932,266166,"5,479,900",-3.97094,56.1774
Scotland,2021-06-22,S92000003,3288,263234,"5,479,900",-3.97094,56.1774
Scotland,2021-06-21,S92000003,3061,259946,"5,479,900",-3.97094,56.1774
Scotland,2021-06-20,S92000003,1565,256885,"5,479,900",-3.97094,56.1774
Scotland,2021-06-19,S92000003,1005,255320,"5,479,900",-3.97094,56.1774
Scotland,2021-06-18,S92000003,1239,254315,"5,479,900",-3.97094,56.1774
Scotland,2021-06-17,S92000003,1176,253076,"5,479,900",-3.97094,56.1774
Scotland,2021-06-16,S92000003,1279,251900,"5,479,900",-3.97094,56.1774
Scotland,2021-06-15,S92000003,1288,250621,"5,479,900",-3.97094,56.1774
Scotland,2021-06-14,S92000003,1142,249333,"5,479,900",-3.97094,56.1774
Scotland,2021-06-13,S92000003,862,248191,"5,479,900",-3.97094,56.1774
Scotland,2021-06-12,S92000003,715,247329,"5,479,900",-3.97094,56.1774
Scotland,2021-06-11,S92000003,877,246614,"5,479,900",-3.97094,56.1774
Scotland,2021-06-10,S92000003,1054,245737,"5,479,900",-3.97094,56.1774
Scotland,2021-06-09,S92000003,1065,244683,"5,479,900",-3.97094,56.1774
Scotland,2021-06-08,S92000003,1042,243618,"5,479,900",-3.97094,56.1774
Scotland,2021-06-07,S92000003,962,242576,"5,479,900",-3.97094,56.1774
Scotland,2021-06-06,S92000003,686,241614,"5,479,900",-3.97094,56.1774
Scotland,2021-06-05,S92000003,615,240928,"5,479,900",-3.97094,56.1774
Scotland,2021-06-04,S92000003,833,240313,"5,479,900",-3.97094,56.1774
Scotland,2021-06-03,S92000003,957,239480,"5,479,900",-3.97094,56.1774
Scotland,2021-06-02,S92000003,964,238523,"5,479,900",-3.97094,56.1774
Scotland,2021-06-01,S92000003,786,237559,"5,479,900",-3.97094,56.1774
Scotland,2021-05-31,S92000003,609,236773,"5,479,900",-3.97094,56.1774
Scotland,2021-05-30,S92000003,491,236164,"5,479,900",-3.97094,56.1774
Scotland,2021-05-29,S92000003,438,235673,"5,479,900",-3.97094,56.1774
Scotland,2021-05-28,S92000003,550,235235,"5,479,900",-3.97094,56.1774
Scotland,2021-05-27,S92000003,561,234685,"5,479,900",-3.97094,56.1774
Scotland,2021-05-26,S92000003,632,234124,"5,479,900",-3.97094,56.1774
Scotland,2021-05-25,S92000003,514,233492,"5,479,900",-3.97094,56.1774
Scotland,2021-05-24,S92000003,504,232978,"5,479,900",-3.97094,56.1774
Scotland,2021-05-23,S92000003,330,232474,"5,479,900",-3.97094,56.1774
Scotland,2021-05-22,S92000003,296,232144,"5,479,900",-3.97094,56.1774
Scotland,2021-05-21,S92000003,363,231848,"5,479,900",-3.97094,56.1774
Scotland,2021-05-20,S92000003,389,231485,"5,479,900",-3.97094,56.1774
Scotland,2021-05-19,S92000003,416,231096,"5,479,900",-3.97094,56.1774
Scotland,2021-05-18,S92000003,420,230680,"5,479,900",-3.97094,56.1774
Scotland,2021-05-17,S92000003,367,230260,"5,479,900",-3.97094,56.1774
Scotland,2021-05-16,S92000003,237,229893,"5,479,900",-3.97094,56.1774
Scotland,2021-05-15,S92000003,230,229656,"5,479,900",-3.97094,56.1774
Scotland,2021-05-14,S92000003,299,229426,"5,479,900",-3.97094,56.1774
Scotland,2021-05-13,S92000003,317,229127,"5,479,900",-3.97094,56.1774
Scotland,2021-05-12,S92000003,303,228810,"5,479,900",-3.97094,56.1774
Scotland,2021-05-11,S92000003,285,228507,"5,479,900",-3.97094,56.1774
Scotland,2021-05-10,S92000003,335,228222,"5,479,900",-3.97094,56.1774
Scotland,2021-05-09,S92000003,214,227887,"5,479,900",-3.97094,56.1774
Scotland,2021-05-08,S92000003,187,227673,"5,479,900",-3.97094,56.1774
Scotland,2021-05-07,S92000003,208,227486,"5,479,900",-3.97094,56.1774
Scotland,2021-05-06,S92000003,219,227278,"5,479,900",-3.97094,56.1774
Scotland,2021-05-05,S92000003,225,227059,"5,479,900",-3.97094,56.1774
Scotland,2021-05-04,S92000003,198,226834,"5,479,900",-3.97094,56.1774
Scotland,2021-05-03,S92000003,164,226636,"5,479,900",-3.97094,56.1774
Scotland,2021-05-02,S92000003,124,226472,"5,479,900",-3.97094,56.1774
Scotland,2021-05-01,S92000003,128,226348,"5,479,900",-3.97094,56.1774
Scotland,2021-04-30,S92000003,178,226220,"5,479,900",-3.97094,56.1774
Scotland,2021-04-29,S92000003,177,226042,"5,479,900",-3.97094,56.1774
Scotland,2021-04-28,S92000003,198,225865,"5,479,900",-3.97094,56.1774
Scotland,2021-04-27,S92000003,201,225667,"5,479,900",-3.97094,56.1774
Scotland,2021-04-26,S92000003,199,225466,"5,479,900",-3.97094,56.1774
Scotland,2021-04-25,S92000003,111,225267,"5,479,900",-3.97094,56.1774
Scotland,2021-04-24,S92000003,153,225156,"5,479,900",-3.97094,56.1774
Scotland,2021-04-23,S92000003,196,225003,"5,479,900",-3.97094,56.1774
Scotland,2021-04-22,S92000003,236,224807,"5,479,900",-3.97094,56.1774
Scotland,2021-04-21,S92000003,237,224571,"5,479,900",-3.97094,56.1774
Scotland,2021-04-20,S92000003,247,224334,"5,479,900",-3.97094,56.1774
Scotland,2021-04-19,S92000003,268,224087,"5,479,900",-3.97094,56.1774
Scotland,2021-04-18,S92000003,175,223819,"5,479,900",-3.97094,56.1774
Scotland,2021-04-17,S92000003,204,223644,"5,479,900",-3.97094,56.1774
Scotland,2021-04-16,S92000003,224,223440,"5,479,900",-3.97094,56.1774
Scotland,2021-04-15,S92000003,200,223216,"5,479,900",-3.97094,56.1774
Scotland,2021-04-14,S92000003,216,223016,"5,479,900",-3.97094,56.1774
Scotland,2021-04-13,S92000003,268,222800,"5,479,900",-3.97094,56.1774
Scotland,2021-04-12,S92000003,262,222532,"5,479,900",-3.97094,56.1774
Scotland,2021-04-11,S92000003,214,222270,"5,479,900",-3.97094,56.1774
Scotland,2021-04-10,S92000003,231,222056,"5,479,900",-3.97094,56.1774
Scotland,2021-04-09,S92000003,270,221825,"5,479,900",-3.97094,56.1774
Scotland,2021-04-08,S92000003,285,221555,"5,479,900",-3.97094,56.1774
Scotland,2021-04-07,S92000003,288,221270,"5,479,900",-3.97094,56.1774
Scotland,2021-04-06,S92000003,359,220982,"5,479,900",-3.97094,56.1774
Scotland,2021-04-05,S92000003,303,220623,"5,479,900",-3.97094,56.1774
Scotland,2021-04-04,S92000003,258,220320,"5,479,900",-3.97094,56.1774
Scotland,2021-04-03,S92000003,280,220062,"5,479,900",-3.97094,56.1774
Scotland,2021-04-02,S92000003,358,219782,"5,479,900",-3.97094,56.1774
Scotland,2021-04-01,S92000003,419,219424,"5,479,900",-3.97094,56.1774
Scotland,2021-03-31,S92000003,396,219005,"5,479,900",-3.97094,56.1774
Scotland,2021-03-30,S92000003,399,218609,"5,479,900",-3.97094,56.1774
Scotland,2021-03-29,S92000003,517,218210,"5,479,900",-3.97094,56.1774
Scotland,2021-03-28,S92000003,358,217693,"5,479,900",-3.97094,56.1774
Scotland,2021-03-27,S92000003,387,217335,"5,479,900",-3.97094,56.1774
Scotland,2021-03-26,S92000003,478,216948,"5,479,900",-3.97094,56.1774
Scotland,2021-03-25,S92000003,576,216470,"5,479,900",-3.97094,56.1774
Scotland,2021-03-24,S92000003,547,215894,"5,479,900",-3.97094,56.1774
Scotland,2021-03-23,S92000003,607,215347,"5,479,900",-3.97094,56.1774
Scotland,2021-03-22,S92000003,687,214740,"5,479,900",-3.97094,56.1774
Scotland,2021-03-21,S92000003,465,214053,"5,479,900",-3.97094,56.1774
Scotland,2021-03-20,S92000003,459,213588,"5,479,900",-3.97094,56.1774
Scotland,2021-03-19,S92000003,547,213129,"5,479,900",-3.97094,56.1774
Scotland,2021-03-18,S92000003,556,212582,"5,479,900",-3.97094,56.1774
Scotland,2021-03-17,S92000003,603,212026,"5,479,900",-3.97094,56.1774
Scotland,2021-03-16,S92000003,575,211423,"5,479,900",-3.97094,56.1774
Scotland,2021-03-15,S92000003,688,210848,"5,479,900",-3.97094,56.1774
Scotland,2021-03-14,S92000003,447,210160,"5,479,900",-3.97094,56.1774
Scotland,2021-03-13,S92000003,466,209713,"5,479,900",-3.97094,56.1774
Scotland,2021-03-12,S92000003,584,209247,"5,479,900",-3.97094,56.1774
Scotland,2021-03-11,S92000003,665,208663,"5,479,900",-3.97094,56.1774
Scotland,2021-03-10,S92000003,628,207998,"5,479,900",-3.97094,56.1774
Scotland,2021-03-09,S92000003,658,207370,"5,479,900",-3.97094,56.1774
Scotland,2021-03-08,S92000003,594,206712,"5,479,900",-3.97094,56.1774
Scotland,2021-03-07,S92000003,436,206118,"5,479,900",-3.97094,56.1774
Scotland,2021-03-06,S92000003,484,205682,"5,479,900",-3.97094,56.1774
Scotland,2021-03-05,S92000003,467,205198,"5,479,900",-3.97094,56.1774
Scotland,2021-03-04,S92000003,563,204731,"5,479,900",-3.97094,56.1774
Scotland,2021-03-03,S92000003,496,204168,"5,479,900",-3.97094,56.1774
Scotland,2021-03-02,S92000003,522,203672,"5,479,900",-3.97094,56.1774
Scotland,2021-03-01,S92000003,555,203150,"5,479,900",-3.97094,56.1774
Scotland,2021-02-28,S92000003,431,202595,"5,479,900",-3.97094,56.1774
Scotland,2021-02-27,S92000003,418,202164,"5,479,900",-3.97094,56.1774
Scotland,2021-02-26,S92000003,526,201746,"5,479,900",-3.97094,56.1774
Scotland,2021-02-25,S92000003,633,201220,"5,479,900",-3.97094,56.1774
Scotland,2021-02-24,S92000003,702,200587,"5,479,900",-3.97094,56.1774
Scotland,2021-02-23,S92000003,693,199885,"5,479,900",-3.97094,56.1774
Scotland,2021-02-22,S92000003,790,199192,"5,479,900",-3.97094,56.1774
Scotland,2021-02-21,S92000003,610,198402,"5,479,900",-3.97094,56.1774
Scotland,2021-02-20,S92000003,665,197792,"5,479,900",-3.97094,56.1774
Scotland,2021-02-19,S92000003,893,197127,"5,479,900",-3.97094,56.1774
Scotland,2021-02-18,S92000003,881,196234,"5,479,900",-3.97094,56.1774
Scotland,2021-02-17,S92000003,828,195353,"5,479,900",-3.97094,56.1774
Scotland,2021-02-16,S92000003,920,194525,"5,479,900",-3.97094,56.1774
Scotland,2021-02-15,S92000003,968,193605,"5,479,900",-3.97094,56.1774
Scotland,2021-02-14,S92000003,683,192637,"5,479,900",-3.97094,56.1774
Scotland,2021-02-13,S92000003,544,191954,"5,479,900",-3.97094,56.1774
Scotland,2021-02-12,S92000003,907,191410,"5,479,900",-3.97094,56.1774
Scotland,2021-02-11,S92000003,847,190503,"5,479,900",-3.97094,56.1774
Scotland,2021-02-10,S92000003,848,189656,"5,479,900",-3.97094,56.1774
Scotland,2021-02-09,S92000003,760,188808,"5,479,900",-3.97094,56.1774
Scotland,2021-02-08,S92000003,992,188048,"5,479,900",-3.97094,56.1774
Scotland,2021-02-07,S92000003,656,187056,"5,479,900",-3.97094,56.1774
Scotland,2021-02-06,S92000003,710,186400,"5,479,900",-3.97094,56.1774
Scotland,2021-02-05,S92000003,940,185690,"5,479,900",-3.97094,56.1774
Scotland,2021-02-04,S92000003,901,184750,"5,479,900",-3.97094,56.1774
Scotland,2021-02-03,S92000003,939,183849,"5,479,900",-3.97094,56.1774
Scotland,2021-02-02,S92000003,1051,182910,"5,479,900",-3.97094,56.1774
Scotland,2021-02-01,S92000003,1104,181859,"5,479,900",-3.97094,56.1774
Scotland,2021-01-31,S92000003,810,180755,"5,479,900",-3.97094,56.1774
Scotland,2021-01-30,S92000003,781,179945,"5,479,900",-3.97094,56.1774
Scotland,2021-01-29,S92000003,965,179164,"5,479,900",-3.97094,56.1774
Scotland,2021-01-28,S92000003,1117,178199,"5,479,900",-3.97094,56.1774
Scotland,2021-01-27,S92000003,1118,177082,"5,479,900",-3.97094,56.1774
Scotland,2021-01-26,S92000003,1182,175964,"5,479,900",-3.97094,56.1774
Scotland,2021-01-25,S92000003,1326,174782,"5,479,900",-3.97094,56.1774
Scotland,2021-01-24,S92000003,862,173456,"5,479,900",-3.97094,56.1774
Scotland,2021-01-23,S92000003,940,172594,"5,479,900",-3.97094,56.1774
Scotland,2021-01-22,S92000003,1231,171654,"5,479,900",-3.97094,56.1774
Scotland,2021-01-21,S92000003,1244,170423,"5,479,900",-3.97094,56.1774
Scotland,2021-01-20,S92000003,1582,169179,"5,479,900",-3.97094,56.1774
Scotland,2021-01-19,S92000003,1554,167597,"5,479,900",-3.97094,56.1774
Scotland,2021-01-18,S92000003,1744,166043,"5,479,900",-3.97094,56.1774
Scotland,2021-01-17,S92000003,1201,164299,"5,479,900",-3.97094,56.1774
Scotland,2021-01-16,S92000003,1178,163098,"5,479,900",-3.97094,56.1774
Scotland,2021-01-15,S92000003,1538,161920,"5,479,900",-3.97094,56.1774
Scotland,2021-01-14,S92000003,1629,160382,"5,479,900",-3.97094,56.1774
Scotland,2021-01-13,S92000003,1716,158753,"5,479,900",-3.97094,56.1774
Scotland,2021-01-12,S92000003,1991,157037,"5,479,900",-3.97094,56.1774
Scotland,2021-01-11,S92000003,2092,155046,"5,479,900",-3.97094,56.1774
Scotland,2021-01-10,S92000003,1425,152954,"5,479,900",-3.97094,56.1774
Scotland,2021-01-09,S92000003,1499,151529,"5,479,900",-3.97094,56.1774
Scotland,2021-01-08,S92000003,1826,150030,"5,479,900",-3.97094,56.1774
Scotland,2021-01-07,S92000003,2201,148204,"5,479,900",-3.97094,56.1774
Scotland,2021-01-06,S92000003,2550,146003,"5,479,900",-3.97094,56.1774
Scotland,2021-01-05,S92000003,3054,143453,"5,479,900",-3.97094,56.1774
Scotland,2021-01-04,S92000003,2383,140399,"5,479,900",-3.97094,56.1774
Scotland,2021-01-03,S92000003,2221,138016,"5,479,900",-3.97094,56.1774
Scotland,2021-01-02,S92000003,2213,135795,"5,479,900",-3.97094,56.1774
Scotland,2021-01-01,S92000003,1161,133582,"5,479,900",-3.97094,56.1774
Scotland,2020-12-31,S92000003,2379,132421,"5,479,900",-3.97094,56.1774
Scotland,2020-12-30,S92000003,2974,130042,"5,479,900",-3.97094,56.1774
Scotland,2020-12-29,S92000003,3137,127068,"5,479,900",-3.97094,56.1774
Scotland,2020-12-28,S92000003,1809,123931,"5,479,900",-3.97094,56.1774
Scotland,2020-12-27,S92000003,1682,122122,"5,479,900",-3.97094,56.1774
Scotland,2020-12-26,S92000003,1050,120440,"5,479,900",-3.97094,56.1774
Scotland,2020-12-25,S92000003,516,119390,"5,479,900",-3.97094,56.1774
Scotland,2020-12-24,S92000003,1018,118874,"5,479,900",-3.97094,56.1774
Scotland,2020-12-23,S92000003,1315,117856,"5,479,900",-3.97094,56.1774
Scotland,2020-12-22,S92000003,1330,116541,"5,479,900",-3.97094,56.1774
Scotland,2020-12-21,S92000003,1304,115211,"5,479,900",-3.97094,56.1774
Scotland,2020-12-20,S92000003,813,113907,"5,479,900",-3.97094,56.1774
Scotland,2020-12-19,S92000003,748,113094,"5,479,900",-3.97094,56.1774
Scotland,2020-12-18,S92000003,921,112346,"5,479,900",-3.97094,56.1774
Scotland,2020-12-17,S92000003,913,111425,"5,479,900",-3.97094,56.1774
Scotland,2020-12-16,S92000003,1028,110512,"5,479,900",-3.97094,56.1774
Scotland,2020-12-15,S92000003,1031,109484,"5,479,900",-3.97094,56.1774
Scotland,2020-12-14,S92000003,1082,108453,"5,479,900",-3.97094,56.1774
Scotland,2020-12-13,S92000003,719,107371,"5,479,900",-3.97094,56.1774
Scotland,2020-12-12,S92000003,681,106652,"5,479,900",-3.97094,56.1774
Scotland,2020-12-11,S92000003,875,105971,"5,479,900",-3.97094,56.1774
Scotland,2020-12-10,S92000003,904,105096,"5,479,900",-3.97094,56.1774
Scotland,2020-12-09,S92000003,1015,104192,"5,479,900",-3.97094,56.1774
Scotland,2020-12-08,S92000003,1048,103177,"5,479,900",-3.97094,56.1774
Scotland,2020-12-07,S92000003,955,102129,"5,479,900",-3.97094,56.1774
Scotland,2020-12-06,S92000003,643,101174,"5,479,900",-3.97094,56.1774
Scotland,2020-12-05,S92000003,667,100531,"5,479,900",-3.97094,56.1774
Scotland,2020-12-04,S92000003,650,99864,"5,479,900",-3.97094,56.1774
Scotland,2020-12-03,S92000003,807,99214,"5,479,900",-3.97094,56.1774
Scotland,2020-12-02,S92000003,952,98407,"5,479,900",-3.97094,56.1774
Scotland,2020-12-01,S92000003,935,97455,"5,479,900",-3.97094,56.1774
Scotland,2020-11-30,S92000003,976,96520,"5,479,900",-3.97094,56.1774
Scotland,2020-11-29,S92000003,558,95544,"5,479,900",-3.97094,56.1774
Scotland,2020-11-28,S92000003,572,94986,"5,479,900",-3.97094,56.1774
Scotland,2020-11-27,S92000003,738,94414,"5,479,900",-3.97094,56.1774
Scotland,2020-11-26,S92000003,807,93676,"5,479,900",-3.97094,56.1774
Scotland,2020-11-25,S92000003,932,92869,"5,479,900",-3.97094,56.1774
Scotland,2020-11-24,S92000003,996,91937,"5,479,900",-3.97094,56.1774
Scotland,2020-11-23,S92000003,1159,90941,"5,479,900",-3.97094,56.1774
Scotland,2020-11-22,S92000003,709,89782,"5,479,900",-3.97094,56.1774
Scotland,2020-11-21,S92000003,764,89073,"5,479,900",-3.97094,56.1774
Scotland,2020-11-20,S92000003,861,88309,"5,479,900",-3.97094,56.1774
Scotland,2020-11-19,S92000003,985,87448,"5,479,900",-3.97094,56.1774
Scotland,2020-11-18,S92000003,1115,86463,"5,479,900",-3.97094,56.1774
Scotland,2020-11-17,S92000003,1227,85348,"5,479,900",-3.97094,56.1774
Scotland,2020-11-16,S92000003,1278,84121,"5,479,900",-3.97094,56.1774
Scotland,2020-11-15,S92000003,818,82843,"5,479,900",-3.97094,56.1774
Scotland,2020-11-14,S92000003,905,82025,"5,479,900",-3.97094,56.1774
Scotland,2020-11-13,S92000003,1055,81120,"5,479,900",-3.97094,56.1774
Scotland,2020-11-12,S92000003,1196,80065,"5,479,900",-3.97094,56.1774
Scotland,2020-11-11,S92000003,1249,78869,"5,479,900",-3.97094,56.1774
Scotland,2020-11-10,S92000003,1289,77620,"5,479,900",-3.97094,56.1774
Scotland,2020-11-09,S92000003,1296,76331,"5,479,900",-3.97094,56.1774
Scotland,2020-11-08,S92000003,874,75035,"5,479,900",-3.97094,56.1774
Scotland,2020-11-07,S92000003,842,74161,"5,479,900",-3.97094,56.1774
Scotland,2020-11-06,S92000003,1136,73319,"5,479,900",-3.97094,56.1774
Scotland,2020-11-05,S92000003,1298,72183,"5,479,900",-3.97094,56.1774
Scotland,2020-11-04,S92000003,1302,70885,"5,479,900",-3.97094,56.1774
Scotland,2020-11-03,S92000003,1392,69583,"5,479,900",-3.97094,56.1774
Scotland,2020-11-02,S92000003,1476,68191,"5,479,900",-3.97094,56.1774
Scotland,2020-11-01,S92000003,969,66715,"5,479,900",-3.97094,56.1774
Scotland,2020-10-31,S92000003,742,65746,"5,479,900",-3.97094,56.1774
Scotland,2020-10-30,S92000003,1089,65004,"5,479,900",-3.97094,56.1774
Scotland,2020-10-29,S92000003,1100,63915,"5,479,900",-3.97094,56.1774
Scotland,2020-10-28,S92000003,1267,62815,"5,479,900",-3.97094,56.1774
Scotland,2020-10-27,S92000003,1307,61548,"5,479,900",-3.97094,56.1774
Scotland,2020-10-26,S92000003,1345,60241,"5,479,900",-3.97094,56.1774
Scotland,2020-10-25,S92000003,941,58896,"5,479,900",-3.97094,56.1774
Scotland,2020-10-24,S92000003,953,57955,"5,479,900",-3.97094,56.1774
Scotland,2020-10-23,S92000003,1282,57002,"5,479,900",-3.97094,56.1774
Scotland,2020-10-22,S92000003,1493,55720,"5,479,900",-3.97094,56.1774
Scotland,2020-10-21,S92000003,1579,54227,"5,479,900",-3.97094,56.1774
Scotland,2020-10-20,S92000003,1690,52648,"5,479,900",-3.97094,56.1774
Scotland,2020-10-19,S92000003,1359,50958,"5,479,900",-3.97094,56.1774
Scotland,2020-10-18,S92000003,834,49599,"5,479,900",-3.97094,56.1774
Scotland,2020-10-17,S92000003,855,48765,"5,479,900",-3.97094,56.1774
Scotland,2020-10-16,S92000003,1254,47910,"5,479,900",-3.97094,56.1774
Scotland,2020-10-15,S92000003,1294,46656,"5,479,900",-3.97094,56.1774
Scotland,2020-10-14,S92000003,1297,45362,"5,479,900",-3.97094,56.1774
Scotland,2020-10-13,S92000003,1421,44065,"5,479,900",-3.97094,56.1774
Scotland,2020-10-12,S92000003,1355,42644,"5,479,900",-3.97094,56.1774
Scotland,2020-10-11,S92000003,960,41289,"5,479,900",-3.97094,56.1774
Scotland,2020-10-10,S92000003,942,40329,"5,479,900",-3.97094,56.1774
Scotland,2020-10-09,S92000003,1095,39387,"5,479,900",-3.97094,56.1774
Scotland,2020-10-08,S92000003,1171,38292,"5,479,900",-3.97094,56.1774
Scotland,2020-10-07,S92000003,1253,37121,"5,479,900",-3.97094,56.1774
Scotland,2020-10-06,S92000003,1192,35868,"5,479,900",-3.97094,56.1774
Scotland,2020-10-05,S92000003,1099,34676,"5,479,900",-3.97094,56.1774
Scotland,2020-10-04,S92000003,742,33577,"5,479,900",-3.97094,56.1774
Scotland,2020-10-03,S92000003,695,32835,"5,479,900",-3.97094,56.1774
Scotland,2020-10-02,S92000003,818,32140,"5,479,900",-3.97094,56.1774
Scotland,2020-10-01,S92000003,778,31322,"5,479,900",-3.97094,56.1774
Scotland,2020-09-30,S92000003,794,30544,"5,479,900",-3.97094,56.1774
Scotland,2020-09-29,S92000003,659,29750,"5,479,900",-3.97094,56.1774
Scotland,2020-09-28,S92000003,624,29091,"5,479,900",-3.97094,56.1774
Scotland,2020-09-27,S92000003,358,28467,"5,479,900",-3.97094,56.1774
Scotland,2020-09-26,S92000003,434,28109,"5,479,900",-3.97094,56.1774
Scotland,2020-09-25,S92000003,579,27675,"5,479,900",-3.97094,56.1774
Scotland,2020-09-24,S92000003,715,27096,"5,479,900",-3.97094,56.1774
Scotland,2020-09-23,S92000003,568,26381,"5,479,900",-3.97094,56.1774
Scotland,2020-09-22,S92000003,493,25813,"5,479,900",-3.97094,56.1774
Scotland,2020-09-21,S92000003,455,25320,"5,479,900",-3.97094,56.1774
Scotland,2020-09-20,S92000003,315,24865,"5,479,900",-3.97094,56.1774
Scotland,2020-09-19,S92000003,232,24550,"5,479,900",-3.97094,56.1774
Scotland,2020-09-18,S92000003,269,24318,"5,479,900",-3.97094,56.1774
Scotland,2020-09-17,S92000003,254,24049,"5,479,900",-3.97094,56.1774
Scotland,2020-09-16,S92000003,269,23795,"5,479,900",-3.97094,56.1774
Scotland,2020-09-15,S92000003,227,23526,"5,479,900",-3.97094,56.1774
Scotland,2020-09-14,S92000003,177,23299,"5,479,900",-3.97094,56.1774
Scotland,2020-09-13,S92000003,168,23122,"5,479,900",-3.97094,56.1774
Scotland,2020-09-12,S92000003,208,22954,"5,479,900",-3.97094,56.1774
Scotland,2020-09-11,S92000003,210,22746,"5,479,900",-3.97094,56.1774
Scotland,2020-09-10,S92000003,216,22536,"5,479,900",-3.97094,56.1774
Scotland,2020-09-09,S92000003,222,22320,"5,479,900",-3.97094,56.1774
Scotland,2020-09-08,S92000003,104,22098,"5,479,900",-3.97094,56.1774
Scotland,2020-09-07,S92000003,168,21994,"5,479,900",-3.97094,56.1774
Scotland,2020-09-06,S92000003,153,21826,"5,479,900",-3.97094,56.1774
Scotland,2020-09-05,S92000003,136,21673,"5,479,900",-3.97094,56.1774
Scotland,2020-09-04,S92000003,171,21537,"5,479,900",-3.97094,56.1774
Scotland,2020-09-03,S92000003,201,21366,"5,479,900",-3.97094,56.1774
Scotland,2020-09-02,S92000003,192,21165,"5,479,900",-3.97094,56.1774
Scotland,2020-09-01,S92000003,199,20973,"5,479,900",-3.97094,56.1774
Scotland,2020-08-31,S92000003,144,20774,"5,479,900",-3.97094,56.1774
Scotland,2020-08-30,S92000003,102,20630,"5,479,900",-3.97094,56.1774
Scotland,2020-08-29,S92000003,95,20528,"5,479,900",-3.97094,56.1774
Scotland,2020-08-28,S92000003,104,20433,"5,479,900",-3.97094,56.1774
Scotland,2020-08-27,S92000003,100,20329,"5,479,900",-3.97094,56.1774
Scotland,2020-08-26,S92000003,98,20229,"5,479,900",-3.97094,56.1774
Scotland,2020-08-25,S92000003,71,20131,"5,479,900",-3.97094,56.1774
Scotland,2020-08-24,S92000003,60,20060,"5,479,900",-3.97094,56.1774
Scotland,2020-08-23,S92000003,65,20000,"5,479,900",-3.97094,56.1774
Scotland,2020-08-22,S92000003,47,19935,"5,479,900",-3.97094,56.1774
Scotland,2020-08-21,S92000003,90,19888,"5,479,900",-3.97094,56.1774
Scotland,2020-08-20,S92000003,141,19798,"5,479,900",-3.97094,56.1774
Scotland,2020-08-19,S92000003,91,19657,"5,479,900",-3.97094,56.1774
Scotland,2020-08-18,S92000003,78,19566,"5,479,900",-3.97094,56.1774
Scotland,2020-08-17,S92000003,72,19488,"5,479,900",-3.97094,56.1774
Scotland,2020-08-16,S92000003,30,19416,"5,479,900",-3.97094,56.1774
Scotland,2020-08-15,S92000003,21,19386,"5,479,900",-3.97094,56.1774
Scotland,2020-08-14,S92000003,51,19365,"5,479,900",-3.97094,56.1774
Scotland,2020-08-13,S92000003,53,19314,"5,479,900",-3.97094,56.1774
Scotland,2020-08-12,S92000003,48,19261,"5,479,900",-3.97094,56.1774
Scotland,2020-08-11,S92000003,65,19213,"5,479,900",-3.97094,56.1774
Scotland,2020-08-10,S92000003,58,19148,"5,479,900",-3.97094,56.1774
Scotland,2020-08-09,S92000003,26,19090,"5,479,900",-3.97094,56.1774
Scotland,2020-08-08,S92000003,27,19064,"5,479,900",-3.97094,56.1774
Scotland,2020-08-07,S92000003,46,19037,"5,479,900",-3.97094,56.1774
Scotland,2020-08-06,S92000003,63,18991,"5,479,900",-3.97094,56.1774
Scotland,2020-08-05,S92000003,65,18928,"5,479,900",-3.97094,56.1774
Scotland,2020-08-04,S92000003,57,18863,"5,479,900",-3.97094,56.1774
Scotland,2020-08-03,S92000003,60,18806,"5,479,900",-3.97094,56.1774
Scotland,2020-08-02,S92000003,19,18746,"5,479,900",-3.97094,56.1774
Scotland,2020-08-01,S92000003,23,18727,"5,479,900",-3.97094,56.1774
Scotland,2020-07-31,S92000003,21,18704,"5,479,900",-3.97094,56.1774
Scotland,2020-07-30,S92000003,28,18683,"5,479,900",-3.97094,56.1774
Scotland,2020-07-29,S92000003,30,18655,"5,479,900",-3.97094,56.1774
Scotland,2020-07-28,S92000003,24,18625,"5,479,900",-3.97094,56.1774
Scotland,2020-07-27,S92000003,13,18601,"5,479,900",-3.97094,56.1774
Scotland,2020-07-26,S92000003,7,18588,"5,479,900",-3.97094,56.1774
Scotland,2020-07-24,S92000003,11,18578,"5,479,900",-3.97094,56.1774
Scotland,2020-07-23,S92000003,23,18567,"5,479,900",-3.97094,56.1774
Scotland,2020-07-22,S92000003,18,18544,"5,479,900",-3.97094,56.1774
Scotland,2020-07-21,S92000003,19,18526,"5,479,900",-3.97094,56.1774
Scotland,2020-07-20,S92000003,14,18507,"5,479,900",-3.97094,56.1774
Scotland,2020-07-19,S92000003,17,18493,"5,479,900",-3.97094,56.1774
Scotland,2020-07-18,S92000003,14,18476,"5,479,900",-3.97094,56.1774
Scotland,2020-07-17,S92000003,8,18462,"5,479,900",-3.97094,56.1774
Scotland,2020-07-16,S92000003,22,18454,"5,479,900",-3.97094,56.1774
Scotland,2020-07-15,S92000003,16,18432,"5,479,900",-3.97094,56.1774
Scotland,2020-07-14,S92000003,10,18416,"5,479,900",-3.97094,56.1774
Scotland,2020-07-13,S92000003,19,18406,"5,479,900",-3.97094,56.1774
Scotland,2020-07-11,S92000003,9,18385,"5,479,900",-3.97094,56.1774
Scotland,2020-07-10,S92000003,12,18376,"5,479,900",-3.97094,56.1774
Scotland,2020-07-09,S92000003,8,18364,"5,479,900",-3.97094,56.1774
Scotland,2020-07-08,S92000003,10,18356,"5,479,900",-3.97094,56.1774
Scotland,2020-07-07,S92000003,11,18346,"5,479,900",-3.97094,56.1774
Scotland,2020-07-06,S92000003,8,18335,"5,479,900",-3.97094,56.1774
Scotland,2020-07-03,S92000003,7,18320,"5,479,900",-3.97094,56.1774
Scotland,2020-07-02,S92000003,13,18313,"5,479,900",-3.97094,56.1774
Scotland,2020-07-01,S92000003,11,18300,"5,479,900",-3.97094,56.1774
Scotland,2020-06-30,S92000003,8,18289,"5,479,900",-3.97094,56.1774
Scotland,2020-06-29,S92000003,14,18281,"5,479,900",-3.97094,56.1774
Scotland,2020-06-26,S92000003,6,18260,"5,479,900",-3.97094,56.1774
Scotland,2020-06-25,S92000003,19,18254,"5,479,900",-3.97094,56.1774
Scotland,2020-06-24,S92000003,8,18235,"5,479,900",-3.97094,56.1774
Scotland,2020-06-23,S92000003,20,18227,"5,479,900",-3.97094,56.1774
Scotland,2020-06-22,S92000003,10,18207,"5,479,900",-3.97094,56.1774
Scotland,2020-06-21,S92000003,9,18197,"5,479,900",-3.97094,56.1774
Scotland,2020-06-20,S92000003,6,18188,"5,479,900",-3.97094,56.1774
Scotland,2020-06-19,S92000003,24,18182,"5,479,900",-3.97094,56.1774
Scotland,2020-06-18,S92000003,14,18158,"5,479,900",-3.97094,56.1774
Scotland,2020-06-17,S92000003,33,18144,"5,479,900",-3.97094,56.1774
Scotland,2020-06-16,S92000003,17,18111,"5,479,900",-3.97094,56.1774
Scotland,2020-06-15,S92000003,21,18094,"5,479,900",-3.97094,56.1774
Scotland,2020-06-14,S92000003,13,18073,"5,479,900",-3.97094,56.1774
Scotland,2020-06-13,S92000003,22,18060,"5,479,900",-3.97094,56.1774
Scotland,2020-06-12,S92000003,30,18038,"5,479,900",-3.97094,56.1774
Scotland,2020-06-11,S92000003,22,18008,"5,479,900",-3.97094,56.1774
Scotland,2020-06-10,S92000003,29,17986,"5,479,900",-3.97094,56.1774
Scotland,2020-06-09,S92000003,27,17957,"5,479,900",-3.97094,56.1774
Scotland,2020-06-08,S92000003,18,17930,"5,479,900",-3.97094,56.1774
Scotland,2020-06-07,S92000003,17,17912,"5,479,900",-3.97094,56.1774
Scotland,2020-06-06,S92000003,22,17895,"5,479,900",-3.97094,56.1774
Scotland,2020-06-05,S92000003,24,17873,"5,479,900",-3.97094,56.1774
Scotland,2020-06-04,S92000003,35,17849,"5,479,900",-3.97094,56.1774
Scotland,2020-06-03,S92000003,34,17814,"5,479,900",-3.97094,56.1774
Scotland,2020-06-02,S92000003,46,17780,"5,479,900",-3.97094,56.1774
Scotland,2020-06-01,S92000003,38,17734,"5,479,900",-3.97094,56.1774
Scotland,2020-05-31,S92000003,23,17696,"5,479,900",-3.97094,56.1774
Scotland,2020-05-30,S92000003,40,17673,"5,479,900",-3.97094,56.1774
Scotland,2020-05-29,S92000003,30,17633,"5,479,900",-3.97094,56.1774
Scotland,2020-05-28,S92000003,55,17603,"5,479,900",-3.97094,56.1774
Scotland,2020-05-27,S92000003,66,17548,"5,479,900",-3.97094,56.1774
Scotland,2020-05-26,S92000003,478,17482,"5,479,900",-3.97094,56.1774
Scotland,2020-05-25,S92000003,96,17004,"5,479,900",-3.97094,56.1774
Scotland,2020-05-24,S92000003,53,16908,"5,479,900",-3.97094,56.1774
Scotland,2020-05-23,S92000003,50,16855,"5,479,900",-3.97094,56.1774
Scotland,2020-05-22,S92000003,91,16805,"5,479,900",-3.97094,56.1774
Scotland,2020-05-21,S92000003,111,16714,"5,479,900",-3.97094,56.1774
Scotland,2020-05-20,S92000003,121,16603,"5,479,900",-3.97094,56.1774
Scotland,2020-05-19,S92000003,182,16482,"5,479,900",-3.97094,56.1774
Scotland,2020-05-18,S92000003,141,16300,"5,479,900",-3.97094,56.1774
Scotland,2020-05-17,S92000003,93,16159,"5,479,900",-3.97094,56.1774
Scotland,2020-05-16,S92000003,103,16066,"5,479,900",-3.97094,56.1774
Scotland,2020-05-15,S92000003,151,15963,"5,479,900",-3.97094,56.1774
Scotland,2020-05-14,S92000003,211,15812,"5,479,900",-3.97094,56.1774
Scotland,2020-05-13,S92000003,198,15601,"5,479,900",-3.97094,56.1774
Scotland,2020-05-12,S92000003,230,15403,"5,479,900",-3.97094,56.1774
Scotland,2020-05-11,S92000003,265,15173,"5,479,900",-3.97094,56.1774
Scotland,2020-05-10,S92000003,153,14908,"5,479,900",-3.97094,56.1774
Scotland,2020-05-09,S92000003,180,14755,"5,479,900",-3.97094,56.1774
Scotland,2020-05-08,S92000003,258,14575,"5,479,900",-3.97094,56.1774
Scotland,2020-05-07,S92000003,297,14317,"5,479,900",-3.97094,56.1774
Scotland,2020-05-06,S92000003,307,14020,"5,479,900",-3.97094,56.1774
Scotland,2020-05-05,S92000003,288,13713,"5,479,900",-3.97094,56.1774
Scotland,2020-05-04,S92000003,329,13425,"5,479,900",-3.97094,56.1774
Scotland,2020-05-03,S92000003,188,13096,"5,479,900",-3.97094,56.1774
Scotland,2020-05-02,S92000003,222,12908,"5,479,900",-3.97094,56.1774
Scotland,2020-05-01,S92000003,375,12686,"5,479,900",-3.97094,56.1774
Scotland,2020-04-30,S92000003,337,12311,"5,479,900",-3.97094,56.1774
Scotland,2020-04-29,S92000003,431,11974,"5,479,900",-3.97094,56.1774
Scotland,2020-04-28,S92000003,383,11543,"5,479,900",-3.97094,56.1774
Scotland,2020-04-27,S92000003,434,11160,"5,479,900",-3.97094,56.1774
Scotland,2020-04-26,S92000003,171,10726,"5,479,900",-3.97094,56.1774
Scotland,2020-04-25,S92000003,184,10555,"5,479,900",-3.97094,56.1774
Scotland,2020-04-24,S92000003,306,10371,"5,479,900",-3.97094,56.1774
Scotland,2020-04-23,S92000003,314,10065,"5,479,900",-3.97094,56.1774
Scotland,2020-04-22,S92000003,340,9751,"5,479,900",-3.97094,56.1774
Scotland,2020-04-21,S92000003,400,9411,"5,479,900",-3.97094,56.1774
Scotland,2020-04-20,S92000003,348,9011,"5,479,900",-3.97094,56.1774
Scotland,2020-04-19,S92000003,159,8663,"5,479,900",-3.97094,56.1774
Scotland,2020-04-18,S92000003,264,8504,"5,479,900",-3.97094,56.1774
Scotland,2020-04-17,S92000003,394,8240,"5,479,900",-3.97094,56.1774
Scotland,2020-04-16,S92000003,428,7846,"5,479,900",-3.97094,56.1774
Scotland,2020-04-15,S92000003,331,7418,"5,479,900",-3.97094,56.1774
Scotland,2020-04-14,S92000003,346,7087,"5,479,900",-3.97094,56.1774
Scotland,2020-04-13,S92000003,359,6741,"5,479,900",-3.97094,56.1774
Scotland,2020-04-12,S92000003,220,6382,"5,479,900",-3.97094,56.1774
Scotland,2020-04-11,S92000003,185,6162,"5,479,900",-3.97094,56.1774
Scotland,2020-04-10,S92000003,329,5977,"5,479,900",-3.97094,56.1774
Scotland,2020-04-09,S92000003,304,5648,"5,479,900",-3.97094,56.1774
Scotland,2020-04-08,S92000003,343,5344,"5,479,900",-3.97094,56.1774
Scotland,2020-04-07,S92000003,352,5001,"5,479,900",-3.97094,56.1774
Scotland,2020-04-06,S92000003,404,4649,"5,479,900",-3.97094,56.1774
Scotland,2020-04-05,S92000003,225,4245,"5,479,900",-3.97094,56.1774
Scotland,2020-04-04,S92000003,261,4020,"5,479,900",-3.97094,56.1774
Scotland,2020-04-03,S92000003,381,3759,"5,479,900",-3.97094,56.1774
Scotland,2020-04-02,S92000003,351,3378,"5,479,900",-3.97094,56.1774
Scotland,2020-04-01,S92000003,389,3027,"5,479,900",-3.97094,56.1774
Scotland,2020-03-31,S92000003,341,2638,"5,479,900",-3.97094,56.1774
Scotland,2020-03-30,S92000003,317,2297,"5,479,900",-3.97094,56.1774
Scotland,2020-03-29,S92000003,197,1980,"5,479,900",-3.97094,56.1774
Scotland,2020-03-28,S92000003,204,1783,"5,479,900",-3.97094,56.1774
Scotland,2020-03-27,S92000003,274,1579,"5,479,900",-3.97094,56.1774
Scotland,2020-03-26,S92000003,223,1305,"5,479,900",-3.97094,56.1774
Scotland,2020-03-25,S92000003,188,1082,"5,479,900",-3.97094,56.1774
Scotland,2020-03-24,S92000003,167,894,"5,479,900",-3.97094,56.1774
Scotland,2020-03-23,S92000003,138,727,"5,479,900",-3.97094,56.1774
Scotland,2020-03-22,S92000003,74,589,"5,479,900",-3.97094,56.1774
Scotland,2020-03-21,S92000003,67,515,"5,479,900",-3.97094,56.1774
Scotland,2020-03-20,S92000003,84,448,"5,479,900",-3.97094,56.1774
Scotland,2020-03-19,S92000003,50,364,"5,479,900",-3.97094,56.1774
Scotland,2020-03-18,S92000003,41,314,"5,479,900",-3.97094,56.1774
Scotland,2020-03-17,S92000003,43,273,"5,479,900",-3.97094,56.1774
Scotland,2020-03-16,S92000003,21,230,"5,479,900",-3.97094,56.1774
Scotland,2020-03-15,S92000003,12,209,"5,479,900",-3.97094,56.1774
Scotland,2020-03-14,S92000003,19,197,"5,479,900",-3.97094,56.1774
Scotland,2020-03-13,S92000003,48,178,"5,479,900",-3.97094,56.1774
Scotland,2020-03-12,S92000003,38,130,"5,479,900",-3.97094,56.1774
Scotland,2020-03-11,S92000003,25,92,"5,479,900",-3.97094,56.1774
Scotland,2020-03-10,S92000003,21,67,"5,479,900",-3.97094,56.1774
Scotland,2020-03-09,S92000003,16,46,"5,479,900",-3.97094,56.1774
Scotland,2020-03-07,S92000003,6,27,"5,479,900",-3.97094,56.1774
Scotland,2020-03-06,S92000003,6,21,"5,479,900",-3.97094,56.1774
Scotland,2020-03-04,S92000003,6,13,"5,479,900",-3.97094,56.1774
Wales,2023-07-25,W92000004,19,902581,"3,105,410",-3.99417,52.0674
Wales,2023-07-24,W92000004,19,902562,"3,105,410",-3.99417,52.0674
Wales,2023-07-23,W92000004,10,902543,"3,105,410",-3.99417,52.0674
Wales,2023-07-22,W92000004,15,902533,"3,105,410",-3.99417,52.0674
Wales,2023-07-21,W92000004,16,902518,"3,105,410",-3.99417,52.0674
Wales,2023-07-20,W92000004,24,902502,"3,105,410",-3.99417,52.0674
Wales,2023-07-19,W92000004,17,902478,"3,105,410",-3.99417,52.0674
Wales,2023-07-18,W92000004,19,902461,"3,105,410",-3.99417,52.0674
Wales,2023-07-17,W92000004,22,902442,"3,105,410",-3.99417,52.0674
Wales,2023-07-16,W92000004,9,902420,"3,105,410",-3.99417,52.0674
Wales,2023-07-15,W92000004,11,902411,"3,105,410",-3.99417,52.0674
Wales,2023-07-14,W92000004,6,902400,"3,105,410",-3.99417,52.0674
Wales,2023-07-13,W92000004,10,902394,"3,105,410",-3.99417,52.0674
Wales,2023-07-12,W92000004,12,902384,"3,105,410",-3.99417,52.0674
Wales,2023-07-11,W92000004,13,902372,"3,105,410",-3.99417,52.0674
Wales,2023-07-10,W92000004,10,902359,"3,105,410",-3.99417,52.0674
Wales,2023-07-09,W92000004,8,902349,"3,105,410",-3.99417,52.0674
Wales,2023-07-08,W92000004,11,902341,"3,105,410",-3.99417,52.0674
Wales,2023-07-07,W92000004,12,902330,"3,105,410",-3.99417,52.0674
Wales,2023-07-06,W92000004,12,902318,"3,105,410",-3.99417,52.0674
Wales,2023-07-05,W92000004,11,902306,"3,105,410",-3.99417,52.0674
Wales,2023-07-04,W92000004,6,902295,"3,105,410",-3.99417,52.0674
Wales,2023-07-03,W92000004,14,902289,"3,105,410",-3.99417,52.0674
Wales,2023-07-02,W92000004,11,902275,"3,105,410",-3.99417,52.0674
Wales,2023-07-01,W92000004,6,902264,"3,105,410",-3.99417,52.0674
Wales,2023-06-30,W92000004,8,902258,"3,105,410",-3.99417,52.0674
Wales,2023-06-29,W92000004,7,902250,"3,105,410",-3.99417,52.0674
Wales,2023-06-28,W92000004,9,902243,"3,105,410",-3.99417,52.0674
Wales,2023-06-27,W92000004,9,902234,"3,105,410",-3.99417,52.0674
Wales,2023-06-26,W92000004,13,902225,"3,105,410",-3.99417,52.0674
Wales,2023-06-25,W92000004,6,902212,"3,105,410",-3.99417,52.0674
Wales,2023-06-23,W92000004,8,902204,"3,105,410",-3.99417,52.0674
Wales,2023-06-22,W92000004,25,902196,"3,105,410",-3.99417,52.0674
Wales,2023-06-21,W92000004,6,902171,"3,105,410",-3.99417,52.0674
Wales,2023-06-20,W92000004,9,902165,"3,105,410",-3.99417,52.0674
Wales,2023-06-18,W92000004,9,902152,"3,105,410",-3.99417,52.0674
Wales,2023-06-16,W92000004,12,902141,"3,105,410",-3.99417,52.0674
Wales,2023-06-15,W92000004,15,902129,"3,105,410",-3.99417,52.0674
Wales,2023-06-14,W92000004,13,902114,"3,105,410",-3.99417,52.0674
Wales,2023-06-13,W92000004,6,902101,"3,105,410",-3.99417,52.0674
Wales,2023-06-12,W92000004,19,902095,"3,105,410",-3.99417,52.0674
Wales,2023-06-11,W92000004,10,902076,"3,105,410",-3.99417,52.0674
Wales,2023-06-10,W92000004,7,902066,"3,105,410",-3.99417,52.0674
Wales,2023-06-09,W92000004,15,902059,"3,105,410",-3.99417,52.0674
Wales,2023-06-08,W92000004,24,902044,"3,105,410",-3.99417,52.0674
Wales,2023-06-07,W92000004,18,902020,"3,105,410",-3.99417,52.0674
Wales,2023-06-06,W92000004,20,902002,"3,105,410",-3.99417,52.0674
Wales,2023-06-05,W92000004,20,901982,"3,105,410",-3.99417,52.0674
Wales,2023-06-03,W92000004,6,901958,"3,105,410",-3.99417,52.0674
Wales,2023-06-02,W92000004,15,901952,"3,105,410",-3.99417,52.0674
Wales,2023-06-01,W92000004,17,901937,"3,105,410",-3.99417,52.0674
Wales,2023-05-31,W92000004,20,901920,"3,105,410",-3.99417,52.0674
Wales,2023-05-30,W92000004,21,901900,"3,105,410",-3.99417,52.0674
Wales,2023-05-29,W92000004,13,901879,"3,105,410",-3.99417,52.0674
Wales,2023-05-28,W92000004,18,901866,"3,105,410",-3.99417,52.0674
Wales,2023-05-27,W92000004,9,901848,"3,105,410",-3.99417,52.0674
Wales,2023-05-26,W92000004,15,901839,"3,105,410",-3.99417,52.0674
Wales,2023-05-25,W92000004,16,901824,"3,105,410",-3.99417,52.0674
Wales,2023-05-24,W92000004,16,901808,"3,105,410",-3.99417,52.0674
Wales,2023-05-23,W92000004,17,901792,"3,105,410",-3.99417,52.0674
Wales,2023-05-22,W92000004,23,901775,"3,105,410",-3.99417,52.0674
Wales,2023-05-21,W92000004,17,901752,"3,105,410",-3.99417,52.0674
Wales,2023-05-20,W92000004,11,901735,"3,105,410",-3.99417,52.0674
Wales,2023-05-19,W92000004,14,901724,"3,105,410",-3.99417,52.0674
Wales,2023-05-18,W92000004,13,901710,"3,105,410",-3.99417,52.0674
Wales,2023-05-17,W92000004,21,901697,"3,105,410",-3.99417,52.0674
Wales,2023-05-16,W92000004,15,901676,"3,105,410",-3.99417,52.0674
Wales,2023-05-15,W92000004,15,901661,"3,105,410",-3.99417,52.0674
Wales,2023-05-13,W92000004,20,901641,"3,105,410",-3.99417,52.0674
Wales,2023-05-12,W92000004,10,901621,"3,105,410",-3.99417,52.0674
Wales,2023-05-11,W92000004,20,901611,"3,105,410",-3.99417,52.0674
Wales,2023-05-10,W92000004,28,901591,"3,105,410",-3.99417,52.0674
Wales,2023-05-09,W92000004,32,901563,"3,105,410",-3.99417,52.0674
Wales,2023-05-08,W92000004,16,901531,"3,105,410",-3.99417,52.0674
Wales,2023-05-07,W92000004,21,901515,"3,105,410",-3.99417,52.0674
Wales,2023-05-06,W92000004,12,901494,"3,105,410",-3.99417,52.0674
Wales,2023-05-05,W92000004,18,901482,"3,105,410",-3.99417,52.0674
Wales,2023-05-04,W92000004,38,901464,"3,105,410",-3.99417,52.0674
Wales,2023-05-03,W92000004,22,901426,"3,105,410",-3.99417,52.0674
Wales,2023-05-02,W92000004,40,901404,"3,105,410",-3.99417,52.0674
Wales,2023-05-01,W92000004,21,901364,"3,105,410",-3.99417,52.0674
Wales,2023-04-30,W92000004,24,901343,"3,105,410",-3.99417,52.0674
Wales,2023-04-29,W92000004,30,901319,"3,105,410",-3.99417,52.0674
Wales,2023-04-28,W92000004,29,901289,"3,105,410",-3.99417,52.0674
Wales,2023-04-27,W92000004,32,901260,"3,105,410",-3.99417,52.0674
Wales,2023-04-26,W92000004,45,901228,"3,105,410",-3.99417,52.0674
Wales,2023-04-25,W92000004,36,901183,"3,105,410",-3.99417,52.0674
Wales,2023-04-24,W92000004,47,901147,"3,105,410",-3.99417,52.0674
Wales,2023-04-23,W92000004,34,901100,"3,105,410",-3.99417,52.0674
Wales,2023-04-22,W92000004,29,901066,"3,105,410",-3.99417,52.0674
Wales,2023-04-21,W92000004,34,901037,"3,105,410",-3.99417,52.0674
Wales,2023-04-20,W92000004,37,901003,"3,105,410",-3.99417,52.0674
Wales,2023-04-19,W92000004,30,900966,"3,105,410",-3.99417,52.0674
Wales,2023-04-18,W92000004,45,900936,"3,105,410",-3.99417,52.0674
Wales,2023-04-17,W92000004,40,900891,"3,105,410",-3.99417,52.0674
Wales,2023-04-16,W92000004,31,900851,"3,105,410",-3.99417,52.0674
Wales,2023-04-15,W92000004,29,900820,"3,105,410",-3.99417,52.0674
Wales,2023-04-14,W92000004,33,900791,"3,105,410",-3.99417,52.0674
Wales,2023-04-13,W92000004,45,900758,"3,105,410",-3.99417,52.0674
Wales,2023-04-12,W92000004,53,900713,"3,105,410",-3.99417,52.0674
Wales,2023-04-11,W92000004,66,900660,"3,105,410",-3.99417,52.0674
Wales,2023-04-10,W92000004,48,900594,"3,105,410",-3.99417,52.0674
Wales,2023-04-09,W92000004,34,900546,"3,105,410",-3.99417,52.0674
Wales,2023-04-08,W92000004,27,900512,"3,105,410",-3.99417,52.0674
Wales,2023-04-07,W92000004,27,900485,"3,105,410",-3.99417,52.0674
Wales,2023-04-06,W92000004,53,900458,"3,105,410",-3.99417,52.0674
Wales,2023-04-05,W92000004,73,900405,"3,105,410",-3.99417,52.0674
Wales,2023-04-04,W92000004,54,900332,"3,105,410",-3.99417,52.0674
Wales,2023-04-03,W92000004,62,900278,"3,105,410",-3.99417,52.0674
Wales,2023-04-02,W92000004,44,900216,"3,105,410",-3.99417,52.0674
Wales,2023-04-01,W92000004,33,900172,"3,105,410",-3.99417,52.0674
Wales,2023-03-31,W92000004,78,900139,"3,105,410",-3.99417,52.0674
Wales,2023-03-30,W92000004,74,900061,"3,105,410",-3.99417,52.0674
Wales,2023-03-29,W92000004,81,899987,"3,105,410",-3.99417,52.0674
Wales,2023-03-28,W92000004,75,899906,"3,105,410",-3.99417,52.0674
Wales,2023-03-27,W92000004,83,899831,"3,105,410",-3.99417,52.0674
Wales,2023-03-26,W92000004,42,899748,"3,105,410",-3.99417,52.0674
Wales,2023-03-25,W92000004,49,899706,"3,105,410",-3.99417,52.0674
Wales,2023-03-24,W92000004,60,899657,"3,105,410",-3.99417,52.0674
Wales,2023-03-23,W92000004,72,899597,"3,105,410",-3.99417,52.0674
Wales,2023-03-22,W92000004,80,899525,"3,105,410",-3.99417,52.0674
Wales,2023-03-21,W92000004,96,899445,"3,105,410",-3.99417,52.0674
Wales,2023-03-20,W92000004,88,899349,"3,105,410",-3.99417,52.0674
Wales,2023-03-19,W92000004,50,899261,"3,105,410",-3.99417,52.0674
Wales,2023-03-18,W92000004,56,899211,"3,105,410",-3.99417,52.0674
Wales,2023-03-17,W92000004,89,899155,"3,105,410",-3.99417,52.0674
Wales,2023-03-16,W92000004,107,899066,"3,105,410",-3.99417,52.0674
Wales,2023-03-15,W92000004,101,898959,"3,105,410",-3.99417,52.0674
Wales,2023-03-14,W92000004,125,898858,"3,105,410",-3.99417,52.0674
Wales,2023-03-13,W92000004,133,898733,"3,105,410",-3.99417,52.0674
Wales,2023-03-12,W92000004,86,898600,"3,105,410",-3.99417,52.0674
Wales,2023-03-11,W92000004,72,898514,"3,105,410",-3.99417,52.0674
Wales,2023-03-10,W92000004,101,898442,"3,105,410",-3.99417,52.0674
Wales,2023-03-09,W92000004,88,898341,"3,105,410",-3.99417,52.0674
Wales,2023-03-08,W92000004,97,898253,"3,105,410",-3.99417,52.0674
Wales,2023-03-07,W92000004,127,898156,"3,105,410",-3.99417,52.0674
Wales,2023-03-06,W92000004,106,898029,"3,105,410",-3.99417,52.0674
Wales,2023-03-05,W92000004,65,897923,"3,105,410",-3.99417,52.0674
Wales,2023-03-04,W92000004,56,897858,"3,105,410",-3.99417,52.0674
Wales,2023-03-03,W92000004,59,897802,"3,105,410",-3.99417,52.0674
Wales,2023-03-02,W92000004,88,897743,"3,105,410",-3.99417,52.0674
Wales,2023-03-01,W92000004,89,897655,"3,105,410",-3.99417,52.0674
Wales,2023-02-28,W92000004,65,897566,"3,105,410",-3.99417,52.0674
Wales,2023-02-27,W92000004,97,897501,"3,105,410",-3.99417,52.0674
Wales,2023-02-26,W92000004,39,897404,"3,105,410",-3.99417,52.0674
Wales,2023-02-25,W92000004,40,897365,"3,105,410",-3.99417,52.0674
Wales,2023-02-24,W92000004,63,897325,"3,105,410",-3.99417,52.0674
Wales,2023-02-23,W92000004,72,897262,"3,105,410",-3.99417,52.0674
Wales,2023-02-22,W92000004,64,897190,"3,105,410",-3.99417,52.0674
Wales,2023-02-21,W92000004,67,897126,"3,105,410",-3.99417,52.0674
Wales,2023-02-20,W92000004,70,897059,"3,105,410",-3.99417,52.0674
Wales,2023-02-19,W92000004,49,896989,"3,105,410",-3.99417,52.0674
Wales,2023-02-18,W92000004,49,896940,"3,105,410",-3.99417,52.0674
Wales,2023-02-17,W92000004,76,896891,"3,105,410",-3.99417,52.0674
Wales,2023-02-16,W92000004,67,896815,"3,105,410",-3.99417,52.0674
Wales,2023-02-15,W92000004,92,896748,"3,105,410",-3.99417,52.0674
Wales,2023-02-14,W92000004,77,896656,"3,105,410",-3.99417,52.0674
Wales,2023-02-13,W92000004,49,896579,"3,105,410",-3.99417,52.0674
Wales,2023-02-12,W92000004,41,896530,"3,105,410",-3.99417,52.0674
Wales,2023-02-11,W92000004,37,896489,"3,105,410",-3.99417,52.0674
Wales,2023-02-10,W92000004,50,896452,"3,105,410",-3.99417,52.0674
Wales,2023-02-09,W92000004,57,896402,"3,105,410",-3.99417,52.0674
Wales,2023-02-08,W92000004,67,896345,"3,105,410",-3.99417,52.0674
Wales,2023-02-07,W92000004,58,896278,"3,105,410",-3.99417,52.0674
Wales,2023-02-06,W92000004,74,896220,"3,105,410",-3.99417,52.0674
Wales,2023-02-05,W92000004,38,896146,"3,105,410",-3.99417,52.0674
Wales,2023-02-04,W92000004,25,896108,"3,105,410",-3.99417,52.0674
Wales,2023-02-03,W92000004,46,896083,"3,105,410",-3.99417,52.0674
Wales,2023-02-02,W92000004,56,896037,"3,105,410",-3.99417,52.0674
Wales,2023-02-01,W92000004,60,895981,"3,105,410",-3.99417,52.0674
Wales,2023-01-31,W92000004,61,895921,"3,105,410",-3.99417,52.0674
Wales,2023-01-30,W92000004,66,895860,"3,105,410",-3.99417,52.0674
Wales,2023-01-29,W92000004,25,895794,"3,105,410",-3.99417,52.0674
Wales,2023-01-28,W92000004,19,895769,"3,105,410",-3.99417,52.0674
Wales,2023-01-27,W92000004,37,895750,"3,105,410",-3.99417,52.0674
Wales,2023-01-26,W92000004,47,895713,"3,105,410",-3.99417,52.0674
Wales,2023-01-25,W92000004,52,895666,"3,105,410",-3.99417,52.0674
Wales,2023-01-24,W92000004,38,895614,"3,105,410",-3.99417,52.0674
Wales,2023-01-23,W92000004,46,895576,"3,105,410",-3.99417,52.0674
Wales,2023-01-22,W92000004,24,895530,"3,105,410",-3.99417,52.0674
Wales,2023-01-21,W92000004,15,895506,"3,105,410",-3.99417,52.0674
Wales,2023-01-20,W92000004,38,895491,"3,105,410",-3.99417,52.0674
Wales,2023-01-19,W92000004,60,895453,"3,105,410",-3.99417,52.0674
Wales,2023-01-18,W92000004,47,895393,"3,105,410",-3.99417,52.0674
Wales,2023-01-17,W92000004,40,895346,"3,105,410",-3.99417,52.0674
Wales,2023-01-16,W92000004,47,895306,"3,105,410",-3.99417,52.0674
Wales,2023-01-15,W92000004,22,895259,"3,105,410",-3.99417,52.0674
Wales,2023-01-14,W92000004,31,895237,"3,105,410",-3.99417,52.0674
Wales,2023-01-13,W92000004,36,895206,"3,105,410",-3.99417,52.0674
Wales,2023-01-12,W92000004,57,895170,"3,105,410",-3.99417,52.0674
Wales,2023-01-11,W92000004,38,895113,"3,105,410",-3.99417,52.0674
Wales,2023-01-10,W92000004,71,895075,"3,105,410",-3.99417,52.0674
Wales,2023-01-09,W92000004,59,895004,"3,105,410",-3.99417,52.0674
Wales,2023-01-08,W92000004,48,894945,"3,105,410",-3.99417,52.0674
Wales,2023-01-07,W92000004,41,894897,"3,105,410",-3.99417,52.0674
Wales,2023-01-06,W92000004,76,894856,"3,105,410",-3.99417,52.0674
Wales,2023-01-05,W92000004,93,894780,"3,105,410",-3.99417,52.0674
Wales,2023-01-04,W92000004,102,894687,"3,105,410",-3.99417,52.0674
Wales,2023-01-03,W92000004,112,894585,"3,105,410",-3.99417,52.0674
Wales,2023-01-02,W92000004,89,894473,"3,105,410",-3.99417,52.0674
Wales,2023-01-01,W92000004,60,894384,"3,105,410",-3.99417,52.0674
Wales,2022-12-31,W92000004,89,894324,"3,105,410",-3.99417,52.0674
Wales,2022-12-30,W92000004,149,894235,"3,105,410",-3.99417,52.0674
Wales,2022-12-29,W92000004,196,894086,"3,105,410",-3.99417,52.0674
Wales,2022-12-28,W92000004,176,893890,"3,105,410",-3.99417,52.0674
Wales,2022-12-27,W92000004,153,893714,"3,105,410",-3.99417,52.0674
Wales,2022-12-26,W92000004,101,893561,"3,105,410",-3.99417,52.0674
Wales,2022-12-25,W92000004,32,893460,"3,105,410",-3.99417,52.0674
Wales,2022-12-24,W92000004,69,893428,"3,105,410",-3.99417,52.0674
Wales,2022-12-23,W92000004,112,893359,"3,105,410",-3.99417,52.0674
Wales,2022-12-22,W92000004,179,893247,"3,105,410",-3.99417,52.0674
Wales,2022-12-21,W92000004,190,893068,"3,105,410",-3.99417,52.0674
Wales,2022-12-20,W92000004,207,892878,"3,105,410",-3.99417,52.0674
Wales,2022-12-19,W92000004,234,892671,"3,105,410",-3.99417,52.0674
Wales,2022-12-18,W92000004,130,892437,"3,105,410",-3.99417,52.0674
Wales,2022-12-17,W92000004,118,892307,"3,105,410",-3.99417,52.0674
Wales,2022-12-16,W92000004,185,892189,"3,105,410",-3.99417,52.0674
Wales,2022-12-15,W92000004,141,892004,"3,105,410",-3.99417,52.0674
Wales,2022-12-14,W92000004,163,891863,"3,105,410",-3.99417,52.0674
Wales,2022-12-13,W92000004,166,891700,"3,105,410",-3.99417,52.0674
Wales,2022-12-12,W92000004,195,891534,"3,105,410",-3.99417,52.0674
Wales,2022-12-11,W92000004,92,891339,"3,105,410",-3.99417,52.0674
Wales,2022-12-10,W92000004,55,891247,"3,105,410",-3.99417,52.0674
Wales,2022-12-09,W92000004,102,891192,"3,105,410",-3.99417,52.0674
Wales,2022-12-08,W92000004,102,891090,"3,105,410",-3.99417,52.0674
Wales,2022-12-07,W92000004,135,890988,"3,105,410",-3.99417,52.0674
Wales,2022-12-06,W92000004,103,890853,"3,105,410",-3.99417,52.0674
Wales,2022-12-05,W92000004,124,890750,"3,105,410",-3.99417,52.0674
Wales,2022-12-04,W92000004,58,890626,"3,105,410",-3.99417,52.0674
Wales,2022-12-03,W92000004,53,890568,"3,105,410",-3.99417,52.0674
Wales,2022-12-02,W92000004,52,890515,"3,105,410",-3.99417,52.0674
Wales,2022-12-01,W92000004,62,890463,"3,105,410",-3.99417,52.0674
Wales,2022-11-30,W92000004,89,890401,"3,105,410",-3.99417,52.0674
Wales,2022-11-29,W92000004,89,890312,"3,105,410",-3.99417,52.0674
Wales,2022-11-28,W92000004,71,890223,"3,105,410",-3.99417,52.0674
Wales,2022-11-27,W92000004,28,890152,"3,105,410",-3.99417,52.0674
Wales,2022-11-26,W92000004,48,890124,"3,105,410",-3.99417,52.0674
Wales,2022-11-25,W92000004,34,890076,"3,105,410",-3.99417,52.0674
Wales,2022-11-24,W92000004,45,890042,"3,105,410",-3.99417,52.0674
Wales,2022-11-23,W92000004,47,889997,"3,105,410",-3.99417,52.0674
Wales,2022-11-22,W92000004,56,889950,"3,105,410",-3.99417,52.0674
Wales,2022-11-21,W92000004,52,889894,"3,105,410",-3.99417,52.0674
Wales,2022-11-20,W92000004,34,889842,"3,105,410",-3.99417,52.0674
Wales,2022-11-19,W92000004,27,889808,"3,105,410",-3.99417,52.0674
Wales,2022-11-18,W92000004,40,889781,"3,105,410",-3.99417,52.0674
Wales,2022-11-17,W92000004,52,889741,"3,105,410",-3.99417,52.0674
Wales,2022-11-16,W92000004,36,889689,"3,105,410",-3.99417,52.0674
Wales,2022-11-15,W92000004,46,889653,"3,105,410",-3.99417,52.0674
Wales,2022-11-14,W92000004,57,889607,"3,105,410",-3.99417,52.0674
Wales,2022-11-13,W92000004,27,889550,"3,105,410",-3.99417,52.0674
Wales,2022-11-12,W92000004,30,889523,"3,105,410",-3.99417,52.0674
Wales,2022-11-11,W92000004,40,889493,"3,105,410",-3.99417,52.0674
Wales,2022-11-10,W92000004,41,889453,"3,105,410",-3.99417,52.0674
Wales,2022-11-09,W92000004,40,889412,"3,105,410",-3.99417,52.0674
Wales,2022-11-08,W92000004,53,889372,"3,105,410",-3.99417,52.0674
Wales,2022-11-07,W92000004,48,889319,"3,105,410",-3.99417,52.0674
Wales,2022-11-06,W92000004,46,889271,"3,105,410",-3.99417,52.0674
Wales,2022-11-05,W92000004,29,889225,"3,105,410",-3.99417,52.0674
Wales,2022-11-04,W92000004,38,889196,"3,105,410",-3.99417,52.0674
Wales,2022-11-03,W92000004,52,889158,"3,105,410",-3.99417,52.0674
Wales,2022-11-02,W92000004,59,889106,"3,105,410",-3.99417,52.0674
Wales,2022-11-01,W92000004,52,889047,"3,105,410",-3.99417,52.0674
Wales,2022-10-31,W92000004,62,888995,"3,105,410",-3.99417,52.0674
Wales,2022-10-30,W92000004,65,888933,"3,105,410",-3.99417,52.0674
Wales,2022-10-29,W92000004,49,888868,"3,105,410",-3.99417,52.0674
Wales,2022-10-28,W92000004,79,888819,"3,105,410",-3.99417,52.0674
Wales,2022-10-27,W92000004,80,888740,"3,105,410",-3.99417,52.0674
Wales,2022-10-26,W92000004,83,888660,"3,105,410",-3.99417,52.0674
Wales,2022-10-25,W92000004,76,888577,"3,105,410",-3.99417,52.0674
Wales,2022-10-24,W92000004,100,888501,"3,105,410",-3.99417,52.0674
Wales,2022-10-23,W92000004,54,888401,"3,105,410",-3.99417,52.0674
Wales,2022-10-22,W92000004,60,888347,"3,105,410",-3.99417,52.0674
Wales,2022-10-21,W92000004,85,888287,"3,105,410",-3.99417,52.0674
Wales,2022-10-20,W92000004,96,888202,"3,105,410",-3.99417,52.0674
Wales,2022-10-19,W92000004,110,888106,"3,105,410",-3.99417,52.0674
Wales,2022-10-18,W92000004,94,887996,"3,105,410",-3.99417,52.0674
Wales,2022-10-17,W92000004,125,887902,"3,105,410",-3.99417,52.0674
Wales,2022-10-16,W92000004,74,887777,"3,105,410",-3.99417,52.0674
Wales,2022-10-15,W92000004,98,887703,"3,105,410",-3.99417,52.0674
Wales,2022-10-14,W92000004,133,887605,"3,105,410",-3.99417,52.0674
Wales,2022-10-13,W92000004,114,887472,"3,105,410",-3.99417,52.0674
Wales,2022-10-12,W92000004,112,887358,"3,105,410",-3.99417,52.0674
Wales,2022-10-11,W92000004,139,887246,"3,105,410",-3.99417,52.0674
Wales,2022-10-10,W92000004,139,887107,"3,105,410",-3.99417,52.0674
Wales,2022-10-09,W92000004,89,886968,"3,105,410",-3.99417,52.0674
Wales,2022-10-08,W92000004,74,886879,"3,105,410",-3.99417,52.0674
Wales,2022-10-07,W92000004,124,886805,"3,105,410",-3.99417,52.0674
Wales,2022-10-06,W92000004,92,886681,"3,105,410",-3.99417,52.0674
Wales,2022-10-05,W92000004,109,886589,"3,105,410",-3.99417,52.0674
Wales,2022-10-04,W92000004,115,886480,"3,105,410",-3.99417,52.0674
Wales,2022-10-03,W92000004,146,886365,"3,105,410",-3.99417,52.0674
Wales,2022-10-02,W92000004,96,886219,"3,105,410",-3.99417,52.0674
Wales,2022-10-01,W92000004,76,886123,"3,105,410",-3.99417,52.0674
Wales,2022-09-30,W92000004,111,886047,"3,105,410",-3.99417,52.0674
Wales,2022-09-29,W92000004,95,885936,"3,105,410",-3.99417,52.0674
Wales,2022-09-28,W92000004,117,885841,"3,105,410",-3.99417,52.0674
Wales,2022-09-27,W92000004,114,885724,"3,105,410",-3.99417,52.0674
Wales,2022-09-26,W92000004,91,885610,"3,105,410",-3.99417,52.0674
Wales,2022-09-25,W92000004,67,885519,"3,105,410",-3.99417,52.0674
Wales,2022-09-24,W92000004,71,885452,"3,105,410",-3.99417,52.0674
Wales,2022-09-23,W92000004,78,885381,"3,105,410",-3.99417,52.0674
Wales,2022-09-22,W92000004,76,885303,"3,105,410",-3.99417,52.0674
Wales,2022-09-21,W92000004,82,885227,"3,105,410",-3.99417,52.0674
Wales,2022-09-20,W92000004,92,885145,"3,105,410",-3.99417,52.0674
Wales,2022-09-19,W92000004,54,885053,"3,105,410",-3.99417,52.0674
Wales,2022-09-18,W92000004,38,884999,"3,105,410",-3.99417,52.0674
Wales,2022-09-17,W92000004,28,884961,"3,105,410",-3.99417,52.0674
Wales,2022-09-16,W92000004,39,884933,"3,105,410",-3.99417,52.0674
Wales,2022-09-15,W92000004,42,884894,"3,105,410",-3.99417,52.0674
Wales,2022-09-14,W92000004,42,884852,"3,105,410",-3.99417,52.0674
Wales,2022-09-13,W92000004,62,884810,"3,105,410",-3.99417,52.0674
Wales,2022-09-12,W92000004,61,884748,"3,105,410",-3.99417,52.0674
Wales,2022-09-11,W92000004,28,884687,"3,105,410",-3.99417,52.0674
Wales,2022-09-10,W92000004,31,884659,"3,105,410",-3.99417,52.0674
Wales,2022-09-09,W92000004,49,884628,"3,105,410",-3.99417,52.0674
Wales,2022-09-08,W92000004,43,884579,"3,105,410",-3.99417,52.0674
Wales,2022-09-07,W92000004,26,884536,"3,105,410",-3.99417,52.0674
Wales,2022-09-06,W92000004,40,884510,"3,105,410",-3.99417,52.0674
Wales,2022-09-05,W92000004,47,884470,"3,105,410",-3.99417,52.0674
Wales,2022-09-04,W92000004,54,884423,"3,105,410",-3.99417,52.0674
Wales,2022-09-03,W92000004,48,884369,"3,105,410",-3.99417,52.0674
Wales,2022-09-02,W92000004,45,884321,"3,105,410",-3.99417,52.0674
Wales,2022-09-01,W92000004,53,884276,"3,105,410",-3.99417,52.0674
Wales,2022-08-31,W92000004,64,884223,"3,105,410",-3.99417,52.0674
Wales,2022-08-30,W92000004,60,884159,"3,105,410",-3.99417,52.0674
Wales,2022-08-29,W92000004,31,884099,"3,105,410",-3.99417,52.0674
Wales,2022-08-28,W92000004,30,884068,"3,105,410",-3.99417,52.0674
Wales,2022-08-27,W92000004,34,884038,"3,105,410",-3.99417,52.0674
Wales,2022-08-26,W92000004,31,884004,"3,105,410",-3.99417,52.0674
Wales,2022-08-25,W92000004,42,883973,"3,105,410",-3.99417,52.0674
Wales,2022-08-24,W92000004,50,883931,"3,105,410",-3.99417,52.0674
Wales,2022-08-23,W92000004,52,883881,"3,105,410",-3.99417,52.0674
Wales,2022-08-22,W92000004,58,883829,"3,105,410",-3.99417,52.0674
Wales,2022-08-21,W92000004,45,883771,"3,105,410",-3.99417,52.0674
Wales,2022-08-20,W92000004,29,883726,"3,105,410",-3.99417,52.0674
Wales,2022-08-19,W92000004,56,883697,"3,105,410",-3.99417,52.0674
Wales,2022-08-18,W92000004,43,883641,"3,105,410",-3.99417,52.0674
Wales,2022-08-17,W92000004,42,883598,"3,105,410",-3.99417,52.0674
Wales,2022-08-16,W92000004,93,883556,"3,105,410",-3.99417,52.0674
Wales,2022-08-15,W92000004,97,883463,"3,105,410",-3.99417,52.0674
Wales,2022-08-14,W92000004,43,883366,"3,105,410",-3.99417,52.0674
Wales,2022-08-13,W92000004,55,883323,"3,105,410",-3.99417,52.0674
Wales,2022-08-12,W92000004,73,883268,"3,105,410",-3.99417,52.0674
Wales,2022-08-11,W92000004,81,883195,"3,105,410",-3.99417,52.0674
Wales,2022-08-10,W92000004,75,883114,"3,105,410",-3.99417,52.0674
Wales,2022-08-09,W92000004,70,883039,"3,105,410",-3.99417,52.0674
Wales,2022-08-08,W92000004,87,882969,"3,105,410",-3.99417,52.0674
Wales,2022-08-07,W92000004,48,882882,"3,105,410",-3.99417,52.0674
Wales,2022-08-06,W92000004,60,882834,"3,105,410",-3.99417,52.0674
Wales,2022-08-05,W92000004,63,882774,"3,105,410",-3.99417,52.0674
Wales,2022-08-04,W92000004,72,882711,"3,105,410",-3.99417,52.0674
Wales,2022-08-03,W92000004,61,882639,"3,105,410",-3.99417,52.0674
Wales,2022-08-02,W92000004,93,882578,"3,105,410",-3.99417,52.0674
Wales,2022-08-01,W92000004,106,882485,"3,105,410",-3.99417,52.0674
Wales,2022-07-31,W92000004,46,882379,"3,105,410",-3.99417,52.0674
Wales,2022-07-30,W92000004,68,882333,"3,105,410",-3.99417,52.0674
Wales,2022-07-29,W92000004,82,882265,"3,105,410",-3.99417,52.0674
Wales,2022-07-28,W92000004,79,882183,"3,105,410",-3.99417,52.0674
Wales,2022-07-27,W92000004,73,882104,"3,105,410",-3.99417,52.0674
Wales,2022-07-26,W92000004,90,882031,"3,105,410",-3.99417,52.0674
Wales,2022-07-25,W92000004,127,881941,"3,105,410",-3.99417,52.0674
Wales,2022-07-24,W92000004,72,881814,"3,105,410",-3.99417,52.0674
Wales,2022-07-23,W92000004,69,881742,"3,105,410",-3.99417,52.0674
Wales,2022-07-22,W92000004,107,881673,"3,105,410",-3.99417,52.0674
Wales,2022-07-21,W92000004,109,881566,"3,105,410",-3.99417,52.0674
Wales,2022-07-20,W92000004,137,881457,"3,105,410",-3.99417,52.0674
Wales,2022-07-19,W92000004,132,881320,"3,105,410",-3.99417,52.0674
Wales,2022-07-18,W92000004,148,881188,"3,105,410",-3.99417,52.0674
Wales,2022-07-17,W92000004,93,881040,"3,105,410",-3.99417,52.0674
Wales,2022-07-16,W92000004,78,880947,"3,105,410",-3.99417,52.0674
Wales,2022-07-15,W92000004,145,880869,"3,105,410",-3.99417,52.0674
Wales,2022-07-14,W92000004,119,880724,"3,105,410",-3.99417,52.0674
Wales,2022-07-13,W92000004,180,880605,"3,105,410",-3.99417,52.0674
Wales,2022-07-12,W92000004,196,880425,"3,105,410",-3.99417,52.0674
Wales,2022-07-11,W92000004,279,880229,"3,105,410",-3.99417,52.0674
Wales,2022-07-10,W92000004,142,879950,"3,105,410",-3.99417,52.0674
Wales,2022-07-09,W92000004,168,879808,"3,105,410",-3.99417,52.0674
Wales,2022-07-08,W92000004,229,879640,"3,105,410",-3.99417,52.0674
Wales,2022-07-07,W92000004,206,879411,"3,105,410",-3.99417,52.0674
Wales,2022-07-06,W92000004,217,879205,"3,105,410",-3.99417,52.0674
Wales,2022-07-05,W92000004,302,878988,"3,105,410",-3.99417,52.0674
Wales,2022-07-04,W92000004,295,878686,"3,105,410",-3.99417,52.0674
Wales,2022-07-03,W92000004,117,878391,"3,105,410",-3.99417,52.0674
Wales,2022-07-02,W92000004,130,878274,"3,105,410",-3.99417,52.0674
Wales,2022-07-01,W92000004,181,878144,"3,105,410",-3.99417,52.0674
Wales,2022-06-30,W92000004,210,877963,"3,105,410",-3.99417,52.0674
Wales,2022-06-29,W92000004,217,877753,"3,105,410",-3.99417,52.0674
Wales,2022-06-28,W92000004,207,877536,"3,105,410",-3.99417,52.0674
Wales,2022-06-27,W92000004,227,877329,"3,105,410",-3.99417,52.0674
Wales,2022-06-26,W92000004,135,877102,"3,105,410",-3.99417,52.0674
Wales,2022-06-25,W92000004,108,876967,"3,105,410",-3.99417,52.0674
Wales,2022-06-24,W92000004,178,876859,"3,105,410",-3.99417,52.0674
Wales,2022-06-23,W92000004,167,876681,"3,105,410",-3.99417,52.0674
Wales,2022-06-22,W92000004,164,876514,"3,105,410",-3.99417,52.0674
Wales,2022-06-21,W92000004,177,876350,"3,105,410",-3.99417,52.0674
Wales,2022-06-20,W92000004,173,876173,"3,105,410",-3.99417,52.0674
Wales,2022-06-19,W92000004,79,876000,"3,105,410",-3.99417,52.0674
Wales,2022-06-18,W92000004,84,875921,"3,105,410",-3.99417,52.0674
Wales,2022-06-17,W92000004,117,875837,"3,105,410",-3.99417,52.0674
Wales,2022-06-16,W92000004,93,875720,"3,105,410",-3.99417,52.0674
Wales,2022-06-15,W92000004,93,875627,"3,105,410",-3.99417,52.0674
Wales,2022-06-14,W92000004,92,875534,"3,105,410",-3.99417,52.0674
Wales,2022-06-13,W92000004,105,875442,"3,105,410",-3.99417,52.0674
Wales,2022-06-12,W92000004,56,875337,"3,105,410",-3.99417,52.0674
Wales,2022-06-11,W92000004,56,875281,"3,105,410",-3.99417,52.0674
Wales,2022-06-10,W92000004,61,875225,"3,105,410",-3.99417,52.0674
Wales,2022-06-09,W92000004,49,875164,"3,105,410",-3.99417,52.0674
Wales,2022-06-08,W92000004,66,875115,"3,105,410",-3.99417,52.0674
Wales,2022-06-07,W92000004,70,875049,"3,105,410",-3.99417,52.0674
Wales,2022-06-06,W92000004,74,874979,"3,105,410",-3.99417,52.0674
Wales,2022-06-05,W92000004,37,874905,"3,105,410",-3.99417,52.0674
Wales,2022-06-04,W92000004,35,874868,"3,105,410",-3.99417,52.0674
Wales,2022-06-03,W92000004,51,874833,"3,105,410",-3.99417,52.0674
Wales,2022-06-02,W92000004,27,874782,"3,105,410",-3.99417,52.0674
Wales,2022-06-01,W92000004,54,874755,"3,105,410",-3.99417,52.0674
Wales,2022-05-31,W92000004,30,874701,"3,105,410",-3.99417,52.0674
Wales,2022-05-30,W92000004,33,874671,"3,105,410",-3.99417,52.0674
Wales,2022-05-29,W92000004,34,874638,"3,105,410",-3.99417,52.0674
Wales,2022-05-28,W92000004,27,874604,"3,105,410",-3.99417,52.0674
Wales,2022-05-27,W92000004,45,874577,"3,105,410",-3.99417,52.0674
Wales,2022-05-26,W92000004,35,874532,"3,105,410",-3.99417,52.0674
Wales,2022-05-25,W92000004,55,874497,"3,105,410",-3.99417,52.0674
Wales,2022-05-24,W92000004,54,874442,"3,105,410",-3.99417,52.0674
Wales,2022-05-23,W92000004,52,874388,"3,105,410",-3.99417,52.0674
Wales,2022-05-22,W92000004,30,874336,"3,105,410",-3.99417,52.0674
Wales,2022-05-21,W92000004,29,874306,"3,105,410",-3.99417,52.0674
Wales,2022-05-20,W92000004,27,874277,"3,105,410",-3.99417,52.0674
Wales,2022-05-19,W92000004,51,874250,"3,105,410",-3.99417,52.0674
Wales,2022-05-18,W92000004,68,874199,"3,105,410",-3.99417,52.0674
Wales,2022-05-17,W92000004,73,874131,"3,105,410",-3.99417,52.0674
Wales,2022-05-16,W92000004,67,874058,"3,105,410",-3.99417,52.0674
Wales,2022-05-15,W92000004,40,873991,"3,105,410",-3.99417,52.0674
Wales,2022-05-14,W92000004,46,873951,"3,105,410",-3.99417,52.0674
Wales,2022-05-13,W92000004,67,873905,"3,105,410",-3.99417,52.0674
Wales,2022-05-12,W92000004,62,873838,"3,105,410",-3.99417,52.0674
Wales,2022-05-11,W92000004,78,873776,"3,105,410",-3.99417,52.0674
Wales,2022-05-10,W92000004,90,873698,"3,105,410",-3.99417,52.0674
Wales,2022-05-09,W92000004,99,873608,"3,105,410",-3.99417,52.0674
Wales,2022-05-08,W92000004,59,873509,"3,105,410",-3.99417,52.0674
Wales,2022-05-07,W92000004,69,873450,"3,105,410",-3.99417,52.0674
Wales,2022-05-06,W92000004,128,873381,"3,105,410",-3.99417,52.0674
Wales,2022-05-05,W92000004,113,873253,"3,105,410",-3.99417,52.0674
Wales,2022-05-04,W92000004,123,873140,"3,105,410",-3.99417,52.0674
Wales,2022-05-03,W92000004,154,873017,"3,105,410",-3.99417,52.0674
Wales,2022-05-02,W92000004,80,872863,"3,105,410",-3.99417,52.0674
Wales,2022-05-01,W92000004,76,872783,"3,105,410",-3.99417,52.0674
Wales,2022-04-30,W92000004,73,872707,"3,105,410",-3.99417,52.0674
Wales,2022-04-29,W92000004,92,872634,"3,105,410",-3.99417,52.0674
Wales,2022-04-28,W92000004,138,872542,"3,105,410",-3.99417,52.0674
Wales,2022-04-27,W92000004,115,872404,"3,105,410",-3.99417,52.0674
Wales,2022-04-26,W92000004,150,872289,"3,105,410",-3.99417,52.0674
Wales,2022-04-25,W92000004,148,872139,"3,105,410",-3.99417,52.0674
Wales,2022-04-24,W92000004,109,871991,"3,105,410",-3.99417,52.0674
Wales,2022-04-23,W92000004,112,871882,"3,105,410",-3.99417,52.0674
Wales,2022-04-22,W92000004,154,871770,"3,105,410",-3.99417,52.0674
Wales,2022-04-21,W92000004,136,871616,"3,105,410",-3.99417,52.0674
Wales,2022-04-20,W92000004,163,871480,"3,105,410",-3.99417,52.0674
Wales,2022-04-19,W92000004,214,871317,"3,105,410",-3.99417,52.0674
Wales,2022-04-18,W92000004,184,871103,"3,105,410",-3.99417,52.0674
Wales,2022-04-17,W92000004,167,870919,"3,105,410",-3.99417,52.0674
Wales,2022-04-16,W92000004,140,870752,"3,105,410",-3.99417,52.0674
Wales,2022-04-15,W92000004,150,870612,"3,105,410",-3.99417,52.0674
Wales,2022-04-14,W92000004,233,870462,"3,105,410",-3.99417,52.0674
Wales,2022-04-13,W92000004,254,870229,"3,105,410",-3.99417,52.0674
Wales,2022-04-12,W92000004,277,869975,"3,105,410",-3.99417,52.0674
Wales,2022-04-11,W92000004,319,869698,"3,105,410",-3.99417,52.0674
Wales,2022-04-10,W92000004,207,869379,"3,105,410",-3.99417,52.0674
Wales,2022-04-09,W92000004,196,869172,"3,105,410",-3.99417,52.0674
Wales,2022-04-08,W92000004,314,868976,"3,105,410",-3.99417,52.0674
Wales,2022-04-07,W92000004,341,868662,"3,105,410",-3.99417,52.0674
Wales,2022-04-06,W92000004,367,868321,"3,105,410",-3.99417,52.0674
Wales,2022-04-05,W92000004,463,867954,"3,105,410",-3.99417,52.0674
Wales,2022-04-04,W92000004,473,867491,"3,105,410",-3.99417,52.0674
Wales,2022-04-03,W92000004,256,867018,"3,105,410",-3.99417,52.0674
Wales,2022-04-02,W92000004,318,866762,"3,105,410",-3.99417,52.0674
Wales,2022-04-01,W92000004,524,866444,"3,105,410",-3.99417,52.0674
Wales,2022-03-31,W92000004,1025,865920,"3,105,410",-3.99417,52.0674
Wales,2022-03-30,W92000004,1380,864895,"3,105,410",-3.99417,52.0674
Wales,2022-03-29,W92000004,1473,863515,"3,105,410",-3.99417,52.0674
Wales,2022-03-28,W92000004,1957,862042,"3,105,410",-3.99417,52.0674
Wales,2022-03-27,W92000004,1173,860085,"3,105,410",-3.99417,52.0674
Wales,2022-03-26,W92000004,1288,858912,"3,105,410",-3.99417,52.0674
Wales,2022-03-25,W92000004,1923,857624,"3,105,410",-3.99417,52.0674
Wales,2022-03-24,W92000004,2063,855701,"3,105,410",-3.99417,52.0674
Wales,2022-03-23,W92000004,2489,853638,"3,105,410",-3.99417,52.0674
Wales,2022-03-22,W92000004,2502,851149,"3,105,410",-3.99417,52.0674
Wales,2022-03-21,W92000004,2898,848647,"3,105,410",-3.99417,52.0674
Wales,2022-03-20,W92000004,1465,845749,"3,105,410",-3.99417,52.0674
Wales,2022-03-19,W92000004,1399,844284,"3,105,410",-3.99417,52.0674
Wales,2022-03-18,W92000004,1810,842885,"3,105,410",-3.99417,52.0674
Wales,2022-03-17,W92000004,2075,841075,"3,105,410",-3.99417,52.0674
Wales,2022-03-16,W92000004,2306,839000,"3,105,410",-3.99417,52.0674
Wales,2022-03-15,W92000004,2396,836694,"3,105,410",-3.99417,52.0674
Wales,2022-03-14,W92000004,2471,834298,"3,105,410",-3.99417,52.0674
Wales,2022-03-13,W92000004,1284,831827,"3,105,410",-3.99417,52.0674
Wales,2022-03-12,W92000004,1147,830543,"3,105,410",-3.99417,52.0674
Wales,2022-03-11,W92000004,1388,829396,"3,105,410",-3.99417,52.0674
Wales,2022-03-10,W92000004,1501,828008,"3,105,410",-3.99417,52.0674
Wales,2022-03-09,W92000004,1569,826507,"3,105,410",-3.99417,52.0674
Wales,2022-03-08,W92000004,1492,824938,"3,105,410",-3.99417,52.0674
Wales,2022-03-07,W92000004,1494,823446,"3,105,410",-3.99417,52.0674
Wales,2022-03-06,W92000004,855,821952,"3,105,410",-3.99417,52.0674
Wales,2022-03-05,W92000004,787,821097,"3,105,410",-3.99417,52.0674
Wales,2022-03-04,W92000004,832,820310,"3,105,410",-3.99417,52.0674
Wales,2022-03-03,W92000004,1052,819478,"3,105,410",-3.99417,52.0674
Wales,2022-03-02,W92000004,1055,818426,"3,105,410",-3.99417,52.0674
Wales,2022-03-01,W92000004,983,817371,"3,105,410",-3.99417,52.0674
Wales,2022-02-28,W92000004,999,816388,"3,105,410",-3.99417,52.0674
Wales,2022-02-27,W92000004,589,815389,"3,105,410",-3.99417,52.0674
Wales,2022-02-26,W92000004,499,814800,"3,105,410",-3.99417,52.0674
Wales,2022-02-25,W92000004,617,814301,"3,105,410",-3.99417,52.0674
Wales,2022-02-24,W92000004,708,813684,"3,105,410",-3.99417,52.0674
Wales,2022-02-23,W92000004,858,812976,"3,105,410",-3.99417,52.0674
Wales,2022-02-22,W92000004,823,812118,"3,105,410",-3.99417,52.0674
Wales,2022-02-21,W92000004,1087,811295,"3,105,410",-3.99417,52.0674
Wales,2022-02-20,W92000004,559,810208,"3,105,410",-3.99417,52.0674
Wales,2022-02-19,W92000004,842,809649,"3,105,410",-3.99417,52.0674
Wales,2022-02-18,W92000004,278,808807,"3,105,410",-3.99417,52.0674
Wales,2022-02-17,W92000004,968,808529,"3,105,410",-3.99417,52.0674
Wales,2022-02-16,W92000004,1251,807561,"3,105,410",-3.99417,52.0674
Wales,2022-02-15,W92000004,1272,806310,"3,105,410",-3.99417,52.0674
Wales,2022-02-14,W92000004,1450,805038,"3,105,410",-3.99417,52.0674
Wales,2022-02-13,W92000004,855,803588,"3,105,410",-3.99417,52.0674
Wales,2022-02-12,W92000004,792,802733,"3,105,410",-3.99417,52.0674
Wales,2022-02-11,W92000004,1071,801941,"3,105,410",-3.99417,52.0674
Wales,2022-02-10,W92000004,1380,800870,"3,105,410",-3.99417,52.0674
Wales,2022-02-09,W92000004,1649,799490,"3,105,410",-3.99417,52.0674
Wales,2022-02-08,W92000004,1815,797841,"3,105,410",-3.99417,52.0674
Wales,2022-02-07,W92000004,1953,796026,"3,105,410",-3.99417,52.0674
Wales,2022-02-06,W92000004,1147,794073,"3,105,410",-3.99417,52.0674
Wales,2022-02-05,W92000004,1095,792926,"3,105,410",-3.99417,52.0674
Wales,2022-02-04,W92000004,1661,791831,"3,105,410",-3.99417,52.0674
Wales,2022-02-03,W92000004,1770,790170,"3,105,410",-3.99417,52.0674
Wales,2022-02-02,W92000004,2276,788400,"3,105,410",-3.99417,52.0674
Wales,2022-02-01,W92000004,2457,786124,"3,105,410",-3.99417,52.0674
Wales,2022-01-31,W92000004,2648,783667,"3,105,410",-3.99417,52.0674
Wales,2022-01-30,W92000004,1544,781019,"3,105,410",-3.99417,52.0674
Wales,2022-01-29,W92000004,1582,779475,"3,105,410",-3.99417,52.0674
Wales,2022-01-28,W92000004,2140,777893,"3,105,410",-3.99417,52.0674
Wales,2022-01-27,W92000004,2461,775753,"3,105,410",-3.99417,52.0674
Wales,2022-01-26,W92000004,2926,773292,"3,105,410",-3.99417,52.0674
Wales,2022-01-25,W92000004,2944,770366,"3,105,410",-3.99417,52.0674
Wales,2022-01-24,W92000004,3300,767422,"3,105,410",-3.99417,52.0674
Wales,2022-01-23,W92000004,2047,764122,"3,105,410",-3.99417,52.0674
Wales,2022-01-22,W92000004,1867,762075,"3,105,410",-3.99417,52.0674
Wales,2022-01-21,W92000004,2351,760208,"3,105,410",-3.99417,52.0674
Wales,2022-01-20,W92000004,2437,757857,"3,105,410",-3.99417,52.0674
Wales,2022-01-19,W92000004,2484,755420,"3,105,410",-3.99417,52.0674
Wales,2022-01-18,W92000004,2603,752936,"3,105,410",-3.99417,52.0674
Wales,2022-01-17,W92000004,2958,750333,"3,105,410",-3.99417,52.0674
Wales,2022-01-16,W92000004,1783,747375,"3,105,410",-3.99417,52.0674
Wales,2022-01-15,W92000004,1483,745592,"3,105,410",-3.99417,52.0674
Wales,2022-01-14,W92000004,1945,744109,"3,105,410",-3.99417,52.0674
Wales,2022-01-13,W92000004,2100,742164,"3,105,410",-3.99417,52.0674
Wales,2022-01-12,W92000004,2406,740064,"3,105,410",-3.99417,52.0674
Wales,2022-01-11,W92000004,2733,737658,"3,105,410",-3.99417,52.0674
Wales,2022-01-10,W92000004,3596,734925,"3,105,410",-3.99417,52.0674
Wales,2022-01-09,W92000004,2180,731329,"3,105,410",-3.99417,52.0674
Wales,2022-01-08,W92000004,2465,729149,"3,105,410",-3.99417,52.0674
Wales,2022-01-07,W92000004,3367,726684,"3,105,410",-3.99417,52.0674
Wales,2022-01-06,W92000004,4714,723317,"3,105,410",-3.99417,52.0674
Wales,2022-01-05,W92000004,8991,718603,"3,105,410",-3.99417,52.0674
Wales,2022-01-04,W92000004,12452,709612,"3,105,410",-3.99417,52.0674
Wales,2022-01-03,W92000004,9457,697160,"3,105,410",-3.99417,52.0674
Wales,2022-01-02,W92000004,9855,687703,"3,105,410",-3.99417,52.0674
Wales,2022-01-01,W92000004,6224,677848,"3,105,410",-3.99417,52.0674
Wales,2021-12-31,W92000004,9912,671624,"3,105,410",-3.99417,52.0674
Wales,2021-12-30,W92000004,12832,661712,"3,105,410",-3.99417,52.0674
Wales,2021-12-29,W92000004,16252,648880,"3,105,410",-3.99417,52.0674
Wales,2021-12-28,W92000004,13615,632628,"3,105,410",-3.99417,52.0674
Wales,2021-12-27,W92000004,13373,619013,"3,105,410",-3.99417,52.0674
Wales,2021-12-26,W92000004,6364,605640,"3,105,410",-3.99417,52.0674
Wales,2021-12-25,W92000004,2940,599276,"3,105,410",-3.99417,52.0674
Wales,2021-12-24,W92000004,5718,596336,"3,105,410",-3.99417,52.0674
Wales,2021-12-23,W92000004,6878,590618,"3,105,410",-3.99417,52.0674
Wales,2021-12-22,W92000004,7134,583740,"3,105,410",-3.99417,52.0674
Wales,2021-12-21,W92000004,6326,576606,"3,105,410",-3.99417,52.0674
Wales,2021-12-20,W92000004,5027,570280,"3,105,410",-3.99417,52.0674
Wales,2021-12-19,W92000004,2928,565253,"3,105,410",-3.99417,52.0674
Wales,2021-12-18,W92000004,2772,562325,"3,105,410",-3.99417,52.0674
Wales,2021-12-17,W92000004,3216,559553,"3,105,410",-3.99417,52.0674
Wales,2021-12-16,W92000004,3596,556337,"3,105,410",-3.99417,52.0674
Wales,2021-12-15,W92000004,3606,552741,"3,105,410",-3.99417,52.0674
Wales,2021-12-14,W92000004,3302,549135,"3,105,410",-3.99417,52.0674
Wales,2021-12-13,W92000004,2937,545833,"3,105,410",-3.99417,52.0674
Wales,2021-12-12,W92000004,1943,542896,"3,105,410",-3.99417,52.0674
Wales,2021-12-11,W92000004,1896,540953,"3,105,410",-3.99417,52.0674
Wales,2021-12-10,W92000004,2207,539057,"3,105,410",-3.99417,52.0674
Wales,2021-12-09,W92000004,2424,536850,"3,105,410",-3.99417,52.0674
Wales,2021-12-08,W92000004,2663,534426,"3,105,410",-3.99417,52.0674
Wales,2021-12-07,W92000004,2500,531763,"3,105,410",-3.99417,52.0674
Wales,2021-12-06,W92000004,2816,529263,"3,105,410",-3.99417,52.0674
Wales,2021-12-05,W92000004,1957,526447,"3,105,410",-3.99417,52.0674
Wales,2021-12-04,W92000004,1855,524490,"3,105,410",-3.99417,52.0674
Wales,2021-12-03,W92000004,2198,522635,"3,105,410",-3.99417,52.0674
Wales,2021-12-02,W92000004,2417,520437,"3,105,410",-3.99417,52.0674
Wales,2021-12-01,W92000004,2438,518020,"3,105,410",-3.99417,52.0674
Wales,2021-11-30,W92000004,2761,515582,"3,105,410",-3.99417,52.0674
Wales,2021-11-29,W92000004,2854,512821,"3,105,410",-3.99417,52.0674
Wales,2021-11-28,W92000004,2009,509967,"3,105,410",-3.99417,52.0674
Wales,2021-11-27,W92000004,1591,507958,"3,105,410",-3.99417,52.0674
Wales,2021-11-26,W92000004,1985,506367,"3,105,410",-3.99417,52.0674
Wales,2021-11-25,W92000004,2152,504382,"3,105,410",-3.99417,52.0674
Wales,2021-11-24,W92000004,2323,502230,"3,105,410",-3.99417,52.0674
Wales,2021-11-23,W92000004,2490,499907,"3,105,410",-3.99417,52.0674
Wales,2021-11-22,W92000004,2810,497417,"3,105,410",-3.99417,52.0674
Wales,2021-11-21,W92000004,1832,494607,"3,105,410",-3.99417,52.0674
Wales,2021-11-20,W92000004,1816,492775,"3,105,410",-3.99417,52.0674
Wales,2021-11-19,W92000004,1976,490959,"3,105,410",-3.99417,52.0674
Wales,2021-11-18,W92000004,2268,488983,"3,105,410",-3.99417,52.0674
Wales,2021-11-17,W92000004,2551,486715,"3,105,410",-3.99417,52.0674
Wales,2021-11-16,W92000004,2708,484164,"3,105,410",-3.99417,52.0674
Wales,2021-11-15,W92000004,2914,481456,"3,105,410",-3.99417,52.0674
Wales,2021-11-14,W92000004,2023,478542,"3,105,410",-3.99417,52.0674
Wales,2021-11-13,W92000004,1848,476519,"3,105,410",-3.99417,52.0674
Wales,2021-11-12,W92000004,2246,474671,"3,105,410",-3.99417,52.0674
Wales,2021-11-11,W92000004,2575,472425,"3,105,410",-3.99417,52.0674
Wales,2021-11-10,W92000004,2764,469850,"3,105,410",-3.99417,52.0674
Wales,2021-11-09,W92000004,2490,467086,"3,105,410",-3.99417,52.0674
Wales,2021-11-08,W92000004,2624,464596,"3,105,410",-3.99417,52.0674
Wales,2021-11-07,W92000004,1799,461972,"3,105,410",-3.99417,52.0674
Wales,2021-11-06,W92000004,1629,460173,"3,105,410",-3.99417,52.0674
Wales,2021-11-05,W92000004,2029,458544,"3,105,410",-3.99417,52.0674
Wales,2021-11-04,W92000004,2276,456515,"3,105,410",-3.99417,52.0674
Wales,2021-11-03,W92000004,2401,454239,"3,105,410",-3.99417,52.0674
Wales,2021-11-02,W92000004,2463,451838,"3,105,410",-3.99417,52.0674
Wales,2021-11-01,W92000004,2874,449375,"3,105,410",-3.99417,52.0674
Wales,2021-10-31,W92000004,2203,446501,"3,105,410",-3.99417,52.0674
Wales,2021-10-30,W92000004,2319,444298,"3,105,410",-3.99417,52.0674
Wales,2021-10-29,W92000004,2617,441979,"3,105,410",-3.99417,52.0674
Wales,2021-10-28,W92000004,2614,439362,"3,105,410",-3.99417,52.0674
Wales,2021-10-27,W92000004,2594,436748,"3,105,410",-3.99417,52.0674
Wales,2021-10-26,W92000004,2639,434154,"3,105,410",-3.99417,52.0674
Wales,2021-10-25,W92000004,2961,431515,"3,105,410",-3.99417,52.0674
Wales,2021-10-24,W92000004,2286,428554,"3,105,410",-3.99417,52.0674
Wales,2021-10-23,W92000004,2193,426268,"3,105,410",-3.99417,52.0674
Wales,2021-10-22,W92000004,2643,424075,"3,105,410",-3.99417,52.0674
Wales,2021-10-21,W92000004,2921,421432,"3,105,410",-3.99417,52.0674
Wales,2021-10-20,W92000004,3439,418511,"3,105,410",-3.99417,52.0674
Wales,2021-10-19,W92000004,3656,415072,"3,105,410",-3.99417,52.0674
Wales,2021-10-18,W92000004,4054,411416,"3,105,410",-3.99417,52.0674
Wales,2021-10-17,W92000004,2870,407362,"3,105,410",-3.99417,52.0674
Wales,2021-10-16,W92000004,3077,404492,"3,105,410",-3.99417,52.0674
Wales,2021-10-15,W92000004,3249,401415,"3,105,410",-3.99417,52.0674
Wales,2021-10-14,W92000004,3210,398166,"3,105,410",-3.99417,52.0674
Wales,2021-10-13,W92000004,3273,394956,"3,105,410",-3.99417,52.0674
Wales,2021-10-12,W92000004,3382,391683,"3,105,410",-3.99417,52.0674
Wales,2021-10-11,W92000004,2907,388301,"3,105,410",-3.99417,52.0674
Wales,2021-10-10,W92000004,1873,385394,"3,105,410",-3.99417,52.0674
Wales,2021-10-09,W92000004,1972,383521,"3,105,410",-3.99417,52.0674
Wales,2021-10-08,W92000004,2223,381549,"3,105,410",-3.99417,52.0674
Wales,2021-10-07,W92000004,2418,379326,"3,105,410",-3.99417,52.0674
Wales,2021-10-06,W92000004,2782,376908,"3,105,410",-3.99417,52.0674
Wales,2021-10-05,W92000004,2870,374126,"3,105,410",-3.99417,52.0674
Wales,2021-10-04,W92000004,2962,371256,"3,105,410",-3.99417,52.0674
Wales,2021-10-03,W92000004,1883,368294,"3,105,410",-3.99417,52.0674
Wales,2021-10-02,W92000004,1671,366411,"3,105,410",-3.99417,52.0674
Wales,2021-10-01,W92000004,1961,364740,"3,105,410",-3.99417,52.0674
Wales,2021-09-30,W92000004,2397,362779,"3,105,410",-3.99417,52.0674
Wales,2021-09-29,W92000004,2377,360382,"3,105,410",-3.99417,52.0674
Wales,2021-09-28,W92000004,2598,358005,"3,105,410",-3.99417,52.0674
Wales,2021-09-27,W92000004,2531,355407,"3,105,410",-3.99417,52.0674
Wales,2021-09-26,W92000004,2205,352876,"3,105,410",-3.99417,52.0674
Wales,2021-09-25,W92000004,2215,350671,"3,105,410",-3.99417,52.0674
Wales,2021-09-24,W92000004,2701,348456,"3,105,410",-3.99417,52.0674
Wales,2021-09-23,W92000004,3310,345755,"3,105,410",-3.99417,52.0674
Wales,2021-09-22,W92000004,3349,342445,"3,105,410",-3.99417,52.0674
Wales,2021-09-21,W92000004,3286,339096,"3,105,410",-3.99417,52.0674
Wales,2021-09-20,W92000004,3374,335810,"3,105,410",-3.99417,52.0674
Wales,2021-09-19,W92000004,2556,332436,"3,105,410",-3.99417,52.0674
Wales,2021-09-18,W92000004,2238,329880,"3,105,410",-3.99417,52.0674
Wales,2021-09-17,W92000004,2739,327642,"3,105,410",-3.99417,52.0674
Wales,2021-09-16,W92000004,2751,324903,"3,105,410",-3.99417,52.0674
Wales,2021-09-15,W92000004,2729,322152,"3,105,410",-3.99417,52.0674
Wales,2021-09-14,W92000004,2726,319423,"3,105,410",-3.99417,52.0674
Wales,2021-09-13,W92000004,2986,316697,"3,105,410",-3.99417,52.0674
Wales,2021-09-12,W92000004,1887,313711,"3,105,410",-3.99417,52.0674
Wales,2021-09-11,W92000004,1944,311824,"3,105,410",-3.99417,52.0674
Wales,2021-09-10,W92000004,1998,309880,"3,105,410",-3.99417,52.0674
Wales,2021-09-09,W92000004,2319,307882,"3,105,410",-3.99417,52.0674
Wales,2021-09-08,W92000004,2382,305563,"3,105,410",-3.99417,52.0674
Wales,2021-09-07,W92000004,2293,303181,"3,105,410",-3.99417,52.0674
Wales,2021-09-06,W92000004,2902,300888,"3,105,410",-3.99417,52.0674
Wales,2021-09-05,W92000004,2108,297986,"3,105,410",-3.99417,52.0674
Wales,2021-09-04,W92000004,2160,295878,"3,105,410",-3.99417,52.0674
Wales,2021-09-03,W92000004,2347,293718,"3,105,410",-3.99417,52.0674
Wales,2021-09-02,W92000004,2681,291371,"3,105,410",-3.99417,52.0674
Wales,2021-09-01,W92000004,2870,288690,"3,105,410",-3.99417,52.0674
Wales,2021-08-31,W92000004,3022,285820,"3,105,410",-3.99417,52.0674
Wales,2021-08-30,W92000004,1788,282798,"3,105,410",-3.99417,52.0674
Wales,2021-08-29,W92000004,1438,281010,"3,105,410",-3.99417,52.0674
Wales,2021-08-28,W92000004,1516,279572,"3,105,410",-3.99417,52.0674
Wales,2021-08-27,W92000004,1959,278056,"3,105,410",-3.99417,52.0674
Wales,2021-08-26,W92000004,2187,276097,"3,105,410",-3.99417,52.0674
Wales,2021-08-25,W92000004,2271,273910,"3,105,410",-3.99417,52.0674
Wales,2021-08-24,W92000004,2156,271639,"3,105,410",-3.99417,52.0674
Wales,2021-08-23,W92000004,2049,269483,"3,105,410",-3.99417,52.0674
Wales,2021-08-22,W92000004,1379,267434,"3,105,410",-3.99417,52.0674
Wales,2021-08-21,W92000004,1390,266055,"3,105,410",-3.99417,52.0674
Wales,2021-08-20,W92000004,1619,264665,"3,105,410",-3.99417,52.0674
Wales,2021-08-19,W92000004,1858,263046,"3,105,410",-3.99417,52.0674
Wales,2021-08-18,W92000004,1782,261188,"3,105,410",-3.99417,52.0674
Wales,2021-08-17,W92000004,1736,259406,"3,105,410",-3.99417,52.0674
Wales,2021-08-16,W92000004,1585,257670,"3,105,410",-3.99417,52.0674
Wales,2021-08-15,W92000004,1098,256085,"3,105,410",-3.99417,52.0674
Wales,2021-08-14,W92000004,1003,254987,"3,105,410",-3.99417,52.0674
Wales,2021-08-13,W92000004,1122,253984,"3,105,410",-3.99417,52.0674
Wales,2021-08-12,W92000004,1259,252862,"3,105,410",-3.99417,52.0674
Wales,2021-08-11,W92000004,1184,251603,"3,105,410",-3.99417,52.0674
Wales,2021-08-10,W92000004,946,250419,"3,105,410",-3.99417,52.0674
Wales,2021-08-09,W92000004,957,249473,"3,105,410",-3.99417,52.0674
Wales,2021-08-08,W92000004,585,248516,"3,105,410",-3.99417,52.0674
Wales,2021-08-07,W92000004,580,247931,"3,105,410",-3.99417,52.0674
Wales,2021-08-06,W92000004,707,247351,"3,105,410",-3.99417,52.0674
Wales,2021-08-05,W92000004,788,246644,"3,105,410",-3.99417,52.0674
Wales,2021-08-04,W92000004,796,245856,"3,105,410",-3.99417,52.0674
Wales,2021-08-03,W92000004,736,245060,"3,105,410",-3.99417,52.0674
Wales,2021-08-02,W92000004,760,244324,"3,105,410",-3.99417,52.0674
Wales,2021-08-01,W92000004,525,243564,"3,105,410",-3.99417,52.0674
Wales,2021-07-31,W92000004,478,243039,"3,105,410",-3.99417,52.0674
Wales,2021-07-30,W92000004,587,242561,"3,105,410",-3.99417,52.0674
Wales,2021-07-29,W92000004,689,241974,"3,105,410",-3.99417,52.0674
Wales,2021-07-28,W92000004,688,241285,"3,105,410",-3.99417,52.0674
Wales,2021-07-27,W92000004,768,240597,"3,105,410",-3.99417,52.0674
Wales,2021-07-26,W92000004,755,239829,"3,105,410",-3.99417,52.0674
Wales,2021-07-25,W92000004,530,239074,"3,105,410",-3.99417,52.0674
Wales,2021-07-24,W92000004,582,238544,"3,105,410",-3.99417,52.0674
Wales,2021-07-23,W92000004,684,237962,"3,105,410",-3.99417,52.0674
Wales,2021-07-22,W92000004,823,237278,"3,105,410",-3.99417,52.0674
Wales,2021-07-21,W92000004,802,236455,"3,105,410",-3.99417,52.0674
Wales,2021-07-20,W92000004,821,235653,"3,105,410",-3.99417,52.0674
Wales,2021-07-19,W92000004,910,234832,"3,105,410",-3.99417,52.0674
Wales,2021-07-18,W92000004,619,233922,"3,105,410",-3.99417,52.0674
Wales,2021-07-17,W92000004,640,233303,"3,105,410",-3.99417,52.0674
Wales,2021-07-16,W92000004,956,232663,"3,105,410",-3.99417,52.0674
Wales,2021-07-15,W92000004,1119,231707,"3,105,410",-3.99417,52.0674
Wales,2021-07-14,W92000004,1206,230588,"3,105,410",-3.99417,52.0674
Wales,2021-07-13,W92000004,1099,229382,"3,105,410",-3.99417,52.0674
Wales,2021-07-12,W92000004,916,228283,"3,105,410",-3.99417,52.0674
Wales,2021-07-11,W92000004,713,227367,"3,105,410",-3.99417,52.0674
Wales,2021-07-10,W92000004,656,226654,"3,105,410",-3.99417,52.0674
Wales,2021-07-09,W92000004,778,225998,"3,105,410",-3.99417,52.0674
Wales,2021-07-08,W92000004,713,225220,"3,105,410",-3.99417,52.0674
Wales,2021-07-07,W92000004,778,224507,"3,105,410",-3.99417,52.0674
Wales,2021-07-06,W92000004,771,223729,"3,105,410",-3.99417,52.0674
Wales,2021-07-05,W92000004,777,222958,"3,105,410",-3.99417,52.0674
Wales,2021-07-04,W92000004,555,222181,"3,105,410",-3.99417,52.0674
Wales,2021-07-03,W92000004,497,221626,"3,105,410",-3.99417,52.0674
Wales,2021-07-02,W92000004,575,221129,"3,105,410",-3.99417,52.0674
Wales,2021-07-01,W92000004,645,220554,"3,105,410",-3.99417,52.0674
Wales,2021-06-30,W92000004,597,219909,"3,105,410",-3.99417,52.0674
Wales,2021-06-29,W92000004,637,219312,"3,105,410",-3.99417,52.0674
Wales,2021-06-28,W92000004,628,218675,"3,105,410",-3.99417,52.0674
Wales,2021-06-27,W92000004,364,218047,"3,105,410",-3.99417,52.0674
Wales,2021-06-26,W92000004,252,217683,"3,105,410",-3.99417,52.0674
Wales,2021-06-25,W92000004,377,217431,"3,105,410",-3.99417,52.0674
Wales,2021-06-24,W92000004,413,217054,"3,105,410",-3.99417,52.0674
Wales,2021-06-23,W92000004,413,216641,"3,105,410",-3.99417,52.0674
Wales,2021-06-22,W92000004,344,216228,"3,105,410",-3.99417,52.0674
Wales,2021-06-21,W92000004,342,215884,"3,105,410",-3.99417,52.0674
Wales,2021-06-20,W92000004,187,215542,"3,105,410",-3.99417,52.0674
Wales,2021-06-19,W92000004,195,215355,"3,105,410",-3.99417,52.0674
Wales,2021-06-18,W92000004,174,215160,"3,105,410",-3.99417,52.0674
Wales,2021-06-17,W92000004,222,214986,"3,105,410",-3.99417,52.0674
Wales,2021-06-16,W92000004,189,214764,"3,105,410",-3.99417,52.0674
Wales,2021-06-15,W92000004,194,214575,"3,105,410",-3.99417,52.0674
Wales,2021-06-14,W92000004,159,214381,"3,105,410",-3.99417,52.0674
Wales,2021-06-13,W92000004,112,214222,"3,105,410",-3.99417,52.0674
Wales,2021-06-12,W92000004,85,214110,"3,105,410",-3.99417,52.0674
Wales,2021-06-11,W92000004,130,214025,"3,105,410",-3.99417,52.0674
Wales,2021-06-10,W92000004,141,213895,"3,105,410",-3.99417,52.0674
Wales,2021-06-09,W92000004,129,213754,"3,105,410",-3.99417,52.0674
Wales,2021-06-08,W92000004,117,213625,"3,105,410",-3.99417,52.0674
Wales,2021-06-07,W92000004,105,213508,"3,105,410",-3.99417,52.0674
Wales,2021-06-06,W92000004,68,213403,"3,105,410",-3.99417,52.0674
Wales,2021-06-05,W92000004,77,213335,"3,105,410",-3.99417,52.0674
Wales,2021-06-04,W92000004,65,213258,"3,105,410",-3.99417,52.0674
Wales,2021-06-03,W92000004,88,213193,"3,105,410",-3.99417,52.0674
Wales,2021-06-02,W92000004,81,213105,"3,105,410",-3.99417,52.0674
Wales,2021-06-01,W92000004,59,213024,"3,105,410",-3.99417,52.0674
Wales,2021-05-31,W92000004,60,212965,"3,105,410",-3.99417,52.0674
Wales,2021-05-30,W92000004,39,212905,"3,105,410",-3.99417,52.0674
Wales,2021-05-29,W92000004,41,212866,"3,105,410",-3.99417,52.0674
Wales,2021-05-28,W92000004,40,212825,"3,105,410",-3.99417,52.0674
Wales,2021-05-27,W92000004,37,212785,"3,105,410",-3.99417,52.0674
Wales,2021-05-26,W92000004,30,212748,"3,105,410",-3.99417,52.0674
Wales,2021-05-25,W92000004,50,212718,"3,105,410",-3.99417,52.0674
Wales,2021-05-24,W92000004,41,212668,"3,105,410",-3.99417,52.0674
Wales,2021-05-23,W92000004,21,212627,"3,105,410",-3.99417,52.0674
Wales,2021-05-22,W92000004,35,212606,"3,105,410",-3.99417,52.0674
Wales,2021-05-21,W92000004,52,212571,"3,105,410",-3.99417,52.0674
Wales,2021-05-20,W92000004,47,212519,"3,105,410",-3.99417,52.0674
Wales,2021-05-19,W92000004,35,212472,"3,105,410",-3.99417,52.0674
Wales,2021-05-18,W92000004,45,212437,"3,105,410",-3.99417,52.0674
Wales,2021-05-17,W92000004,51,212392,"3,105,410",-3.99417,52.0674
Wales,2021-05-16,W92000004,31,212341,"3,105,410",-3.99417,52.0674
Wales,2021-05-15,W92000004,28,212310,"3,105,410",-3.99417,52.0674
Wales,2021-05-14,W92000004,44,212282,"3,105,410",-3.99417,52.0674
Wales,2021-05-13,W92000004,39,212238,"3,105,410",-3.99417,52.0674
Wales,2021-05-12,W92000004,62,212199,"3,105,410",-3.99417,52.0674
Wales,2021-05-11,W92000004,66,212137,"3,105,410",-3.99417,52.0674
Wales,2021-05-10,W92000004,42,212071,"3,105,410",-3.99417,52.0674
Wales,2021-05-09,W92000004,30,212029,"3,105,410",-3.99417,52.0674
Wales,2021-05-08,W92000004,31,211999,"3,105,410",-3.99417,52.0674
Wales,2021-05-07,W92000004,39,211968,"3,105,410",-3.99417,52.0674
Wales,2021-05-06,W92000004,65,211929,"3,105,410",-3.99417,52.0674
Wales,2021-05-05,W92000004,45,211864,"3,105,410",-3.99417,52.0674
Wales,2021-05-04,W92000004,56,211819,"3,105,410",-3.99417,52.0674
Wales,2021-05-03,W92000004,27,211763,"3,105,410",-3.99417,52.0674
Wales,2021-05-02,W92000004,27,211736,"3,105,410",-3.99417,52.0674
Wales,2021-05-01,W92000004,32,211709,"3,105,410",-3.99417,52.0674
Wales,2021-04-30,W92000004,34,211677,"3,105,410",-3.99417,52.0674
Wales,2021-04-29,W92000004,55,211643,"3,105,410",-3.99417,52.0674
Wales,2021-04-28,W92000004,48,211588,"3,105,410",-3.99417,52.0674
Wales,2021-04-27,W92000004,60,211540,"3,105,410",-3.99417,52.0674
Wales,2021-04-26,W92000004,57,211480,"3,105,410",-3.99417,52.0674
Wales,2021-04-25,W92000004,32,211423,"3,105,410",-3.99417,52.0674
Wales,2021-04-24,W92000004,38,211391,"3,105,410",-3.99417,52.0674
Wales,2021-04-23,W92000004,48,211353,"3,105,410",-3.99417,52.0674
Wales,2021-04-22,W92000004,55,211305,"3,105,410",-3.99417,52.0674
Wales,2021-04-21,W92000004,63,211250,"3,105,410",-3.99417,52.0674
Wales,2021-04-20,W92000004,57,211187,"3,105,410",-3.99417,52.0674
Wales,2021-04-19,W92000004,74,211130,"3,105,410",-3.99417,52.0674
Wales,2021-04-18,W92000004,54,211056,"3,105,410",-3.99417,52.0674
Wales,2021-04-17,W92000004,38,211002,"3,105,410",-3.99417,52.0674
Wales,2021-04-16,W92000004,60,210964,"3,105,410",-3.99417,52.0674
Wales,2021-04-15,W92000004,70,210904,"3,105,410",-3.99417,52.0674
Wales,2021-04-14,W92000004,80,210834,"3,105,410",-3.99417,52.0674
Wales,2021-04-13,W92000004,64,210754,"3,105,410",-3.99417,52.0674
Wales,2021-04-12,W92000004,107,210690,"3,105,410",-3.99417,52.0674
Wales,2021-04-11,W92000004,55,210583,"3,105,410",-3.99417,52.0674
Wales,2021-04-10,W92000004,51,210528,"3,105,410",-3.99417,52.0674
Wales,2021-04-09,W92000004,72,210477,"3,105,410",-3.99417,52.0674
Wales,2021-04-08,W92000004,90,210405,"3,105,410",-3.99417,52.0674
Wales,2021-04-07,W92000004,105,210315,"3,105,410",-3.99417,52.0674
Wales,2021-04-06,W92000004,105,210210,"3,105,410",-3.99417,52.0674
Wales,2021-04-05,W92000004,72,210105,"3,105,410",-3.99417,52.0674
Wales,2021-04-04,W92000004,76,210033,"3,105,410",-3.99417,52.0674
Wales,2021-04-03,W92000004,58,209957,"3,105,410",-3.99417,52.0674
Wales,2021-04-02,W92000004,64,209899,"3,105,410",-3.99417,52.0674
Wales,2021-04-01,W92000004,94,209835,"3,105,410",-3.99417,52.0674
Wales,2021-03-31,W92000004,108,209741,"3,105,410",-3.99417,52.0674
Wales,2021-03-30,W92000004,138,209633,"3,105,410",-3.99417,52.0674
Wales,2021-03-29,W92000004,123,209495,"3,105,410",-3.99417,52.0674
Wales,2021-03-28,W92000004,103,209372,"3,105,410",-3.99417,52.0674
Wales,2021-03-27,W92000004,87,209269,"3,105,410",-3.99417,52.0674
Wales,2021-03-26,W92000004,152,209182,"3,105,410",-3.99417,52.0674
Wales,2021-03-25,W92000004,199,209030,"3,105,410",-3.99417,52.0674
Wales,2021-03-24,W92000004,190,208831,"3,105,410",-3.99417,52.0674
Wales,2021-03-23,W92000004,163,208641,"3,105,410",-3.99417,52.0674
Wales,2021-03-22,W92000004,198,208478,"3,105,410",-3.99417,52.0674
Wales,2021-03-21,W92000004,139,208280,"3,105,410",-3.99417,52.0674
Wales,2021-03-20,W92000004,152,208141,"3,105,410",-3.99417,52.0674
Wales,2021-03-19,W92000004,177,207989,"3,105,410",-3.99417,52.0674
Wales,2021-03-18,W92000004,218,207812,"3,105,410",-3.99417,52.0674
Wales,2021-03-17,W92000004,183,207594,"3,105,410",-3.99417,52.0674
Wales,2021-03-16,W92000004,183,207411,"3,105,410",-3.99417,52.0674
Wales,2021-03-15,W92000004,196,207228,"3,105,410",-3.99417,52.0674
Wales,2021-03-14,W92000004,159,207032,"3,105,410",-3.99417,52.0674
Wales,2021-03-13,W92000004,190,206873,"3,105,410",-3.99417,52.0674
Wales,2021-03-12,W92000004,206,206683,"3,105,410",-3.99417,52.0674
Wales,2021-03-11,W92000004,228,206477,"3,105,410",-3.99417,52.0674
Wales,2021-03-10,W92000004,202,206249,"3,105,410",-3.99417,52.0674
Wales,2021-03-09,W92000004,165,206047,"3,105,410",-3.99417,52.0674
Wales,2021-03-08,W92000004,258,205882,"3,105,410",-3.99417,52.0674
Wales,2021-03-07,W92000004,146,205624,"3,105,410",-3.99417,52.0674
Wales,2021-03-06,W92000004,169,205478,"3,105,410",-3.99417,52.0674
Wales,2021-03-05,W92000004,131,205309,"3,105,410",-3.99417,52.0674
Wales,2021-03-04,W92000004,199,205178,"3,105,410",-3.99417,52.0674
Wales,2021-03-03,W92000004,209,204979,"3,105,410",-3.99417,52.0674
Wales,2021-03-02,W92000004,237,204770,"3,105,410",-3.99417,52.0674
Wales,2021-03-01,W92000004,244,204533,"3,105,410",-3.99417,52.0674
Wales,2021-02-28,W92000004,207,204289,"3,105,410",-3.99417,52.0674
Wales,2021-02-27,W92000004,139,204082,"3,105,410",-3.99417,52.0674
Wales,2021-02-26,W92000004,202,203943,"3,105,410",-3.99417,52.0674
Wales,2021-02-25,W92000004,225,203741,"3,105,410",-3.99417,52.0674
Wales,2021-02-24,W92000004,264,203516,"3,105,410",-3.99417,52.0674
Wales,2021-02-23,W92000004,288,203252,"3,105,410",-3.99417,52.0674
Wales,2021-02-22,W92000004,336,202964,"3,105,410",-3.99417,52.0674
Wales,2021-02-21,W92000004,274,202628,"3,105,410",-3.99417,52.0674
Wales,2021-02-20,W92000004,267,202354,"3,105,410",-3.99417,52.0674
Wales,2021-02-19,W92000004,309,202087,"3,105,410",-3.99417,52.0674
Wales,2021-02-18,W92000004,343,201778,"3,105,410",-3.99417,52.0674
Wales,2021-02-17,W92000004,373,201435,"3,105,410",-3.99417,52.0674
Wales,2021-02-16,W92000004,442,201062,"3,105,410",-3.99417,52.0674
Wales,2021-02-15,W92000004,452,200620,"3,105,410",-3.99417,52.0674
Wales,2021-02-14,W92000004,288,200168,"3,105,410",-3.99417,52.0674
Wales,2021-02-13,W92000004,281,199880,"3,105,410",-3.99417,52.0674
Wales,2021-02-12,W92000004,408,199599,"3,105,410",-3.99417,52.0674
Wales,2021-02-11,W92000004,377,199191,"3,105,410",-3.99417,52.0674
Wales,2021-02-10,W92000004,448,198814,"3,105,410",-3.99417,52.0674
Wales,2021-02-09,W92000004,464,198366,"3,105,410",-3.99417,52.0674
Wales,2021-02-08,W92000004,492,197902,"3,105,410",-3.99417,52.0674
Wales,2021-02-07,W92000004,284,197410,"3,105,410",-3.99417,52.0674
Wales,2021-02-06,W92000004,359,197126,"3,105,410",-3.99417,52.0674
Wales,2021-02-05,W92000004,501,196767,"3,105,410",-3.99417,52.0674
Wales,2021-02-04,W92000004,501,196266,"3,105,410",-3.99417,52.0674
Wales,2021-02-03,W92000004,579,195765,"3,105,410",-3.99417,52.0674
Wales,2021-02-02,W92000004,597,195186,"3,105,410",-3.99417,52.0674
Wales,2021-02-01,W92000004,612,194589,"3,105,410",-3.99417,52.0674
Wales,2021-01-31,W92000004,465,193977,"3,105,410",-3.99417,52.0674
Wales,2021-01-30,W92000004,487,193512,"3,105,410",-3.99417,52.0674
Wales,2021-01-29,W92000004,600,193025,"3,105,410",-3.99417,52.0674
Wales,2021-01-28,W92000004,658,192425,"3,105,410",-3.99417,52.0674
Wales,2021-01-27,W92000004,703,191767,"3,105,410",-3.99417,52.0674
Wales,2021-01-26,W92000004,732,191064,"3,105,410",-3.99417,52.0674
Wales,2021-01-25,W92000004,850,190332,"3,105,410",-3.99417,52.0674
Wales,2021-01-24,W92000004,397,189482,"3,105,410",-3.99417,52.0674
Wales,2021-01-23,W92000004,542,189085,"3,105,410",-3.99417,52.0674
Wales,2021-01-22,W92000004,772,188543,"3,105,410",-3.99417,52.0674
Wales,2021-01-21,W92000004,909,187771,"3,105,410",-3.99417,52.0674
Wales,2021-01-20,W92000004,972,186862,"3,105,410",-3.99417,52.0674
Wales,2021-01-19,W92000004,1081,185890,"3,105,410",-3.99417,52.0674
Wales,2021-01-18,W92000004,1398,184809,"3,105,410",-3.99417,52.0674
Wales,2021-01-17,W92000004,827,183411,"3,105,410",-3.99417,52.0674
Wales,2021-01-16,W92000004,1005,182584,"3,105,410",-3.99417,52.0674
Wales,2021-01-15,W92000004,1214,181579,"3,105,410",-3.99417,52.0674
Wales,2021-01-14,W92000004,1313,180365,"3,105,410",-3.99417,52.0674
Wales,2021-01-13,W92000004,1464,179052,"3,105,410",-3.99417,52.0674
Wales,2021-01-12,W92000004,1601,177588,"3,105,410",-3.99417,52.0674
Wales,2021-01-11,W92000004,1736,175987,"3,105,410",-3.99417,52.0674
Wales,2021-01-10,W92000004,1176,174251,"3,105,410",-3.99417,52.0674
Wales,2021-01-09,W92000004,1142,173075,"3,105,410",-3.99417,52.0674
Wales,2021-01-08,W92000004,1598,171933,"3,105,410",-3.99417,52.0674
Wales,2021-01-07,W92000004,1667,170335,"3,105,410",-3.99417,52.0674
Wales,2021-01-06,W92000004,1993,168668,"3,105,410",-3.99417,52.0674
Wales,2021-01-05,W92000004,2386,166675,"3,105,410",-3.99417,52.0674
Wales,2021-01-04,W92000004,2659,164289,"3,105,410",-3.99417,52.0674
Wales,2021-01-03,W92000004,1811,161630,"3,105,410",-3.99417,52.0674
Wales,2021-01-02,W92000004,2093,159819,"3,105,410",-3.99417,52.0674
Wales,2021-01-01,W92000004,1214,157726,"3,105,410",-3.99417,52.0674
Wales,2020-12-31,W92000004,2009,156512,"3,105,410",-3.99417,52.0674
Wales,2020-12-30,W92000004,2698,154503,"3,105,410",-3.99417,52.0674
Wales,2020-12-29,W92000004,3563,151805,"3,105,410",-3.99417,52.0674
Wales,2020-12-28,W92000004,2356,148242,"3,105,410",-3.99417,52.0674
Wales,2020-12-27,W92000004,2495,145886,"3,105,410",-3.99417,52.0674
Wales,2020-12-26,W92000004,1893,143391,"3,105,410",-3.99417,52.0674
Wales,2020-12-25,W92000004,642,141498,"3,105,410",-3.99417,52.0674
Wales,2020-12-24,W92000004,1473,140856,"3,105,410",-3.99417,52.0674
Wales,2020-12-23,W92000004,2443,139383,"3,105,410",-3.99417,52.0674
Wales,2020-12-22,W92000004,2705,136940,"3,105,410",-3.99417,52.0674
Wales,2020-12-21,W92000004,2743,134235,"3,105,410",-3.99417,52.0674
Wales,2020-12-20,W92000004,2209,131492,"3,105,410",-3.99417,52.0674
Wales,2020-12-19,W92000004,2170,129283,"3,105,410",-3.99417,52.0674
Wales,2020-12-18,W92000004,2537,127113,"3,105,410",-3.99417,52.0674
Wales,2020-12-17,W92000004,2776,124576,"3,105,410",-3.99417,52.0674
Wales,2020-12-16,W92000004,3139,121800,"3,105,410",-3.99417,52.0674
Wales,2020-12-15,W92000004,3182,118661,"3,105,410",-3.99417,52.0674
Wales,2020-12-14,W92000004,3538,115479,"3,105,410",-3.99417,52.0674
Wales,2020-12-13,W92000004,2734,111941,"3,105,410",-3.99417,52.0674
Wales,2020-12-12,W92000004,2286,109207,"3,105,410",-3.99417,52.0674
Wales,2020-12-11,W92000004,2811,106921,"3,105,410",-3.99417,52.0674
Wales,2020-12-10,W92000004,2664,104110,"3,105,410",-3.99417,52.0674
Wales,2020-12-09,W92000004,2692,101446,"3,105,410",-3.99417,52.0674
Wales,2020-12-08,W92000004,2601,98754,"3,105,410",-3.99417,52.0674
Wales,2020-12-07,W92000004,2511,96153,"3,105,410",-3.99417,52.0674
Wales,2020-12-06,W92000004,1697,93642,"3,105,410",-3.99417,52.0674
Wales,2020-12-05,W92000004,1533,91945,"3,105,410",-3.99417,52.0674
Wales,2020-12-04,W92000004,1701,90412,"3,105,410",-3.99417,52.0674
Wales,2020-12-03,W92000004,1803,88711,"3,105,410",-3.99417,52.0674
Wales,2020-12-02,W92000004,1651,86908,"3,105,410",-3.99417,52.0674
Wales,2020-12-01,W92000004,1609,85257,"3,105,410",-3.99417,52.0674
Wales,2020-11-30,W92000004,1505,83648,"3,105,410",-3.99417,52.0674
Wales,2020-11-29,W92000004,966,82143,"3,105,410",-3.99417,52.0674
Wales,2020-11-28,W92000004,844,81177,"3,105,410",-3.99417,52.0674
Wales,2020-11-27,W92000004,1035,80333,"3,105,410",-3.99417,52.0674
Wales,2020-11-26,W92000004,1160,79298,"3,105,410",-3.99417,52.0674
Wales,2020-11-25,W92000004,1336,78138,"3,105,410",-3.99417,52.0674
Wales,2020-11-24,W92000004,1093,76802,"3,105,410",-3.99417,52.0674
Wales,2020-11-23,W92000004,1030,75709,"3,105,410",-3.99417,52.0674
Wales,2020-11-22,W92000004,717,74679,"3,105,410",-3.99417,52.0674
Wales,2020-11-21,W92000004,680,73962,"3,105,410",-3.99417,52.0674
Wales,2020-11-20,W92000004,936,73282,"3,105,410",-3.99417,52.0674
Wales,2020-11-19,W92000004,920,72346,"3,105,410",-3.99417,52.0674
Wales,2020-11-18,W92000004,987,71426,"3,105,410",-3.99417,52.0674
Wales,2020-11-17,W92000004,1041,70439,"3,105,410",-3.99417,52.0674
Wales,2020-11-16,W92000004,993,69398,"3,105,410",-3.99417,52.0674
Wales,2020-11-15,W92000004,627,68405,"3,105,410",-3.99417,52.0674
Wales,2020-11-14,W92000004,629,67778,"3,105,410",-3.99417,52.0674
Wales,2020-11-13,W92000004,859,67149,"3,105,410",-3.99417,52.0674
Wales,2020-11-12,W92000004,773,66290,"3,105,410",-3.99417,52.0674
Wales,2020-11-11,W92000004,855,65517,"3,105,410",-3.99417,52.0674
Wales,2020-11-10,W92000004,964,64662,"3,105,410",-3.99417,52.0674
Wales,2020-11-09,W92000004,1009,63698,"3,105,410",-3.99417,52.0674
Wales,2020-11-08,W92000004,698,62689,"3,105,410",-3.99417,52.0674
Wales,2020-11-07,W92000004,605,61991,"3,105,410",-3.99417,52.0674
Wales,2020-11-06,W92000004,877,61386,"3,105,410",-3.99417,52.0674
Wales,2020-11-05,W92000004,1016,60509,"3,105,410",-3.99417,52.0674
Wales,2020-11-04,W92000004,1095,59493,"3,105,410",-3.99417,52.0674
Wales,2020-11-03,W92000004,1235,58398,"3,105,410",-3.99417,52.0674
Wales,2020-11-02,W92000004,1409,57163,"3,105,410",-3.99417,52.0674
Wales,2020-11-01,W92000004,947,55754,"3,105,410",-3.99417,52.0674
Wales,2020-10-31,W92000004,879,54807,"3,105,410",-3.99417,52.0674
Wales,2020-10-30,W92000004,1241,53928,"3,105,410",-3.99417,52.0674
Wales,2020-10-29,W92000004,1583,52687,"3,105,410",-3.99417,52.0674
Wales,2020-10-28,W92000004,1357,51104,"3,105,410",-3.99417,52.0674
Wales,2020-10-27,W92000004,1478,49747,"3,105,410",-3.99417,52.0674
Wales,2020-10-26,W92000004,1557,48269,"3,105,410",-3.99417,52.0674
Wales,2020-10-25,W92000004,940,46712,"3,105,410",-3.99417,52.0674
Wales,2020-10-24,W92000004,1025,45772,"3,105,410",-3.99417,52.0674
Wales,2020-10-23,W92000004,1197,44747,"3,105,410",-3.99417,52.0674
Wales,2020-10-22,W92000004,1056,43550,"3,105,410",-3.99417,52.0674
Wales,2020-10-21,W92000004,1266,42494,"3,105,410",-3.99417,52.0674
Wales,2020-10-20,W92000004,1236,41228,"3,105,410",-3.99417,52.0674
Wales,2020-10-19,W92000004,1111,39992,"3,105,410",-3.99417,52.0674
Wales,2020-10-18,W92000004,716,38881,"3,105,410",-3.99417,52.0674
Wales,2020-10-17,W92000004,708,38165,"3,105,410",-3.99417,52.0674
Wales,2020-10-16,W92000004,951,37457,"3,105,410",-3.99417,52.0674
Wales,2020-10-15,W92000004,790,36506,"3,105,410",-3.99417,52.0674
Wales,2020-10-14,W92000004,906,35716,"3,105,410",-3.99417,52.0674
Wales,2020-10-13,W92000004,953,34810,"3,105,410",-3.99417,52.0674
Wales,2020-10-12,W92000004,782,33857,"3,105,410",-3.99417,52.0674
Wales,2020-10-11,W92000004,626,33075,"3,105,410",-3.99417,52.0674
Wales,2020-10-10,W92000004,620,32449,"3,105,410",-3.99417,52.0674
Wales,2020-10-09,W92000004,781,31829,"3,105,410",-3.99417,52.0674
Wales,2020-10-08,W92000004,827,31048,"3,105,410",-3.99417,52.0674
Wales,2020-10-07,W92000004,851,30221,"3,105,410",-3.99417,52.0674
Wales,2020-10-06,W92000004,771,29370,"3,105,410",-3.99417,52.0674
Wales,2020-10-05,W92000004,703,28599,"3,105,410",-3.99417,52.0674
Wales,2020-10-04,W92000004,614,27896,"3,105,410",-3.99417,52.0674
Wales,2020-10-03,W92000004,518,27282,"3,105,410",-3.99417,52.0674
Wales,2020-10-02,W92000004,603,26764,"3,105,410",-3.99417,52.0674
Wales,2020-10-01,W92000004,628,26161,"3,105,410",-3.99417,52.0674
Wales,2020-09-30,W92000004,601,25533,"3,105,410",-3.99417,52.0674
Wales,2020-09-29,W92000004,466,24932,"3,105,410",-3.99417,52.0674
Wales,2020-09-28,W92000004,426,24466,"3,105,410",-3.99417,52.0674
Wales,2020-09-27,W92000004,317,24040,"3,105,410",-3.99417,52.0674
Wales,2020-09-26,W92000004,403,23723,"3,105,410",-3.99417,52.0674
Wales,2020-09-25,W92000004,385,23320,"3,105,410",-3.99417,52.0674
Wales,2020-09-24,W92000004,316,22935,"3,105,410",-3.99417,52.0674
Wales,2020-09-23,W92000004,378,22619,"3,105,410",-3.99417,52.0674
Wales,2020-09-22,W92000004,380,22241,"3,105,410",-3.99417,52.0674
Wales,2020-09-21,W92000004,312,21861,"3,105,410",-3.99417,52.0674
Wales,2020-09-20,W92000004,252,21549,"3,105,410",-3.99417,52.0674
Wales,2020-09-19,W92000004,280,21297,"3,105,410",-3.99417,52.0674
Wales,2020-09-18,W92000004,246,21017,"3,105,410",-3.99417,52.0674
Wales,2020-09-17,W92000004,261,20771,"3,105,410",-3.99417,52.0674
Wales,2020-09-16,W92000004,207,20510,"3,105,410",-3.99417,52.0674
Wales,2020-09-15,W92000004,164,20303,"3,105,410",-3.99417,52.0674
Wales,2020-09-14,W92000004,192,20139,"3,105,410",-3.99417,52.0674
Wales,2020-09-13,W92000004,164,19947,"3,105,410",-3.99417,52.0674
Wales,2020-09-12,W92000004,140,19783,"3,105,410",-3.99417,52.0674
Wales,2020-09-11,W92000004,145,19643,"3,105,410",-3.99417,52.0674
Wales,2020-09-10,W92000004,186,19498,"3,105,410",-3.99417,52.0674
Wales,2020-09-09,W92000004,158,19312,"3,105,410",-3.99417,52.0674
Wales,2020-09-08,W92000004,143,19154,"3,105,410",-3.99417,52.0674
Wales,2020-09-07,W92000004,159,19011,"3,105,410",-3.99417,52.0674
Wales,2020-09-06,W92000004,131,18852,"3,105,410",-3.99417,52.0674
Wales,2020-09-05,W92000004,128,18721,"3,105,410",-3.99417,52.0674
Wales,2020-09-04,W92000004,149,18593,"3,105,410",-3.99417,52.0674
Wales,2020-09-03,W92000004,126,18444,"3,105,410",-3.99417,52.0674
Wales,2020-09-02,W92000004,95,18318,"3,105,410",-3.99417,52.0674
Wales,2020-09-01,W92000004,58,18223,"3,105,410",-3.99417,52.0674
Wales,2020-08-31,W92000004,44,18165,"3,105,410",-3.99417,52.0674
Wales,2020-08-30,W92000004,46,18121,"3,105,410",-3.99417,52.0674
Wales,2020-08-29,W92000004,44,18075,"3,105,410",-3.99417,52.0674
Wales,2020-08-28,W92000004,52,18031,"3,105,410",-3.99417,52.0674
Wales,2020-08-27,W92000004,50,17979,"3,105,410",-3.99417,52.0674
Wales,2020-08-26,W92000004,44,17929,"3,105,410",-3.99417,52.0674
Wales,2020-08-25,W92000004,50,17885,"3,105,410",-3.99417,52.0674
Wales,2020-08-24,W92000004,36,17835,"3,105,410",-3.99417,52.0674
Wales,2020-08-23,W92000004,11,17799,"3,105,410",-3.99417,52.0674
Wales,2020-08-22,W92000004,19,17788,"3,105,410",-3.99417,52.0674
Wales,2020-08-21,W92000004,23,17769,"3,105,410",-3.99417,52.0674
Wales,2020-08-20,W92000004,31,17746,"3,105,410",-3.99417,52.0674
Wales,2020-08-19,W92000004,35,17715,"3,105,410",-3.99417,52.0674
Wales,2020-08-18,W92000004,38,17680,"3,105,410",-3.99417,52.0674
Wales,2020-08-17,W92000004,19,17642,"3,105,410",-3.99417,52.0674
Wales,2020-08-16,W92000004,18,17623,"3,105,410",-3.99417,52.0674
Wales,2020-08-15,W92000004,10,17605,"3,105,410",-3.99417,52.0674
Wales,2020-08-14,W92000004,17,17595,"3,105,410",-3.99417,52.0674
Wales,2020-08-13,W92000004,17,17578,"3,105,410",-3.99417,52.0674
Wales,2020-08-12,W92000004,24,17561,"3,105,410",-3.99417,52.0674
Wales,2020-08-11,W92000004,27,17537,"3,105,410",-3.99417,52.0674
Wales,2020-08-10,W92000004,19,17510,"3,105,410",-3.99417,52.0674
Wales,2020-08-09,W92000004,8,17491,"3,105,410",-3.99417,52.0674
Wales,2020-08-07,W92000004,16,17478,"3,105,410",-3.99417,52.0674
Wales,2020-08-06,W92000004,22,17462,"3,105,410",-3.99417,52.0674
Wales,2020-08-05,W92000004,22,17440,"3,105,410",-3.99417,52.0674
Wales,2020-08-04,W92000004,24,17418,"3,105,410",-3.99417,52.0674
Wales,2020-08-03,W92000004,22,17394,"3,105,410",-3.99417,52.0674
Wales,2020-08-02,W92000004,14,17372,"3,105,410",-3.99417,52.0674
Wales,2020-08-01,W92000004,16,17358,"3,105,410",-3.99417,52.0674
Wales,2020-07-31,W92000004,16,17342,"3,105,410",-3.99417,52.0674
Wales,2020-07-30,W92000004,30,17326,"3,105,410",-3.99417,52.0674
Wales,2020-07-29,W92000004,27,17296,"3,105,410",-3.99417,52.0674
Wales,2020-07-28,W92000004,27,17269,"3,105,410",-3.99417,52.0674
Wales,2020-07-27,W92000004,23,17242,"3,105,410",-3.99417,52.0674
Wales,2020-07-26,W92000004,35,17219,"3,105,410",-3.99417,52.0674
Wales,2020-07-25,W92000004,24,17184,"3,105,410",-3.99417,52.0674
Wales,2020-07-24,W92000004,30,17160,"3,105,410",-3.99417,52.0674
Wales,2020-07-23,W92000004,31,17130,"3,105,410",-3.99417,52.0674
Wales,2020-07-22,W92000004,25,17099,"3,105,410",-3.99417,52.0674
Wales,2020-07-21,W92000004,61,17074,"3,105,410",-3.99417,52.0674
Wales,2020-07-20,W92000004,43,17013,"3,105,410",-3.99417,52.0674
Wales,2020-07-19,W92000004,10,16970,"3,105,410",-3.99417,52.0674
Wales,2020-07-18,W92000004,11,16960,"3,105,410",-3.99417,52.0674
Wales,2020-07-17,W92000004,17,16949,"3,105,410",-3.99417,52.0674
Wales,2020-07-16,W92000004,25,16932,"3,105,410",-3.99417,52.0674
Wales,2020-07-15,W92000004,18,16907,"3,105,410",-3.99417,52.0674
Wales,2020-07-14,W92000004,23,16889,"3,105,410",-3.99417,52.0674
Wales,2020-07-13,W92000004,24,16866,"3,105,410",-3.99417,52.0674
Wales,2020-07-12,W92000004,10,16842,"3,105,410",-3.99417,52.0674
Wales,2020-07-11,W92000004,12,16832,"3,105,410",-3.99417,52.0674
Wales,2020-07-10,W92000004,29,16820,"3,105,410",-3.99417,52.0674
Wales,2020-07-09,W92000004,22,16791,"3,105,410",-3.99417,52.0674
Wales,2020-07-08,W92000004,14,16769,"3,105,410",-3.99417,52.0674
Wales,2020-07-07,W92000004,29,16755,"3,105,410",-3.99417,52.0674
Wales,2020-07-06,W92000004,35,16726,"3,105,410",-3.99417,52.0674
Wales,2020-07-05,W92000004,12,16691,"3,105,410",-3.99417,52.0674
Wales,2020-07-04,W92000004,8,16679,"3,105,410",-3.99417,52.0674
Wales,2020-07-03,W92000004,19,16671,"3,105,410",-3.99417,52.0674
Wales,2020-07-02,W92000004,28,16652,"3,105,410",-3.99417,52.0674
Wales,2020-07-01,W92000004,27,16624,"3,105,410",-3.99417,52.0674
Wales,2020-06-30,W92000004,35,16597,"3,105,410",-3.99417,52.0674
Wales,2020-06-29,W92000004,43,16562,"3,105,410",-3.99417,52.0674
Wales,2020-06-28,W92000004,28,16519,"3,105,410",-3.99417,52.0674
Wales,2020-06-27,W92000004,140,16491,"3,105,410",-3.99417,52.0674
Wales,2020-06-26,W92000004,19,16351,"3,105,410",-3.99417,52.0674
Wales,2020-06-25,W92000004,60,16332,"3,105,410",-3.99417,52.0674
Wales,2020-06-24,W92000004,37,16272,"3,105,410",-3.99417,52.0674
Wales,2020-06-23,W92000004,131,16235,"3,105,410",-3.99417,52.0674
Wales,2020-06-22,W92000004,66,16104,"3,105,410",-3.99417,52.0674
Wales,2020-06-21,W92000004,76,16038,"3,105,410",-3.99417,52.0674
Wales,2020-06-20,W92000004,47,15962,"3,105,410",-3.99417,52.0674
Wales,2020-06-19,W92000004,140,15915,"3,105,410",-3.99417,52.0674
Wales,2020-06-18,W92000004,62,15775,"3,105,410",-3.99417,52.0674
Wales,2020-06-17,W92000004,64,15713,"3,105,410",-3.99417,52.0674
Wales,2020-06-16,W92000004,82,15649,"3,105,410",-3.99417,52.0674
Wales,2020-06-15,W92000004,66,15567,"3,105,410",-3.99417,52.0674
Wales,2020-06-14,W92000004,54,15501,"3,105,410",-3.99417,52.0674
Wales,2020-06-13,W92000004,66,15447,"3,105,410",-3.99417,52.0674
Wales,2020-06-12,W92000004,75,15381,"3,105,410",-3.99417,52.0674
Wales,2020-06-11,W92000004,66,15306,"3,105,410",-3.99417,52.0674
Wales,2020-06-10,W92000004,67,15240,"3,105,410",-3.99417,52.0674
Wales,2020-06-09,W92000004,62,15173,"3,105,410",-3.99417,52.0674
Wales,2020-06-08,W92000004,74,15111,"3,105,410",-3.99417,52.0674
Wales,2020-06-07,W92000004,34,15037,"3,105,410",-3.99417,52.0674
Wales,2020-06-06,W92000004,51,15003,"3,105,410",-3.99417,52.0674
Wales,2020-06-05,W92000004,55,14952,"3,105,410",-3.99417,52.0674
Wales,2020-06-04,W92000004,59,14897,"3,105,410",-3.99417,52.0674
Wales,2020-06-03,W92000004,74,14838,"3,105,410",-3.99417,52.0674
Wales,2020-06-02,W92000004,71,14764,"3,105,410",-3.99417,52.0674
Wales,2020-06-01,W92000004,64,14693,"3,105,410",-3.99417,52.0674
Wales,2020-05-31,W92000004,46,14629,"3,105,410",-3.99417,52.0674
Wales,2020-05-30,W92000004,70,14583,"3,105,410",-3.99417,52.0674
Wales,2020-05-29,W92000004,106,14513,"3,105,410",-3.99417,52.0674
Wales,2020-05-28,W92000004,102,14407,"3,105,410",-3.99417,52.0674
Wales,2020-05-27,W92000004,118,14305,"3,105,410",-3.99417,52.0674
Wales,2020-05-26,W92000004,102,14187,"3,105,410",-3.99417,52.0674
Wales,2020-05-25,W92000004,106,14085,"3,105,410",-3.99417,52.0674
Wales,2020-05-24,W92000004,83,13979,"3,105,410",-3.99417,52.0674
Wales,2020-05-23,W92000004,122,13896,"3,105,410",-3.99417,52.0674
Wales,2020-05-22,W92000004,136,13774,"3,105,410",-3.99417,52.0674
Wales,2020-05-21,W92000004,132,13638,"3,105,410",-3.99417,52.0674
Wales,2020-05-20,W92000004,166,13506,"3,105,410",-3.99417,52.0674
Wales,2020-05-19,W92000004,212,13340,"3,105,410",-3.99417,52.0674
Wales,2020-05-18,W92000004,169,13128,"3,105,410",-3.99417,52.0674
Wales,2020-05-17,W92000004,117,12959,"3,105,410",-3.99417,52.0674
Wales,2020-05-16,W92000004,166,12842,"3,105,410",-3.99417,52.0674
Wales,2020-05-15,W92000004,180,12676,"3,105,410",-3.99417,52.0674
Wales,2020-05-14,W92000004,132,12496,"3,105,410",-3.99417,52.0674
Wales,2020-05-13,W92000004,154,12364,"3,105,410",-3.99417,52.0674
Wales,2020-05-12,W92000004,150,12210,"3,105,410",-3.99417,52.0674
Wales,2020-05-11,W92000004,178,12060,"3,105,410",-3.99417,52.0674
Wales,2020-05-10,W92000004,107,11882,"3,105,410",-3.99417,52.0674
Wales,2020-05-09,W92000004,136,11775,"3,105,410",-3.99417,52.0674
Wales,2020-05-08,W92000004,115,11639,"3,105,410",-3.99417,52.0674
Wales,2020-05-07,W92000004,176,11524,"3,105,410",-3.99417,52.0674
Wales,2020-05-06,W92000004,171,11348,"3,105,410",-3.99417,52.0674
Wales,2020-05-05,W92000004,175,11177,"3,105,410",-3.99417,52.0674
Wales,2020-05-04,W92000004,141,11002,"3,105,410",-3.99417,52.0674
Wales,2020-05-03,W92000004,108,10861,"3,105,410",-3.99417,52.0674
Wales,2020-05-02,W92000004,179,10753,"3,105,410",-3.99417,52.0674
Wales,2020-05-01,W92000004,177,10574,"3,105,410",-3.99417,52.0674
Wales,2020-04-30,W92000004,200,10397,"3,105,410",-3.99417,52.0674
Wales,2020-04-29,W92000004,176,10197,"3,105,410",-3.99417,52.0674
Wales,2020-04-28,W92000004,152,10021,"3,105,410",-3.99417,52.0674
Wales,2020-04-27,W92000004,173,9869,"3,105,410",-3.99417,52.0674
Wales,2020-04-26,W92000004,121,9696,"3,105,410",-3.99417,52.0674
Wales,2020-04-25,W92000004,137,9575,"3,105,410",-3.99417,52.0674
Wales,2020-04-24,W92000004,213,9438,"3,105,410",-3.99417,52.0674
Wales,2020-04-23,W92000004,200,9225,"3,105,410",-3.99417,52.0674
Wales,2020-04-22,W92000004,253,9025,"3,105,410",-3.99417,52.0674
Wales,2020-04-21,W92000004,259,8772,"3,105,410",-3.99417,52.0674
Wales,2020-04-20,W92000004,281,8513,"3,105,410",-3.99417,52.0674
Wales,2020-04-19,W92000004,181,8232,"3,105,410",-3.99417,52.0674
Wales,2020-04-18,W92000004,248,8051,"3,105,410",-3.99417,52.0674
Wales,2020-04-17,W92000004,324,7803,"3,105,410",-3.99417,52.0674
Wales,2020-04-16,W92000004,363,7479,"3,105,410",-3.99417,52.0674
Wales,2020-04-15,W92000004,361,7116,"3,105,410",-3.99417,52.0674
Wales,2020-04-14,W92000004,319,6755,"3,105,410",-3.99417,52.0674
Wales,2020-04-13,W92000004,273,6436,"3,105,410",-3.99417,52.0674
Wales,2020-04-12,W92000004,248,6163,"3,105,410",-3.99417,52.0674
Wales,2020-04-11,W92000004,247,5915,"3,105,410",-3.99417,52.0674
Wales,2020-04-10,W92000004,308,5668,"3,105,410",-3.99417,52.0674
Wales,2020-04-09,W92000004,391,5360,"3,105,410",-3.99417,52.0674
Wales,2020-04-08,W92000004,386,4969,"3,105,410",-3.99417,52.0674
Wales,2020-04-07,W92000004,386,4583,"3,105,410",-3.99417,52.0674
Wales,2020-04-06,W92000004,383,4197,"3,105,410",-3.99417,52.0674
Wales,2020-04-05,W92000004,224,3814,"3,105,410",-3.99417,52.0674
Wales,2020-04-04,W92000004,281,3590,"3,105,410",-3.99417,52.0674
Wales,2020-04-03,W92000004,330,3309,"3,105,410",-3.99417,52.0674
Wales,2020-04-02,W92000004,337,2979,"3,105,410",-3.99417,52.0674
Wales,2020-04-01,W92000004,327,2642,"3,105,410",-3.99417,52.0674
Wales,2020-03-31,W92000004,278,2315,"3,105,410",-3.99417,52.0674
Wales,2020-03-30,W92000004,343,2037,"3,105,410",-3.99417,52.0674
Wales,2020-03-29,W92000004,159,1694,"3,105,410",-3.99417,52.0674
Wales,2020-03-28,W92000004,167,1535,"3,105,410",-3.99417,52.0674
Wales,2020-03-27,W92000004,193,1368,"3,105,410",-3.99417,52.0674
Wales,2020-03-26,W92000004,177,1175,"3,105,410",-3.99417,52.0674
Wales,2020-03-25,W92000004,190,998,"3,105,410",-3.99417,52.0674
Wales,2020-03-24,W92000004,140,808,"3,105,410",-3.99417,52.0674
Wales,2020-03-23,W92000004,134,668,"3,105,410",-3.99417,52.0674
Wales,2020-03-22,W92000004,75,534,"3,105,410",-3.99417,52.0674
Wales,2020-03-21,W92000004,76,459,"3,105,410",-3.99417,52.0674
Wales,2020-03-20,W92000004,73,383,"3,105,410",-3.99417,52.0674
Wales,2020-03-19,W92000004,58,310,"3,105,410",-3.99417,52.0674
Wales,2020-03-18,W92000004,29,252,"3,105,410",-3.99417,52.0674
Wales,2020-03-17,W92000004,57,223,"3,105,410",-3.99417,52.0674
Wales,2020-03-16,W92000004,29,166,"3,105,410",-3.99417,52.0674
Wales,2020-03-15,W92000004,31,137,"3,105,410",-3.99417,52.0674
Wales,2020-03-14,W92000004,18,106,"3,105,410",-3.99417,52.0674
Wales,2020-03-13,W92000004,29,88,"3,105,410",-3.99417,52.0674
Wales,2020-03-12,W92000004,25,59,"3,105,410",-3.99417,52.0674
Wales,2020-03-11,W92000004,14,34,"3,105,410",-3.99417,52.0674
Wales,2020-03-10,W92000004,12,20,"3,105,410",-3.99417,52.0674
