areaName,date,areaCode,dailyCases,cumulativeCases
England,2023-11-08,E92000001,388,21000649
England,2023-11-07,E92000001,681,21000261
England,2023-11-06,E92000001,740,20999580
England,2023-11-05,E92000001,656,20998840
England,2023-11-04,E92000001,578,20998184
England,2023-11-03,E92000001,721,20997606
England,2023-11-02,E92000001,782,20996885
England,2023-11-01,E92000001,851,20996103
England,2023-10-31,E92000001,922,20995252
England,2023-10-30,E92000001,995,20994330
England,2023-10-29,E92000001,845,20993335
England,2023-10-28,E92000001,731,20992490
England,2023-10-27,E92000001,927,20991759
England,2023-10-26,E92000001,1005,20990832
England,2023-10-25,E92000001,1005,20989827
England,2023-10-24,E92000001,1145,20988822
England,2023-10-23,E92000001,1168,20987677
England,2023-10-22,E92000001,984,20986509
England,2023-10-21,E92000001,864,20985525
England,2023-10-20,E92000001,1142,20984661
England,2023-10-19,E92000001,1318,20983519
England,2023-10-18,E92000001,1392,20982201
England,2023-10-17,E92000001,1404,20980809
England,2023-10-16,E92000001,1443,20979405
England,2023-10-15,E92000001,1217,20977962
England,2023-10-14,E92000001,1117,20976745
England,2023-10-13,E92000001,1464,20975628
England,2023-10-12,E92000001,1536,20974164
England,2023-10-11,E92000001,1893,20972628
England,2023-10-10,E92000001,2023,20970735
England,2023-10-09,E92000001,2232,20968712
England,2023-10-08,E92000001,2066,20966480
England,2023-10-07,E92000001,1664,20964414
England,2023-10-06,E92000001,2112,20962750
England,2023-10-05,E92000001,2250,20960638
England,2023-10-04,E92000001,2445,20958388
England,2023-10-03,E92000001,2657,20955943
England,2023-10-02,E92000001,2643,20953286
England,2023-10-01,E92000001,2360,20950643
England,2023-09-30,E92000001,1928,20948283
England,2023-09-29,E92000001,2124,20946355
England,2023-09-28,E92000001,2317,20944231
England,2023-09-27,E92000001,2667,20941914
England,2023-09-26,E92000001,2698,20939247
England,2023-09-25,E92000001,2561,20936549
England,2023-09-24,E92000001,2007,20933988
England,2023-09-23,E92000001,1555,20931981
England,2023-09-22,E92000001,1680,20930426
England,2023-09-21,E92000001,1825,20928746
England,2023-09-20,E92000001,1893,20926921
England,2023-09-19,E92000001,1948,20925028
England,2023-09-18,E92000001,1930,20923080
England,2023-09-17,E92000001,1604,20921150
England,2023-09-16,E92000001,1318,20919546
England,2023-09-15,E92000001,1340,20918228
England,2023-09-14,E92000001,1531,20916888
England,2023-09-13,E92000001,1522,20915357
England,2023-09-12,E92000001,1675,20913835
England,2023-09-11,E92000001,1823,20912160
England,2023-09-10,E92000001,1580,20910337
England,2023-09-09,E92000001,1334,20908757
England,2023-09-08,E92000001,1548,20907423
England,2023-09-07,E92000001,1707,20905875
England,2023-09-06,E92000001,1859,20904168
England,2023-09-05,E92000001,1891,20902309
England,2023-09-04,E92000001,1969,20900418
England,2023-09-03,E92000001,1637,20898449
England,2023-09-02,E92000001,1327,20896812
England,2023-09-01,E92000001,1512,20895485
England,2023-08-31,E92000001,1446,20893973
England,2023-08-30,E92000001,1488,20892527
England,2023-08-29,E92000001,1368,20891039
England,2023-08-28,E92000001,1089,20889671
England,2023-08-27,E92000001,901,20888582
England,2023-08-26,E92000001,856,20887681
England,2023-08-25,E92000001,988,20886825
England,2023-08-24,E92000001,1098,20885837
England,2023-08-23,E92000001,1096,20884739
England,2023-08-22,E92000001,1177,20883643
England,2023-08-21,E92000001,1182,20882466
England,2023-08-20,E92000001,963,20881284
England,2023-08-19,E92000001,848,20880321
England,2023-08-18,E92000001,991,20879473
England,2023-08-17,E92000001,1047,20878482
England,2023-08-16,E92000001,1069,20877435
England,2023-08-15,E92000001,1092,20876366
England,2023-08-14,E92000001,1098,20875274
England,2023-08-13,E92000001,976,20874176
England,2023-08-12,E92000001,853,20873200
England,2023-08-11,E92000001,919,20872347
England,2023-08-10,E92000001,989,20871428
England,2023-08-09,E92000001,1033,20870439
England,2023-08-08,E92000001,1088,20869406
England,2023-08-07,E92000001,1021,20868318
England,2023-08-06,E92000001,827,20867297
England,2023-08-05,E92000001,681,20866470
England,2023-08-04,E92000001,771,20865789
England,2023-08-03,E92000001,807,20865018
England,2023-08-02,E92000001,823,20864211
England,2023-08-01,E92000001,846,20863388
England,2023-07-31,E92000001,847,20862542
England,2023-07-30,E92000001,752,20861695
England,2023-07-29,E92000001,629,20860943
England,2023-07-28,E92000001,625,20860314
England,2023-07-27,E92000001,629,20859689
England,2023-07-26,E92000001,622,20859060
England,2023-07-25,E92000001,647,20858438
England,2023-07-24,E92000001,630,20857791
England,2023-07-23,E92000001,495,20857161
England,2023-07-22,E92000001,412,20856666
England,2023-07-21,E92000001,444,20856254
England,2023-07-20,E92000001,497,20855810
England,2023-07-19,E92000001,468,20855313
England,2023-07-18,E92000001,517,20854845
England,2023-07-17,E92000001,491,20854328
England,2023-07-16,E92000001,384,20853837
England,2023-07-15,E92000001,338,20853453
England,2023-07-14,E92000001,340,20853115
England,2023-07-13,E92000001,417,20852775
England,2023-07-12,E92000001,418,20852358
England,2023-07-11,E92000001,450,20851940
England,2023-07-10,E92000001,457,20851490
England,2023-07-09,E92000001,391,20851033
England,2023-07-08,E92000001,308,20850642
England,2023-07-07,E92000001,350,20850334
England,2023-07-06,E92000001,316,20849984
England,2023-07-05,E92000001,344,20849668
England,2023-07-04,E92000001,309,20849324
England,2023-07-03,E92000001,346,20849015
England,2023-07-02,E92000001,264,20848669
England,2023-07-01,E92000001,209,20848405
England,2023-06-30,E92000001,236,20848196
England,2023-06-29,E92000001,253,20847960
England,2023-06-28,E92000001,298,20847707
England,2023-06-27,E92000001,295,20847409
England,2023-06-26,E92000001,306,20847114
England,2023-06-25,E92000001,303,20846808
England,2023-06-24,E92000001,259,20846505
England,2023-06-23,E92000001,289,20846246
England,2023-06-22,E92000001,346,20845957
England,2023-06-21,E92000001,371,20845611
England,2023-06-20,E92000001,396,20845240
England,2023-06-19,E92000001,421,20844844
England,2023-06-18,E92000001,350,20844423
England,2023-06-17,E92000001,333,20844073
England,2023-06-16,E92000001,340,20843740
England,2023-06-15,E92000001,385,20843400
England,2023-06-14,E92000001,463,20843015
England,2023-06-13,E92000001,509,20842552
England,2023-06-12,E92000001,585,20842043
England,2023-06-11,E92000001,517,20841458
England,2023-06-10,E92000001,382,20840941
England,2023-06-09,E92000001,469,20840559
England,2023-06-08,E92000001,578,20840090
England,2023-06-07,E92000001,682,20839512
England,2023-06-06,E92000001,757,20838830
England,2023-06-05,E92000001,806,20838073
England,2023-06-04,E92000001,615,20837267
England,2023-06-03,E92000001,472,20836652
England,2023-06-02,E92000001,578,20836180
England,2023-06-01,E92000001,674,20835602
England,2023-05-31,E92000001,813,20834928
England,2023-05-30,E92000001,780,20834115
England,2023-05-29,E92000001,746,20833335
England,2023-05-28,E92000001,596,20832589
England,2023-05-27,E92000001,567,20831993
England,2023-05-26,E92000001,708,20831426
England,2023-05-25,E92000001,821,20830718
England,2023-05-24,E92000001,922,20829897
England,2023-05-23,E92000001,1041,20828975
England,2023-05-22,E92000001,1095,20827934
England,2023-05-21,E92000001,881,20826839
England,2023-05-20,E92000001,717,20825958
England,2023-05-19,E92000001,881,20825241
England,2023-05-18,E92000001,974,20824360
England,2023-05-17,E92000001,991,20823386
England,2023-05-16,E92000001,1069,20822395
England,2023-05-15,E92000001,1139,20821326
England,2023-05-14,E92000001,1030,20820187
England,2023-05-13,E92000001,782,20819157
England,2023-05-12,E92000001,948,20818375
England,2023-05-11,E92000001,1196,20817427
England,2023-05-10,E92000001,1267,20816231
England,2023-05-09,E92000001,1447,20814964
England,2023-05-08,E92000001,1328,20813517
England,2023-05-07,E92000001,1109,20812189
England,2023-05-06,E92000001,934,20811080
England,2023-05-05,E92000001,1198,20810146
England,2023-05-04,E92000001,1479,20808948
England,2023-05-03,E92000001,1526,20807469
England,2023-05-02,E92000001,1777,20805943
England,2023-05-01,E92000001,1651,20804166
England,2023-04-30,E92000001,1240,20802515
England,2023-04-29,E92000001,1211,20801275
England,2023-04-28,E92000001,1369,20800064
England,2023-04-27,E92000001,1514,20798695
England,2023-04-26,E92000001,1569,20797181
England,2023-04-25,E92000001,1604,20795612
England,2023-04-24,E92000001,1706,20794008
England,2023-04-23,E92000001,1432,20792302
England,2023-04-22,E92000001,1191,20790870
England,2023-04-21,E92000001,1343,20789679
England,2023-04-20,E92000001,1488,20788336
England,2023-04-19,E92000001,1704,20786848
England,2023-04-18,E92000001,1803,20785144
England,2023-04-17,E92000001,2059,20783341
England,2023-04-16,E92000001,1788,20781282
England,2023-04-15,E92000001,1271,20779494
England,2023-04-14,E92000001,1553,20778223
England,2023-04-13,E92000001,1880,20776670
England,2023-04-12,E92000001,2055,20774790
England,2023-04-11,E92000001,2281,20772735
England,2023-04-10,E92000001,2133,20770454
England,2023-04-09,E92000001,1643,20768321
England,2023-04-08,E92000001,1531,20766678
England,2023-04-07,E92000001,1599,20765147
England,2023-04-06,E92000001,1966,20763548
England,2023-04-05,E92000001,2237,20761582
England,2023-04-04,E92000001,2185,20759345
England,2023-04-03,E92000001,2457,20757160
England,2023-04-02,E92000001,2249,20754703
England,2023-04-01,E92000001,2083,20752454
England,2023-03-31,E92000001,2509,20750371
England,2023-03-30,E92000001,3050,20747862
England,2023-03-29,E92000001,3438,20744812
England,2023-03-28,E92000001,3597,20741374
England,2023-03-27,E92000001,3924,20737777
England,2023-03-26,E92000001,3156,20733853
England,2023-03-25,E92000001,2748,20730697
England,2023-03-24,E92000001,3744,20727949
England,2023-03-23,E92000001,3969,20724205
England,2023-03-22,E92000001,4323,20720236
England,2023-03-21,E92000001,4747,20715913
England,2023-03-20,E92000001,4730,20711166
England,2023-03-19,E92000001,3683,20706436
England,2023-03-18,E92000001,3105,20702753
England,2023-03-17,E92000001,3718,20699648
England,2023-03-16,E92000001,4351,20695930
England,2023-03-15,E92000001,4371,20691579
England,2023-03-14,E92000001,5072,20687208
England,2023-03-13,E92000001,5289,20682136
England,2023-03-12,E92000001,4026,20676847
England,2023-03-11,E92000001,3084,20672821
England,2023-03-10,E92000001,3592,20669737
England,2023-03-09,E92000001,3961,20666145
England,2023-03-08,E92000001,4318,20662184
England,2023-03-07,E92000001,4455,20657866
England,2023-03-06,E92000001,4577,20653411
England,2023-03-05,E92000001,3155,20648834
England,2023-03-04,E92000001,2572,20645679
England,2023-03-03,E92000001,3421,20643107
England,2023-03-02,E92000001,3565,20639686
England,2023-03-01,E92000001,3973,20636121
England,2023-02-28,E92000001,4147,20632148
England,2023-02-27,E92000001,4319,20628001
England,2023-02-26,E92000001,2901,20623682
England,2023-02-25,E92000001,2529,20620781
England,2023-02-24,E92000001,3112,20618252
England,2023-02-23,E92000001,3475,20615140
England,2023-02-22,E92000001,3855,20611665
England,2023-02-21,E92000001,4326,20607810
England,2023-02-20,E92000001,4552,20603484
England,2023-02-19,E92000001,3435,20598932
England,2023-02-18,E92000001,2907,20595497
England,2023-02-17,E92000001,3780,20592590
England,2023-02-16,E92000001,4005,20588810
England,2023-02-15,E92000001,3894,20584805
England,2023-02-14,E92000001,4356,20580911
England,2023-02-13,E92000001,4549,20576555
England,2023-02-12,E92000001,2920,20572006
England,2023-02-11,E92000001,2396,20569086
England,2023-02-10,E92000001,3051,20566690
England,2023-02-09,E92000001,3043,20563639
England,2023-02-08,E92000001,3335,20560596
England,2023-02-07,E92000001,3395,20557261
England,2023-02-06,E92000001,3621,20553866
England,2023-02-05,E92000001,2616,20550245
England,2023-02-04,E92000001,2223,20547629
England,2023-02-03,E92000001,2751,20545406
England,2023-02-02,E92000001,2956,20542655
England,2023-02-01,E92000001,3214,20539699
England,2023-01-31,E92000001,3280,20536485
England,2023-01-30,E92000001,3270,20533205
England,2023-01-29,E92000001,2249,20529935
England,2023-01-28,E92000001,1802,20527686
England,2023-01-27,E92000001,2270,20525884
England,2023-01-26,E92000001,2338,20523614
England,2023-01-25,E92000001,2422,20521276
England,2023-01-24,E92000001,2550,20518854
England,2023-01-23,E92000001,2382,20516304
England,2023-01-22,E92000001,1747,20513922
England,2023-01-21,E92000001,1400,20512175
England,2023-01-20,E92000001,1699,20510775
England,2023-01-19,E92000001,1808,20509076
England,2023-01-18,E92000001,1901,20507268
England,2023-01-17,E92000001,1988,20505367
England,2023-01-16,E92000001,2307,20503379
England,2023-01-15,E92000001,1673,20501072
England,2023-01-14,E92000001,1327,20499399
England,2023-01-13,E92000001,1905,20498072
England,2023-01-12,E92000001,2204,20496167
England,2023-01-11,E92000001,2373,20493963
England,2023-01-10,E92000001,2803,20491590
England,2023-01-09,E92000001,3212,20488787
England,2023-01-08,E92000001,2501,20485575
England,2023-01-07,E92000001,2417,20483074
England,2023-01-06,E92000001,3412,20480657
England,2023-01-05,E92000001,4168,20477245
England,2023-01-04,E92000001,5009,20473077
England,2023-01-03,E92000001,5739,20468068
England,2023-01-02,E92000001,4636,20462329
England,2023-01-01,E92000001,3338,20457693
England,2022-12-31,E92000001,3891,20454355
England,2022-12-30,E92000001,5524,20450464
England,2022-12-29,E92000001,6953,20444940
England,2022-12-28,E92000001,7609,20437987
England,2022-12-27,E92000001,5977,20430378
England,2022-12-26,E92000001,4499,20424401
England,2022-12-25,E92000001,3382,20419902
England,2022-12-24,E92000001,3777,20416520
England,2022-12-23,E92000001,5225,20412743
England,2022-12-22,E92000001,6241,20407518
England,2022-12-21,E92000001,7042,20401277
England,2022-12-20,E92000001,7836,20394235
England,2022-12-19,E92000001,8240,20386399
England,2022-12-18,E92000001,5212,20378159
England,2022-12-17,E92000001,4273,20372947
England,2022-12-16,E92000001,5525,20368674
England,2022-12-15,E92000001,5549,20363149
England,2022-12-14,E92000001,5962,20357600
England,2022-12-13,E92000001,6483,20351638
England,2022-12-12,E92000001,6356,20345155
England,2022-12-11,E92000001,4223,20338799
England,2022-12-10,E92000001,3286,20334576
England,2022-12-09,E92000001,3824,20331290
England,2022-12-08,E92000001,4092,20327466
England,2022-12-07,E92000001,4640,20323374
England,2022-12-06,E92000001,4761,20318734
England,2022-12-05,E92000001,4850,20313973
England,2022-12-04,E92000001,3409,20309123
England,2022-12-03,E92000001,2481,20305714
England,2022-12-02,E92000001,3275,20303233
England,2022-12-01,E92000001,3214,20299958
England,2022-11-30,E92000001,3608,20296744
England,2022-11-29,E92000001,3972,20293136
England,2022-11-28,E92000001,4237,20289164
England,2022-11-27,E92000001,3152,20284927
England,2022-11-26,E92000001,2304,20281775
England,2022-11-25,E92000001,2638,20279471
England,2022-11-24,E92000001,3007,20276833
England,2022-11-23,E92000001,3240,20273826
England,2022-11-22,E92000001,3451,20270586
England,2022-11-21,E92000001,3549,20267135
England,2022-11-20,E92000001,2613,20263586
England,2022-11-19,E92000001,2207,20260973
England,2022-11-18,E92000001,2501,20258766
England,2022-11-17,E92000001,2703,20256265
England,2022-11-16,E92000001,2933,20253562
England,2022-11-15,E92000001,3160,20250629
England,2022-11-14,E92000001,3494,20247469
England,2022-11-13,E92000001,2647,20243975
England,2022-11-12,E92000001,2172,20241328
England,2022-11-11,E92000001,2562,20239156
England,2022-11-10,E92000001,2806,20236594
England,2022-11-09,E92000001,3185,20233788
England,2022-11-08,E92000001,3380,20230603
England,2022-11-07,E92000001,3879,20227223
England,2022-11-06,E92000001,2917,20223344
England,2022-11-05,E92000001,2374,20220427
England,2022-11-04,E92000001,2760,20218053
England,2022-11-03,E92000001,3261,20215293
England,2022-11-02,E92000001,3599,20212032
England,2022-11-01,E92000001,4091,20208433
England,2022-10-31,E92000001,4633,20204342
England,2022-10-30,E92000001,3827,20199709
England,2022-10-29,E92000001,3227,20195882
England,2022-10-28,E92000001,3916,20192655
England,2022-10-27,E92000001,4372,20188739
England,2022-10-26,E92000001,4924,20184367
England,2022-10-25,E92000001,5181,20179443
England,2022-10-24,E92000001,6147,20174262
England,2022-10-23,E92000001,5011,20168115
England,2022-10-22,E92000001,4527,20163104
England,2022-10-21,E92000001,5759,20158577
England,2022-10-20,E92000001,6075,20152818
England,2022-10-19,E92000001,7042,20146743
England,2022-10-18,E92000001,7667,20139701
England,2022-10-17,E92000001,9301,20132034
England,2022-10-16,E92000001,7257,20122733
England,2022-10-15,E92000001,6005,20115476
England,2022-10-14,E92000001,7343,20109471
England,2022-10-13,E92000001,7563,20102128
England,2022-10-12,E92000001,8124,20094565
England,2022-10-11,E92000001,8781,20086441
England,2022-10-10,E92000001,9835,20077660
England,2022-10-09,E92000001,8014,20067825
England,2022-10-08,E92000001,6581,20059811
England,2022-10-07,E92000001,8333,20053230
England,2022-10-06,E92000001,8819,20044897
England,2022-10-05,E92000001,9544,20036078
England,2022-10-04,E92000001,10246,20026534
England,2022-10-03,E92000001,10881,20016288
England,2022-10-02,E92000001,8623,20005407
England,2022-10-01,E92000001,6564,19996784
England,2022-09-30,E92000001,7099,19990220
England,2022-09-29,E92000001,7352,19983121
England,2022-09-28,E92000001,7806,19975769
England,2022-09-27,E92000001,7647,19967963
England,2022-09-26,E92000001,8042,19960316
England,2022-09-25,E92000001,6737,19952274
England,2022-09-24,E92000001,5309,19945537
England,2022-09-23,E92000001,6006,19940228
England,2022-09-22,E92000001,6294,19934222
England,2022-09-21,E92000001,6940,19927928
England,2022-09-20,E92000001,7200,19920988
England,2022-09-19,E92000001,5702,19913788
England,2022-09-18,E92000001,3943,19908086
England,2022-09-17,E92000001,3188,19904143
England,2022-09-16,E92000001,3729,19900955
England,2022-09-15,E92000001,4200,19897226
England,2022-09-14,E92000001,4453,19893026
England,2022-09-13,E92000001,4601,19888573
England,2022-09-12,E92000001,4758,19883972
England,2022-09-11,E92000001,3890,19879214
England,2022-09-10,E92000001,2861,19875324
England,2022-09-09,E92000001,3103,19872463
England,2022-09-08,E92000001,3250,19869360
England,2022-09-07,E92000001,3749,19866110
England,2022-09-06,E92000001,3940,19862361
England,2022-09-05,E92000001,4385,19858421
England,2022-09-04,E92000001,3759,19854036
England,2022-09-03,E92000001,2971,19850277
England,2022-09-02,E92000001,3239,19847306
England,2022-09-01,E92000001,3760,19844067
England,2022-08-31,E92000001,3975,19840307
England,2022-08-30,E92000001,4473,19836332
England,2022-08-29,E92000001,3936,19831859
England,2022-08-28,E92000001,2882,19827923
England,2022-08-27,E92000001,2606,19825041
England,2022-08-26,E92000001,2997,19822435
England,2022-08-25,E92000001,3266,19819438
England,2022-08-24,E92000001,3913,19816172
England,2022-08-23,E92000001,4076,19812259
England,2022-08-22,E92000001,4575,19808183
England,2022-08-21,E92000001,3547,19803608
England,2022-08-20,E92000001,3059,19800061
England,2022-08-19,E92000001,3492,19797002
England,2022-08-18,E92000001,3989,19793510
England,2022-08-17,E92000001,4421,19789521
England,2022-08-16,E92000001,4845,19785100
England,2022-08-15,E92000001,5606,19780255
England,2022-08-14,E92000001,4781,19774649
England,2022-08-13,E92000001,3978,19769868
England,2022-08-12,E92000001,4781,19765890
England,2022-08-11,E92000001,5446,19761109
England,2022-08-10,E92000001,6003,19755663
England,2022-08-09,E92000001,6462,19749660
England,2022-08-08,E92000001,7226,19743198
England,2022-08-07,E92000001,5897,19735972
England,2022-08-06,E92000001,4852,19730075
England,2022-08-05,E92000001,5859,19725223
England,2022-08-04,E92000001,6524,19719364
England,2022-08-03,E92000001,7419,19712840
England,2022-08-02,E92000001,8165,19705421
England,2022-08-01,E92000001,8814,19697256
England,2022-07-31,E92000001,7672,19688442
England,2022-07-30,E92000001,6612,19680770
England,2022-07-29,E92000001,7585,19674158
England,2022-07-28,E92000001,8339,19666573
England,2022-07-27,E92000001,9435,19658234
England,2022-07-26,E92000001,10482,19648799
England,2022-07-25,E92000001,11929,19638317
England,2022-07-24,E92000001,10216,19626388
England,2022-07-23,E92000001,8909,19616172
England,2022-07-22,E92000001,11177,19607263
England,2022-07-21,E92000001,12791,19596086
England,2022-07-20,E92000001,14533,19583295
England,2022-07-19,E92000001,14866,19568762
England,2022-07-18,E92000001,16919,19553896
England,2022-07-17,E92000001,15702,19536977
England,2022-07-16,E92000001,13677,19521275
England,2022-07-15,E92000001,16626,19507598
England,2022-07-14,E92000001,19340,19490972
England,2022-07-13,E92000001,21639,19471632
England,2022-07-12,E92000001,24377,19449993
England,2022-07-11,E92000001,27198,19425616
England,2022-07-10,E92000001,23046,19398418
England,2022-07-09,E92000001,19354,19375372
England,2022-07-08,E92000001,22173,19356018
England,2022-07-07,E92000001,24049,19333845
England,2022-07-06,E92000001,26741,19309796
England,2022-07-05,E92000001,28118,19283055
England,2022-07-04,E92000001,30388,19254937
England,2022-07-03,E92000001,25172,19224549
England,2022-07-02,E92000001,19586,19199377
England,2022-07-01,E92000001,21067,19179791
England,2022-06-30,E92000001,21513,19158724
England,2022-06-29,E92000001,21720,19137211
England,2022-06-28,E92000001,21869,19115491
England,2022-06-27,E92000001,21896,19093622
England,2022-06-26,E92000001,18039,19071726
England,2022-06-25,E92000001,14478,19053687
England,2022-06-24,E92000001,15626,19039209
England,2022-06-23,E92000001,16698,19023583
England,2022-06-22,E92000001,17764,19006885
England,2022-06-21,E92000001,17531,18989121
England,2022-06-20,E92000001,16918,18971590
England,2022-06-19,E92000001,14524,18954672
England,2022-06-18,E92000001,11634,18940148
England,2022-06-17,E92000001,11640,18928514
England,2022-06-16,E92000001,11915,18916874
England,2022-06-15,E92000001,12387,18904959
England,2022-06-14,E92000001,12660,18892572
England,2022-06-13,E92000001,12954,18879912
England,2022-06-12,E92000001,10718,18866958
England,2022-06-11,E92000001,8468,18856240
England,2022-06-10,E92000001,9153,18847772
England,2022-06-09,E92000001,9589,18838619
England,2022-06-08,E92000001,9952,18829030
England,2022-06-07,E92000001,9484,18819078
England,2022-06-06,E92000001,9798,18809594
England,2022-06-05,E92000001,8350,18799796
England,2022-06-04,E92000001,6278,18791446
England,2022-06-03,E92000001,5581,18785168
England,2022-06-02,E92000001,5081,18779587
England,2022-06-01,E92000001,5711,18774506
England,2022-05-31,E92000001,5734,18768795
England,2022-05-30,E92000001,5928,18763061
England,2022-05-29,E92000001,4687,18757133
England,2022-05-28,E92000001,4153,18752446
England,2022-05-27,E92000001,4494,18748293
England,2022-05-26,E92000001,4819,18743799
England,2022-05-25,E92000001,5189,18738980
England,2022-05-24,E92000001,5593,18733791
England,2022-05-23,E92000001,6248,18728198
England,2022-05-22,E92000001,5151,18721950
England,2022-05-21,E92000001,4243,18716799
England,2022-05-20,E92000001,5049,18712556
England,2022-05-19,E92000001,5785,18707507
England,2022-05-18,E92000001,6392,18701722
England,2022-05-17,E92000001,6833,18695330
England,2022-05-16,E92000001,7883,18688497
England,2022-05-15,E92000001,6730,18680614
England,2022-05-14,E92000001,5139,18673884
England,2022-05-13,E92000001,5794,18668745
England,2022-05-12,E92000001,6376,18662951
England,2022-05-11,E92000001,7265,18656575
England,2022-05-10,E92000001,8154,18649310
England,2022-05-09,E92000001,8876,18641156
England,2022-05-08,E92000001,7664,18632280
England,2022-05-07,E92000001,6354,18624616
England,2022-05-06,E92000001,7518,18618262
England,2022-05-05,E92000001,8592,18610744
England,2022-05-04,E92000001,9783,18602152
England,2022-05-03,E92000001,11155,18592369
England,2022-05-02,E92000001,10343,18581214
England,2022-05-01,E92000001,7718,18570871
England,2022-04-30,E92000001,6863,18563153
England,2022-04-29,E92000001,7992,18556290
England,2022-04-28,E92000001,9056,18548298
England,2022-04-27,E92000001,10120,18539242
England,2022-04-26,E92000001,11293,18529122
England,2022-04-25,E92000001,13404,18517829
England,2022-04-24,E92000001,11867,18504425
England,2022-04-23,E92000001,10573,18492558
England,2022-04-22,E92000001,12526,18481985
England,2022-04-21,E92000001,14520,18469459
England,2022-04-20,E92000001,16973,18454939
England,2022-04-19,E92000001,20595,18437966
England,2022-04-18,E92000001,20566,18417371
England,2022-04-17,E92000001,16262,18396805
England,2022-04-16,E92000001,16091,18380543
England,2022-04-15,E92000001,17306,18364452
England,2022-04-14,E92000001,21434,18347146
England,2022-04-13,E92000001,25507,18325712
England,2022-04-12,E92000001,27382,18300205
England,2022-04-11,E92000001,30597,18272823
England,2022-04-10,E92000001,25641,18242226
England,2022-04-09,E92000001,23013,18216585
England,2022-04-08,E92000001,27391,18193572
England,2022-04-07,E92000001,31745,18166181
England,2022-04-06,E92000001,36891,18134436
England,2022-04-05,E92000001,40393,18097545
England,2022-04-04,E92000001,45140,18057152
England,2022-04-03,E92000001,35606,18012012
England,2022-04-02,E92000001,31609,17976406
England,2022-04-01,E92000001,40342,17944797
England,2022-03-31,E92000001,45879,17904455
England,2022-03-30,E92000001,62750,17858576
England,2022-03-29,E92000001,67441,17795826
England,2022-03-28,E92000001,78909,17728385
England,2022-03-27,E92000001,58000,17649476
England,2022-03-26,E92000001,51776,17591476
England,2022-03-25,E92000001,60256,17539700
England,2022-03-24,E92000001,68604,17479444
England,2022-03-23,E92000001,77600,17410840
England,2022-03-22,E92000001,81845,17333240
England,2022-03-21,E92000001,89907,17251395
England,2022-03-20,E92000001,66907,17161488
England,2022-03-19,E92000001,55211,17094581
England,2022-03-18,E92000001,61904,17039370
England,2022-03-17,E92000001,67687,16977466
England,2022-03-16,E92000001,73951,16909779
England,2022-03-15,E92000001,74101,16835828
England,2022-03-14,E92000001,79517,16761727
England,2022-03-13,E92000001,60271,16682210
England,2022-03-12,E92000001,49161,16621939
England,2022-03-11,E92000001,52270,16572778
England,2022-03-10,E92000001,54298,16520508
England,2022-03-09,E92000001,55491,16466210
England,2022-03-08,E92000001,52343,16410719
England,2022-03-07,E92000001,50982,16358376
England,2022-03-06,E92000001,35914,16307394
England,2022-03-05,E92000001,28509,16271480
England,2022-03-04,E92000001,30605,16242971
England,2022-03-03,E92000001,31533,16212366
England,2022-03-02,E92000001,33361,16180833
England,2022-03-01,E92000001,31864,16147472
England,2022-02-28,E92000001,31865,16115608
England,2022-02-27,E92000001,22165,16083743
England,2022-02-26,E92000001,17604,16061578
England,2022-02-25,E92000001,19533,16043974
England,2022-02-24,E92000001,21882,16024441
England,2022-02-23,E92000001,26008,16002559
England,2022-02-22,E92000001,28019,15976551
England,2022-02-21,E92000001,33034,15948532
England,2022-02-20,E92000001,28411,15915498
England,2022-02-19,E92000001,26429,15887087
England,2022-02-18,E92000001,24923,15860658
England,2022-02-17,E92000001,34168,15835735
England,2022-02-16,E92000001,39445,15801567
England,2022-02-15,E92000001,40145,15762122
England,2022-02-14,E92000001,42490,15721977
England,2022-02-13,E92000001,32326,15679487
England,2022-02-12,E92000001,29142,15647161
England,2022-02-11,E92000001,34944,15618019
England,2022-02-10,E92000001,41331,15583075
England,2022-02-09,E92000001,51013,15541744
England,2022-02-08,E92000001,55437,15490731
England,2022-02-07,E92000001,62672,15435294
England,2022-02-06,E92000001,50148,15372622
England,2022-02-05,E92000001,43233,15322474
England,2022-02-04,E92000001,52556,15279241
England,2022-02-03,E92000001,64032,15226685
England,2022-02-02,E92000001,73908,15162653
England,2022-02-01,E92000001,78511,15088745
England,2022-01-31,E92000001,88502,15010234
England,2022-01-30,E92000001,74980,14921732
England,2022-01-29,E92000001,63024,14846752
England,2022-01-28,E92000001,71682,14783728
England,2022-01-27,E92000001,82726,14712046
England,2022-01-26,E92000001,93211,14629320
England,2022-01-25,E92000001,96955,14536109
England,2022-01-24,E92000001,109233,14439154
England,2022-01-23,E92000001,88558,14329921
England,2022-01-22,E92000001,70483,14241363
England,2022-01-21,E92000001,79172,14170880
England,2022-01-20,E92000001,86951,14091708
England,2022-01-19,E92000001,97335,14004757
England,2022-01-18,E92000001,103308,13907422
England,2022-01-17,E92000001,114776,13804114
England,2022-01-16,E92000001,85599,13689338
England,2022-01-15,E92000001,67821,13603739
England,2022-01-14,E92000001,75174,13535918
England,2022-01-13,E92000001,84132,13460744
England,2022-01-12,E92000001,90000,13376612
England,2022-01-11,E92000001,100979,13286612
England,2022-01-10,E92000001,116343,13185633
England,2022-01-09,E92000001,83081,13069290
England,2022-01-08,E92000001,81221,12986209
England,2022-01-07,E92000001,105080,12904988
England,2022-01-06,E92000001,150786,12799908
England,2022-01-05,E92000001,183798,12649122
England,2022-01-04,E92000001,234873,12465324
England,2022-01-03,E92000001,193617,12230451
England,2022-01-02,E92000001,148609,12036834
England,2022-01-01,E92000001,99303,11888225
England,2021-12-31,E92000001,152887,11788922
England,2021-12-30,E92000001,192825,11636035
England,2021-12-29,E92000001,224031,11443210
England,2021-12-28,E92000001,170586,11219179
England,2021-12-27,E92000001,155567,11048593
England,2021-12-26,E92000001,98918,10893026
England,2021-12-25,E92000001,59912,10794108
England,2021-12-24,E92000001,117562,10734196
England,2021-12-23,E92000001,137021,10616634
England,2021-12-22,E92000001,138142,10479613
England,2021-12-21,E92000001,129599,10341471
England,2021-12-20,E92000001,117577,10211872
England,2021-12-19,E92000001,78497,10094295
England,2021-12-18,E92000001,78930,10015798
England,2021-12-17,E92000001,84967,9936868
England,2021-12-16,E92000001,93804,9851901
England,2021-12-15,E92000001,99655,9758097
England,2021-12-14,E92000001,90717,9658442
England,2021-12-13,E92000001,76507,9567725
England,2021-12-12,E92000001,46367,9491218
England,2021-12-11,E92000001,41940,9444851
England,2021-12-10,E92000001,45018,9402911
England,2021-12-09,E92000001,48817,9357893
England,2021-12-08,E92000001,50059,9309076
England,2021-12-07,E92000001,48146,9259017
England,2021-12-06,E92000001,51123,9210871
England,2021-12-05,E92000001,35037,9159748
England,2021-12-04,E92000001,33380,9124711
England,2021-12-03,E92000001,39222,9091331
England,2021-12-02,E92000001,43045,9052109
England,2021-12-01,E92000001,47263,9009064
England,2021-11-30,E92000001,47632,8961801
England,2021-11-29,E92000001,47939,8914169
England,2021-11-28,E92000001,33857,8866230
England,2021-11-27,E92000001,28459,8832373
England,2021-11-26,E92000001,33666,8803914
England,2021-11-25,E92000001,37143,8770248
England,2021-11-24,E92000001,39881,8733105
England,2021-11-23,E92000001,41015,8693224
England,2021-11-22,E92000001,42869,8652209
England,2021-11-21,E92000001,31761,8609340
England,2021-11-20,E92000001,29868,8577579
England,2021-11-19,E92000001,33184,8547711
England,2021-11-18,E92000001,37099,8514527
England,2021-11-17,E92000001,38257,8477428
England,2021-11-16,E92000001,38656,8439171
England,2021-11-15,E92000001,42477,8400515
England,2021-11-14,E92000001,29599,8358038
England,2021-11-13,E92000001,27358,8328439
England,2021-11-12,E92000001,31337,8301081
England,2021-11-11,E92000001,33700,8269744
England,2021-11-10,E92000001,35390,8236044
England,2021-11-09,E92000001,34679,8200654
England,2021-11-08,E92000001,36138,8165975
England,2021-11-07,E92000001,25447,8129837
England,2021-11-06,E92000001,22581,8104390
England,2021-11-05,E92000001,24405,8081809
England,2021-11-04,E92000001,27379,8057404
England,2021-11-03,E92000001,29396,8030025
England,2021-11-02,E92000001,31328,8000629
England,2021-11-01,E92000001,37663,7969301
England,2021-10-31,E92000001,29564,7931638
England,2021-10-30,E92000001,28243,7902074
England,2021-10-29,E92000001,33995,7873831
England,2021-10-28,E92000001,35076,7839836
England,2021-10-27,E92000001,36524,7804760
England,2021-10-26,E92000001,35276,7768236
England,2021-10-25,E92000001,39958,7732960
England,2021-10-24,E92000001,30091,7693002
England,2021-10-23,E92000001,29747,7662911
England,2021-10-22,E92000001,34506,7633164
England,2021-10-21,E92000001,38581,7598658
England,2021-10-20,E92000001,43963,7560077
England,2021-10-19,E92000001,44630,7516114
England,2021-10-18,E92000001,49257,7471484
England,2021-10-17,E92000001,37501,7422227
England,2021-10-16,E92000001,31639,7384726
England,2021-10-15,E92000001,36631,7353087
England,2021-10-14,E92000001,39262,7316456
England,2021-10-13,E92000001,40547,7277194
England,2021-10-12,E92000001,40892,7236647
England,2021-10-11,E92000001,43115,7195755
England,2021-10-10,E92000001,31499,7152640
England,2021-10-09,E92000001,27180,7121141
England,2021-10-08,E92000001,29848,7093961
England,2021-10-07,E92000001,32158,7064113
England,2021-10-06,E92000001,32547,7031955
England,2021-10-05,E92000001,32269,6999408
England,2021-10-04,E92000001,36475,6967139
England,2021-10-03,E92000001,27138,6930664
England,2021-10-02,E92000001,21873,6903526
England,2021-10-01,E92000001,24134,6881653
England,2021-09-30,E92000001,26808,6857519
England,2021-09-29,E92000001,28689,6830711
England,2021-09-28,E92000001,29628,6802022
England,2021-09-27,E92000001,34595,6772394
England,2021-09-26,E92000001,26814,6737799
England,2021-09-25,E92000001,23389,6710985
England,2021-09-24,E92000001,25754,6687596
England,2021-09-23,E92000001,28340,6661842
England,2021-09-22,E92000001,28788,6633502
England,2021-09-21,E92000001,30547,6604714
England,2021-09-20,E92000001,32121,6574167
England,2021-09-19,E92000001,24789,6542046
England,2021-09-18,E92000001,20926,6517257
England,2021-09-17,E92000001,22375,6496331
England,2021-09-16,E92000001,22320,6473956
England,2021-09-15,E92000001,22414,6451636
England,2021-09-14,E92000001,22641,6429222
England,2021-09-13,E92000001,25199,6406581
England,2021-09-12,E92000001,17879,6381382
England,2021-09-11,E92000001,16956,6363503
England,2021-09-10,E92000001,21031,6346547
England,2021-09-09,E92000001,24440,6325516
England,2021-09-08,E92000001,25659,6301076
England,2021-09-07,E92000001,27938,6275417
England,2021-09-06,E92000001,33135,6247479
England,2021-09-05,E92000001,23457,6214344
England,2021-09-04,E92000001,23409,6190887
England,2021-09-03,E92000001,28730,6167478
England,2021-09-02,E92000001,30636,6138748
England,2021-09-01,E92000001,31600,6108112
England,2021-08-31,E92000001,33565,6076512
England,2021-08-30,E92000001,24973,6042947
England,2021-08-29,E92000001,19152,6017974
England,2021-08-28,E92000001,20138,5998822
England,2021-08-27,E92000001,24253,5978684
England,2021-08-26,E92000001,26482,5954431
England,2021-08-25,E92000001,27901,5927949
England,2021-08-24,E92000001,28212,5900048
England,2021-08-23,E92000001,30333,5871836
England,2021-08-22,E92000001,22409,5841503
England,2021-08-21,E92000001,22605,5819094
England,2021-08-20,E92000001,25555,5796489
England,2021-08-19,E92000001,29081,5770934
England,2021-08-18,E92000001,31426,5741853
England,2021-08-17,E92000001,31095,5710427
England,2021-08-16,E92000001,30861,5679332
England,2021-08-15,E92000001,21280,5648471
England,2021-08-14,E92000001,21336,5627191
England,2021-08-13,E92000001,24992,5605855
England,2021-08-12,E92000001,27690,5580863
England,2021-08-11,E92000001,29135,5553173
England,2021-08-10,E92000001,27610,5524038
England,2021-08-09,E92000001,28292,5496428
England,2021-08-08,E92000001,20157,5468136
England,2021-08-07,E92000001,19957,5447979
England,2021-08-06,E92000001,24851,5428022
England,2021-08-05,E92000001,28126,5403171
England,2021-08-04,E92000001,28895,5375045
England,2021-08-03,E92000001,27062,5346150
England,2021-08-02,E92000001,26580,5319088
England,2021-08-01,E92000001,18714,5292508
England,2021-07-31,E92000001,18450,5273794
England,2021-07-30,E92000001,22109,5255344
England,2021-07-29,E92000001,25361,5233235
England,2021-07-28,E92000001,26925,5207874
England,2021-07-27,E92000001,26027,5180949
England,2021-07-26,E92000001,26541,5154922
England,2021-07-25,E92000001,19657,5128381
England,2021-07-24,E92000001,20276,5108724
England,2021-07-23,E92000001,24586,5088448
England,2021-07-22,E92000001,27711,5063862
England,2021-07-21,E92000001,31676,5036151
England,2021-07-20,E92000001,35947,5004475
England,2021-07-19,E92000001,43401,4968528
England,2021-07-18,E92000001,33164,4925127
England,2021-07-17,E92000001,35281,4891963
England,2021-07-16,E92000001,51138,4856682
England,2021-07-15,E92000001,57583,4805544
England,2021-07-14,E92000001,50320,4747961
England,2021-07-13,E92000001,43247,4697641
England,2021-07-12,E92000001,40477,4654394
England,2021-07-11,E92000001,27418,4613917
England,2021-07-10,E92000001,25411,4586499
England,2021-07-09,E92000001,29050,4561088
England,2021-07-08,E92000001,29929,4532038
England,2021-07-07,E92000001,34274,4502109
England,2021-07-06,E92000001,31627,4467835
England,2021-07-05,E92000001,30215,4436208
England,2021-07-04,E92000001,21806,4405993
England,2021-07-03,E92000001,20638,4384187
England,2021-07-02,E92000001,22287,4363549
England,2021-07-01,E92000001,24267,4341262
England,2021-06-30,E92000001,23941,4316995
England,2021-06-29,E92000001,23250,4293054
England,2021-06-28,E92000001,23511,4269804
England,2021-06-27,E92000001,15407,4246293
England,2021-06-26,E92000001,13486,4230886
England,2021-06-25,E92000001,14901,4217400
England,2021-06-24,E92000001,15084,4202499
England,2021-06-23,E92000001,14806,4187415
England,2021-06-22,E92000001,13563,4172609
England,2021-06-21,E92000001,12707,4159046
England,2021-06-20,E92000001,8203,4146339
England,2021-06-19,E92000001,7127,4138136
England,2021-06-18,E92000001,8772,4131009
England,2021-06-17,E92000001,9523,4122237
England,2021-06-16,E92000001,9411,4112714
England,2021-06-15,E92000001,9153,4103303
England,2021-06-14,E92000001,8941,4094150
England,2021-06-13,E92000001,6075,4085209
England,2021-06-12,E92000001,5422,4079134
England,2021-06-11,E92000001,6510,4073712
England,2021-06-10,E92000001,6718,4067202
England,2021-06-09,E92000001,6919,4060484
England,2021-06-08,E92000001,6630,4053565
England,2021-06-07,E92000001,6791,4046935
England,2021-06-06,E92000001,4730,4040144
England,2021-06-05,E92000001,3964,4035414
England,2021-06-04,E92000001,4886,4031450
England,2021-06-03,E92000001,5131,4026564
England,2021-06-02,E92000001,5039,4021433
England,2021-06-01,E92000001,4515,4016394
England,2021-05-31,E92000001,3170,4011879
England,2021-05-30,E92000001,2598,4008709
England,2021-05-29,E92000001,2462,4006111
England,2021-05-28,E92000001,2929,4003649
England,2021-05-27,E92000001,3075,4000720
England,2021-05-26,E92000001,3179,3997645
England,2021-05-25,E92000001,2797,3994466
England,2021-05-24,E92000001,2750,3991669
England,2021-05-23,E92000001,1918,3988919
England,2021-05-22,E92000001,1606,3987001
England,2021-05-21,E92000001,1872,3985395
England,2021-05-20,E92000001,2000,3983523
England,2021-05-19,E92000001,2261,3981523
England,2021-05-18,E92000001,2241,3979262
England,2021-05-17,E92000001,2341,3977021
England,2021-05-16,E92000001,1587,3974680
England,2021-05-15,E92000001,1306,3973093
England,2021-05-14,E92000001,1540,3971787
England,2021-05-13,E92000001,1737,3970247
England,2021-05-12,E92000001,1869,3968510
England,2021-05-11,E92000001,1872,3966641
England,2021-05-10,E92000001,2325,3964769
England,2021-05-09,E92000001,1985,3962444
England,2021-05-08,E92000001,1301,3960459
England,2021-05-07,E92000001,1657,3959158
England,2021-05-06,E92000001,1967,3957501
England,2021-05-05,E92000001,2203,3955534
England,2021-05-04,E92000001,2200,3953331
England,2021-05-03,E92000001,1806,3951131
England,2021-05-02,E92000001,1305,3949325
England,2021-05-01,E92000001,1211,3948020
England,2021-04-30,E92000001,1528,3946809
England,2021-04-29,E92000001,1901,3945281
England,2021-04-28,E92000001,2153,3943380
England,2021-04-27,E92000001,1809,3941227
England,2021-04-26,E92000001,2267,3939418
England,2021-04-25,E92000001,1897,3937151
England,2021-04-24,E92000001,1300,3935254
England,2021-04-23,E92000001,1701,3933954
England,2021-04-22,E92000001,2032,3932253
England,2021-04-21,E92000001,2298,3930221
England,2021-04-20,E92000001,2112,3927923
England,2021-04-19,E92000001,2268,3925811
England,2021-04-18,E92000001,2281,3923543
England,2021-04-17,E92000001,1398,3921262
England,2021-04-16,E92000001,1963,3919864
England,2021-04-15,E92000001,1959,3917901
England,2021-04-14,E92000001,2068,3915942
England,2021-04-13,E92000001,2060,3913874
England,2021-04-12,E92000001,2399,3911814
England,2021-04-11,E92000001,2020,3909415
England,2021-04-10,E92000001,2009,3907395
England,2021-04-09,E92000001,2482,3905386
England,2021-04-08,E92000001,2651,3902904
England,2021-04-07,E92000001,2752,3900253
England,2021-04-06,E92000001,2756,3897501
England,2021-04-05,E92000001,2314,3894745
England,2021-04-04,E92000001,2042,3892431
England,2021-04-03,E92000001,2121,3890389
England,2021-04-02,E92000001,2248,3888268
England,2021-04-01,E92000001,3067,3886020
England,2021-03-31,E92000001,3340,3882953
England,2021-03-30,E92000001,3135,3879613
England,2021-03-29,E92000001,3422,3876478
England,2021-03-28,E92000001,4477,3873056
England,2021-03-27,E92000001,3136,3868579
England,2021-03-26,E92000001,3803,3865443
England,2021-03-25,E92000001,4674,3861640
England,2021-03-24,E92000001,5321,3856966
England,2021-03-23,E92000001,4566,3851645
England,2021-03-22,E92000001,5400,3847079
England,2021-03-21,E92000001,4679,3841679
England,2021-03-20,E92000001,3514,3837000
England,2021-03-19,E92000001,4333,3833486
England,2021-03-18,E92000001,4689,3829153
England,2021-03-17,E92000001,5048,3824464
England,2021-03-16,E92000001,4933,3819416
England,2021-03-15,E92000001,5643,3814483
England,2021-03-14,E92000001,3707,3808840
England,2021-03-13,E92000001,3592,3805133
England,2021-03-12,E92000001,4767,3801541
England,2021-03-11,E92000001,4848,3796774
England,2021-03-10,E92000001,5222,3791926
England,2021-03-09,E92000001,5488,3786704
England,2021-03-08,E92000001,5818,3781216
England,2021-03-07,E92000001,3677,3775398
England,2021-03-06,E92000001,3832,3771721
England,2021-03-05,E92000001,4728,3767889
England,2021-03-04,E92000001,5011,3763161
England,2021-03-03,E92000001,5305,3758150
England,2021-03-02,E92000001,5950,3752845
England,2021-03-01,E92000001,6215,3746895
England,2021-02-28,E92000001,4112,3740680
England,2021-02-27,E92000001,4254,3736568
England,2021-02-26,E92000001,5883,3732314
England,2021-02-25,E92000001,6934,3726431
England,2021-02-24,E92000001,7621,3719497
England,2021-02-23,E92000001,8536,3711876
England,2021-02-22,E92000001,10279,3703340
England,2021-02-21,E92000001,7033,3693061
England,2021-02-20,E92000001,7161,3686028
England,2021-02-19,E92000001,9246,3678867
England,2021-02-18,E92000001,10303,3669621
England,2021-02-17,E92000001,10419,3659318
England,2021-02-16,E92000001,11268,3648899
England,2021-02-15,E92000001,12953,3637631
England,2021-02-14,E92000001,7781,3624678
England,2021-02-13,E92000001,8025,3616897
England,2021-02-12,E92000001,10986,3608872
England,2021-02-11,E92000001,11637,3597886
England,2021-02-10,E92000001,12272,3586249
England,2021-02-09,E92000001,12696,3573977
England,2021-02-08,E92000001,14370,3561281
England,2021-02-07,E92000001,10457,3546911
England,2021-02-06,E92000001,10951,3536454
England,2021-02-05,E92000001,14461,3525503
England,2021-02-04,E92000001,16717,3511042
England,2021-02-03,E92000001,17948,3494325
England,2021-02-02,E92000001,18193,3476377
England,2021-02-01,E92000001,20765,3458184
England,2021-01-31,E92000001,14138,3437419
England,2021-01-30,E92000001,15524,3423281
England,2021-01-29,E92000001,20363,3407757
England,2021-01-28,E92000001,22523,3387394
England,2021-01-27,E92000001,23899,3364871
England,2021-01-26,E92000001,25210,3340972
England,2021-01-25,E92000001,27972,3315762
England,2021-01-24,E92000001,15883,3287790
England,2021-01-23,E92000001,20425,3271907
England,2021-01-22,E92000001,27741,3251482
England,2021-01-21,E92000001,29633,3223741
England,2021-01-20,E92000001,32679,3194108
England,2021-01-19,E92000001,37055,3161429
England,2021-01-18,E92000001,41935,3124374
England,2021-01-17,E92000001,26976,3082439
England,2021-01-16,E92000001,28413,3055463
England,2021-01-15,E92000001,37879,3027050
England,2021-01-14,E92000001,39658,2989171
England,2021-01-13,E92000001,42303,2949513
England,2021-01-12,E92000001,45968,2907210
England,2021-01-11,E92000001,53519,2861242
England,2021-01-10,E92000001,33749,2807723
England,2021-01-09,E92000001,36419,2773974
England,2021-01-08,E92000001,43494,2737555
England,2021-01-07,E92000001,48132,2694061
England,2021-01-06,E92000001,52752,2645929
England,2021-01-05,E92000001,59600,2593177
England,2021-01-04,E92000001,70920,2533577
England,2021-01-03,E92000001,50664,2462657
England,2021-01-02,E92000001,55428,2411993
England,2021-01-01,E92000001,28879,2356565
England,2020-12-31,E92000001,47824,2327686
England,2020-12-30,E92000001,64243,2279862
England,2020-12-29,E92000001,74058,2215619
England,2020-12-28,E92000001,40845,2141561
England,2020-12-27,E92000001,43250,2100716
England,2020-12-26,E92000001,37462,2057466
England,2020-12-25,E92000001,12926,2020004
England,2020-12-24,E92000001,29287,2007078
England,2020-12-23,E92000001,38383,1977791
England,2020-12-22,E92000001,41741,1939408
England,2020-12-21,E92000001,43446,1897667
England,2020-12-20,E92000001,29556,1854221
England,2020-12-19,E92000001,22195,1824665
England,2020-12-18,E92000001,32426,1802470
England,2020-12-17,E92000001,30159,1770044
England,2020-12-16,E92000001,30650,1739885
England,2020-12-15,E92000001,29652,1709235
England,2020-12-14,E92000001,30019,1679583
England,2020-12-13,E92000001,18409,1649564
England,2020-12-12,E92000001,16268,1631155
England,2020-12-11,E92000001,20177,1614887
England,2020-12-10,E92000001,18850,1594710
England,2020-12-09,E92000001,17744,1575860
England,2020-12-08,E92000001,16937,1558116
England,2020-12-07,E92000001,17662,1541179
England,2020-12-06,E92000001,11036,1523517
England,2020-12-05,E92000001,10302,1512481
England,2020-12-04,E92000001,13065,1502179
England,2020-12-03,E92000001,12762,1489114
England,2020-12-02,E92000001,13662,1476352
England,2020-12-01,E92000001,13731,1462690
England,2020-11-30,E92000001,15228,1448959
England,2020-11-29,E92000001,9068,1433731
England,2020-11-28,E92000001,9347,1424663
England,2020-11-27,E92000001,12459,1415316
England,2020-11-26,E92000001,12459,1402857
England,2020-11-25,E92000001,14155,1390398
England,2020-11-24,E92000001,14266,1376243
England,2020-11-23,E92000001,16472,1361977
England,2020-11-22,E92000001,10216,1345505
England,2020-11-21,E92000001,10806,1335289
England,2020-11-20,E92000001,14960,1324483
England,2020-11-19,E92000001,15797,1309523
England,2020-11-18,E92000001,18545,1293726
England,2020-11-17,E92000001,20677,1275181
England,2020-11-16,E92000001,24136,1254504
England,2020-11-15,E92000001,14422,1230368
England,2020-11-14,E92000001,16290,1215946
England,2020-11-13,E92000001,22008,1199656
England,2020-11-12,E92000001,22320,1177648
England,2020-11-11,E92000001,25065,1155328
England,2020-11-10,E92000001,24836,1130263
England,2020-11-09,E92000001,28560,1105427
England,2020-11-08,E92000001,18272,1076867
England,2020-11-07,E92000001,16888,1058595
England,2020-11-06,E92000001,21179,1041707
England,2020-11-05,E92000001,21206,1020528
England,2020-11-04,E92000001,21053,999322
England,2020-11-03,E92000001,22690,978269
England,2020-11-02,E92000001,28394,955579
England,2020-11-01,E92000001,13611,927185
England,2020-10-31,E92000001,14565,913574
England,2020-10-30,E92000001,19899,899009
England,2020-10-29,E92000001,20257,879110
England,2020-10-28,E92000001,20547,858853
England,2020-10-27,E92000001,20762,838306
England,2020-10-26,E92000001,23033,817544
England,2020-10-25,E92000001,13353,794511
England,2020-10-24,E92000001,13713,781158
England,2020-10-23,E92000001,18359,767445
England,2020-10-22,E92000001,19866,749086
England,2020-10-21,E92000001,21762,729220
England,2020-10-20,E92000001,21638,707458
England,2020-10-19,E92000001,22369,685820
England,2020-10-18,E92000001,11982,663451
England,2020-10-17,E92000001,12487,651469
England,2020-10-16,E92000001,14761,638982
England,2020-10-15,E92000001,15428,624221
England,2020-10-14,E92000001,16646,608793
England,2020-10-13,E92000001,15660,592147
England,2020-10-12,E92000001,16420,576487
England,2020-10-11,E92000001,9781,560067
England,2020-10-10,E92000001,10301,550286
England,2020-10-09,E92000001,13159,539985
England,2020-10-08,E92000001,15452,526826
England,2020-10-07,E92000001,15418,511374
England,2020-10-06,E92000001,14458,495956
England,2020-10-05,E92000001,14218,481498
England,2020-10-04,E92000001,9966,467280
England,2020-10-03,E92000001,9820,457314
England,2020-10-02,E92000001,11719,447494
England,2020-10-01,E92000001,11444,435775
England,2020-09-30,E92000001,10663,424331
England,2020-09-29,E92000001,8832,413668
England,2020-09-28,E92000001,8641,404836
England,2020-09-27,E92000001,6084,396195
England,2020-09-26,E92000001,5704,390111
England,2020-09-25,E92000001,6105,384407
England,2020-09-24,E92000001,6361,378302
England,2020-09-23,E92000001,5933,371941
England,2020-09-22,E92000001,5400,366008
England,2020-09-21,E92000001,4727,360608
England,2020-09-20,E92000001,4652,355881
England,2020-09-19,E92000001,4215,351229
England,2020-09-18,E92000001,4290,347014
England,2020-09-17,E92000001,3979,342724
England,2020-09-16,E92000001,3778,338745
England,2020-09-15,E92000001,3057,334967
England,2020-09-14,E92000001,2941,331910
England,2020-09-13,E92000001,1722,328969
England,2020-09-12,E92000001,2224,327247
England,2020-09-11,E92000001,2893,325023
England,2020-09-10,E92000001,3143,322130
England,2020-09-09,E92000001,2893,318987
England,2020-09-08,E92000001,3071,316094
England,2020-09-07,E92000001,3530,313023
England,2020-09-06,E92000001,2079,309493
England,2020-09-05,E92000001,2200,307414
England,2020-09-04,E92000001,2637,305214
England,2020-09-03,E92000001,2716,302577
England,2020-09-02,E92000001,2696,299861
England,2020-09-01,E92000001,1962,297165
England,2020-08-31,E92000001,1279,295203
England,2020-08-30,E92000001,987,293924
England,2020-08-29,E92000001,1051,292937
England,2020-08-28,E92000001,1395,291886
England,2020-08-27,E92000001,1356,290491
England,2020-08-26,E92000001,1181,289135
England,2020-08-25,E92000001,1085,287954
England,2020-08-24,E92000001,1156,286869
England,2020-08-23,E92000001,704,285713
England,2020-08-22,E92000001,732,285009
England,2020-08-21,E92000001,1031,284277
England,2020-08-20,E92000001,1254,283246
England,2020-08-19,E92000001,1109,281992
England,2020-08-18,E92000001,955,280883
England,2020-08-17,E92000001,1159,279928
England,2020-08-16,E92000001,534,278769
England,2020-08-15,E92000001,656,278235
England,2020-08-14,E92000001,1059,277579
England,2020-08-13,E92000001,1036,276520
England,2020-08-12,E92000001,1126,275484
England,2020-08-11,E92000001,1247,274358
England,2020-08-10,E92000001,1375,273111
England,2020-08-09,E92000001,569,271736
England,2020-08-08,E92000001,648,271167
England,2020-08-07,E92000001,892,270519
England,2020-08-06,E92000001,1005,269627
England,2020-08-05,E92000001,973,268622
England,2020-08-04,E92000001,965,267649
England,2020-08-03,E92000001,963,266684
England,2020-08-02,E92000001,518,265721
England,2020-08-01,E92000001,508,265203
England,2020-07-31,E92000001,644,264695
England,2020-07-30,E92000001,879,264051
England,2020-07-29,E92000001,994,263172
England,2020-07-28,E92000001,796,262178
England,2020-07-27,E92000001,824,261382
England,2020-07-26,E92000001,518,260558
England,2020-07-25,E92000001,499,260040
England,2020-07-24,E92000001,720,259541
England,2020-07-23,E92000001,741,258821
England,2020-07-22,E92000001,764,258080
England,2020-07-21,E92000001,697,257316
England,2020-07-20,E92000001,769,256619
England,2020-07-19,E92000001,419,255850
England,2020-07-18,E92000001,473,255431
England,2020-07-17,E92000001,548,254958
England,2020-07-16,E92000001,644,254410
England,2020-07-15,E92000001,726,253766
England,2020-07-14,E92000001,661,253040
England,2020-07-13,E92000001,694,252379
England,2020-07-12,E92000001,351,251685
England,2020-07-11,E92000001,432,251334
England,2020-07-10,E92000001,524,250902
England,2020-07-09,E92000001,688,250378
England,2020-07-08,E92000001,682,249690
England,2020-07-07,E92000001,565,249008
England,2020-07-06,E92000001,664,248443
England,2020-07-05,E92000001,544,247779
England,2020-07-04,E92000001,385,247235
England,2020-07-03,E92000001,536,246850
England,2020-07-02,E92000001,561,246314
England,2020-07-01,E92000001,607,245753
England,2020-06-30,E92000001,578,245146
England,2020-06-29,E92000001,666,244568
England,2020-06-28,E92000001,413,243902
England,2020-06-27,E92000001,506,243489
England,2020-06-26,E92000001,640,242983
England,2020-06-25,E92000001,643,242343
England,2020-06-24,E92000001,732,241700
England,2020-06-23,E92000001,727,240968
England,2020-06-22,E92000001,821,240241
England,2020-06-21,E92000001,550,239420
England,2020-06-20,E92000001,626,238870
England,2020-06-19,E92000001,818,238244
England,2020-06-18,E92000001,938,237426
England,2020-06-17,E92000001,914,236488
England,2020-06-16,E92000001,996,235574
England,2020-06-15,E92000001,944,234578
England,2020-06-14,E92000001,752,233634
England,2020-06-13,E92000001,785,232882
England,2020-06-12,E92000001,938,232097
England,2020-06-11,E92000001,915,231159
England,2020-06-10,E92000001,1086,230244
England,2020-06-09,E92000001,1066,229158
England,2020-06-08,E92000001,990,228092
England,2020-06-07,E92000001,668,227102
England,2020-06-06,E92000001,723,226434
England,2020-06-05,E92000001,1020,225711
England,2020-06-04,E92000001,1147,224691
England,2020-06-03,E92000001,1251,223544
England,2020-06-02,E92000001,1365,222293
England,2020-06-01,E92000001,1319,220928
England,2020-05-31,E92000001,984,219609
England,2020-05-30,E92000001,1010,218625
England,2020-05-29,E92000001,1374,217615
England,2020-05-28,E92000001,1575,216241
England,2020-05-27,E92000001,1616,214666
England,2020-05-26,E92000001,1461,213050
England,2020-05-25,E92000001,1389,211589
England,2020-05-24,E92000001,1206,210200
England,2020-05-23,E92000001,1309,208994
England,2020-05-22,E92000001,1798,207685
England,2020-05-21,E92000001,2277,205887
England,2020-05-20,E92000001,2359,203610
England,2020-05-19,E92000001,2602,201251
England,2020-05-18,E92000001,2226,198649
England,2020-05-17,E92000001,1593,196423
England,2020-05-16,E92000001,1781,194830
England,2020-05-15,E92000001,2145,193049
England,2020-05-14,E92000001,2222,190904
England,2020-05-13,E92000001,2899,188682
England,2020-05-12,E92000001,2940,185783
England,2020-05-11,E92000001,3088,182843
England,2020-05-10,E92000001,2013,179755
England,2020-05-09,E92000001,1797,177742
England,2020-05-08,E92000001,2622,175945
England,2020-05-07,E92000001,3205,173323
England,2020-05-06,E92000001,3264,170118
England,2020-05-05,E92000001,3148,166854
England,2020-05-04,E92000001,2851,163706
England,2020-05-03,E92000001,2648,160855
England,2020-05-02,E92000001,2762,158207
England,2020-05-01,E92000001,4109,155445
England,2020-04-30,E92000001,4314,151336
England,2020-04-29,E92000001,4737,147022
England,2020-04-28,E92000001,4113,142285
England,2020-04-27,E92000001,4056,138172
England,2020-04-26,E92000001,3137,134116
England,2020-04-25,E92000001,3381,130979
England,2020-04-24,E92000001,4352,127598
England,2020-04-23,E92000001,4574,123246
England,2020-04-22,E92000001,4812,118672
England,2020-04-21,E92000001,3996,113860
England,2020-04-20,E92000001,3698,109864
England,2020-04-19,E92000001,3494,106166
England,2020-04-18,E92000001,4142,102672
England,2020-04-17,E92000001,4088,98530
England,2020-04-16,E92000001,4360,94442
England,2020-04-15,E92000001,4240,90082
England,2020-04-14,E92000001,3568,85842
England,2020-04-13,E92000001,3463,82274
England,2020-04-12,E92000001,2958,78811
England,2020-04-11,E92000001,3085,75853
England,2020-04-10,E92000001,3590,72768
England,2020-04-09,E92000001,4076,69178
England,2020-04-08,E92000001,4315,65102
England,2020-04-07,E92000001,4605,60787
England,2020-04-06,E92000001,4407,56182
England,2020-04-05,E92000001,3094,51775
England,2020-04-04,E92000001,3405,48681
England,2020-04-03,E92000001,4102,45276
England,2020-04-02,E92000001,4097,41174
England,2020-04-01,E92000001,4150,37077
England,2020-03-31,E92000001,3816,32927
England,2020-03-30,E92000001,3514,29111
England,2020-03-29,E92000001,2449,25597
England,2020-03-28,E92000001,2379,23148
England,2020-03-27,E92000001,2673,20769
England,2020-03-26,E92000001,2633,18096
England,2020-03-25,E92000001,2284,15463
England,2020-03-24,E92000001,2041,13179
England,2020-03-23,E92000001,2010,11138
England,2020-03-22,E92000001,1212,9128
England,2020-03-21,E92000001,1040,7916
England,2020-03-20,E92000001,1096,6876
England,2020-03-19,E92000001,932,5780
England,2020-03-18,E92000001,910,4848
England,2020-03-17,E92000001,683,3938
England,2020-03-16,E92000001,552,3255
England,2020-03-15,E92000001,398,2703
England,2020-03-14,E92000001,315,2305
England,2020-03-13,E92000001,401,1990
England,2020-03-12,E92000001,421,1589
England,2020-03-11,E92000001,358,1168
England,2020-03-10,E92000001,229,810
England,2020-03-09,E92000001,127,581
England,2020-03-08,E92000001,50,454
England,2020-03-07,E92000001,55,404
England,2020-03-06,E92000001,74,349
England,2020-03-05,E92000001,46,275
England,2020-03-04,E92000001,49,229
England,2020-03-03,E92000001,53,180
England,2020-03-02,E92000001,40,127
England,2020-03-01,E92000001,18,87
England,2020-02-29,E92000001,4,69
England,2020-02-28,E92000001,11,65
England,2020-02-27,E92000001,7,54
England,2020-02-26,E92000001,1,47
England,2020-02-25,E92000001,3,46
England,2020-02-24,E92000001,2,43
England,2020-02-23,E92000001,6,41
England,2020-02-22,E92000001,0,35
England,2020-02-21,E92000001,2,35
England,2020-02-20,E92000001,0,33
England,2020-02-19,E92000001,0,33
England,2020-02-18,E92000001,0,33
England,2020-02-17,E92000001,1,33
England,2020-02-16,E92000001,0,32
England,2020-02-15,E92000001,0,32
England,2020-02-14,E92000001,0,32
England,2020-02-13,E92000001,1,32
England,2020-02-12,E92000001,1,31
England,2020-02-11,E92000001,4,30
England,2020-02-10,E92000001,1,26
England,2020-02-09,E92000001,1,25
England,2020-02-08,E92000001,3,24
England,2020-02-07,E92000001,0,21
England,2020-02-06,E92000001,0,21
England,2020-02-05,E92000001,1,21
England,2020-02-04,E92000001,0,20
England,2020-02-03,E92000001,18,20
England,2020-02-02,E92000001,1,2
England,2020-02-01,E92000001,0,1
England,2020-01-31,E92000001,0,1
England,2020-01-30,E92000001,1,1
Northern Ireland,2022-05-19,N92000002,190,713294
Northern Ireland,2022-05-18,N92000002,266,713104
Northern Ireland,2022-05-17,N92000002,318,712838
Northern Ireland,2022-05-16,N92000002,356,712520
Northern Ireland,2022-05-15,N92000002,281,712164
Northern Ireland,2022-05-14,N92000002,195,711883
Northern Ireland,2022-05-13,N92000002,213,711688
Northern Ireland,2022-05-12,N92000002,214,711475
Northern Ireland,2022-05-11,N92000002,289,711261
Northern Ireland,2022-05-10,N92000002,333,710972
Northern Ireland,2022-05-09,N92000002,372,710639
Northern Ireland,2022-05-08,N92000002,321,710267
Northern Ireland,2022-05-07,N92000002,253,709946
Northern Ireland,2022-05-06,N92000002,261,709693
Northern Ireland,2022-05-05,N92000002,306,709432
Northern Ireland,2022-05-04,N92000002,344,709126
Northern Ireland,2022-05-03,N92000002,373,708782
Northern Ireland,2022-05-02,N92000002,308,708409
Northern Ireland,2022-05-01,N92000002,243,708101
Northern Ireland,2022-04-30,N92000002,203,707858
Northern Ireland,2022-04-29,N92000002,281,707655
Northern Ireland,2022-04-28,N92000002,297,707374
Northern Ireland,2022-04-27,N92000002,360,707077
Northern Ireland,2022-04-26,N92000002,371,706717
Northern Ireland,2022-04-25,N92000002,454,706346
Northern Ireland,2022-04-24,N92000002,437,705892
Northern Ireland,2022-04-23,N92000002,385,705455
Northern Ireland,2022-04-22,N92000002,475,705070
Northern Ireland,2022-04-21,N92000002,622,704595
Northern Ireland,2022-04-20,N92000002,682,703973
Northern Ireland,2022-04-19,N92000002,719,703291
Northern Ireland,2022-04-18,N92000002,591,702572
Northern Ireland,2022-04-17,N92000002,413,701981
Northern Ireland,2022-04-16,N92000002,470,701568
Northern Ireland,2022-04-15,N92000002,528,701098
Northern Ireland,2022-04-14,N92000002,652,700570
Northern Ireland,2022-04-13,N92000002,784,699918
Northern Ireland,2022-04-12,N92000002,808,699134
Northern Ireland,2022-04-11,N92000002,909,698326
Northern Ireland,2022-04-10,N92000002,715,697417
Northern Ireland,2022-04-09,N92000002,588,696702
Northern Ireland,2022-04-08,N92000002,678,696114
Northern Ireland,2022-04-07,N92000002,949,695436
Northern Ireland,2022-04-06,N92000002,1071,694487
Northern Ireland,2022-04-05,N92000002,1231,693416
Northern Ireland,2022-04-04,N92000002,1321,692185
Northern Ireland,2022-04-03,N92000002,997,690864
Northern Ireland,2022-04-02,N92000002,809,689867
Northern Ireland,2022-04-01,N92000002,985,689058
Northern Ireland,2022-03-31,N92000002,1115,688073
Northern Ireland,2022-03-30,N92000002,1369,686958
Northern Ireland,2022-03-29,N92000002,1462,685589
Northern Ireland,2022-03-28,N92000002,1730,684127
Northern Ireland,2022-03-27,N92000002,1338,682397
Northern Ireland,2022-03-26,N92000002,1174,681059
Northern Ireland,2022-03-25,N92000002,1432,679885
Northern Ireland,2022-03-24,N92000002,1850,678453
Northern Ireland,2022-03-23,N92000002,2325,676603
Northern Ireland,2022-03-22,N92000002,2404,674278
Northern Ireland,2022-03-21,N92000002,2835,671874
Northern Ireland,2022-03-20,N92000002,2173,669039
Northern Ireland,2022-03-19,N92000002,1645,666866
Northern Ireland,2022-03-18,N92000002,1704,665221
Northern Ireland,2022-03-17,N92000002,1670,663517
Northern Ireland,2022-03-16,N92000002,2036,661847
Northern Ireland,2022-03-15,N92000002,2404,659811
Northern Ireland,2022-03-14,N92000002,2566,657407
Northern Ireland,2022-03-13,N92000002,2050,654841
Northern Ireland,2022-03-12,N92000002,1686,652791
Northern Ireland,2022-03-11,N92000002,1960,651105
Northern Ireland,2022-03-10,N92000002,2212,649145
Northern Ireland,2022-03-09,N92000002,2533,646933
Northern Ireland,2022-03-08,N92000002,2690,644400
Northern Ireland,2022-03-07,N92000002,2706,641710
Northern Ireland,2022-03-06,N92000002,2209,639004
Northern Ireland,2022-03-05,N92000002,1756,636795
Northern Ireland,2022-03-04,N92000002,1866,635039
Northern Ireland,2022-03-03,N92000002,2157,633173
Northern Ireland,2022-03-02,N92000002,2396,631016
Northern Ireland,2022-03-01,N92000002,2498,628620
Northern Ireland,2022-02-28,N92000002,2520,626122
Northern Ireland,2022-02-27,N92000002,2090,623602
Northern Ireland,2022-02-26,N92000002,1603,621512
Northern Ireland,2022-02-25,N92000002,1709,619909
Northern Ireland,2022-02-24,N92000002,1887,618200
Northern Ireland,2022-02-23,N92000002,2371,616313
Northern Ireland,2022-02-22,N92000002,2679,613942
Northern Ireland,2022-02-21,N92000002,2865,611263
Northern Ireland,2022-02-20,N92000002,2436,608398
Northern Ireland,2022-02-19,N92000002,1894,605962
Northern Ireland,2022-02-18,N92000002,2096,604068
Northern Ireland,2022-02-17,N92000002,2332,601972
Northern Ireland,2022-02-16,N92000002,2931,599640
Northern Ireland,2022-02-15,N92000002,2869,596709
Northern Ireland,2022-02-14,N92000002,2999,593840
Northern Ireland,2022-02-13,N92000002,2510,590841
Northern Ireland,2022-02-12,N92000002,2183,588331
Northern Ireland,2022-02-11,N92000002,2437,586148
Northern Ireland,2022-02-10,N92000002,2813,583711
Northern Ireland,2022-02-09,N92000002,3459,580898
Northern Ireland,2022-02-08,N92000002,3837,577439
Northern Ireland,2022-02-07,N92000002,4075,573602
Northern Ireland,2022-02-06,N92000002,3193,569527
Northern Ireland,2022-02-05,N92000002,2689,566334
Northern Ireland,2022-02-04,N92000002,3075,563645
Northern Ireland,2022-02-03,N92000002,3662,560570
Northern Ireland,2022-02-02,N92000002,4261,556908
Northern Ireland,2022-02-01,N92000002,4568,552647
Northern Ireland,2022-01-31,N92000002,4971,548079
Northern Ireland,2022-01-30,N92000002,4220,543108
Northern Ireland,2022-01-29,N92000002,3414,538888
Northern Ireland,2022-01-28,N92000002,3607,535474
Northern Ireland,2022-01-27,N92000002,3905,531867
Northern Ireland,2022-01-26,N92000002,4347,527962
Northern Ireland,2022-01-25,N92000002,4849,523615
Northern Ireland,2022-01-24,N92000002,5338,518766
Northern Ireland,2022-01-23,N92000002,4400,513428
Northern Ireland,2022-01-22,N92000002,3266,509028
Northern Ireland,2022-01-21,N92000002,3548,505762
Northern Ireland,2022-01-20,N92000002,3848,502214
Northern Ireland,2022-01-19,N92000002,4037,498366
Northern Ireland,2022-01-18,N92000002,4398,494329
Northern Ireland,2022-01-17,N92000002,4607,489931
Northern Ireland,2022-01-16,N92000002,3620,485324
Northern Ireland,2022-01-15,N92000002,2842,481704
Northern Ireland,2022-01-14,N92000002,2692,478862
Northern Ireland,2022-01-13,N92000002,2890,476170
Northern Ireland,2022-01-12,N92000002,3130,473280
Northern Ireland,2022-01-11,N92000002,3232,470150
Northern Ireland,2022-01-10,N92000002,3614,466918
Northern Ireland,2022-01-09,N92000002,2838,463304
Northern Ireland,2022-01-08,N92000002,2637,460466
Northern Ireland,2022-01-07,N92000002,2708,457829
Northern Ireland,2022-01-06,N92000002,3578,455121
Northern Ireland,2022-01-05,N92000002,6819,451543
Northern Ireland,2022-01-04,N92000002,8470,444724
Northern Ireland,2022-01-03,N92000002,7309,436254
Northern Ireland,2022-01-02,N92000002,6912,428945
Northern Ireland,2022-01-01,N92000002,5385,422033
Northern Ireland,2021-12-31,N92000002,7996,416648
Northern Ireland,2021-12-30,N92000002,8740,408652
Northern Ireland,2021-12-29,N92000002,8976,399912
Northern Ireland,2021-12-28,N92000002,8410,390936
Northern Ireland,2021-12-27,N92000002,7310,382526
Northern Ireland,2021-12-26,N92000002,3518,375216
Northern Ireland,2021-12-25,N92000002,2662,371698
Northern Ireland,2021-12-24,N92000002,4290,369036
Northern Ireland,2021-12-23,N92000002,4318,364746
Northern Ireland,2021-12-22,N92000002,4372,360428
Northern Ireland,2021-12-21,N92000002,3828,356056
Northern Ireland,2021-12-20,N92000002,2710,352228
Northern Ireland,2021-12-19,N92000002,2101,349518
Northern Ireland,2021-12-18,N92000002,1975,347417
Northern Ireland,2021-12-17,N92000002,1835,345442
Northern Ireland,2021-12-16,N92000002,2006,343607
Northern Ireland,2021-12-15,N92000002,2224,341601
Northern Ireland,2021-12-14,N92000002,2205,339377
Northern Ireland,2021-12-13,N92000002,1932,337172
Northern Ireland,2021-12-12,N92000002,1434,335240
Northern Ireland,2021-12-11,N92000002,1439,333806
Northern Ireland,2021-12-10,N92000002,1464,332367
Northern Ireland,2021-12-09,N92000002,1681,330903
Northern Ireland,2021-12-08,N92000002,1886,329222
Northern Ireland,2021-12-07,N92000002,1801,327336
Northern Ireland,2021-12-06,N92000002,1932,325535
Northern Ireland,2021-12-05,N92000002,1527,323603
Northern Ireland,2021-12-04,N92000002,1399,322076
Northern Ireland,2021-12-03,N92000002,1581,320677
Northern Ireland,2021-12-02,N92000002,1889,319096
Northern Ireland,2021-12-01,N92000002,1992,317207
Northern Ireland,2021-11-30,N92000002,1968,315215
Northern Ireland,2021-11-29,N92000002,2018,313247
Northern Ireland,2021-11-28,N92000002,1496,311229
Northern Ireland,2021-11-27,N92000002,1355,309733
Northern Ireland,2021-11-26,N92000002,1425,308378
Northern Ireland,2021-11-25,N92000002,1619,306953
Northern Ireland,2021-11-24,N92000002,1644,305334
Northern Ireland,2021-11-23,N92000002,1774,303690
Northern Ireland,2021-11-22,N92000002,1866,301916
Northern Ireland,2021-11-21,N92000002,1470,300050
Northern Ireland,2021-11-20,N92000002,1415,298580
Northern Ireland,2021-11-19,N92000002,1642,297165
Northern Ireland,2021-11-18,N92000002,1681,295523
Northern Ireland,2021-11-17,N92000002,1746,293842
Northern Ireland,2021-11-16,N92000002,1755,292096
Northern Ireland,2021-11-15,N92000002,1876,290341
Northern Ireland,2021-11-14,N92000002,1469,288465
Northern Ireland,2021-11-13,N92000002,1345,286996
Northern Ireland,2021-11-12,N92000002,1303,285651
Northern Ireland,2021-11-11,N92000002,1482,284348
Northern Ireland,2021-11-10,N92000002,1470,282866
Northern Ireland,2021-11-09,N92000002,1593,281396
Northern Ireland,2021-11-08,N92000002,1511,279803
Northern Ireland,2021-11-07,N92000002,1028,278292
Northern Ireland,2021-11-06,N92000002,998,277264
Northern Ireland,2021-11-05,N92000002,1092,276266
Northern Ireland,2021-11-04,N92000002,1187,275174
Northern Ireland,2021-11-03,N92000002,1182,273987
Northern Ireland,2021-11-02,N92000002,1160,272805
Northern Ireland,2021-11-01,N92000002,1249,271645
Northern Ireland,2021-10-31,N92000002,960,270396
Northern Ireland,2021-10-30,N92000002,960,269436
Northern Ireland,2021-10-29,N92000002,1073,268476
Northern Ireland,2021-10-28,N92000002,1174,267403
Northern Ireland,2021-10-27,N92000002,1242,266229
Northern Ireland,2021-10-26,N92000002,1263,264987
Northern Ireland,2021-10-25,N92000002,1229,263724
Northern Ireland,2021-10-24,N92000002,1052,262495
Northern Ireland,2021-10-23,N92000002,1009,261443
Northern Ireland,2021-10-22,N92000002,1052,260434
Northern Ireland,2021-10-21,N92000002,1137,259382
Northern Ireland,2021-10-20,N92000002,1396,258245
Northern Ireland,2021-10-19,N92000002,1462,256849
Northern Ireland,2021-10-18,N92000002,1450,255387
Northern Ireland,2021-10-17,N92000002,1065,253937
Northern Ireland,2021-10-16,N92000002,1001,252872
Northern Ireland,2021-10-15,N92000002,1096,251871
Northern Ireland,2021-10-14,N92000002,1252,250775
Northern Ireland,2021-10-13,N92000002,1296,249523
Northern Ireland,2021-10-12,N92000002,1403,248227
Northern Ireland,2021-10-11,N92000002,1444,246824
Northern Ireland,2021-10-10,N92000002,1154,245380
Northern Ireland,2021-10-09,N92000002,1007,244226
Northern Ireland,2021-10-08,N92000002,1239,243219
Northern Ireland,2021-10-07,N92000002,1275,241980
Northern Ireland,2021-10-06,N92000002,1277,240705
Northern Ireland,2021-10-05,N92000002,1289,239428
Northern Ireland,2021-10-04,N92000002,1326,238139
Northern Ireland,2021-10-03,N92000002,1044,236813
Northern Ireland,2021-10-02,N92000002,899,235769
Northern Ireland,2021-10-01,N92000002,915,234870
Northern Ireland,2021-09-30,N92000002,1022,233955
Northern Ireland,2021-09-29,N92000002,1162,232933
Northern Ireland,2021-09-28,N92000002,1115,231771
Northern Ireland,2021-09-27,N92000002,1328,230656
Northern Ireland,2021-09-26,N92000002,913,229328
Northern Ireland,2021-09-25,N92000002,823,228415
Northern Ireland,2021-09-24,N92000002,936,227592
Northern Ireland,2021-09-23,N92000002,1080,226656
Northern Ireland,2021-09-22,N92000002,1104,225576
Northern Ireland,2021-09-21,N92000002,1211,224472
Northern Ireland,2021-09-20,N92000002,1259,223261
Northern Ireland,2021-09-19,N92000002,939,222002
Northern Ireland,2021-09-18,N92000002,866,221063
Northern Ireland,2021-09-17,N92000002,987,220197
Northern Ireland,2021-09-16,N92000002,1064,219210
Northern Ireland,2021-09-15,N92000002,1192,218146
Northern Ireland,2021-09-14,N92000002,1283,216954
Northern Ireland,2021-09-13,N92000002,1377,215671
Northern Ireland,2021-09-12,N92000002,920,214294
Northern Ireland,2021-09-11,N92000002,1003,213374
Northern Ireland,2021-09-10,N92000002,1372,212371
Northern Ireland,2021-09-09,N92000002,1654,210999
Northern Ireland,2021-09-08,N92000002,1550,209345
Northern Ireland,2021-09-07,N92000002,1661,207795
Northern Ireland,2021-09-06,N92000002,1756,206134
Northern Ireland,2021-09-05,N92000002,1299,204378
Northern Ireland,2021-09-04,N92000002,1211,203079
Northern Ireland,2021-09-03,N92000002,1376,201868
Northern Ireland,2021-09-02,N92000002,1389,200492
Northern Ireland,2021-09-01,N92000002,1497,199103
Northern Ireland,2021-08-31,N92000002,1594,197606
Northern Ireland,2021-08-30,N92000002,1423,196012
Northern Ireland,2021-08-29,N92000002,1078,194589
Northern Ireland,2021-08-28,N92000002,1166,193511
Northern Ireland,2021-08-27,N92000002,1457,192345
Northern Ireland,2021-08-26,N92000002,1653,190888
Northern Ireland,2021-08-25,N92000002,1712,189235
Northern Ireland,2021-08-24,N92000002,1658,187523
Northern Ireland,2021-08-23,N92000002,1771,185865
Northern Ireland,2021-08-22,N92000002,1284,184094
Northern Ireland,2021-08-21,N92000002,1483,182810
Northern Ireland,2021-08-20,N92000002,1603,181327
Northern Ireland,2021-08-19,N92000002,1817,179724
Northern Ireland,2021-08-18,N92000002,1791,177907
Northern Ireland,2021-08-17,N92000002,1688,176116
Northern Ireland,2021-08-16,N92000002,1697,174428
Northern Ireland,2021-08-15,N92000002,1312,172731
Northern Ireland,2021-08-14,N92000002,1230,171419
Northern Ireland,2021-08-13,N92000002,1326,170189
Northern Ireland,2021-08-12,N92000002,1372,168863
Northern Ireland,2021-08-11,N92000002,1443,167491
Northern Ireland,2021-08-10,N92000002,1428,166048
Northern Ireland,2021-08-09,N92000002,1408,164620
Northern Ireland,2021-08-08,N92000002,1092,163212
Northern Ireland,2021-08-07,N92000002,1056,162120
Northern Ireland,2021-08-06,N92000002,1211,161064
Northern Ireland,2021-08-05,N92000002,1402,159853
Northern Ireland,2021-08-04,N92000002,1340,158451
Northern Ireland,2021-08-03,N92000002,1294,157111
Northern Ireland,2021-08-02,N92000002,1169,155817
Northern Ireland,2021-08-01,N92000002,868,154648
Northern Ireland,2021-07-31,N92000002,871,153780
Northern Ireland,2021-07-30,N92000002,1016,152909
Northern Ireland,2021-07-29,N92000002,1199,151893
Northern Ireland,2021-07-28,N92000002,1327,150694
Northern Ireland,2021-07-27,N92000002,1417,149367
Northern Ireland,2021-07-26,N92000002,1302,147950
Northern Ireland,2021-07-25,N92000002,1050,146648
Northern Ireland,2021-07-24,N92000002,1036,145598
Northern Ireland,2021-07-23,N92000002,1262,144562
Northern Ireland,2021-07-22,N92000002,1351,143300
Northern Ireland,2021-07-21,N92000002,1488,141949
Northern Ireland,2021-07-20,N92000002,1495,140461
Northern Ireland,2021-07-19,N92000002,1692,138966
Northern Ireland,2021-07-18,N92000002,1006,137274
Northern Ireland,2021-07-17,N92000002,1149,136268
Northern Ireland,2021-07-16,N92000002,1406,135119
Northern Ireland,2021-07-15,N92000002,1322,133713
Northern Ireland,2021-07-14,N92000002,1170,132391
Northern Ireland,2021-07-13,N92000002,902,131221
Northern Ireland,2021-07-12,N92000002,523,130319
Northern Ireland,2021-07-11,N92000002,478,129796
Northern Ireland,2021-07-10,N92000002,488,129318
Northern Ireland,2021-07-09,N92000002,578,128830
Northern Ireland,2021-07-08,N92000002,629,128252
Northern Ireland,2021-07-07,N92000002,624,127623
Northern Ireland,2021-07-06,N92000002,556,126999
Northern Ireland,2021-07-05,N92000002,517,126443
Northern Ireland,2021-07-04,N92000002,383,125926
Northern Ireland,2021-07-03,N92000002,349,125543
Northern Ireland,2021-07-02,N92000002,379,125194
Northern Ireland,2021-07-01,N92000002,419,124815
Northern Ireland,2021-06-30,N92000002,437,124396
Northern Ireland,2021-06-29,N92000002,409,123959
Northern Ireland,2021-06-28,N92000002,328,123550
Northern Ireland,2021-06-27,N92000002,207,123222
Northern Ireland,2021-06-26,N92000002,247,123015
Northern Ireland,2021-06-25,N92000002,251,122768
Northern Ireland,2021-06-24,N92000002,241,122517
Northern Ireland,2021-06-23,N92000002,200,122276
Northern Ireland,2021-06-22,N92000002,207,122076
Northern Ireland,2021-06-21,N92000002,198,121869
Northern Ireland,2021-06-20,N92000002,132,121671
Northern Ireland,2021-06-19,N92000002,120,121539
Northern Ireland,2021-06-18,N92000002,135,121419
Northern Ireland,2021-06-17,N92000002,185,121284
Northern Ireland,2021-06-16,N92000002,173,121099
Northern Ireland,2021-06-15,N92000002,165,120926
Northern Ireland,2021-06-14,N92000002,120,120761
Northern Ireland,2021-06-13,N92000002,86,120641
Northern Ireland,2021-06-12,N92000002,62,120555
Northern Ireland,2021-06-11,N92000002,102,120493
Northern Ireland,2021-06-10,N92000002,130,120391
Northern Ireland,2021-06-09,N92000002,97,120261
Northern Ireland,2021-06-08,N92000002,107,120164
Northern Ireland,2021-06-07,N92000002,88,120057
Northern Ireland,2021-06-06,N92000002,50,119969
Northern Ireland,2021-06-05,N92000002,75,119919
Northern Ireland,2021-06-04,N92000002,77,119844
Northern Ireland,2021-06-03,N92000002,82,119767
Northern Ireland,2021-06-02,N92000002,84,119685
Northern Ireland,2021-06-01,N92000002,71,119601
Northern Ireland,2021-05-31,N92000002,58,119530
Northern Ireland,2021-05-30,N92000002,36,119472
Northern Ireland,2021-05-29,N92000002,59,119436
Northern Ireland,2021-05-28,N92000002,70,119377
Northern Ireland,2021-05-27,N92000002,74,119307
Northern Ireland,2021-05-26,N92000002,81,119233
Northern Ireland,2021-05-25,N92000002,66,119152
Northern Ireland,2021-05-24,N92000002,74,119086
Northern Ireland,2021-05-23,N92000002,57,119012
Northern Ireland,2021-05-22,N92000002,63,118955
Northern Ireland,2021-05-21,N92000002,80,118892
Northern Ireland,2021-05-20,N92000002,81,118812
Northern Ireland,2021-05-19,N92000002,101,118731
Northern Ireland,2021-05-18,N92000002,106,118630
Northern Ireland,2021-05-17,N92000002,99,118524
Northern Ireland,2021-05-16,N92000002,68,118425
Northern Ireland,2021-05-15,N92000002,64,118357
Northern Ireland,2021-05-14,N92000002,55,118293
Northern Ireland,2021-05-13,N92000002,89,118238
Northern Ireland,2021-05-12,N92000002,101,118149
Northern Ireland,2021-05-11,N92000002,106,118048
Northern Ireland,2021-05-10,N92000002,107,117942
Northern Ireland,2021-05-09,N92000002,78,117835
Northern Ireland,2021-05-08,N92000002,90,117757
Northern Ireland,2021-05-07,N92000002,78,117667
Northern Ireland,2021-05-06,N92000002,75,117589
Northern Ireland,2021-05-05,N92000002,96,117514
Northern Ireland,2021-05-04,N92000002,99,117418
Northern Ireland,2021-05-03,N92000002,87,117319
Northern Ireland,2021-05-02,N92000002,65,117232
Northern Ireland,2021-05-01,N92000002,62,117167
Northern Ireland,2021-04-30,N92000002,85,117105
Northern Ireland,2021-04-29,N92000002,97,117020
Northern Ireland,2021-04-28,N92000002,100,116923
Northern Ireland,2021-04-27,N92000002,108,116823
Northern Ireland,2021-04-26,N92000002,103,116715
Northern Ireland,2021-04-25,N92000002,79,116612
Northern Ireland,2021-04-24,N92000002,73,116533
Northern Ireland,2021-04-23,N92000002,75,116460
Northern Ireland,2021-04-22,N92000002,86,116385
Northern Ireland,2021-04-21,N92000002,110,116299
Northern Ireland,2021-04-20,N92000002,125,116189
Northern Ireland,2021-04-19,N92000002,128,116064
Northern Ireland,2021-04-18,N92000002,74,115936
Northern Ireland,2021-04-17,N92000002,82,115862
Northern Ireland,2021-04-16,N92000002,100,115780
Northern Ireland,2021-04-15,N92000002,116,115680
Northern Ireland,2021-04-14,N92000002,148,115564
Northern Ireland,2021-04-13,N92000002,103,115416
Northern Ireland,2021-04-12,N92000002,113,115313
Northern Ireland,2021-04-11,N92000002,87,115200
Northern Ireland,2021-04-10,N92000002,89,115113
Northern Ireland,2021-04-09,N92000002,129,115024
Northern Ireland,2021-04-08,N92000002,121,114895
Northern Ireland,2021-04-07,N92000002,108,114774
Northern Ireland,2021-04-06,N92000002,93,114666
Northern Ireland,2021-04-05,N92000002,55,114573
Northern Ireland,2021-04-04,N92000002,36,114518
Northern Ireland,2021-04-03,N92000002,49,114482
Northern Ireland,2021-04-02,N92000002,77,114433
Northern Ireland,2021-04-01,N92000002,94,114356
Northern Ireland,2021-03-31,N92000002,122,114262
Northern Ireland,2021-03-30,N92000002,107,114140
Northern Ireland,2021-03-29,N92000002,134,114033
Northern Ireland,2021-03-28,N92000002,92,113899
Northern Ireland,2021-03-27,N92000002,121,113807
Northern Ireland,2021-03-26,N92000002,134,113686
Northern Ireland,2021-03-25,N92000002,167,113552
Northern Ireland,2021-03-24,N92000002,166,113385
Northern Ireland,2021-03-23,N92000002,148,113219
Northern Ireland,2021-03-22,N92000002,174,113071
Northern Ireland,2021-03-21,N92000002,107,112897
Northern Ireland,2021-03-20,N92000002,122,112790
Northern Ireland,2021-03-19,N92000002,123,112668
Northern Ireland,2021-03-18,N92000002,169,112545
Northern Ireland,2021-03-17,N92000002,144,112376
Northern Ireland,2021-03-16,N92000002,172,112232
Northern Ireland,2021-03-15,N92000002,176,112060
Northern Ireland,2021-03-14,N92000002,112,111884
Northern Ireland,2021-03-13,N92000002,133,111772
Northern Ireland,2021-03-12,N92000002,160,111639
Northern Ireland,2021-03-11,N92000002,192,111479
Northern Ireland,2021-03-10,N92000002,198,111287
Northern Ireland,2021-03-09,N92000002,177,111089
Northern Ireland,2021-03-08,N92000002,220,110912
Northern Ireland,2021-03-07,N92000002,151,110692
Northern Ireland,2021-03-06,N92000002,143,110541
Northern Ireland,2021-03-05,N92000002,141,110398
Northern Ireland,2021-03-04,N92000002,164,110257
Northern Ireland,2021-03-03,N92000002,162,110093
Northern Ireland,2021-03-02,N92000002,209,109931
Northern Ireland,2021-03-01,N92000002,178,109722
Northern Ireland,2021-02-28,N92000002,123,109544
Northern Ireland,2021-02-27,N92000002,138,109421
Northern Ireland,2021-02-26,N92000002,171,109283
Northern Ireland,2021-02-25,N92000002,232,109112
Northern Ireland,2021-02-24,N92000002,260,108880
Northern Ireland,2021-02-23,N92000002,246,108620
Northern Ireland,2021-02-22,N92000002,252,108374
Northern Ireland,2021-02-21,N92000002,181,108122
Northern Ireland,2021-02-20,N92000002,220,107941
Northern Ireland,2021-02-19,N92000002,280,107721
Northern Ireland,2021-02-18,N92000002,266,107441
Northern Ireland,2021-02-17,N92000002,322,107175
Northern Ireland,2021-02-16,N92000002,309,106853
Northern Ireland,2021-02-15,N92000002,362,106544
Northern Ireland,2021-02-14,N92000002,243,106182
Northern Ireland,2021-02-13,N92000002,185,105939
Northern Ireland,2021-02-12,N92000002,272,105754
Northern Ireland,2021-02-11,N92000002,278,105482
Northern Ireland,2021-02-10,N92000002,331,105204
Northern Ireland,2021-02-09,N92000002,305,104873
Northern Ireland,2021-02-08,N92000002,340,104568
Northern Ireland,2021-02-07,N92000002,267,104228
Northern Ireland,2021-02-06,N92000002,300,103961
Northern Ireland,2021-02-05,N92000002,405,103661
Northern Ireland,2021-02-04,N92000002,374,103256
Northern Ireland,2021-02-03,N92000002,448,102882
Northern Ireland,2021-02-02,N92000002,424,102434
Northern Ireland,2021-02-01,N92000002,491,102010
Northern Ireland,2021-01-31,N92000002,370,101519
Northern Ireland,2021-01-30,N92000002,375,101149
Northern Ireland,2021-01-29,N92000002,506,100774
Northern Ireland,2021-01-28,N92000002,475,100268
Northern Ireland,2021-01-27,N92000002,583,99793
Northern Ireland,2021-01-26,N92000002,606,99210
Northern Ireland,2021-01-25,N92000002,589,98604
Northern Ireland,2021-01-24,N92000002,412,98015
Northern Ireland,2021-01-23,N92000002,437,97603
Northern Ireland,2021-01-22,N92000002,586,97166
Northern Ireland,2021-01-21,N92000002,716,96580
Northern Ireland,2021-01-20,N92000002,753,95864
Northern Ireland,2021-01-19,N92000002,835,95111
Northern Ireland,2021-01-18,N92000002,880,94276
Northern Ireland,2021-01-17,N92000002,588,93396
Northern Ireland,2021-01-16,N92000002,654,92808
Northern Ireland,2021-01-15,N92000002,821,92154
Northern Ireland,2021-01-14,N92000002,872,91333
Northern Ireland,2021-01-13,N92000002,1026,90461
Northern Ireland,2021-01-12,N92000002,1087,89435
Northern Ireland,2021-01-11,N92000002,1245,88348
Northern Ireland,2021-01-10,N92000002,824,87103
Northern Ireland,2021-01-09,N92000002,975,86279
Northern Ireland,2021-01-08,N92000002,1187,85304
Northern Ireland,2021-01-07,N92000002,1187,84117
Northern Ireland,2021-01-06,N92000002,1489,82930
Northern Ireland,2021-01-05,N92000002,1598,81441
Northern Ireland,2021-01-04,N92000002,2010,79843
Northern Ireland,2021-01-03,N92000002,1639,77833
Northern Ireland,2021-01-02,N92000002,1920,76194
Northern Ireland,2021-01-01,N92000002,1228,74274
Northern Ireland,2020-12-31,N92000002,1735,73046
Northern Ireland,2020-12-30,N92000002,2246,71311
Northern Ireland,2020-12-29,N92000002,2332,69065
Northern Ireland,2020-12-28,N92000002,1398,66733
Northern Ireland,2020-12-27,N92000002,1093,65335
Northern Ireland,2020-12-26,N92000002,705,64242
Northern Ireland,2020-12-25,N92000002,335,63537
Northern Ireland,2020-12-24,N92000002,614,63202
Northern Ireland,2020-12-23,N92000002,795,62588
Northern Ireland,2020-12-22,N92000002,699,61793
Northern Ireland,2020-12-21,N92000002,699,61094
Northern Ireland,2020-12-20,N92000002,488,60395
Northern Ireland,2020-12-19,N92000002,476,59907
Northern Ireland,2020-12-18,N92000002,535,59431
Northern Ireland,2020-12-17,N92000002,589,58896
Northern Ireland,2020-12-16,N92000002,610,58307
Northern Ireland,2020-12-15,N92000002,513,57697
Northern Ireland,2020-12-14,N92000002,558,57184
Northern Ireland,2020-12-13,N92000002,404,56626
Northern Ireland,2020-12-12,N92000002,353,56222
Northern Ireland,2020-12-11,N92000002,527,55869
Northern Ireland,2020-12-10,N92000002,498,55342
Northern Ireland,2020-12-09,N92000002,458,54844
Northern Ireland,2020-12-08,N92000002,479,54386
Northern Ireland,2020-12-07,N92000002,456,53907
Northern Ireland,2020-12-06,N92000002,355,53451
Northern Ireland,2020-12-05,N92000002,391,53096
Northern Ireland,2020-12-04,N92000002,418,52705
Northern Ireland,2020-12-03,N92000002,488,52287
Northern Ireland,2020-12-02,N92000002,411,51799
Northern Ireland,2020-12-01,N92000002,409,51388
Northern Ireland,2020-11-30,N92000002,489,50979
Northern Ireland,2020-11-29,N92000002,260,50490
Northern Ireland,2020-11-28,N92000002,323,50230
Northern Ireland,2020-11-27,N92000002,322,49907
Northern Ireland,2020-11-26,N92000002,335,49585
Northern Ireland,2020-11-25,N92000002,391,49250
Northern Ireland,2020-11-24,N92000002,324,48859
Northern Ireland,2020-11-23,N92000002,364,48535
Northern Ireland,2020-11-22,N92000002,253,48171
Northern Ireland,2020-11-21,N92000002,283,47918
Northern Ireland,2020-11-20,N92000002,343,47635
Northern Ireland,2020-11-19,N92000002,339,47292
Northern Ireland,2020-11-18,N92000002,429,46953
Northern Ireland,2020-11-17,N92000002,543,46524
Northern Ireland,2020-11-16,N92000002,545,45981
Northern Ireland,2020-11-15,N92000002,366,45436
Northern Ireland,2020-11-14,N92000002,399,45070
Northern Ireland,2020-11-13,N92000002,466,44671
Northern Ireland,2020-11-12,N92000002,537,44205
Northern Ireland,2020-11-11,N92000002,588,43668
Northern Ireland,2020-11-10,N92000002,700,43080
Northern Ireland,2020-11-09,N92000002,645,42380
Northern Ireland,2020-11-08,N92000002,400,41735
Northern Ireland,2020-11-07,N92000002,431,41335
Northern Ireland,2020-11-06,N92000002,467,40904
Northern Ireland,2020-11-05,N92000002,543,40437
Northern Ireland,2020-11-04,N92000002,577,39894
Northern Ireland,2020-11-03,N92000002,626,39317
Northern Ireland,2020-11-02,N92000002,646,38691
Northern Ireland,2020-11-01,N92000002,443,38045
Northern Ireland,2020-10-31,N92000002,487,37602
Northern Ireland,2020-10-30,N92000002,661,37115
Northern Ireland,2020-10-29,N92000002,674,36454
Northern Ireland,2020-10-28,N92000002,730,35780
Northern Ireland,2020-10-27,N92000002,804,35050
Northern Ireland,2020-10-26,N92000002,872,34246
Northern Ireland,2020-10-25,N92000002,661,33374
Northern Ireland,2020-10-24,N92000002,743,32713
Northern Ireland,2020-10-23,N92000002,856,31970
Northern Ireland,2020-10-22,N92000002,1060,31114
Northern Ireland,2020-10-21,N92000002,1107,30054
Northern Ireland,2020-10-20,N92000002,1049,28947
Northern Ireland,2020-10-19,N92000002,1033,27898
Northern Ireland,2020-10-18,N92000002,779,26865
Northern Ireland,2020-10-17,N92000002,832,26086
Northern Ireland,2020-10-16,N92000002,949,25254
Northern Ireland,2020-10-15,N92000002,1094,24305
Northern Ireland,2020-10-14,N92000002,1071,23211
Northern Ireland,2020-10-13,N92000002,1082,22140
Northern Ireland,2020-10-12,N92000002,1114,21058
Northern Ireland,2020-10-11,N92000002,835,19944
Northern Ireland,2020-10-10,N92000002,785,19109
Northern Ireland,2020-10-09,N92000002,858,18324
Northern Ireland,2020-10-08,N92000002,975,17466
Northern Ireland,2020-10-07,N92000002,1051,16491
Northern Ireland,2020-10-06,N92000002,829,15440
Northern Ireland,2020-10-05,N92000002,733,14611
Northern Ireland,2020-10-04,N92000002,631,13878
Northern Ireland,2020-10-03,N92000002,634,13247
Northern Ireland,2020-10-02,N92000002,714,12613
Northern Ireland,2020-10-01,N92000002,507,11899
Northern Ireland,2020-09-30,N92000002,659,11392
Northern Ireland,2020-09-29,N92000002,409,10733
Northern Ireland,2020-09-28,N92000002,292,10324
Northern Ireland,2020-09-27,N92000002,264,10032
Northern Ireland,2020-09-26,N92000002,269,9768
Northern Ireland,2020-09-25,N92000002,249,9499
Northern Ireland,2020-09-24,N92000002,290,9250
Northern Ireland,2020-09-23,N92000002,217,8960
Northern Ireland,2020-09-22,N92000002,168,8743
Northern Ireland,2020-09-21,N92000002,133,8575
Northern Ireland,2020-09-20,N92000002,121,8442
Northern Ireland,2020-09-19,N92000002,162,8321
Northern Ireland,2020-09-18,N92000002,168,8159
Northern Ireland,2020-09-17,N92000002,181,7991
Northern Ireland,2020-09-16,N92000002,145,7810
Northern Ireland,2020-09-15,N92000002,103,7665
Northern Ireland,2020-09-14,N92000002,118,7562
Northern Ireland,2020-09-13,N92000002,100,7444
Northern Ireland,2020-09-12,N92000002,98,7344
Northern Ireland,2020-09-11,N92000002,76,7246
Northern Ireland,2020-09-10,N92000002,83,7170
Northern Ireland,2020-09-09,N92000002,92,7087
Northern Ireland,2020-09-08,N92000002,52,6995
Northern Ireland,2020-09-07,N92000002,74,6943
Northern Ireland,2020-09-06,N92000002,102,6869
Northern Ireland,2020-09-05,N92000002,87,6767
Northern Ireland,2020-09-04,N92000002,135,6680
Northern Ireland,2020-09-03,N92000002,109,6545
Northern Ireland,2020-09-02,N92000002,94,6436
Northern Ireland,2020-09-01,N92000002,69,6342
Northern Ireland,2020-08-31,N92000002,46,6273
Northern Ireland,2020-08-30,N92000002,36,6227
Northern Ireland,2020-08-29,N92000002,40,6191
Northern Ireland,2020-08-28,N92000002,81,6151
Northern Ireland,2020-08-27,N92000002,85,6070
Northern Ireland,2020-08-26,N92000002,65,5985
Northern Ireland,2020-08-25,N92000002,64,5920
Northern Ireland,2020-08-24,N92000002,48,5856
Northern Ireland,2020-08-23,N92000002,51,5808
Northern Ireland,2020-08-22,N92000002,44,5757
Northern Ireland,2020-08-21,N92000002,74,5713
Northern Ireland,2020-08-20,N92000002,72,5639
Northern Ireland,2020-08-19,N92000002,47,5567
Northern Ireland,2020-08-18,N92000002,45,5520
Northern Ireland,2020-08-17,N92000002,48,5475
Northern Ireland,2020-08-16,N92000002,20,5427
Northern Ireland,2020-08-15,N92000002,27,5407
Northern Ireland,2020-08-14,N92000002,58,5380
Northern Ireland,2020-08-13,N92000002,50,5322
Northern Ireland,2020-08-12,N92000002,44,5272
Northern Ireland,2020-08-11,N92000002,39,5228
Northern Ireland,2020-08-10,N92000002,47,5189
Northern Ireland,2020-08-09,N92000002,24,5142
Northern Ireland,2020-08-08,N92000002,30,5118
Northern Ireland,2020-08-07,N92000002,19,5088
Northern Ireland,2020-08-06,N92000002,15,5069
Northern Ireland,2020-08-05,N92000002,31,5054
Northern Ireland,2020-08-04,N92000002,20,5023
Northern Ireland,2020-08-03,N92000002,15,5003
Northern Ireland,2020-08-02,N92000002,13,4988
Northern Ireland,2020-08-01,N92000002,12,4975
Northern Ireland,2020-07-31,N92000002,16,4963
Northern Ireland,2020-07-30,N92000002,9,4947
Northern Ireland,2020-07-29,N92000002,11,4938
Northern Ireland,2020-07-28,N92000002,9,4927
Northern Ireland,2020-07-27,N92000002,9,4918
Northern Ireland,2020-07-26,N92000002,3,4909
Northern Ireland,2020-07-25,N92000002,4,4906
Northern Ireland,2020-07-24,N92000002,13,4902
Northern Ireland,2020-07-23,N92000002,13,4889
Northern Ireland,2020-07-22,N92000002,9,4876
Northern Ireland,2020-07-21,N92000002,11,4867
Northern Ireland,2020-07-20,N92000002,4,4856
Northern Ireland,2020-07-19,N92000002,2,4852
Northern Ireland,2020-07-18,N92000002,7,4850
Northern Ireland,2020-07-17,N92000002,9,4843
Northern Ireland,2020-07-16,N92000002,21,4834
Northern Ireland,2020-07-15,N92000002,17,4813
Northern Ireland,2020-07-14,N92000002,11,4796
Northern Ireland,2020-07-13,N92000002,3,4785
Northern Ireland,2020-07-12,N92000002,3,4782
Northern Ireland,2020-07-11,N92000002,5,4779
Northern Ireland,2020-07-10,N92000002,3,4774
Northern Ireland,2020-07-09,N92000002,4,4771
Northern Ireland,2020-07-08,N92000002,7,4767
Northern Ireland,2020-07-07,N92000002,4,4760
Northern Ireland,2020-07-06,N92000002,7,4756
Northern Ireland,2020-07-05,N92000002,0,4749
Northern Ireland,2020-07-04,N92000002,1,4749
Northern Ireland,2020-07-03,N92000002,6,4748
Northern Ireland,2020-07-02,N92000002,4,4742
Northern Ireland,2020-07-01,N92000002,7,4738
Northern Ireland,2020-06-30,N92000002,2,4731
Northern Ireland,2020-06-29,N92000002,1,4729
Northern Ireland,2020-06-28,N92000002,5,4728
Northern Ireland,2020-06-27,N92000002,3,4723
Northern Ireland,2020-06-26,N92000002,1,4720
Northern Ireland,2020-06-25,N92000002,4,4719
Northern Ireland,2020-06-24,N92000002,0,4715
Northern Ireland,2020-06-23,N92000002,5,4715
Northern Ireland,2020-06-22,N92000002,2,4710
Northern Ireland,2020-06-21,N92000002,1,4708
Northern Ireland,2020-06-20,N92000002,4,4707
Northern Ireland,2020-06-19,N92000002,11,4703
Northern Ireland,2020-06-18,N92000002,8,4692
Northern Ireland,2020-06-17,N92000002,6,4684
Northern Ireland,2020-06-16,N92000002,8,4678
Northern Ireland,2020-06-15,N92000002,14,4670
Northern Ireland,2020-06-14,N92000002,7,4656
Northern Ireland,2020-06-13,N92000002,13,4649
Northern Ireland,2020-06-12,N92000002,10,4636
Northern Ireland,2020-06-11,N92000002,10,4626
Northern Ireland,2020-06-10,N92000002,14,4616
Northern Ireland,2020-06-09,N92000002,10,4602
Northern Ireland,2020-06-08,N92000002,17,4592
Northern Ireland,2020-06-07,N92000002,3,4575
Northern Ireland,2020-06-06,N92000002,8,4572
Northern Ireland,2020-06-05,N92000002,24,4564
Northern Ireland,2020-06-04,N92000002,8,4540
Northern Ireland,2020-06-03,N92000002,10,4532
Northern Ireland,2020-06-02,N92000002,10,4522
Northern Ireland,2020-06-01,N92000002,18,4512
Northern Ireland,2020-05-31,N92000002,27,4494
Northern Ireland,2020-05-30,N92000002,12,4467
Northern Ireland,2020-05-29,N92000002,21,4455
Northern Ireland,2020-05-28,N92000002,25,4434
Northern Ireland,2020-05-27,N92000002,25,4409
Northern Ireland,2020-05-26,N92000002,29,4384
Northern Ireland,2020-05-25,N92000002,34,4355
Northern Ireland,2020-05-24,N92000002,31,4321
Northern Ireland,2020-05-23,N92000002,51,4290
Northern Ireland,2020-05-22,N92000002,32,4239
Northern Ireland,2020-05-21,N92000002,47,4207
Northern Ireland,2020-05-20,N92000002,73,4160
Northern Ireland,2020-05-19,N92000002,67,4087
Northern Ireland,2020-05-18,N92000002,45,4020
Northern Ireland,2020-05-17,N92000002,34,3975
Northern Ireland,2020-05-16,N92000002,32,3941
Northern Ireland,2020-05-15,N92000002,54,3909
Northern Ireland,2020-05-14,N92000002,65,3855
Northern Ireland,2020-05-13,N92000002,79,3790
Northern Ireland,2020-05-12,N92000002,90,3711
Northern Ireland,2020-05-11,N92000002,81,3621
Northern Ireland,2020-05-10,N92000002,64,3540
Northern Ireland,2020-05-09,N92000002,57,3476
Northern Ireland,2020-05-08,N92000002,69,3419
Northern Ireland,2020-05-07,N92000002,109,3350
Northern Ireland,2020-05-06,N92000002,90,3241
Northern Ireland,2020-05-05,N92000002,75,3151
Northern Ireland,2020-05-04,N92000002,77,3076
Northern Ireland,2020-05-03,N92000002,58,2999
Northern Ireland,2020-05-02,N92000002,95,2941
Northern Ireland,2020-05-01,N92000002,105,2846
Northern Ireland,2020-04-30,N92000002,110,2741
Northern Ireland,2020-04-29,N92000002,89,2631
Northern Ireland,2020-04-28,N92000002,71,2542
Northern Ireland,2020-04-27,N92000002,76,2471
Northern Ireland,2020-04-26,N92000002,47,2395
Northern Ireland,2020-04-25,N92000002,55,2348
Northern Ireland,2020-04-24,N92000002,90,2293
Northern Ireland,2020-04-23,N92000002,78,2203
Northern Ireland,2020-04-22,N92000002,112,2125
Northern Ireland,2020-04-21,N92000002,141,2013
Northern Ireland,2020-04-20,N92000002,114,1872
Northern Ireland,2020-04-19,N92000002,47,1758
Northern Ireland,2020-04-18,N92000002,90,1711
Northern Ireland,2020-04-17,N92000002,171,1621
Northern Ireland,2020-04-16,N92000002,141,1450
Northern Ireland,2020-04-15,N92000002,138,1309
Northern Ireland,2020-04-14,N92000002,102,1171
Northern Ireland,2020-04-13,N92000002,108,1069
Northern Ireland,2020-04-12,N92000002,81,961
Northern Ireland,2020-04-11,N92000002,68,880
Northern Ireland,2020-04-10,N92000002,100,812
Northern Ireland,2020-04-09,N92000002,104,712
Northern Ireland,2020-04-08,N92000002,102,608
Northern Ireland,2020-04-07,N92000002,134,506
Northern Ireland,2020-04-06,N92000002,79,372
Northern Ireland,2020-04-05,N92000002,13,293
Northern Ireland,2020-04-04,N92000002,29,280
Northern Ireland,2020-04-03,N92000002,40,251
Northern Ireland,2020-04-02,N92000002,39,211
Northern Ireland,2020-04-01,N92000002,25,172
Northern Ireland,2020-03-31,N92000002,28,147
Northern Ireland,2020-03-30,N92000002,21,119
Northern Ireland,2020-03-29,N92000002,13,98
Northern Ireland,2020-03-28,N92000002,24,85
Northern Ireland,2020-03-27,N92000002,15,61
Northern Ireland,2020-03-26,N92000002,6,46
Northern Ireland,2020-03-25,N92000002,4,40
Northern Ireland,2020-03-24,N92000002,5,36
Northern Ireland,2020-03-23,N92000002,7,31
Northern Ireland,2020-03-22,N92000002,0,24
Northern Ireland,2020-03-21,N92000002,0,24
Northern Ireland,2020-03-20,N92000002,0,24
Northern Ireland,2020-03-19,N92000002,0,24
Northern Ireland,2020-03-18,N92000002,0,24
Northern Ireland,2020-03-17,N92000002,0,24
Northern Ireland,2020-03-16,N92000002,0,24
Northern Ireland,2020-03-15,N92000002,0,24
Northern Ireland,2020-03-14,N92000002,0,24
Northern Ireland,2020-03-13,N92000002,0,24
Northern Ireland,2020-03-12,N92000002,0,24
Northern Ireland,2020-03-11,N92000002,6,24
Northern Ireland,2020-03-10,N92000002,3,18
Northern Ireland,2020-03-09,N92000002,2,15
Northern Ireland,2020-03-08,N92000002,1,13
Northern Ireland,2020-03-07,N92000002,5,12
Northern Ireland,2020-03-06,N92000002,3,7
Northern Ireland,2020-03-05,N92000002,1,4
Northern Ireland,2020-03-04,N92000002,0,3
Northern Ireland,2020-03-03,N92000002,2,3
Northern Ireland,2020-03-02,N92000002,0,1
Northern Ireland,2020-03-01,N92000002,0,1
Northern Ireland,2020-02-29,N92000002,0,1
Northern Ireland,2020-02-28,N92000002,0,1
Northern Ireland,2020-02-27,N92000002,0,1
Northern Ireland,2020-02-26,N92000002,1,1
Scotland,2023-10-01,S92000003,156,2189008
Scotland,2023-09-30,S92000003,134,2188852
Scotland,2023-09-29,S92000003,163,2188718
Scotland,2023-09-28,S92000003,166,2188555
Scotland,2023-09-27,S92000003,166,2188389
Scotland,2023-09-26,S92000003,207,2188223
Scotland,2023-09-25,S92000003,175,2188016
Scotland,2023-09-24,S92000003,151,2187841
Scotland,2023-09-23,S92000003,133,2187690
Scotland,2023-09-22,S92000003,156,2187557
Scotland,2023-09-21,S92000003,144,2187401
Scotland,2023-09-20,S92000003,171,2187257
Scotland,2023-09-19,S92000003,203,2187086
Scotland,2023-09-18,S92000003,179,2186883
Scotland,2023-09-17,S92000003,128,2186704
Scotland,2023-09-16,S92000003,89,2186576
Scotland,2023-09-15,S92000003,165,2186487
Scotland,2023-09-14,S92000003,133,2186322
Scotland,2023-09-13,S92000003,151,2186189
Scotland,2023-09-12,S92000003,174,2186038
Scotland,2023-09-11,S92000003,237,2185864
Scotland,2023-09-10,S92000003,153,2185627
Scotland,2023-09-09,S92000003,162,2185474
Scotland,2023-09-08,S92000003,184,2185312
Scotland,2023-09-07,S92000003,223,2185128
Scotland,2023-09-06,S92000003,240,2184905
Scotland,2023-09-05,S92000003,284,2184665
Scotland,2023-09-04,S92000003,280,2184381
Scotland,2023-09-03,S92000003,250,2184101
Scotland,2023-09-02,S92000003,205,2183851
Scotland,2023-09-01,S92000003,217,2183646
Scotland,2023-08-31,S92000003,260,2183429
Scotland,2023-08-30,S92000003,278,2183169
Scotland,2023-08-29,S92000003,223,2182891
Scotland,2023-08-28,S92000003,220,2182668
Scotland,2023-08-27,S92000003,175,2182448
Scotland,2023-08-26,S92000003,149,2182273
Scotland,2023-08-25,S92000003,191,2182124
Scotland,2023-08-24,S92000003,192,2181933
Scotland,2023-08-23,S92000003,214,2181741
Scotland,2023-08-22,S92000003,225,2181527
Scotland,2023-08-21,S92000003,220,2181302
Scotland,2023-08-20,S92000003,175,2181082
Scotland,2023-08-19,S92000003,147,2180907
Scotland,2023-08-18,S92000003,149,2180760
Scotland,2023-08-17,S92000003,179,2180611
Scotland,2023-08-16,S92000003,194,2180432
Scotland,2023-08-15,S92000003,179,2180238
Scotland,2023-08-14,S92000003,174,2180059
Scotland,2023-08-13,S92000003,128,2179885
Scotland,2023-08-12,S92000003,147,2179757
Scotland,2023-08-11,S92000003,136,2179610
Scotland,2023-08-10,S92000003,145,2179474
Scotland,2023-08-09,S92000003,160,2179329
Scotland,2023-08-08,S92000003,145,2179169
Scotland,2023-08-07,S92000003,119,2179024
Scotland,2023-08-06,S92000003,102,2178905
Scotland,2023-08-05,S92000003,92,2178803
Scotland,2023-08-04,S92000003,105,2178711
Scotland,2023-08-03,S92000003,87,2178606
Scotland,2023-08-02,S92000003,98,2178519
Scotland,2023-08-01,S92000003,97,2178421
Scotland,2023-07-31,S92000003,85,2178324
Scotland,2023-07-30,S92000003,90,2178239
Scotland,2023-07-29,S92000003,70,2178149
Scotland,2023-07-28,S92000003,83,2178079
Scotland,2023-07-27,S92000003,56,2177996
Scotland,2023-07-26,S92000003,81,2177940
Scotland,2023-07-25,S92000003,82,2177859
Scotland,2023-07-24,S92000003,67,2177777
Scotland,2023-07-23,S92000003,47,2177710
Scotland,2023-07-22,S92000003,40,2177663
Scotland,2023-07-21,S92000003,53,2177623
Scotland,2023-07-20,S92000003,55,2177570
Scotland,2023-07-19,S92000003,53,2177515
Scotland,2023-07-18,S92000003,63,2177462
Scotland,2023-07-17,S92000003,69,2177399
Scotland,2023-07-16,S92000003,32,2177330
Scotland,2023-07-15,S92000003,36,2177298
Scotland,2023-07-14,S92000003,43,2177262
Scotland,2023-07-13,S92000003,47,2177219
Scotland,2023-07-12,S92000003,48,2177172
Scotland,2023-07-11,S92000003,39,2177124
Scotland,2023-07-10,S92000003,35,2177085
Scotland,2023-07-09,S92000003,29,2177050
Scotland,2023-07-08,S92000003,22,2177021
Scotland,2023-07-07,S92000003,39,2176999
Scotland,2023-07-06,S92000003,47,2176960
Scotland,2023-07-05,S92000003,44,2176913
Scotland,2023-07-04,S92000003,37,2176869
Scotland,2023-07-03,S92000003,29,2176832
Scotland,2023-07-02,S92000003,25,2176803
Scotland,2023-07-01,S92000003,24,2176778
Scotland,2023-06-30,S92000003,26,2176754
Scotland,2023-06-29,S92000003,29,2176728
Scotland,2023-06-28,S92000003,33,2176699
Scotland,2023-06-27,S92000003,26,2176666
Scotland,2023-06-26,S92000003,28,2176640
Scotland,2023-06-25,S92000003,24,2176612
Scotland,2023-06-24,S92000003,24,2176588
Scotland,2023-06-23,S92000003,29,2176564
Scotland,2023-06-22,S92000003,27,2176535
Scotland,2023-06-21,S92000003,32,2176508
Scotland,2023-06-20,S92000003,31,2176476
Scotland,2023-06-19,S92000003,42,2176445
Scotland,2023-06-18,S92000003,28,2176403
Scotland,2023-06-17,S92000003,46,2176375
Scotland,2023-06-16,S92000003,41,2176329
Scotland,2023-06-15,S92000003,50,2176288
Scotland,2023-06-14,S92000003,48,2176238
Scotland,2023-06-13,S92000003,65,2176190
Scotland,2023-06-12,S92000003,71,2176125
Scotland,2023-06-11,S92000003,45,2176054
Scotland,2023-06-10,S92000003,37,2176009
Scotland,2023-06-09,S92000003,63,2175972
Scotland,2023-06-08,S92000003,38,2175909
Scotland,2023-06-07,S92000003,72,2175871
Scotland,2023-06-06,S92000003,79,2175799
Scotland,2023-06-05,S92000003,55,2175720
Scotland,2023-06-04,S92000003,50,2175665
Scotland,2023-06-03,S92000003,52,2175615
Scotland,2023-06-02,S92000003,51,2175563
Scotland,2023-06-01,S92000003,45,2175512
Scotland,2023-05-31,S92000003,76,2175467
Scotland,2023-05-30,S92000003,65,2175391
Scotland,2023-05-29,S92000003,59,2175326
Scotland,2023-05-28,S92000003,52,2175267
Scotland,2023-05-27,S92000003,46,2175215
Scotland,2023-05-26,S92000003,53,2175169
Scotland,2023-05-25,S92000003,51,2175116
Scotland,2023-05-24,S92000003,89,2175065
Scotland,2023-05-23,S92000003,72,2174976
Scotland,2023-05-22,S92000003,74,2174904
Scotland,2023-05-21,S92000003,66,2174830
Scotland,2023-05-20,S92000003,54,2174764
Scotland,2023-05-19,S92000003,46,2174710
Scotland,2023-05-18,S92000003,68,2174664
Scotland,2023-05-17,S92000003,99,2174596
Scotland,2023-05-16,S92000003,77,2174497
Scotland,2023-05-15,S92000003,92,2174420
Scotland,2023-05-14,S92000003,73,2174328
Scotland,2023-05-13,S92000003,69,2174255
Scotland,2023-05-12,S92000003,74,2174186
Scotland,2023-05-11,S92000003,88,2174112
Scotland,2023-05-10,S92000003,114,2174024
Scotland,2023-05-09,S92000003,92,2173910
Scotland,2023-05-08,S92000003,97,2173818
Scotland,2023-05-07,S92000003,70,2173721
Scotland,2023-05-06,S92000003,75,2173651
Scotland,2023-05-05,S92000003,96,2173576
Scotland,2023-05-04,S92000003,107,2173480
Scotland,2023-05-03,S92000003,126,2173373
Scotland,2023-05-02,S92000003,146,2173247
Scotland,2023-05-01,S92000003,116,2173101
Scotland,2023-04-30,S92000003,129,2172985
Scotland,2023-04-29,S92000003,108,2172856
Scotland,2023-04-28,S92000003,95,2172748
Scotland,2023-04-27,S92000003,111,2172653
Scotland,2023-04-26,S92000003,126,2172542
Scotland,2023-04-25,S92000003,156,2172416
Scotland,2023-04-24,S92000003,153,2172260
Scotland,2023-04-23,S92000003,119,2172107
Scotland,2023-04-22,S92000003,95,2171988
Scotland,2023-04-21,S92000003,124,2171893
Scotland,2023-04-20,S92000003,140,2171769
Scotland,2023-04-19,S92000003,151,2171629
Scotland,2023-04-18,S92000003,163,2171478
Scotland,2023-04-17,S92000003,235,2171315
Scotland,2023-04-16,S92000003,170,2171080
Scotland,2023-04-15,S92000003,138,2170910
Scotland,2023-04-14,S92000003,176,2170772
Scotland,2023-04-13,S92000003,216,2170596
Scotland,2023-04-12,S92000003,237,2170380
Scotland,2023-04-11,S92000003,293,2170143
Scotland,2023-04-10,S92000003,259,2169850
Scotland,2023-04-09,S92000003,197,2169591
Scotland,2023-04-08,S92000003,157,2169394
Scotland,2023-04-07,S92000003,212,2169237
Scotland,2023-04-06,S92000003,271,2169025
Scotland,2023-04-05,S92000003,293,2168754
Scotland,2023-04-04,S92000003,274,2168461
Scotland,2023-04-03,S92000003,266,2168187
Scotland,2023-04-02,S92000003,224,2167921
Scotland,2023-04-01,S92000003,232,2167697
Scotland,2023-03-31,S92000003,273,2167465
Scotland,2023-03-30,S92000003,337,2167192
Scotland,2023-03-29,S92000003,344,2166855
Scotland,2023-03-28,S92000003,330,2166511
Scotland,2023-03-27,S92000003,407,2166181
Scotland,2023-03-26,S92000003,316,2165774
Scotland,2023-03-25,S92000003,262,2165458
Scotland,2023-03-24,S92000003,369,2165196
Scotland,2023-03-23,S92000003,400,2164827
Scotland,2023-03-22,S92000003,468,2164427
Scotland,2023-03-21,S92000003,455,2163959
Scotland,2023-03-20,S92000003,474,2163504
Scotland,2023-03-19,S92000003,384,2163030
Scotland,2023-03-18,S92000003,296,2162646
Scotland,2023-03-17,S92000003,381,2162350
Scotland,2023-03-16,S92000003,447,2161969
Scotland,2023-03-15,S92000003,403,2161522
Scotland,2023-03-14,S92000003,423,2161119
Scotland,2023-03-13,S92000003,456,2160696
Scotland,2023-03-12,S92000003,333,2160240
Scotland,2023-03-11,S92000003,274,2159907
Scotland,2023-03-10,S92000003,322,2159633
Scotland,2023-03-09,S92000003,301,2159311
Scotland,2023-03-08,S92000003,323,2159010
Scotland,2023-03-07,S92000003,327,2158687
Scotland,2023-03-06,S92000003,410,2158360
Scotland,2023-03-05,S92000003,277,2157950
Scotland,2023-03-04,S92000003,188,2157673
Scotland,2023-03-03,S92000003,242,2157485
Scotland,2023-03-02,S92000003,292,2157243
Scotland,2023-03-01,S92000003,316,2156951
Scotland,2023-02-28,S92000003,336,2156635
Scotland,2023-02-27,S92000003,327,2156299
Scotland,2023-02-26,S92000003,225,2155972
Scotland,2023-02-25,S92000003,168,2155747
Scotland,2023-02-24,S92000003,227,2155579
Scotland,2023-02-23,S92000003,228,2155352
Scotland,2023-02-22,S92000003,293,2155124
Scotland,2023-02-21,S92000003,308,2154831
Scotland,2023-02-20,S92000003,286,2154523
Scotland,2023-02-19,S92000003,216,2154237
Scotland,2023-02-18,S92000003,189,2154021
Scotland,2023-02-17,S92000003,216,2153832
Scotland,2023-02-16,S92000003,218,2153616
Scotland,2023-02-15,S92000003,265,2153398
Scotland,2023-02-14,S92000003,265,2153133
Scotland,2023-02-13,S92000003,287,2152868
Scotland,2023-02-12,S92000003,222,2152581
Scotland,2023-02-11,S92000003,144,2152359
Scotland,2023-02-10,S92000003,195,2152215
Scotland,2023-02-09,S92000003,256,2152020
Scotland,2023-02-08,S92000003,262,2151764
Scotland,2023-02-07,S92000003,264,2151502
Scotland,2023-02-06,S92000003,284,2151238
Scotland,2023-02-05,S92000003,162,2150954
Scotland,2023-02-04,S92000003,149,2150792
Scotland,2023-02-03,S92000003,174,2150643
Scotland,2023-02-02,S92000003,209,2150469
Scotland,2023-02-01,S92000003,202,2150260
Scotland,2023-01-31,S92000003,210,2150058
Scotland,2023-01-30,S92000003,220,2149848
Scotland,2023-01-29,S92000003,180,2149628
Scotland,2023-01-28,S92000003,140,2149448
Scotland,2023-01-27,S92000003,145,2149308
Scotland,2023-01-26,S92000003,159,2149163
Scotland,2023-01-25,S92000003,177,2149004
Scotland,2023-01-24,S92000003,183,2148827
Scotland,2023-01-23,S92000003,227,2148644
Scotland,2023-01-22,S92000003,135,2148417
Scotland,2023-01-21,S92000003,107,2148282
Scotland,2023-01-20,S92000003,131,2148175
Scotland,2023-01-19,S92000003,161,2148044
Scotland,2023-01-18,S92000003,172,2147883
Scotland,2023-01-17,S92000003,178,2147711
Scotland,2023-01-16,S92000003,210,2147533
Scotland,2023-01-15,S92000003,156,2147323
Scotland,2023-01-14,S92000003,140,2147167
Scotland,2023-01-13,S92000003,189,2147027
Scotland,2023-01-12,S92000003,219,2146838
Scotland,2023-01-11,S92000003,234,2146619
Scotland,2023-01-10,S92000003,244,2146385
Scotland,2023-01-09,S92000003,335,2146141
Scotland,2023-01-08,S92000003,272,2145806
Scotland,2023-01-07,S92000003,274,2145534
Scotland,2023-01-06,S92000003,362,2145260
Scotland,2023-01-05,S92000003,422,2144898
Scotland,2023-01-04,S92000003,479,2144476
Scotland,2023-01-03,S92000003,409,2143997
Scotland,2023-01-02,S92000003,332,2143588
Scotland,2023-01-01,S92000003,265,2143256
Scotland,2022-12-31,S92000003,307,2142991
Scotland,2022-12-30,S92000003,453,2142684
Scotland,2022-12-29,S92000003,569,2142231
Scotland,2022-12-28,S92000003,634,2141662
Scotland,2022-12-27,S92000003,475,2141028
Scotland,2022-12-26,S92000003,350,2140553
Scotland,2022-12-25,S92000003,280,2140203
Scotland,2022-12-24,S92000003,286,2139923
Scotland,2022-12-23,S92000003,404,2139637
Scotland,2022-12-22,S92000003,457,2139233
Scotland,2022-12-21,S92000003,570,2138776
Scotland,2022-12-20,S92000003,588,2138206
Scotland,2022-12-19,S92000003,599,2137618
Scotland,2022-12-18,S92000003,430,2137019
Scotland,2022-12-17,S92000003,352,2136589
Scotland,2022-12-16,S92000003,374,2136237
Scotland,2022-12-15,S92000003,404,2135863
Scotland,2022-12-14,S92000003,408,2135459
Scotland,2022-12-13,S92000003,462,2135051
Scotland,2022-12-12,S92000003,435,2134589
Scotland,2022-12-11,S92000003,316,2134154
Scotland,2022-12-10,S92000003,229,2133838
Scotland,2022-12-09,S92000003,290,2133609
Scotland,2022-12-08,S92000003,343,2133319
Scotland,2022-12-07,S92000003,420,2132976
Scotland,2022-12-06,S92000003,377,2132556
Scotland,2022-12-05,S92000003,351,2132179
Scotland,2022-12-04,S92000003,319,2131828
Scotland,2022-12-03,S92000003,214,2131509
Scotland,2022-12-02,S92000003,269,2131295
Scotland,2022-12-01,S92000003,229,2131026
Scotland,2022-11-30,S92000003,283,2130797
Scotland,2022-11-29,S92000003,325,2130514
Scotland,2022-11-28,S92000003,331,2130189
Scotland,2022-11-27,S92000003,268,2129858
Scotland,2022-11-26,S92000003,199,2129590
Scotland,2022-11-25,S92000003,230,2129391
Scotland,2022-11-24,S92000003,277,2129161
Scotland,2022-11-23,S92000003,329,2128884
Scotland,2022-11-22,S92000003,298,2128555
Scotland,2022-11-21,S92000003,337,2128257
Scotland,2022-11-20,S92000003,243,2127920
Scotland,2022-11-19,S92000003,197,2127677
Scotland,2022-11-18,S92000003,232,2127480
Scotland,2022-11-17,S92000003,282,2127248
Scotland,2022-11-16,S92000003,291,2126966
Scotland,2022-11-15,S92000003,328,2126675
Scotland,2022-11-14,S92000003,372,2126347
Scotland,2022-11-13,S92000003,238,2125975
Scotland,2022-11-12,S92000003,231,2125737
Scotland,2022-11-11,S92000003,291,2125506
Scotland,2022-11-10,S92000003,358,2125215
Scotland,2022-11-09,S92000003,351,2124857
Scotland,2022-11-08,S92000003,396,2124506
Scotland,2022-11-07,S92000003,394,2124110
Scotland,2022-11-06,S92000003,304,2123716
Scotland,2022-11-05,S92000003,262,2123412
Scotland,2022-11-04,S92000003,309,2123150
Scotland,2022-11-03,S92000003,365,2122841
Scotland,2022-11-02,S92000003,356,2122476
Scotland,2022-11-01,S92000003,406,2122120
Scotland,2022-10-31,S92000003,434,2121714
Scotland,2022-10-30,S92000003,379,2121280
Scotland,2022-10-29,S92000003,307,2120901
Scotland,2022-10-28,S92000003,406,2120594
Scotland,2022-10-27,S92000003,403,2120188
Scotland,2022-10-26,S92000003,442,2119785
Scotland,2022-10-25,S92000003,408,2119343
Scotland,2022-10-24,S92000003,560,2118935
Scotland,2022-10-23,S92000003,458,2118375
Scotland,2022-10-22,S92000003,381,2117917
Scotland,2022-10-21,S92000003,453,2117536
Scotland,2022-10-20,S92000003,405,2117083
Scotland,2022-10-19,S92000003,446,2116678
Scotland,2022-10-18,S92000003,474,2116232
Scotland,2022-10-17,S92000003,576,2115758
Scotland,2022-10-16,S92000003,449,2115182
Scotland,2022-10-15,S92000003,339,2114733
Scotland,2022-10-14,S92000003,494,2114394
Scotland,2022-10-13,S92000003,457,2113900
Scotland,2022-10-12,S92000003,533,2113443
Scotland,2022-10-11,S92000003,541,2112910
Scotland,2022-10-10,S92000003,523,2112369
Scotland,2022-10-09,S92000003,455,2111846
Scotland,2022-10-08,S92000003,398,2111391
Scotland,2022-10-07,S92000003,493,2110993
Scotland,2022-10-06,S92000003,478,2110500
Scotland,2022-10-05,S92000003,578,2110022
Scotland,2022-10-04,S92000003,604,2109444
Scotland,2022-10-03,S92000003,665,2108840
Scotland,2022-10-02,S92000003,485,2108175
Scotland,2022-10-01,S92000003,425,2107690
Scotland,2022-09-30,S92000003,405,2107265
Scotland,2022-09-29,S92000003,448,2106860
Scotland,2022-09-28,S92000003,491,2106412
Scotland,2022-09-27,S92000003,493,2105921
Scotland,2022-09-26,S92000003,485,2105428
Scotland,2022-09-25,S92000003,436,2104943
Scotland,2022-09-24,S92000003,339,2104507
Scotland,2022-09-23,S92000003,401,2104168
Scotland,2022-09-22,S92000003,445,2103767
Scotland,2022-09-21,S92000003,531,2103322
Scotland,2022-09-20,S92000003,536,2102791
Scotland,2022-09-19,S92000003,410,2102255
Scotland,2022-09-18,S92000003,358,2101845
Scotland,2022-09-17,S92000003,305,2101487
Scotland,2022-09-16,S92000003,366,2101182
Scotland,2022-09-15,S92000003,392,2100816
Scotland,2022-09-14,S92000003,478,2100424
Scotland,2022-09-13,S92000003,485,2099946
Scotland,2022-09-12,S92000003,489,2099461
Scotland,2022-09-11,S92000003,429,2098972
Scotland,2022-09-10,S92000003,376,2098543
Scotland,2022-09-09,S92000003,401,2098167
Scotland,2022-09-08,S92000003,454,2097766
Scotland,2022-09-07,S92000003,460,2097312
Scotland,2022-09-06,S92000003,598,2096852
Scotland,2022-09-05,S92000003,693,2096254
Scotland,2022-09-04,S92000003,475,2095561
Scotland,2022-09-03,S92000003,398,2095086
Scotland,2022-09-02,S92000003,524,2094688
Scotland,2022-09-01,S92000003,537,2094164
Scotland,2022-08-31,S92000003,577,2093627
Scotland,2022-08-30,S92000003,693,2093050
Scotland,2022-08-29,S92000003,695,2092357
Scotland,2022-08-28,S92000003,527,2091662
Scotland,2022-08-27,S92000003,472,2091135
Scotland,2022-08-26,S92000003,423,2090663
Scotland,2022-08-25,S92000003,488,2090240
Scotland,2022-08-24,S92000003,591,2089752
Scotland,2022-08-23,S92000003,650,2089161
Scotland,2022-08-22,S92000003,591,2088511
Scotland,2022-08-21,S92000003,493,2087920
Scotland,2022-08-20,S92000003,414,2087427
Scotland,2022-08-19,S92000003,464,2087013
Scotland,2022-08-18,S92000003,532,2086549
Scotland,2022-08-17,S92000003,569,2086017
Scotland,2022-08-16,S92000003,621,2085448
Scotland,2022-08-15,S92000003,721,2084827
Scotland,2022-08-14,S92000003,539,2084106
Scotland,2022-08-13,S92000003,462,2083567
Scotland,2022-08-12,S92000003,485,2083105
Scotland,2022-08-11,S92000003,666,2082620
Scotland,2022-08-10,S92000003,670,2081954
Scotland,2022-08-09,S92000003,777,2081284
Scotland,2022-08-08,S92000003,755,2080507
Scotland,2022-08-07,S92000003,602,2079752
Scotland,2022-08-06,S92000003,508,2079150
Scotland,2022-08-05,S92000003,626,2078642
Scotland,2022-08-04,S92000003,700,2078016
Scotland,2022-08-03,S92000003,873,2077316
Scotland,2022-08-02,S92000003,912,2076443
Scotland,2022-08-01,S92000003,915,2075531
Scotland,2022-07-31,S92000003,708,2074616
Scotland,2022-07-30,S92000003,645,2073908
Scotland,2022-07-29,S92000003,841,2073263
Scotland,2022-07-28,S92000003,911,2072422
Scotland,2022-07-27,S92000003,1036,2071511
Scotland,2022-07-26,S92000003,1153,2070475
Scotland,2022-07-25,S92000003,1243,2069322
Scotland,2022-07-24,S92000003,987,2068079
Scotland,2022-07-23,S92000003,956,2067092
Scotland,2022-07-22,S92000003,1094,2066136
Scotland,2022-07-21,S92000003,1258,2065042
Scotland,2022-07-20,S92000003,1499,2063784
Scotland,2022-07-19,S92000003,1672,2062285
Scotland,2022-07-18,S92000003,1651,2060613
Scotland,2022-07-17,S92000003,1441,2058962
Scotland,2022-07-16,S92000003,1262,2057521
Scotland,2022-07-15,S92000003,1588,2056259
Scotland,2022-07-14,S92000003,1641,2054671
Scotland,2022-07-13,S92000003,2037,2053030
Scotland,2022-07-12,S92000003,2373,2050993
Scotland,2022-07-11,S92000003,2349,2048620
Scotland,2022-07-10,S92000003,1908,2046271
Scotland,2022-07-09,S92000003,1724,2044363
Scotland,2022-07-08,S92000003,2209,2042639
Scotland,2022-07-07,S92000003,2199,2040430
Scotland,2022-07-06,S92000003,2740,2038231
Scotland,2022-07-05,S92000003,2995,2035491
Scotland,2022-07-04,S92000003,3021,2032496
Scotland,2022-07-03,S92000003,2491,2029475
Scotland,2022-07-02,S92000003,2245,2026984
Scotland,2022-07-01,S92000003,2402,2024739
Scotland,2022-06-30,S92000003,2517,2022337
Scotland,2022-06-29,S92000003,2664,2019820
Scotland,2022-06-28,S92000003,2965,2017156
Scotland,2022-06-27,S92000003,2981,2014191
Scotland,2022-06-26,S92000003,2604,2011210
Scotland,2022-06-25,S92000003,2214,2008606
Scotland,2022-06-24,S92000003,2546,2006392
Scotland,2022-06-23,S92000003,2725,2003846
Scotland,2022-06-22,S92000003,2945,2001121
Scotland,2022-06-21,S92000003,3188,1998176
Scotland,2022-06-20,S92000003,2851,1994988
Scotland,2022-06-19,S92000003,2394,1992137
Scotland,2022-06-18,S92000003,1905,1989743
Scotland,2022-06-17,S92000003,2162,1987838
Scotland,2022-06-16,S92000003,2217,1985676
Scotland,2022-06-15,S92000003,2357,1983459
Scotland,2022-06-14,S92000003,2389,1981102
Scotland,2022-06-13,S92000003,2213,1978713
Scotland,2022-06-12,S92000003,1919,1976500
Scotland,2022-06-11,S92000003,1553,1974581
Scotland,2022-06-10,S92000003,1570,1973028
Scotland,2022-06-09,S92000003,1681,1971458
Scotland,2022-06-08,S92000003,1766,1969777
Scotland,2022-06-07,S92000003,1857,1968011
Scotland,2022-06-06,S92000003,1875,1966154
Scotland,2022-06-05,S92000003,1428,1964279
Scotland,2022-06-04,S92000003,1179,1962851
Scotland,2022-06-03,S92000003,1003,1961672
Scotland,2022-06-02,S92000003,1101,1960669
Scotland,2022-06-01,S92000003,1246,1959568
Scotland,2022-05-31,S92000003,1329,1958322
Scotland,2022-05-30,S92000003,1154,1956993
Scotland,2022-05-29,S92000003,959,1955839
Scotland,2022-05-28,S92000003,808,1954880
Scotland,2022-05-27,S92000003,870,1954072
Scotland,2022-05-26,S92000003,899,1953202
Scotland,2022-05-25,S92000003,1049,1952303
Scotland,2022-05-24,S92000003,1032,1951254
Scotland,2022-05-23,S92000003,1013,1950222
Scotland,2022-05-22,S92000003,816,1949209
Scotland,2022-05-21,S92000003,747,1948393
Scotland,2022-05-20,S92000003,745,1947646
Scotland,2022-05-19,S92000003,794,1946901
Scotland,2022-05-18,S92000003,912,1946107
Scotland,2022-05-17,S92000003,1062,1945195
Scotland,2022-05-16,S92000003,1111,1944133
Scotland,2022-05-15,S92000003,922,1943022
Scotland,2022-05-14,S92000003,740,1942100
Scotland,2022-05-13,S92000003,868,1941360
Scotland,2022-05-12,S92000003,990,1940492
Scotland,2022-05-11,S92000003,1093,1939502
Scotland,2022-05-10,S92000003,1171,1938409
Scotland,2022-05-09,S92000003,1355,1937238
Scotland,2022-05-08,S92000003,1018,1935883
Scotland,2022-05-07,S92000003,841,1934865
Scotland,2022-05-06,S92000003,1047,1934024
Scotland,2022-05-05,S92000003,1210,1932977
Scotland,2022-05-04,S92000003,1422,1931767
Scotland,2022-05-03,S92000003,1636,1930345
Scotland,2022-05-02,S92000003,1176,1928709
Scotland,2022-05-01,S92000003,997,1927533
Scotland,2022-04-30,S92000003,1215,1926536
Scotland,2022-04-29,S92000003,1647,1925321
Scotland,2022-04-28,S92000003,2117,1923674
Scotland,2022-04-27,S92000003,2460,1921557
Scotland,2022-04-26,S92000003,2746,1919097
Scotland,2022-04-25,S92000003,3103,1916351
Scotland,2022-04-24,S92000003,2302,1913248
Scotland,2022-04-23,S92000003,2140,1910946
Scotland,2022-04-22,S92000003,2548,1908806
Scotland,2022-04-21,S92000003,3186,1906258
Scotland,2022-04-20,S92000003,3639,1903072
Scotland,2022-04-19,S92000003,4244,1899433
Scotland,2022-04-18,S92000003,3882,1895189
Scotland,2022-04-17,S92000003,3302,1891307
Scotland,2022-04-16,S92000003,3224,1888005
Scotland,2022-04-15,S92000003,3633,1884781
Scotland,2022-04-14,S92000003,4320,1881148
Scotland,2022-04-13,S92000003,5140,1876828
Scotland,2022-04-12,S92000003,5304,1871688
Scotland,2022-04-11,S92000003,5546,1866384
Scotland,2022-04-10,S92000003,4389,1860838
Scotland,2022-04-09,S92000003,4088,1856449
Scotland,2022-04-08,S92000003,4605,1852361
Scotland,2022-04-07,S92000003,5674,1847756
Scotland,2022-04-06,S92000003,6421,1842082
Scotland,2022-04-05,S92000003,7014,1835661
Scotland,2022-04-04,S92000003,6793,1828647
Scotland,2022-04-03,S92000003,5320,1821854
Scotland,2022-04-02,S92000003,4856,1816534
Scotland,2022-04-01,S92000003,5611,1811678
Scotland,2022-03-31,S92000003,6772,1806067
Scotland,2022-03-30,S92000003,8144,1799295
Scotland,2022-03-29,S92000003,9750,1791151
Scotland,2022-03-28,S92000003,10261,1781401
Scotland,2022-03-27,S92000003,7825,1771140
Scotland,2022-03-26,S92000003,7218,1763315
Scotland,2022-03-25,S92000003,8819,1756097
Scotland,2022-03-24,S92000003,10388,1747278
Scotland,2022-03-23,S92000003,11771,1736890
Scotland,2022-03-22,S92000003,12344,1725119
Scotland,2022-03-21,S92000003,13646,1712775
Scotland,2022-03-20,S92000003,10509,1699129
Scotland,2022-03-19,S92000003,9162,1688620
Scotland,2022-03-18,S92000003,9867,1679458
Scotland,2022-03-17,S92000003,11421,1669591
Scotland,2022-03-16,S92000003,13458,1658170
Scotland,2022-03-15,S92000003,14807,1644712
Scotland,2022-03-14,S92000003,15280,1629905
Scotland,2022-03-13,S92000003,12134,1614625
Scotland,2022-03-12,S92000003,10084,1602491
Scotland,2022-03-11,S92000003,11412,1592407
Scotland,2022-03-10,S92000003,12499,1580995
Scotland,2022-03-09,S92000003,13938,1568496
Scotland,2022-03-08,S92000003,13587,1554558
Scotland,2022-03-07,S92000003,13338,1540971
Scotland,2022-03-06,S92000003,10048,1527633
Scotland,2022-03-05,S92000003,7707,1517585
Scotland,2022-03-04,S92000003,8105,1509878
Scotland,2022-03-03,S92000003,9019,1501773
Scotland,2022-03-02,S92000003,9367,1492754
Scotland,2022-03-01,S92000003,9450,1483387
Scotland,2022-02-28,S92000003,9265,1473937
Scotland,2022-02-27,S92000003,6516,1464672
Scotland,2022-02-26,S92000003,5383,1458156
Scotland,2022-02-25,S92000003,5978,1452773
Scotland,2022-02-24,S92000003,6154,1446795
Scotland,2022-02-23,S92000003,7239,1440641
Scotland,2022-02-22,S92000003,7667,1433402
Scotland,2022-02-21,S92000003,8146,1425735
Scotland,2022-02-20,S92000003,6314,1417589
Scotland,2022-02-19,S92000003,5482,1411275
Scotland,2022-02-18,S92000003,5944,1405793
Scotland,2022-02-17,S92000003,7248,1399849
Scotland,2022-02-16,S92000003,7945,1392601
Scotland,2022-02-15,S92000003,8216,1384656
Scotland,2022-02-14,S92000003,7806,1376440
Scotland,2022-02-13,S92000003,6064,1368634
Scotland,2022-02-12,S92000003,5412,1362570
Scotland,2022-02-11,S92000003,6107,1357158
Scotland,2022-02-10,S92000003,6769,1351051
Scotland,2022-02-09,S92000003,8218,1344282
Scotland,2022-02-08,S92000003,8572,1336064
Scotland,2022-02-07,S92000003,7783,1327492
Scotland,2022-02-06,S92000003,6064,1319709
Scotland,2022-02-05,S92000003,5288,1313645
Scotland,2022-02-04,S92000003,5972,1308357
Scotland,2022-02-03,S92000003,7180,1302385
Scotland,2022-02-02,S92000003,7973,1295205
Scotland,2022-02-01,S92000003,8413,1287232
Scotland,2022-01-31,S92000003,8930,1278819
Scotland,2022-01-30,S92000003,6958,1269889
Scotland,2022-01-29,S92000003,5492,1262931
Scotland,2022-01-28,S92000003,6597,1257439
Scotland,2022-01-27,S92000003,7109,1250842
Scotland,2022-01-26,S92000003,8184,1243733
Scotland,2022-01-25,S92000003,8454,1235549
Scotland,2022-01-24,S92000003,9493,1227095
Scotland,2022-01-23,S92000003,7360,1217602
Scotland,2022-01-22,S92000003,6117,1210242
Scotland,2022-01-21,S92000003,6659,1204125
Scotland,2022-01-20,S92000003,7088,1197466
Scotland,2022-01-19,S92000003,7904,1190378
Scotland,2022-01-18,S92000003,8548,1182474
Scotland,2022-01-17,S92000003,9173,1173926
Scotland,2022-01-16,S92000003,7095,1164753
Scotland,2022-01-15,S92000003,5804,1157658
Scotland,2022-01-14,S92000003,6514,1151854
Scotland,2022-01-13,S92000003,7290,1145340
Scotland,2022-01-12,S92000003,7683,1138050
Scotland,2022-01-11,S92000003,8301,1130367
Scotland,2022-01-10,S92000003,9406,1122066
Scotland,2022-01-09,S92000003,7691,1112660
Scotland,2022-01-08,S92000003,7292,1104969
Scotland,2022-01-07,S92000003,9132,1097677
Scotland,2022-01-06,S92000003,13902,1088545
Scotland,2022-01-05,S92000003,22566,1074643
Scotland,2022-01-04,S92000003,19852,1052077
Scotland,2022-01-03,S92000003,19518,1032225
Scotland,2022-01-02,S92000003,15692,1012707
Scotland,2022-01-01,S92000003,7363,997015
Scotland,2021-12-31,S92000003,17772,989652
Scotland,2021-12-30,S92000003,22179,971880
Scotland,2021-12-29,S92000003,23539,949701
Scotland,2021-12-28,S92000003,19858,926162
Scotland,2021-12-27,S92000003,18761,906304
Scotland,2021-12-26,S92000003,7487,887543
Scotland,2021-12-25,S92000003,4849,880056
Scotland,2021-12-24,S92000003,9698,875207
Scotland,2021-12-23,S92000003,12416,865509
Scotland,2021-12-22,S92000003,11912,853093
Scotland,2021-12-21,S92000003,10540,841181
Scotland,2021-12-20,S92000003,8652,830641
Scotland,2021-12-19,S92000003,5607,821989
Scotland,2021-12-18,S92000003,5206,816382
Scotland,2021-12-17,S92000003,5879,811176
Scotland,2021-12-16,S92000003,6649,805297
Scotland,2021-12-15,S92000003,7218,798648
Scotland,2021-12-14,S92000003,6564,791430
Scotland,2021-12-13,S92000003,5793,784866
Scotland,2021-12-12,S92000003,3414,779073
Scotland,2021-12-11,S92000003,3319,775659
Scotland,2021-12-10,S92000003,3803,772340
Scotland,2021-12-09,S92000003,4073,768537
Scotland,2021-12-08,S92000003,4219,764464
Scotland,2021-12-07,S92000003,3811,760245
Scotland,2021-12-06,S92000003,3823,756434
Scotland,2021-12-05,S92000003,2530,752611
Scotland,2021-12-04,S92000003,2150,750081
Scotland,2021-12-03,S92000003,2666,747931
Scotland,2021-12-02,S92000003,2968,745265
Scotland,2021-12-01,S92000003,3127,742297
Scotland,2021-11-30,S92000003,3334,739170
Scotland,2021-11-29,S92000003,3478,735836
Scotland,2021-11-28,S92000003,2344,732358
Scotland,2021-11-27,S92000003,1898,730014
Scotland,2021-11-26,S92000003,2254,728116
Scotland,2021-11-25,S92000003,2511,725862
Scotland,2021-11-24,S92000003,2924,723351
Scotland,2021-11-23,S92000003,2918,720427
Scotland,2021-11-22,S92000003,3188,717509
Scotland,2021-11-21,S92000003,2187,714321
Scotland,2021-11-20,S92000003,2236,712134
Scotland,2021-11-19,S92000003,2804,709898
Scotland,2021-11-18,S92000003,3014,707094
Scotland,2021-11-17,S92000003,3341,704080
Scotland,2021-11-16,S92000003,3311,700739
Scotland,2021-11-15,S92000003,3681,697428
Scotland,2021-11-14,S92000003,2441,693747
Scotland,2021-11-13,S92000003,2334,691306
Scotland,2021-11-12,S92000003,2877,688972
Scotland,2021-11-11,S92000003,3242,686095
Scotland,2021-11-10,S92000003,3318,682853
Scotland,2021-11-09,S92000003,3484,679535
Scotland,2021-11-08,S92000003,3853,676051
Scotland,2021-11-07,S92000003,2312,672198
Scotland,2021-11-06,S92000003,2228,669886
Scotland,2021-11-05,S92000003,2792,667658
Scotland,2021-11-04,S92000003,2820,664866
Scotland,2021-11-03,S92000003,3007,662046
Scotland,2021-11-02,S92000003,3068,659039
Scotland,2021-11-01,S92000003,3323,655971
Scotland,2021-10-31,S92000003,2087,652648
Scotland,2021-10-30,S92000003,2047,650561
Scotland,2021-10-29,S92000003,2566,648514
Scotland,2021-10-28,S92000003,2526,645948
Scotland,2021-10-27,S92000003,2685,643422
Scotland,2021-10-26,S92000003,2946,640737
Scotland,2021-10-25,S92000003,3318,637791
Scotland,2021-10-24,S92000003,2335,634473
Scotland,2021-10-23,S92000003,2154,632138
Scotland,2021-10-22,S92000003,2463,629984
Scotland,2021-10-21,S92000003,2555,627521
Scotland,2021-10-20,S92000003,2863,624966
Scotland,2021-10-19,S92000003,2781,622103
Scotland,2021-10-18,S92000003,2982,619322
Scotland,2021-10-17,S92000003,2316,616340
Scotland,2021-10-16,S92000003,2161,614024
Scotland,2021-10-15,S92000003,2584,611863
Scotland,2021-10-14,S92000003,2695,609279
Scotland,2021-10-13,S92000003,2659,606584
Scotland,2021-10-12,S92000003,2644,603925
Scotland,2021-10-11,S92000003,2838,601281
Scotland,2021-10-10,S92000003,1892,598443
Scotland,2021-10-09,S92000003,2147,596551
Scotland,2021-10-08,S92000003,2302,594404
Scotland,2021-10-07,S92000003,2614,592102
Scotland,2021-10-06,S92000003,2658,589488
Scotland,2021-10-05,S92000003,2851,586830
Scotland,2021-10-04,S92000003,2970,583979
Scotland,2021-10-03,S92000003,1994,581009
Scotland,2021-10-02,S92000003,1873,579015
Scotland,2021-10-01,S92000003,2048,577142
Scotland,2021-09-30,S92000003,2377,575094
Scotland,2021-09-29,S92000003,2609,572717
Scotland,2021-09-28,S92000003,3207,570108
Scotland,2021-09-27,S92000003,3135,566901
Scotland,2021-09-26,S92000003,2151,563766
Scotland,2021-09-25,S92000003,2140,561615
Scotland,2021-09-24,S92000003,2717,559475
Scotland,2021-09-23,S92000003,3121,556758
Scotland,2021-09-22,S92000003,3515,553637
Scotland,2021-09-21,S92000003,3804,550122
Scotland,2021-09-20,S92000003,4014,546318
Scotland,2021-09-19,S92000003,2800,542304
Scotland,2021-09-18,S92000003,2615,539504
Scotland,2021-09-17,S92000003,3378,536889
Scotland,2021-09-16,S92000003,3575,533511
Scotland,2021-09-15,S92000003,4079,529936
Scotland,2021-09-14,S92000003,4785,525857
Scotland,2021-09-13,S92000003,5096,521072
Scotland,2021-09-12,S92000003,3374,515976
Scotland,2021-09-11,S92000003,3630,512602
Scotland,2021-09-10,S92000003,4786,508972
Scotland,2021-09-09,S92000003,5561,504186
Scotland,2021-09-08,S92000003,6258,498625
Scotland,2021-09-07,S92000003,6727,492367
Scotland,2021-09-06,S92000003,7136,485640
Scotland,2021-09-05,S92000003,4939,478504
Scotland,2021-09-04,S92000003,5030,473565
Scotland,2021-09-03,S92000003,6180,468535
Scotland,2021-09-02,S92000003,7622,462355
Scotland,2021-09-01,S92000003,7565,454733
Scotland,2021-08-31,S92000003,7031,447168
Scotland,2021-08-30,S92000003,6590,440137
Scotland,2021-08-29,S92000003,4468,433547
Scotland,2021-08-28,S92000003,4781,429079
Scotland,2021-08-27,S92000003,6076,424298
Scotland,2021-08-26,S92000003,7291,418222
Scotland,2021-08-25,S92000003,6893,410931
Scotland,2021-08-24,S92000003,5656,404038
Scotland,2021-08-23,S92000003,5562,398382
Scotland,2021-08-22,S92000003,3671,392820
Scotland,2021-08-21,S92000003,3058,389149
Scotland,2021-08-20,S92000003,3454,386091
Scotland,2021-08-19,S92000003,3745,382637
Scotland,2021-08-18,S92000003,3740,378892
Scotland,2021-08-17,S92000003,3401,375152
Scotland,2021-08-16,S92000003,2764,371751
Scotland,2021-08-15,S92000003,1637,368987
Scotland,2021-08-14,S92000003,1488,367350
Scotland,2021-08-13,S92000003,1534,365862
Scotland,2021-08-12,S92000003,1405,364328
Scotland,2021-08-11,S92000003,1588,362923
Scotland,2021-08-10,S92000003,1534,361335
Scotland,2021-08-09,S92000003,1505,359801
Scotland,2021-08-08,S92000003,1053,358296
Scotland,2021-08-07,S92000003,947,357243
Scotland,2021-08-06,S92000003,1266,356296
Scotland,2021-08-05,S92000003,1344,355030
Scotland,2021-08-04,S92000003,1307,353686
Scotland,2021-08-03,S92000003,1381,352379
Scotland,2021-08-02,S92000003,1331,350998
Scotland,2021-08-01,S92000003,878,349667
Scotland,2021-07-31,S92000003,771,348789
Scotland,2021-07-30,S92000003,1037,348018
Scotland,2021-07-29,S92000003,1183,346981
Scotland,2021-07-28,S92000003,1297,345798
Scotland,2021-07-27,S92000003,1370,344501
Scotland,2021-07-26,S92000003,1383,343131
Scotland,2021-07-25,S92000003,950,341748
Scotland,2021-07-24,S92000003,958,340798
Scotland,2021-07-23,S92000003,1285,339840
Scotland,2021-07-22,S92000003,1393,338555
Scotland,2021-07-21,S92000003,1582,337162
Scotland,2021-07-20,S92000003,1613,335580
Scotland,2021-07-19,S92000003,1921,333967
Scotland,2021-07-18,S92000003,1393,332046
Scotland,2021-07-17,S92000003,1406,330653
Scotland,2021-07-16,S92000003,1764,329247
Scotland,2021-07-15,S92000003,1976,327483
Scotland,2021-07-14,S92000003,2214,325507
Scotland,2021-07-13,S92000003,2459,323293
Scotland,2021-07-12,S92000003,2595,320834
Scotland,2021-07-11,S92000003,1894,318239
Scotland,2021-07-10,S92000003,1824,316345
Scotland,2021-07-09,S92000003,2398,314521
Scotland,2021-07-08,S92000003,2749,312123
Scotland,2021-07-07,S92000003,2921,309374
Scotland,2021-07-06,S92000003,3106,306453
Scotland,2021-07-05,S92000003,3410,303347
Scotland,2021-07-04,S92000003,2426,299937
Scotland,2021-07-03,S92000003,2526,297511
Scotland,2021-07-02,S92000003,3098,294985
Scotland,2021-07-01,S92000003,3463,291887
Scotland,2021-06-30,S92000003,3948,288424
Scotland,2021-06-29,S92000003,3903,284476
Scotland,2021-06-28,S92000003,3951,280573
Scotland,2021-06-27,S92000003,2524,276622
Scotland,2021-06-26,S92000003,2316,274098
Scotland,2021-06-25,S92000003,2640,271782
Scotland,2021-06-24,S92000003,2976,269142
Scotland,2021-06-23,S92000003,2932,266166
Scotland,2021-06-22,S92000003,3288,263234
Scotland,2021-06-21,S92000003,3061,259946
Scotland,2021-06-20,S92000003,1565,256885
Scotland,2021-06-19,S92000003,1005,255320
Scotland,2021-06-18,S92000003,1239,254315
Scotland,2021-06-17,S92000003,1176,253076
Scotland,2021-06-16,S92000003,1279,251900
Scotland,2021-06-15,S92000003,1288,250621
Scotland,2021-06-14,S92000003,1142,249333
Scotland,2021-06-13,S92000003,862,248191
Scotland,2021-06-12,S92000003,715,247329
Scotland,2021-06-11,S92000003,877,246614
Scotland,2021-06-10,S92000003,1054,245737
Scotland,2021-06-09,S92000003,1065,244683
Scotland,2021-06-08,S92000003,1042,243618
Scotland,2021-06-07,S92000003,962,242576
Scotland,2021-06-06,S92000003,686,241614
Scotland,2021-06-05,S92000003,615,240928
Scotland,2021-06-04,S92000003,833,240313
Scotland,2021-06-03,S92000003,957,239480
Scotland,2021-06-02,S92000003,964,238523
Scotland,2021-06-01,S92000003,786,237559
Scotland,2021-05-31,S92000003,609,236773
Scotland,2021-05-30,S92000003,491,236164
Scotland,2021-05-29,S92000003,438,235673
Scotland,2021-05-28,S92000003,550,235235
Scotland,2021-05-27,S92000003,561,234685
Scotland,2021-05-26,S92000003,632,234124
Scotland,2021-05-25,S92000003,514,233492
Scotland,2021-05-24,S92000003,504,232978
Scotland,2021-05-23,S92000003,330,232474
Scotland,2021-05-22,S92000003,296,232144
Scotland,2021-05-21,S92000003,363,231848
Scotland,2021-05-20,S92000003,389,231485
Scotland,2021-05-19,S92000003,416,231096
Scotland,2021-05-18,S92000003,420,230680
Scotland,2021-05-17,S92000003,367,230260
Scotland,2021-05-16,S92000003,237,229893
Scotland,2021-05-15,S92000003,230,229656
Scotland,2021-05-14,S92000003,299,229426
Scotland,2021-05-13,S92000003,317,229127
Scotland,2021-05-12,S92000003,303,228810
Scotland,2021-05-11,S92000003,285,228507
Scotland,2021-05-10,S92000003,335,228222
Scotland,2021-05-09,S92000003,214,227887
Scotland,2021-05-08,S92000003,187,227673
Scotland,2021-05-07,S92000003,208,227486
Scotland,2021-05-06,S92000003,219,227278
Scotland,2021-05-05,S92000003,225,227059
Scotland,2021-05-04,S92000003,198,226834
Scotland,2021-05-03,S92000003,164,226636
Scotland,2021-05-02,S92000003,124,226472
Scotland,2021-05-01,S92000003,128,226348
Scotland,2021-04-30,S92000003,178,226220
Scotland,2021-04-29,S92000003,177,226042
Scotland,2021-04-28,S92000003,198,225865
Scotland,2021-04-27,S92000003,201,225667
Scotland,2021-04-26,S92000003,199,225466
Scotland,2021-04-25,S92000003,111,225267
Scotland,2021-04-24,S92000003,153,225156
Scotland,2021-04-23,S92000003,196,225003
Scotland,2021-04-22,S92000003,236,224807
Scotland,2021-04-21,S92000003,237,224571
Scotland,2021-04-20,S92000003,247,224334
Scotland,2021-04-19,S92000003,268,224087
Scotland,2021-04-18,S92000003,175,223819
Scotland,2021-04-17,S92000003,204,223644
Scotland,2021-04-16,S92000003,224,223440
Scotland,2021-04-15,S92000003,200,223216
Scotland,2021-04-14,S92000003,216,223016
Scotland,2021-04-13,S92000003,268,222800
Scotland,2021-04-12,S92000003,262,222532
Scotland,2021-04-11,S92000003,214,222270
Scotland,2021-04-10,S92000003,231,222056
Scotland,2021-04-09,S92000003,270,221825
Scotland,2021-04-08,S92000003,285,221555
Scotland,2021-04-07,S92000003,288,221270
Scotland,2021-04-06,S92000003,359,220982
Scotland,2021-04-05,S92000003,303,220623
Scotland,2021-04-04,S92000003,258,220320
Scotland,2021-04-03,S92000003,280,220062
Scotland,2021-04-02,S92000003,358,219782
Scotland,2021-04-01,S92000003,419,219424
Scotland,2021-03-31,S92000003,396,219005
Scotland,2021-03-30,S92000003,399,218609
Scotland,2021-03-29,S92000003,517,218210
Scotland,2021-03-28,S92000003,358,217693
Scotland,2021-03-27,S92000003,387,217335
Scotland,2021-03-26,S92000003,478,216948
Scotland,2021-03-25,S92000003,576,216470
Scotland,2021-03-24,S92000003,547,215894
Scotland,2021-03-23,S92000003,607,215347
Scotland,2021-03-22,S92000003,687,214740
Scotland,2021-03-21,S92000003,465,214053
Scotland,2021-03-20,S92000003,459,213588
Scotland,2021-03-19,S92000003,547,213129
Scotland,2021-03-18,S92000003,556,212582
Scotland,2021-03-17,S92000003,603,212026
Scotland,2021-03-16,S92000003,575,211423
Scotland,2021-03-15,S92000003,688,210848
Scotland,2021-03-14,S92000003,447,210160
Scotland,2021-03-13,S92000003,466,209713
Scotland,2021-03-12,S92000003,584,209247
Scotland,2021-03-11,S92000003,665,208663
Scotland,2021-03-10,S92000003,628,207998
Scotland,2021-03-09,S92000003,658,207370
Scotland,2021-03-08,S92000003,594,206712
Scotland,2021-03-07,S92000003,436,206118
Scotland,2021-03-06,S92000003,484,205682
Scotland,2021-03-05,S92000003,467,205198
Scotland,2021-03-04,S92000003,563,204731
Scotland,2021-03-03,S92000003,496,204168
Scotland,2021-03-02,S92000003,522,203672
Scotland,2021-03-01,S92000003,555,203150
Scotland,2021-02-28,S92000003,431,202595
Scotland,2021-02-27,S92000003,418,202164
Scotland,2021-02-26,S92000003,526,201746
Scotland,2021-02-25,S92000003,633,201220
Scotland,2021-02-24,S92000003,702,200587
Scotland,2021-02-23,S92000003,693,199885
Scotland,2021-02-22,S92000003,790,199192
Scotland,2021-02-21,S92000003,610,198402
Scotland,2021-02-20,S92000003,665,197792
Scotland,2021-02-19,S92000003,893,197127
Scotland,2021-02-18,S92000003,881,196234
Scotland,2021-02-17,S92000003,828,195353
Scotland,2021-02-16,S92000003,920,194525
Scotland,2021-02-15,S92000003,968,193605
Scotland,2021-02-14,S92000003,683,192637
Scotland,2021-02-13,S92000003,544,191954
Scotland,2021-02-12,S92000003,907,191410
Scotland,2021-02-11,S92000003,847,190503
Scotland,2021-02-10,S92000003,848,189656
Scotland,2021-02-09,S92000003,760,188808
Scotland,2021-02-08,S92000003,992,188048
Scotland,2021-02-07,S92000003,656,187056
Scotland,2021-02-06,S92000003,710,186400
Scotland,2021-02-05,S92000003,940,185690
Scotland,2021-02-04,S92000003,901,184750
Scotland,2021-02-03,S92000003,939,183849
Scotland,2021-02-02,S92000003,1051,182910
Scotland,2021-02-01,S92000003,1104,181859
Scotland,2021-01-31,S92000003,810,180755
Scotland,2021-01-30,S92000003,781,179945
Scotland,2021-01-29,S92000003,965,179164
Scotland,2021-01-28,S92000003,1117,178199
Scotland,2021-01-27,S92000003,1118,177082
Scotland,2021-01-26,S92000003,1182,175964
Scotland,2021-01-25,S92000003,1326,174782
Scotland,2021-01-24,S92000003,862,173456
Scotland,2021-01-23,S92000003,940,172594
Scotland,2021-01-22,S92000003,1231,171654
Scotland,2021-01-21,S92000003,1244,170423
Scotland,2021-01-20,S92000003,1582,169179
Scotland,2021-01-19,S92000003,1554,167597
Scotland,2021-01-18,S92000003,1744,166043
Scotland,2021-01-17,S92000003,1201,164299
Scotland,2021-01-16,S92000003,1178,163098
Scotland,2021-01-15,S92000003,1538,161920
Scotland,2021-01-14,S92000003,1629,160382
Scotland,2021-01-13,S92000003,1716,158753
Scotland,2021-01-12,S92000003,1991,157037
Scotland,2021-01-11,S92000003,2092,155046
Scotland,2021-01-10,S92000003,1425,152954
Scotland,2021-01-09,S92000003,1499,151529
Scotland,2021-01-08,S92000003,1826,150030
Scotland,2021-01-07,S92000003,2201,148204
Scotland,2021-01-06,S92000003,2550,146003
Scotland,2021-01-05,S92000003,3054,143453
Scotland,2021-01-04,S92000003,2383,140399
Scotland,2021-01-03,S92000003,2221,138016
Scotland,2021-01-02,S92000003,2213,135795
Scotland,2021-01-01,S92000003,1161,133582
Scotland,2020-12-31,S92000003,2379,132421
Scotland,2020-12-30,S92000003,2974,130042
Scotland,2020-12-29,S92000003,3137,127068
Scotland,2020-12-28,S92000003,1809,123931
Scotland,2020-12-27,S92000003,1682,122122
Scotland,2020-12-26,S92000003,1050,120440
Scotland,2020-12-25,S92000003,516,119390
Scotland,2020-12-24,S92000003,1018,118874
Scotland,2020-12-23,S92000003,1315,117856
Scotland,2020-12-22,S92000003,1330,116541
Scotland,2020-12-21,S92000003,1304,115211
Scotland,2020-12-20,S92000003,813,113907
Scotland,2020-12-19,S92000003,748,113094
Scotland,2020-12-18,S92000003,921,112346
Scotland,2020-12-17,S92000003,913,111425
Scotland,2020-12-16,S92000003,1028,110512
Scotland,2020-12-15,S92000003,1031,109484
Scotland,2020-12-14,S92000003,1082,108453
Scotland,2020-12-13,S92000003,719,107371
Scotland,2020-12-12,S92000003,681,106652
Scotland,2020-12-11,S92000003,875,105971
Scotland,2020-12-10,S92000003,904,105096
Scotland,2020-12-09,S92000003,1015,104192
Scotland,2020-12-08,S92000003,1048,103177
Scotland,2020-12-07,S92000003,955,102129
Scotland,2020-12-06,S92000003,643,101174
Scotland,2020-12-05,S92000003,667,100531
Scotland,2020-12-04,S92000003,650,99864
Scotland,2020-12-03,S92000003,807,99214
Scotland,2020-12-02,S92000003,952,98407
Scotland,2020-12-01,S92000003,935,97455
Scotland,2020-11-30,S92000003,976,96520
Scotland,2020-11-29,S92000003,558,95544
Scotland,2020-11-28,S92000003,572,94986
Scotland,2020-11-27,S92000003,738,94414
Scotland,2020-11-26,S92000003,807,93676
Scotland,2020-11-25,S92000003,932,92869
Scotland,2020-11-24,S92000003,996,91937
Scotland,2020-11-23,S92000003,1158,90941
Scotland,2020-11-22,S92000003,709,89783
Scotland,2020-11-21,S92000003,764,89074
Scotland,2020-11-20,S92000003,861,88310
Scotland,2020-11-19,S92000003,985,87449
Scotland,2020-11-18,S92000003,1115,86464
Scotland,2020-11-17,S92000003,1227,85349
Scotland,2020-11-16,S92000003,1278,84122
Scotland,2020-11-15,S92000003,818,82844
Scotland,2020-11-14,S92000003,905,82026
Scotland,2020-11-13,S92000003,1055,81121
Scotland,2020-11-12,S92000003,1196,80066
Scotland,2020-11-11,S92000003,1249,78870
Scotland,2020-11-10,S92000003,1289,77621
Scotland,2020-11-09,S92000003,1296,76332
Scotland,2020-11-08,S92000003,874,75036
Scotland,2020-11-07,S92000003,842,74162
Scotland,2020-11-06,S92000003,1136,73320
Scotland,2020-11-05,S92000003,1298,72184
Scotland,2020-11-04,S92000003,1302,70886
Scotland,2020-11-03,S92000003,1392,69584
Scotland,2020-11-02,S92000003,1476,68192
Scotland,2020-11-01,S92000003,969,66716
Scotland,2020-10-31,S92000003,742,65747
Scotland,2020-10-30,S92000003,1089,65005
Scotland,2020-10-29,S92000003,1100,63916
Scotland,2020-10-28,S92000003,1267,62816
Scotland,2020-10-27,S92000003,1307,61549
Scotland,2020-10-26,S92000003,1345,60242
Scotland,2020-10-25,S92000003,941,58897
Scotland,2020-10-24,S92000003,953,57956
Scotland,2020-10-23,S92000003,1282,57003
Scotland,2020-10-22,S92000003,1493,55721
Scotland,2020-10-21,S92000003,1579,54228
Scotland,2020-10-20,S92000003,1690,52649
Scotland,2020-10-19,S92000003,1359,50959
Scotland,2020-10-18,S92000003,834,49600
Scotland,2020-10-17,S92000003,855,48766
Scotland,2020-10-16,S92000003,1254,47911
Scotland,2020-10-15,S92000003,1294,46657
Scotland,2020-10-14,S92000003,1297,45363
Scotland,2020-10-13,S92000003,1421,44066
Scotland,2020-10-12,S92000003,1355,42645
Scotland,2020-10-11,S92000003,960,41290
Scotland,2020-10-10,S92000003,942,40330
Scotland,2020-10-09,S92000003,1095,39388
Scotland,2020-10-08,S92000003,1171,38293
Scotland,2020-10-07,S92000003,1253,37122
Scotland,2020-10-06,S92000003,1192,35869
Scotland,2020-10-05,S92000003,1099,34677
Scotland,2020-10-04,S92000003,742,33578
Scotland,2020-10-03,S92000003,695,32836
Scotland,2020-10-02,S92000003,818,32141
Scotland,2020-10-01,S92000003,778,31323
Scotland,2020-09-30,S92000003,794,30545
Scotland,2020-09-29,S92000003,659,29751
Scotland,2020-09-28,S92000003,624,29092
Scotland,2020-09-27,S92000003,358,28468
Scotland,2020-09-26,S92000003,434,28110
Scotland,2020-09-25,S92000003,579,27676
Scotland,2020-09-24,S92000003,715,27097
Scotland,2020-09-23,S92000003,568,26382
Scotland,2020-09-22,S92000003,493,25814
Scotland,2020-09-21,S92000003,455,25321
Scotland,2020-09-20,S92000003,315,24866
Scotland,2020-09-19,S92000003,232,24551
Scotland,2020-09-18,S92000003,269,24319
Scotland,2020-09-17,S92000003,254,24050
Scotland,2020-09-16,S92000003,269,23796
Scotland,2020-09-15,S92000003,227,23527
Scotland,2020-09-14,S92000003,177,23300
Scotland,2020-09-13,S92000003,168,23123
Scotland,2020-09-12,S92000003,208,22955
Scotland,2020-09-11,S92000003,210,22747
Scotland,2020-09-10,S92000003,216,22537
Scotland,2020-09-09,S92000003,222,22321
Scotland,2020-09-08,S92000003,104,22099
Scotland,2020-09-07,S92000003,168,21995
Scotland,2020-09-06,S92000003,153,21827
Scotland,2020-09-05,S92000003,136,21674
Scotland,2020-09-04,S92000003,171,21538
Scotland,2020-09-03,S92000003,201,21367
Scotland,2020-09-02,S92000003,192,21166
Scotland,2020-09-01,S92000003,199,20974
Scotland,2020-08-31,S92000003,144,20775
Scotland,2020-08-30,S92000003,102,20631
Scotland,2020-08-29,S92000003,95,20529
Scotland,2020-08-28,S92000003,104,20434
Scotland,2020-08-27,S92000003,100,20330
Scotland,2020-08-26,S92000003,98,20230
Scotland,2020-08-25,S92000003,71,20132
Scotland,2020-08-24,S92000003,60,20061
Scotland,2020-08-23,S92000003,65,20001
Scotland,2020-08-22,S92000003,47,19936
Scotland,2020-08-21,S92000003,90,19889
Scotland,2020-08-20,S92000003,141,19799
Scotland,2020-08-19,S92000003,91,19658
Scotland,2020-08-18,S92000003,78,19567
Scotland,2020-08-17,S92000003,72,19489
Scotland,2020-08-16,S92000003,30,19417
Scotland,2020-08-15,S92000003,21,19387
Scotland,2020-08-14,S92000003,51,19366
Scotland,2020-08-13,S92000003,53,19315
Scotland,2020-08-12,S92000003,48,19262
Scotland,2020-08-11,S92000003,65,19214
Scotland,2020-08-10,S92000003,58,19149
Scotland,2020-08-09,S92000003,26,19091
Scotland,2020-08-08,S92000003,27,19065
Scotland,2020-08-07,S92000003,46,19038
Scotland,2020-08-06,S92000003,63,18992
Scotland,2020-08-05,S92000003,65,18929
Scotland,2020-08-04,S92000003,57,18864
Scotland,2020-08-03,S92000003,60,18807
Scotland,2020-08-02,S92000003,19,18747
Scotland,2020-08-01,S92000003,23,18728
Scotland,2020-07-31,S92000003,22,18705
Scotland,2020-07-30,S92000003,28,18683
Scotland,2020-07-29,S92000003,30,18655
Scotland,2020-07-28,S92000003,24,18625
Scotland,2020-07-27,S92000003,13,18601
Scotland,2020-07-26,S92000003,7,18588
Scotland,2020-07-25,S92000003,3,18581
Scotland,2020-07-24,S92000003,11,18578
Scotland,2020-07-23,S92000003,23,18567
Scotland,2020-07-22,S92000003,18,18544
Scotland,2020-07-21,S92000003,19,18526
Scotland,2020-07-20,S92000003,14,18507
Scotland,2020-07-19,S92000003,17,18493
Scotland,2020-07-18,S92000003,14,18476
Scotland,2020-07-17,S92000003,8,18462
Scotland,2020-07-16,S92000003,22,18454
Scotland,2020-07-15,S92000003,16,18432
Scotland,2020-07-14,S92000003,10,18416
Scotland,2020-07-13,S92000003,19,18406
Scotland,2020-07-12,S92000003,2,18387
Scotland,2020-07-11,S92000003,9,18385
Scotland,2020-07-10,S92000003,12,18376
Scotland,2020-07-09,S92000003,8,18364
Scotland,2020-07-08,S92000003,10,18356
Scotland,2020-07-07,S92000003,11,18346
Scotland,2020-07-06,S92000003,8,18335
Scotland,2020-07-05,S92000003,2,18327
Scotland,2020-07-04,S92000003,5,18325
Scotland,2020-07-03,S92000003,7,18320
Scotland,2020-07-02,S92000003,13,18313
Scotland,2020-07-01,S92000003,11,18300
Scotland,2020-06-30,S92000003,8,18289
Scotland,2020-06-29,S92000003,14,18281
Scotland,2020-06-28,S92000003,3,18267
Scotland,2020-06-27,S92000003,4,18264
Scotland,2020-06-26,S92000003,6,18260
Scotland,2020-06-25,S92000003,19,18254
Scotland,2020-06-24,S92000003,8,18235
Scotland,2020-06-23,S92000003,20,18227
Scotland,2020-06-22,S92000003,10,18207
Scotland,2020-06-21,S92000003,9,18197
Scotland,2020-06-20,S92000003,6,18188
Scotland,2020-06-19,S92000003,24,18182
Scotland,2020-06-18,S92000003,14,18158
Scotland,2020-06-17,S92000003,33,18144
Scotland,2020-06-16,S92000003,17,18111
Scotland,2020-06-15,S92000003,21,18094
Scotland,2020-06-14,S92000003,13,18073
Scotland,2020-06-13,S92000003,22,18060
Scotland,2020-06-12,S92000003,30,18038
Scotland,2020-06-11,S92000003,22,18008
Scotland,2020-06-10,S92000003,29,17986
Scotland,2020-06-09,S92000003,27,17957
Scotland,2020-06-08,S92000003,18,17930
Scotland,2020-06-07,S92000003,17,17912
Scotland,2020-06-06,S92000003,22,17895
Scotland,2020-06-05,S92000003,24,17873
Scotland,2020-06-04,S92000003,35,17849
Scotland,2020-06-03,S92000003,34,17814
Scotland,2020-06-02,S92000003,46,17780
Scotland,2020-06-01,S92000003,38,17734
Scotland,2020-05-31,S92000003,23,17696
Scotland,2020-05-30,S92000003,40,17673
Scotland,2020-05-29,S92000003,30,17633
Scotland,2020-05-28,S92000003,55,17603
Scotland,2020-05-27,S92000003,66,17548
Scotland,2020-05-26,S92000003,478,17482
Scotland,2020-05-25,S92000003,96,17004
Scotland,2020-05-24,S92000003,53,16908
Scotland,2020-05-23,S92000003,50,16855
Scotland,2020-05-22,S92000003,91,16805
Scotland,2020-05-21,S92000003,111,16714
Scotland,2020-05-20,S92000003,121,16603
Scotland,2020-05-19,S92000003,182,16482
Scotland,2020-05-18,S92000003,141,16300
Scotland,2020-05-17,S92000003,93,16159
Scotland,2020-05-16,S92000003,103,16066
Scotland,2020-05-15,S92000003,151,15963
Scotland,2020-05-14,S92000003,211,15812
Scotland,2020-05-13,S92000003,198,15601
Scotland,2020-05-12,S92000003,230,15403
Scotland,2020-05-11,S92000003,265,15173
Scotland,2020-05-10,S92000003,153,14908
Scotland,2020-05-09,S92000003,180,14755
Scotland,2020-05-08,S92000003,258,14575
Scotland,2020-05-07,S92000003,297,14317
Scotland,2020-05-06,S92000003,307,14020
Scotland,2020-05-05,S92000003,288,13713
Scotland,2020-05-04,S92000003,329,13425
Scotland,2020-05-03,S92000003,188,13096
Scotland,2020-05-02,S92000003,222,12908
Scotland,2020-05-01,S92000003,375,12686
Scotland,2020-04-30,S92000003,337,12311
Scotland,2020-04-29,S92000003,431,11974
Scotland,2020-04-28,S92000003,383,11543
Scotland,2020-04-27,S92000003,434,11160
Scotland,2020-04-26,S92000003,171,10726
Scotland,2020-04-25,S92000003,184,10555
Scotland,2020-04-24,S92000003,306,10371
Scotland,2020-04-23,S92000003,314,10065
Scotland,2020-04-22,S92000003,340,9751
Scotland,2020-04-21,S92000003,400,9411
Scotland,2020-04-20,S92000003,348,9011
Scotland,2020-04-19,S92000003,159,8663
Scotland,2020-04-18,S92000003,264,8504
Scotland,2020-04-17,S92000003,394,8240
Scotland,2020-04-16,S92000003,428,7846
Scotland,2020-04-15,S92000003,331,7418
Scotland,2020-04-14,S92000003,346,7087
Scotland,2020-04-13,S92000003,359,6741
Scotland,2020-04-12,S92000003,220,6382
Scotland,2020-04-11,S92000003,185,6162
Scotland,2020-04-10,S92000003,329,5977
Scotland,2020-04-09,S92000003,304,5648
Scotland,2020-04-08,S92000003,343,5344
Scotland,2020-04-07,S92000003,352,5001
Scotland,2020-04-06,S92000003,404,4649
Scotland,2020-04-05,S92000003,225,4245
Scotland,2020-04-04,S92000003,261,4020
Scotland,2020-04-03,S92000003,381,3759
Scotland,2020-04-02,S92000003,351,3378
Scotland,2020-04-01,S92000003,389,3027
Scotland,2020-03-31,S92000003,341,2638
Scotland,2020-03-30,S92000003,317,2297
Scotland,2020-03-29,S92000003,197,1980
Scotland,2020-03-28,S92000003,204,1783
Scotland,2020-03-27,S92000003,274,1579
Scotland,2020-03-26,S92000003,223,1305
Scotland,2020-03-25,S92000003,188,1082
Scotland,2020-03-24,S92000003,167,894
Scotland,2020-03-23,S92000003,138,727
Scotland,2020-03-22,S92000003,74,589
Scotland,2020-03-21,S92000003,67,515
Scotland,2020-03-20,S92000003,84,448
Scotland,2020-03-19,S92000003,50,364
Scotland,2020-03-18,S92000003,41,314
Scotland,2020-03-17,S92000003,43,273
Scotland,2020-03-16,S92000003,21,230
Scotland,2020-03-15,S92000003,12,209
Scotland,2020-03-14,S92000003,19,197
Scotland,2020-03-13,S92000003,48,178
Scotland,2020-03-12,S92000003,38,130
Scotland,2020-03-11,S92000003,25,92
Scotland,2020-03-10,S92000003,21,67
Scotland,2020-03-09,S92000003,16,46
Scotland,2020-03-08,S92000003,3,30
Scotland,2020-03-07,S92000003,6,27
Scotland,2020-03-06,S92000003,6,21
Scotland,2020-03-05,S92000003,2,15
Scotland,2020-03-04,S92000003,6,13
Scotland,2020-03-03,S92000003,3,7
Scotland,2020-03-02,S92000003,1,4
Scotland,2020-03-01,S92000003,2,3
Scotland,2020-02-29,S92000003,0,1
Scotland,2020-02-28,S92000003,1,1
Wales,2023-11-08,W92000004,0,906787
Wales,2023-11-07,W92000004,18,906787
Wales,2023-11-06,W92000004,29,906769
Wales,2023-11-05,W92000004,14,906740
Wales,2023-11-04,W92000004,13,906726
Wales,2023-11-03,W92000004,29,906713
Wales,2023-11-02,W92000004,23,906684
Wales,2023-11-01,W92000004,26,906661
Wales,2023-10-31,W92000004,35,906635
Wales,2023-10-30,W92000004,44,906600
Wales,2023-10-29,W92000004,24,906556
Wales,2023-10-28,W92000004,25,906532
Wales,2023-10-27,W92000004,34,906507
Wales,2023-10-26,W92000004,35,906473
Wales,2023-10-25,W92000004,37,906438
Wales,2023-10-24,W92000004,48,906401
Wales,2023-10-23,W92000004,33,906353
Wales,2023-10-22,W92000004,20,906320
Wales,2023-10-21,W92000004,17,906300
Wales,2023-10-20,W92000004,37,906283
Wales,2023-10-19,W92000004,38,906246
Wales,2023-10-18,W92000004,34,906208
Wales,2023-10-17,W92000004,39,906174
Wales,2023-10-16,W92000004,39,906135
Wales,2023-10-15,W92000004,19,906096
Wales,2023-10-14,W92000004,26,906077
Wales,2023-10-13,W92000004,60,906051
Wales,2023-10-12,W92000004,43,905991
Wales,2023-10-11,W92000004,59,905948
Wales,2023-10-10,W92000004,61,905889
Wales,2023-10-09,W92000004,78,905828
Wales,2023-10-08,W92000004,45,905750
Wales,2023-10-07,W92000004,31,905705
Wales,2023-10-06,W92000004,62,905674
Wales,2023-10-05,W92000004,50,905612
Wales,2023-10-04,W92000004,58,905562
Wales,2023-10-03,W92000004,76,905504
Wales,2023-10-02,W92000004,73,905428
Wales,2023-10-01,W92000004,43,905355
Wales,2023-09-30,W92000004,33,905312
Wales,2023-09-29,W92000004,40,905279
Wales,2023-09-28,W92000004,60,905239
Wales,2023-09-27,W92000004,62,905179
Wales,2023-09-26,W92000004,65,905117
Wales,2023-09-25,W92000004,47,905052
Wales,2023-09-24,W92000004,27,905005
Wales,2023-09-23,W92000004,30,904978
Wales,2023-09-22,W92000004,49,904948
Wales,2023-09-21,W92000004,37,904899
Wales,2023-09-20,W92000004,56,904862
Wales,2023-09-19,W92000004,50,904806
Wales,2023-09-18,W92000004,52,904756
Wales,2023-09-17,W92000004,22,904704
Wales,2023-09-16,W92000004,27,904682
Wales,2023-09-15,W92000004,48,904655
Wales,2023-09-14,W92000004,52,904607
Wales,2023-09-13,W92000004,32,904555
Wales,2023-09-12,W92000004,50,904523
Wales,2023-09-11,W92000004,38,904473
Wales,2023-09-10,W92000004,34,904435
Wales,2023-09-09,W92000004,38,904401
Wales,2023-09-08,W92000004,57,904363
Wales,2023-09-07,W92000004,32,904306
Wales,2023-09-06,W92000004,54,904274
Wales,2023-09-05,W92000004,65,904220
Wales,2023-09-04,W92000004,55,904155
Wales,2023-09-03,W92000004,29,904100
Wales,2023-09-02,W92000004,37,904071
Wales,2023-09-01,W92000004,39,904034
Wales,2023-08-31,W92000004,44,903995
Wales,2023-08-30,W92000004,52,903951
Wales,2023-08-29,W92000004,63,903899
Wales,2023-08-28,W92000004,28,903836
Wales,2023-08-27,W92000004,35,903808
Wales,2023-08-26,W92000004,28,903773
Wales,2023-08-25,W92000004,34,903745
Wales,2023-08-24,W92000004,27,903711
Wales,2023-08-23,W92000004,51,903684
Wales,2023-08-22,W92000004,46,903633
Wales,2023-08-21,W92000004,52,903587
Wales,2023-08-20,W92000004,30,903535
Wales,2023-08-19,W92000004,32,903505
Wales,2023-08-18,W92000004,34,903473
Wales,2023-08-17,W92000004,35,903439
Wales,2023-08-16,W92000004,43,903404
Wales,2023-08-15,W92000004,44,903361
Wales,2023-08-14,W92000004,63,903317
Wales,2023-08-13,W92000004,23,903254
Wales,2023-08-12,W92000004,27,903231
Wales,2023-08-11,W92000004,51,903204
Wales,2023-08-10,W92000004,51,903153
Wales,2023-08-09,W92000004,56,903102
Wales,2023-08-08,W92000004,61,903046
Wales,2023-08-07,W92000004,46,902985
Wales,2023-08-06,W92000004,34,902939
Wales,2023-08-05,W92000004,21,902905
Wales,2023-08-04,W92000004,32,902884
Wales,2023-08-03,W92000004,36,902852
Wales,2023-08-02,W92000004,24,902816
Wales,2023-08-01,W92000004,27,902792
Wales,2023-07-31,W92000004,37,902765
Wales,2023-07-30,W92000004,28,902728
Wales,2023-07-29,W92000004,21,902700
Wales,2023-07-28,W92000004,33,902679
Wales,2023-07-27,W92000004,28,902646
Wales,2023-07-26,W92000004,29,902618
Wales,2023-07-25,W92000004,27,902589
Wales,2023-07-24,W92000004,19,902562
Wales,2023-07-23,W92000004,10,902543
Wales,2023-07-22,W92000004,15,902533
Wales,2023-07-21,W92000004,16,902518
Wales,2023-07-20,W92000004,24,902502
Wales,2023-07-19,W92000004,17,902478
Wales,2023-07-18,W92000004,19,902461
Wales,2023-07-17,W92000004,22,902442
Wales,2023-07-16,W92000004,9,902420
Wales,2023-07-15,W92000004,11,902411
Wales,2023-07-14,W92000004,6,902400
Wales,2023-07-13,W92000004,10,902394
Wales,2023-07-12,W92000004,12,902384
Wales,2023-07-11,W92000004,13,902372
Wales,2023-07-10,W92000004,10,902359
Wales,2023-07-09,W92000004,8,902349
Wales,2023-07-08,W92000004,11,902341
Wales,2023-07-07,W92000004,12,902330
Wales,2023-07-06,W92000004,12,902318
Wales,2023-07-05,W92000004,11,902306
Wales,2023-07-04,W92000004,6,902295
Wales,2023-07-03,W92000004,14,902289
Wales,2023-07-02,W92000004,11,902275
Wales,2023-07-01,W92000004,6,902264
Wales,2023-06-30,W92000004,8,902258
Wales,2023-06-29,W92000004,7,902250
Wales,2023-06-28,W92000004,9,902243
Wales,2023-06-27,W92000004,9,902234
Wales,2023-06-26,W92000004,13,902225
Wales,2023-06-25,W92000004,6,902212
Wales,2023-06-24,W92000004,2,902206
Wales,2023-06-23,W92000004,8,902204
Wales,2023-06-22,W92000004,25,902196
Wales,2023-06-21,W92000004,6,902171
Wales,2023-06-20,W92000004,9,902165
Wales,2023-06-19,W92000004,4,902156
Wales,2023-06-18,W92000004,9,902152
Wales,2023-06-17,W92000004,2,902143
Wales,2023-06-16,W92000004,12,902141
Wales,2023-06-15,W92000004,15,902129
Wales,2023-06-14,W92000004,13,902114
Wales,2023-06-13,W92000004,6,902101
Wales,2023-06-12,W92000004,19,902095
Wales,2023-06-11,W92000004,10,902076
Wales,2023-06-10,W92000004,7,902066
Wales,2023-06-09,W92000004,15,902059
Wales,2023-06-08,W92000004,24,902044
Wales,2023-06-07,W92000004,18,902020
Wales,2023-06-06,W92000004,20,902002
Wales,2023-06-05,W92000004,20,901982
Wales,2023-06-04,W92000004,4,901962
Wales,2023-06-03,W92000004,6,901958
Wales,2023-06-02,W92000004,15,901952
Wales,2023-06-01,W92000004,17,901937
Wales,2023-05-31,W92000004,20,901920
Wales,2023-05-30,W92000004,21,901900
Wales,2023-05-29,W92000004,13,901879
Wales,2023-05-28,W92000004,18,901866
Wales,2023-05-27,W92000004,9,901848
Wales,2023-05-26,W92000004,15,901839
Wales,2023-05-25,W92000004,16,901824
Wales,2023-05-24,W92000004,16,901808
Wales,2023-05-23,W92000004,17,901792
Wales,2023-05-22,W92000004,23,901775
Wales,2023-05-21,W92000004,17,901752
Wales,2023-05-20,W92000004,11,901735
Wales,2023-05-19,W92000004,14,901724
Wales,2023-05-18,W92000004,13,901710
Wales,2023-05-17,W92000004,21,901697
Wales,2023-05-16,W92000004,15,901676
Wales,2023-05-15,W92000004,15,901661
Wales,2023-05-14,W92000004,5,901646
Wales,2023-05-13,W92000004,20,901641
Wales,2023-05-12,W92000004,10,901621
Wales,2023-05-11,W92000004,20,901611
Wales,2023-05-10,W92000004,28,901591
Wales,2023-05-09,W92000004,32,901563
Wales,2023-05-08,W92000004,16,901531
Wales,2023-05-07,W92000004,21,901515
Wales,2023-05-06,W92000004,12,901494
Wales,2023-05-05,W92000004,18,901482
Wales,2023-05-04,W92000004,38,901464
Wales,2023-05-03,W92000004,22,901426
Wales,2023-05-02,W92000004,40,901404
Wales,2023-05-01,W92000004,21,901364
Wales,2023-04-30,W92000004,24,901343
Wales,2023-04-29,W92000004,30,901319
Wales,2023-04-28,W92000004,29,901289
Wales,2023-04-27,W92000004,32,901260
Wales,2023-04-26,W92000004,45,901228
Wales,2023-04-25,W92000004,36,901183
Wales,2023-04-24,W92000004,47,901147
Wales,2023-04-23,W92000004,34,901100
Wales,2023-04-22,W92000004,29,901066
Wales,2023-04-21,W92000004,34,901037
Wales,2023-04-20,W92000004,37,901003
Wales,2023-04-19,W92000004,30,900966
Wales,2023-04-18,W92000004,45,900936
Wales,2023-04-17,W92000004,40,900891
Wales,2023-04-16,W92000004,31,900851
Wales,2023-04-15,W92000004,29,900820
Wales,2023-04-14,W92000004,33,900791
Wales,2023-04-13,W92000004,45,900758
Wales,2023-04-12,W92000004,53,900713
Wales,2023-04-11,W92000004,66,900660
Wales,2023-04-10,W92000004,48,900594
Wales,2023-04-09,W92000004,34,900546
Wales,2023-04-08,W92000004,27,900512
Wales,2023-04-07,W92000004,27,900485
Wales,2023-04-06,W92000004,53,900458
Wales,2023-04-05,W92000004,73,900405
Wales,2023-04-04,W92000004,54,900332
Wales,2023-04-03,W92000004,62,900278
Wales,2023-04-02,W92000004,44,900216
Wales,2023-04-01,W92000004,33,900172
Wales,2023-03-31,W92000004,78,900139
Wales,2023-03-30,W92000004,74,900061
Wales,2023-03-29,W92000004,81,899987
Wales,2023-03-28,W92000004,75,899906
Wales,2023-03-27,W92000004,83,899831
Wales,2023-03-26,W92000004,42,899748
Wales,2023-03-25,W92000004,49,899706
Wales,2023-03-24,W92000004,60,899657
Wales,2023-03-23,W92000004,72,899597
Wales,2023-03-22,W92000004,80,899525
Wales,2023-03-21,W92000004,96,899445
Wales,2023-03-20,W92000004,88,899349
Wales,2023-03-19,W92000004,50,899261
Wales,2023-03-18,W92000004,56,899211
Wales,2023-03-17,W92000004,89,899155
Wales,2023-03-16,W92000004,107,899066
Wales,2023-03-15,W92000004,101,898959
Wales,2023-03-14,W92000004,125,898858
Wales,2023-03-13,W92000004,133,898733
Wales,2023-03-12,W92000004,86,898600
Wales,2023-03-11,W92000004,72,898514
Wales,2023-03-10,W92000004,101,898442
Wales,2023-03-09,W92000004,88,898341
Wales,2023-03-08,W92000004,97,898253
Wales,2023-03-07,W92000004,127,898156
Wales,2023-03-06,W92000004,106,898029
Wales,2023-03-05,W92000004,65,897923
Wales,2023-03-04,W92000004,56,897858
Wales,2023-03-03,W92000004,59,897802
Wales,2023-03-02,W92000004,88,897743
Wales,2023-03-01,W92000004,89,897655
Wales,2023-02-28,W92000004,65,897566
Wales,2023-02-27,W92000004,97,897501
Wales,2023-02-26,W92000004,39,897404
Wales,2023-02-25,W92000004,40,897365
Wales,2023-02-24,W92000004,63,897325
Wales,2023-02-23,W92000004,72,897262
Wales,2023-02-22,W92000004,64,897190
Wales,2023-02-21,W92000004,67,897126
Wales,2023-02-20,W92000004,70,897059
Wales,2023-02-19,W92000004,49,896989
Wales,2023-02-18,W92000004,49,896940
Wales,2023-02-17,W92000004,76,896891
Wales,2023-02-16,W92000004,67,896815
Wales,2023-02-15,W92000004,92,896748
Wales,2023-02-14,W92000004,77,896656
Wales,2023-02-13,W92000004,49,896579
Wales,2023-02-12,W92000004,41,896530
Wales,2023-02-11,W92000004,37,896489
Wales,2023-02-10,W92000004,50,896452
Wales,2023-02-09,W92000004,57,896402
Wales,2023-02-08,W92000004,67,896345
Wales,2023-02-07,W92000004,58,896278
Wales,2023-02-06,W92000004,74,896220
Wales,2023-02-05,W92000004,38,896146
Wales,2023-02-04,W92000004,25,896108
Wales,2023-02-03,W92000004,46,896083
Wales,2023-02-02,W92000004,56,896037
Wales,2023-02-01,W92000004,60,895981
Wales,2023-01-31,W92000004,61,895921
Wales,2023-01-30,W92000004,66,895860
Wales,2023-01-29,W92000004,25,895794
Wales,2023-01-28,W92000004,19,895769
Wales,2023-01-27,W92000004,37,895750
Wales,2023-01-26,W92000004,47,895713
Wales,2023-01-25,W92000004,52,895666
Wales,2023-01-24,W92000004,38,895614
Wales,2023-01-23,W92000004,46,895576
Wales,2023-01-22,W92000004,24,895530
Wales,2023-01-21,W92000004,15,895506
Wales,2023-01-20,W92000004,38,895491
Wales,2023-01-19,W92000004,60,895453
Wales,2023-01-18,W92000004,47,895393
Wales,2023-01-17,W92000004,40,895346
Wales,2023-01-16,W92000004,47,895306
Wales,2023-01-15,W92000004,22,895259
Wales,2023-01-14,W92000004,31,895237
Wales,2023-01-13,W92000004,36,895206
Wales,2023-01-12,W92000004,57,895170
Wales,2023-01-11,W92000004,38,895113
Wales,2023-01-10,W92000004,71,895075
Wales,2023-01-09,W92000004,59,895004
Wales,2023-01-08,W92000004,48,894945
Wales,2023-01-07,W92000004,41,894897
Wales,2023-01-06,W92000004,76,894856
Wales,2023-01-05,W92000004,93,894780
Wales,2023-01-04,W92000004,102,894687
Wales,2023-01-03,W92000004,112,894585
Wales,2023-01-02,W92000004,89,894473
Wales,2023-01-01,W92000004,60,894384
Wales,2022-12-31,W92000004,89,894324
Wales,2022-12-30,W92000004,149,894235
Wales,2022-12-29,W92000004,196,894086
Wales,2022-12-28,W92000004,176,893890
Wales,2022-12-27,W92000004,153,893714
Wales,2022-12-26,W92000004,101,893561
Wales,2022-12-25,W92000004,32,893460
Wales,2022-12-24,W92000004,69,893428
Wales,2022-12-23,W92000004,112,893359
Wales,2022-12-22,W92000004,179,893247
Wales,2022-12-21,W92000004,190,893068
Wales,2022-12-20,W92000004,207,892878
Wales,2022-12-19,W92000004,234,892671
Wales,2022-12-18,W92000004,130,892437
Wales,2022-12-17,W92000004,118,892307
Wales,2022-12-16,W92000004,185,892189
Wales,2022-12-15,W92000004,141,892004
Wales,2022-12-14,W92000004,163,891863
Wales,2022-12-13,W92000004,166,891700
Wales,2022-12-12,W92000004,195,891534
Wales,2022-12-11,W92000004,92,891339
Wales,2022-12-10,W92000004,55,891247
Wales,2022-12-09,W92000004,102,891192
Wales,2022-12-08,W92000004,102,891090
Wales,2022-12-07,W92000004,135,890988
Wales,2022-12-06,W92000004,103,890853
Wales,2022-12-05,W92000004,124,890750
Wales,2022-12-04,W92000004,58,890626
Wales,2022-12-03,W92000004,53,890568
Wales,2022-12-02,W92000004,52,890515
Wales,2022-12-01,W92000004,62,890463
Wales,2022-11-30,W92000004,89,890401
Wales,2022-11-29,W92000004,89,890312
Wales,2022-11-28,W92000004,71,890223
Wales,2022-11-27,W92000004,28,890152
Wales,2022-11-26,W92000004,48,890124
Wales,2022-11-25,W92000004,34,890076
Wales,2022-11-24,W92000004,45,890042
Wales,2022-11-23,W92000004,47,889997
Wales,2022-11-22,W92000004,56,889950
Wales,2022-11-21,W92000004,52,889894
Wales,2022-11-20,W92000004,34,889842
Wales,2022-11-19,W92000004,27,889808
Wales,2022-11-18,W92000004,40,889781
Wales,2022-11-17,W92000004,52,889741
Wales,2022-11-16,W92000004,36,889689
Wales,2022-11-15,W92000004,46,889653
Wales,2022-11-14,W92000004,57,889607
Wales,2022-11-13,W92000004,27,889550
Wales,2022-11-12,W92000004,30,889523
Wales,2022-11-11,W92000004,40,889493
Wales,2022-11-10,W92000004,41,889453
Wales,2022-11-09,W92000004,40,889412
Wales,2022-11-08,W92000004,53,889372
Wales,2022-11-07,W92000004,48,889319
Wales,2022-11-06,W92000004,46,889271
Wales,2022-11-05,W92000004,29,889225
Wales,2022-11-04,W92000004,38,889196
Wales,2022-11-03,W92000004,52,889158
Wales,2022-11-02,W92000004,59,889106
Wales,2022-11-01,W92000004,52,889047
Wales,2022-10-31,W92000004,62,888995
Wales,2022-10-30,W92000004,65,888933
Wales,2022-10-29,W92000004,49,888868
Wales,2022-10-28,W92000004,79,888819
Wales,2022-10-27,W92000004,80,888740
Wales,2022-10-26,W92000004,83,888660
Wales,2022-10-25,W92000004,76,888577
Wales,2022-10-24,W92000004,100,888501
Wales,2022-10-23,W92000004,54,888401
Wales,2022-10-22,W92000004,60,888347
Wales,2022-10-21,W92000004,85,888287
Wales,2022-10-20,W92000004,96,888202
Wales,2022-10-19,W92000004,110,888106
Wales,2022-10-18,W92000004,94,887996
Wales,2022-10-17,W92000004,125,887902
Wales,2022-10-16,W92000004,74,887777
Wales,2022-10-15,W92000004,98,887703
Wales,2022-10-14,W92000004,133,887605
Wales,2022-10-13,W92000004,114,887472
Wales,2022-10-12,W92000004,112,887358
Wales,2022-10-11,W92000004,139,887246
Wales,2022-10-10,W92000004,139,887107
Wales,2022-10-09,W92000004,89,886968
Wales,2022-10-08,W92000004,74,886879
Wales,2022-10-07,W92000004,124,886805
Wales,2022-10-06,W92000004,92,886681
Wales,2022-10-05,W92000004,109,886589
Wales,2022-10-04,W92000004,115,886480
Wales,2022-10-03,W92000004,146,886365
Wales,2022-10-02,W92000004,96,886219
Wales,2022-10-01,W92000004,76,886123
Wales,2022-09-30,W92000004,111,886047
Wales,2022-09-29,W92000004,95,885936
Wales,2022-09-28,W92000004,117,885841
Wales,2022-09-27,W92000004,114,885724
Wales,2022-09-26,W92000004,91,885610
Wales,2022-09-25,W92000004,67,885519
Wales,2022-09-24,W92000004,71,885452
Wales,2022-09-23,W92000004,78,885381
Wales,2022-09-22,W92000004,76,885303
Wales,2022-09-21,W92000004,82,885227
Wales,2022-09-20,W92000004,92,885145
Wales,2022-09-19,W92000004,54,885053
Wales,2022-09-18,W92000004,38,884999
Wales,2022-09-17,W92000004,28,884961
Wales,2022-09-16,W92000004,39,884933
Wales,2022-09-15,W92000004,42,884894
Wales,2022-09-14,W92000004,42,884852
Wales,2022-09-13,W92000004,62,884810
Wales,2022-09-12,W92000004,61,884748
Wales,2022-09-11,W92000004,28,884687
Wales,2022-09-10,W92000004,31,884659
Wales,2022-09-09,W92000004,49,884628
Wales,2022-09-08,W92000004,43,884579
Wales,2022-09-07,W92000004,26,884536
Wales,2022-09-06,W92000004,40,884510
Wales,2022-09-05,W92000004,47,884470
Wales,2022-09-04,W92000004,54,884423
Wales,2022-09-03,W92000004,48,884369
Wales,2022-09-02,W92000004,45,884321
Wales,2022-09-01,W92000004,53,884276
Wales,2022-08-31,W92000004,64,884223
Wales,2022-08-30,W92000004,60,884159
Wales,2022-08-29,W92000004,31,884099
Wales,2022-08-28,W92000004,30,884068
Wales,2022-08-27,W92000004,34,884038
Wales,2022-08-26,W92000004,31,884004
Wales,2022-08-25,W92000004,42,883973
Wales,2022-08-24,W92000004,50,883931
Wales,2022-08-23,W92000004,52,883881
Wales,2022-08-22,W92000004,58,883829
Wales,2022-08-21,W92000004,45,883771
Wales,2022-08-20,W92000004,29,883726
Wales,2022-08-19,W92000004,56,883697
Wales,2022-08-18,W92000004,43,883641
Wales,2022-08-17,W92000004,42,883598
Wales,2022-08-16,W92000004,93,883556
Wales,2022-08-15,W92000004,97,883463
Wales,2022-08-14,W92000004,43,883366
Wales,2022-08-13,W92000004,55,883323
Wales,2022-08-12,W92000004,73,883268
Wales,2022-08-11,W92000004,81,883195
Wales,2022-08-10,W92000004,75,883114
Wales,2022-08-09,W92000004,70,883039
Wales,2022-08-08,W92000004,87,882969
Wales,2022-08-07,W92000004,48,882882
Wales,2022-08-06,W92000004,60,882834
Wales,2022-08-05,W92000004,63,882774
Wales,2022-08-04,W92000004,72,882711
Wales,2022-08-03,W92000004,61,882639
Wales,2022-08-02,W92000004,93,882578
Wales,2022-08-01,W92000004,106,882485
Wales,2022-07-31,W92000004,46,882379
Wales,2022-07-30,W92000004,68,882333
Wales,2022-07-29,W92000004,82,882265
Wales,2022-07-28,W92000004,79,882183
Wales,2022-07-27,W92000004,73,882104
Wales,2022-07-26,W92000004,90,882031
Wales,2022-07-25,W92000004,127,881941
Wales,2022-07-24,W92000004,72,881814
Wales,2022-07-23,W92000004,69,881742
Wales,2022-07-22,W92000004,107,881673
Wales,2022-07-21,W92000004,109,881566
Wales,2022-07-20,W92000004,137,881457
Wales,2022-07-19,W92000004,132,881320
Wales,2022-07-18,W92000004,148,881188
Wales,2022-07-17,W92000004,93,881040
Wales,2022-07-16,W92000004,78,880947
Wales,2022-07-15,W92000004,145,880869
Wales,2022-07-14,W92000004,119,880724
Wales,2022-07-13,W92000004,180,880605
Wales,2022-07-12,W92000004,196,880425
Wales,2022-07-11,W92000004,279,880229
Wales,2022-07-10,W92000004,142,879950
Wales,2022-07-09,W92000004,168,879808
Wales,2022-07-08,W92000004,229,879640
Wales,2022-07-07,W92000004,206,879411
Wales,2022-07-06,W92000004,217,879205
Wales,2022-07-05,W92000004,302,878988
Wales,2022-07-04,W92000004,295,878686
Wales,2022-07-03,W92000004,117,878391
Wales,2022-07-02,W92000004,130,878274
Wales,2022-07-01,W92000004,181,878144
Wales,2022-06-30,W92000004,210,877963
Wales,2022-06-29,W92000004,217,877753
Wales,2022-06-28,W92000004,207,877536
Wales,2022-06-27,W92000004,227,877329
Wales,2022-06-26,W92000004,135,877102
Wales,2022-06-25,W92000004,108,876967
Wales,2022-06-24,W92000004,178,876859
Wales,2022-06-23,W92000004,167,876681
Wales,2022-06-22,W92000004,164,876514
Wales,2022-06-21,W92000004,177,876350
Wales,2022-06-20,W92000004,173,876173
Wales,2022-06-19,W92000004,79,876000
Wales,2022-06-18,W92000004,84,875921
Wales,2022-06-17,W92000004,117,875837
Wales,2022-06-16,W92000004,93,875720
Wales,2022-06-15,W92000004,93,875627
Wales,2022-06-14,W92000004,92,875534
Wales,2022-06-13,W92000004,105,875442
Wales,2022-06-12,W92000004,56,875337
Wales,2022-06-11,W92000004,56,875281
Wales,2022-06-10,W92000004,61,875225
Wales,2022-06-09,W92000004,49,875164
Wales,2022-06-08,W92000004,66,875115
Wales,2022-06-07,W92000004,70,875049
Wales,2022-06-06,W92000004,74,874979
Wales,2022-06-05,W92000004,37,874905
Wales,2022-06-04,W92000004,35,874868
Wales,2022-06-03,W92000004,51,874833
Wales,2022-06-02,W92000004,27,874782
Wales,2022-06-01,W92000004,54,874755
Wales,2022-05-31,W92000004,30,874701
Wales,2022-05-30,W92000004,33,874671
Wales,2022-05-29,W92000004,34,874638
Wales,2022-05-28,W92000004,27,874604
Wales,2022-05-27,W92000004,45,874577
Wales,2022-05-26,W92000004,35,874532
Wales,2022-05-25,W92000004,55,874497
Wales,2022-05-24,W92000004,54,874442
Wales,2022-05-23,W92000004,52,874388
Wales,2022-05-22,W92000004,30,874336
Wales,2022-05-21,W92000004,29,874306
Wales,2022-05-20,W92000004,27,874277
Wales,2022-05-19,W92000004,51,874250
Wales,2022-05-18,W92000004,68,874199
Wales,2022-05-17,W92000004,73,874131
Wales,2022-05-16,W92000004,67,874058
Wales,2022-05-15,W92000004,40,873991
Wales,2022-05-14,W92000004,46,873951
Wales,2022-05-13,W92000004,67,873905
Wales,2022-05-12,W92000004,62,873838
Wales,2022-05-11,W92000004,78,873776
Wales,2022-05-10,W92000004,90,873698
Wales,2022-05-09,W92000004,99,873608
Wales,2022-05-08,W92000004,59,873509
Wales,2022-05-07,W92000004,69,873450
Wales,2022-05-06,W92000004,128,873381
Wales,2022-05-05,W92000004,113,873253
Wales,2022-05-04,W92000004,123,873140
Wales,2022-05-03,W92000004,154,873017
Wales,2022-05-02,W92000004,80,872863
Wales,2022-05-01,W92000004,76,872783
Wales,2022-04-30,W92000004,73,872707
Wales,2022-04-29,W92000004,92,872634
Wales,2022-04-28,W92000004,138,872542
Wales,2022-04-27,W92000004,115,872404
Wales,2022-04-26,W92000004,150,872289
Wales,2022-04-25,W92000004,148,872139
Wales,2022-04-24,W92000004,109,871991
Wales,2022-04-23,W92000004,112,871882
Wales,2022-04-22,W92000004,154,871770
Wales,2022-04-21,W92000004,136,871616
Wales,2022-04-20,W92000004,163,871480
Wales,2022-04-19,W92000004,214,871317
Wales,2022-04-18,W92000004,184,871103
Wales,2022-04-17,W92000004,167,870919
Wales,2022-04-16,W92000004,140,870752
Wales,2022-04-15,W92000004,150,870612
Wales,2022-04-14,W92000004,233,870462
Wales,2022-04-13,W92000004,254,870229
Wales,2022-04-12,W92000004,277,869975
Wales,2022-04-11,W92000004,319,869698
Wales,2022-04-10,W92000004,207,869379
Wales,2022-04-09,W92000004,196,869172
Wales,2022-04-08,W92000004,314,868976
Wales,2022-04-07,W92000004,341,868662
Wales,2022-04-06,W92000004,367,868321
Wales,2022-04-05,W92000004,463,867954
Wales,2022-04-04,W92000004,473,867491
Wales,2022-04-03,W92000004,256,867018
Wales,2022-04-02,W92000004,318,866762
Wales,2022-04-01,W92000004,524,866444
Wales,2022-03-31,W92000004,1025,865920
Wales,2022-03-30,W92000004,1380,864895
Wales,2022-03-29,W92000004,1473,863515
Wales,2022-03-28,W92000004,1957,862042
Wales,2022-03-27,W92000004,1173,860085
Wales,2022-03-26,W92000004,1288,858912
Wales,2022-03-25,W92000004,1923,857624
Wales,2022-03-24,W92000004,2063,855701
Wales,2022-03-23,W92000004,2489,853638
Wales,2022-03-22,W92000004,2502,851149
Wales,2022-03-21,W92000004,2898,848647
Wales,2022-03-20,W92000004,1465,845749
Wales,2022-03-19,W92000004,1399,844284
Wales,2022-03-18,W92000004,1810,842885
Wales,2022-03-17,W92000004,2075,841075
Wales,2022-03-16,W92000004,2306,839000
Wales,2022-03-15,W92000004,2396,836694
Wales,2022-03-14,W92000004,2471,834298
Wales,2022-03-13,W92000004,1284,831827
Wales,2022-03-12,W92000004,1147,830543
Wales,2022-03-11,W92000004,1388,829396
Wales,2022-03-10,W92000004,1501,828008
Wales,2022-03-09,W92000004,1569,826507
Wales,2022-03-08,W92000004,1492,824938
Wales,2022-03-07,W92000004,1494,823446
Wales,2022-03-06,W92000004,855,821952
Wales,2022-03-05,W92000004,787,821097
Wales,2022-03-04,W92000004,832,820310
Wales,2022-03-03,W92000004,1052,819478
Wales,2022-03-02,W92000004,1055,818426
Wales,2022-03-01,W92000004,983,817371
Wales,2022-02-28,W92000004,999,816388
Wales,2022-02-27,W92000004,589,815389
Wales,2022-02-26,W92000004,499,814800
Wales,2022-02-25,W92000004,617,814301
Wales,2022-02-24,W92000004,708,813684
Wales,2022-02-23,W92000004,858,812976
Wales,2022-02-22,W92000004,823,812118
Wales,2022-02-21,W92000004,1087,811295
Wales,2022-02-20,W92000004,559,810208
Wales,2022-02-19,W92000004,842,809649
Wales,2022-02-18,W92000004,278,808807
Wales,2022-02-17,W92000004,968,808529
Wales,2022-02-16,W92000004,1251,807561
Wales,2022-02-15,W92000004,1272,806310
Wales,2022-02-14,W92000004,1450,805038
Wales,2022-02-13,W92000004,855,803588
Wales,2022-02-12,W92000004,792,802733
Wales,2022-02-11,W92000004,1071,801941
Wales,2022-02-10,W92000004,1380,800870
Wales,2022-02-09,W92000004,1649,799490
Wales,2022-02-08,W92000004,1815,797841
Wales,2022-02-07,W92000004,1953,796026
Wales,2022-02-06,W92000004,1147,794073
Wales,2022-02-05,W92000004,1095,792926
Wales,2022-02-04,W92000004,1661,791831
Wales,2022-02-03,W92000004,1770,790170
Wales,2022-02-02,W92000004,2276,788400
Wales,2022-02-01,W92000004,2457,786124
Wales,2022-01-31,W92000004,2648,783667
Wales,2022-01-30,W92000004,1544,781019
Wales,2022-01-29,W92000004,1582,779475
Wales,2022-01-28,W92000004,2140,777893
Wales,2022-01-27,W92000004,2461,775753
Wales,2022-01-26,W92000004,2926,773292
Wales,2022-01-25,W92000004,2944,770366
Wales,2022-01-24,W92000004,3300,767422
Wales,2022-01-23,W92000004,2047,764122
Wales,2022-01-22,W92000004,1867,762075
Wales,2022-01-21,W92000004,2351,760208
Wales,2022-01-20,W92000004,2437,757857
Wales,2022-01-19,W92000004,2484,755420
Wales,2022-01-18,W92000004,2603,752936
Wales,2022-01-17,W92000004,2958,750333
Wales,2022-01-16,W92000004,1783,747375
Wales,2022-01-15,W92000004,1483,745592
Wales,2022-01-14,W92000004,1945,744109
Wales,2022-01-13,W92000004,2100,742164
Wales,2022-01-12,W92000004,2406,740064
Wales,2022-01-11,W92000004,2733,737658
Wales,2022-01-10,W92000004,3596,734925
Wales,2022-01-09,W92000004,2180,731329
Wales,2022-01-08,W92000004,2465,729149
Wales,2022-01-07,W92000004,3367,726684
Wales,2022-01-06,W92000004,4714,723317
Wales,2022-01-05,W92000004,8991,718603
Wales,2022-01-04,W92000004,12452,709612
Wales,2022-01-03,W92000004,9457,697160
Wales,2022-01-02,W92000004,9855,687703
Wales,2022-01-01,W92000004,6224,677848
Wales,2021-12-31,W92000004,9912,671624
Wales,2021-12-30,W92000004,12832,661712
Wales,2021-12-29,W92000004,16252,648880
Wales,2021-12-28,W92000004,13615,632628
Wales,2021-12-27,W92000004,13373,619013
Wales,2021-12-26,W92000004,6364,605640
Wales,2021-12-25,W92000004,2940,599276
Wales,2021-12-24,W92000004,5718,596336
Wales,2021-12-23,W92000004,6878,590618
Wales,2021-12-22,W92000004,7134,583740
Wales,2021-12-21,W92000004,6326,576606
Wales,2021-12-20,W92000004,5027,570280
Wales,2021-12-19,W92000004,2928,565253
Wales,2021-12-18,W92000004,2772,562325
Wales,2021-12-17,W92000004,3216,559553
Wales,2021-12-16,W92000004,3596,556337
Wales,2021-12-15,W92000004,3606,552741
Wales,2021-12-14,W92000004,3302,549135
Wales,2021-12-13,W92000004,2937,545833
Wales,2021-12-12,W92000004,1943,542896
Wales,2021-12-11,W92000004,1896,540953
Wales,2021-12-10,W92000004,2207,539057
Wales,2021-12-09,W92000004,2424,536850
Wales,2021-12-08,W92000004,2663,534426
Wales,2021-12-07,W92000004,2500,531763
Wales,2021-12-06,W92000004,2816,529263
Wales,2021-12-05,W92000004,1957,526447
Wales,2021-12-04,W92000004,1855,524490
Wales,2021-12-03,W92000004,2198,522635
Wales,2021-12-02,W92000004,2417,520437
Wales,2021-12-01,W92000004,2438,518020
Wales,2021-11-30,W92000004,2761,515582
Wales,2021-11-29,W92000004,2854,512821
Wales,2021-11-28,W92000004,2009,509967
Wales,2021-11-27,W92000004,1591,507958
Wales,2021-11-26,W92000004,1985,506367
Wales,2021-11-25,W92000004,2152,504382
Wales,2021-11-24,W92000004,2323,502230
Wales,2021-11-23,W92000004,2490,499907
Wales,2021-11-22,W92000004,2810,497417
Wales,2021-11-21,W92000004,1832,494607
Wales,2021-11-20,W92000004,1816,492775
Wales,2021-11-19,W92000004,1976,490959
Wales,2021-11-18,W92000004,2268,488983
Wales,2021-11-17,W92000004,2551,486715
Wales,2021-11-16,W92000004,2708,484164
Wales,2021-11-15,W92000004,2914,481456
Wales,2021-11-14,W92000004,2023,478542
Wales,2021-11-13,W92000004,1848,476519
Wales,2021-11-12,W92000004,2246,474671
Wales,2021-11-11,W92000004,2575,472425
Wales,2021-11-10,W92000004,2764,469850
Wales,2021-11-09,W92000004,2490,467086
Wales,2021-11-08,W92000004,2624,464596
Wales,2021-11-07,W92000004,1799,461972
Wales,2021-11-06,W92000004,1629,460173
Wales,2021-11-05,W92000004,2029,458544
Wales,2021-11-04,W92000004,2276,456515
Wales,2021-11-03,W92000004,2401,454239
Wales,2021-11-02,W92000004,2463,451838
Wales,2021-11-01,W92000004,2874,449375
Wales,2021-10-31,W92000004,2203,446501
Wales,2021-10-30,W92000004,2319,444298
Wales,2021-10-29,W92000004,2617,441979
Wales,2021-10-28,W92000004,2614,439362
Wales,2021-10-27,W92000004,2594,436748
Wales,2021-10-26,W92000004,2639,434154
Wales,2021-10-25,W92000004,2961,431515
Wales,2021-10-24,W92000004,2286,428554
Wales,2021-10-23,W92000004,2193,426268
Wales,2021-10-22,W92000004,2643,424075
Wales,2021-10-21,W92000004,2921,421432
Wales,2021-10-20,W92000004,3439,418511
Wales,2021-10-19,W92000004,3656,415072
Wales,2021-10-18,W92000004,4054,411416
Wales,2021-10-17,W92000004,2870,407362
Wales,2021-10-16,W92000004,3077,404492
Wales,2021-10-15,W92000004,3249,401415
Wales,2021-10-14,W92000004,3210,398166
Wales,2021-10-13,W92000004,3273,394956
Wales,2021-10-12,W92000004,3382,391683
Wales,2021-10-11,W92000004,2907,388301
Wales,2021-10-10,W92000004,1873,385394
Wales,2021-10-09,W92000004,1972,383521
Wales,2021-10-08,W92000004,2223,381549
Wales,2021-10-07,W92000004,2418,379326
Wales,2021-10-06,W92000004,2782,376908
Wales,2021-10-05,W92000004,2870,374126
Wales,2021-10-04,W92000004,2962,371256
Wales,2021-10-03,W92000004,1883,368294
Wales,2021-10-02,W92000004,1671,366411
Wales,2021-10-01,W92000004,1961,364740
Wales,2021-09-30,W92000004,2397,362779
Wales,2021-09-29,W92000004,2377,360382
Wales,2021-09-28,W92000004,2598,358005
Wales,2021-09-27,W92000004,2531,355407
Wales,2021-09-26,W92000004,2205,352876
Wales,2021-09-25,W92000004,2215,350671
Wales,2021-09-24,W92000004,2701,348456
Wales,2021-09-23,W92000004,3310,345755
Wales,2021-09-22,W92000004,3349,342445
Wales,2021-09-21,W92000004,3286,339096
Wales,2021-09-20,W92000004,3374,335810
Wales,2021-09-19,W92000004,2556,332436
Wales,2021-09-18,W92000004,2238,329880
Wales,2021-09-17,W92000004,2739,327642
Wales,2021-09-16,W92000004,2751,324903
Wales,2021-09-15,W92000004,2729,322152
Wales,2021-09-14,W92000004,2726,319423
Wales,2021-09-13,W92000004,2986,316697
Wales,2021-09-12,W92000004,1887,313711
Wales,2021-09-11,W92000004,1944,311824
Wales,2021-09-10,W92000004,1998,309880
Wales,2021-09-09,W92000004,2319,307882
Wales,2021-09-08,W92000004,2382,305563
Wales,2021-09-07,W92000004,2293,303181
Wales,2021-09-06,W92000004,2902,300888
Wales,2021-09-05,W92000004,2108,297986
Wales,2021-09-04,W92000004,2160,295878
Wales,2021-09-03,W92000004,2347,293718
Wales,2021-09-02,W92000004,2681,291371
Wales,2021-09-01,W92000004,2870,288690
Wales,2021-08-31,W92000004,3022,285820
Wales,2021-08-30,W92000004,1788,282798
Wales,2021-08-29,W92000004,1438,281010
Wales,2021-08-28,W92000004,1516,279572
Wales,2021-08-27,W92000004,1959,278056
Wales,2021-08-26,W92000004,2187,276097
Wales,2021-08-25,W92000004,2271,273910
Wales,2021-08-24,W92000004,2156,271639
Wales,2021-08-23,W92000004,2049,269483
Wales,2021-08-22,W92000004,1379,267434
Wales,2021-08-21,W92000004,1390,266055
Wales,2021-08-20,W92000004,1619,264665
Wales,2021-08-19,W92000004,1858,263046
Wales,2021-08-18,W92000004,1782,261188
Wales,2021-08-17,W92000004,1736,259406
Wales,2021-08-16,W92000004,1585,257670
Wales,2021-08-15,W92000004,1098,256085
Wales,2021-08-14,W92000004,1003,254987
Wales,2021-08-13,W92000004,1122,253984
Wales,2021-08-12,W92000004,1259,252862
Wales,2021-08-11,W92000004,1184,251603
Wales,2021-08-10,W92000004,946,250419
Wales,2021-08-09,W92000004,957,249473
Wales,2021-08-08,W92000004,585,248516
Wales,2021-08-07,W92000004,580,247931
Wales,2021-08-06,W92000004,707,247351
Wales,2021-08-05,W92000004,788,246644
Wales,2021-08-04,W92000004,796,245856
Wales,2021-08-03,W92000004,736,245060
Wales,2021-08-02,W92000004,760,244324
Wales,2021-08-01,W92000004,525,243564
Wales,2021-07-31,W92000004,478,243039
Wales,2021-07-30,W92000004,587,242561
Wales,2021-07-29,W92000004,689,241974
Wales,2021-07-28,W92000004,688,241285
Wales,2021-07-27,W92000004,768,240597
Wales,2021-07-26,W92000004,755,239829
Wales,2021-07-25,W92000004,530,239074
Wales,2021-07-24,W92000004,582,238544
Wales,2021-07-23,W92000004,684,237962
Wales,2021-07-22,W92000004,823,237278
Wales,2021-07-21,W92000004,802,236455
Wales,2021-07-20,W92000004,821,235653
Wales,2021-07-19,W92000004,910,234832
Wales,2021-07-18,W92000004,619,233922
Wales,2021-07-17,W92000004,640,233303
Wales,2021-07-16,W92000004,956,232663
Wales,2021-07-15,W92000004,1119,231707
Wales,2021-07-14,W92000004,1206,230588
Wales,2021-07-13,W92000004,1099,229382
Wales,2021-07-12,W92000004,916,228283
Wales,2021-07-11,W92000004,713,227367
Wales,2021-07-10,W92000004,656,226654
Wales,2021-07-09,W92000004,778,225998
Wales,2021-07-08,W92000004,713,225220
Wales,2021-07-07,W92000004,778,224507
Wales,2021-07-06,W92000004,771,223729
Wales,2021-07-05,W92000004,777,222958
Wales,2021-07-04,W92000004,555,222181
Wales,2021-07-03,W92000004,497,221626
Wales,2021-07-02,W92000004,575,221129
Wales,2021-07-01,W92000004,645,220554
Wales,2021-06-30,W92000004,597,219909
Wales,2021-06-29,W92000004,637,219312
Wales,2021-06-28,W92000004,628,218675
Wales,2021-06-27,W92000004,364,218047
Wales,2021-06-26,W92000004,252,217683
Wales,2021-06-25,W92000004,377,217431
Wales,2021-06-24,W92000004,413,217054
Wales,2021-06-23,W92000004,413,216641
Wales,2021-06-22,W92000004,344,216228
Wales,2021-06-21,W92000004,342,215884
Wales,2021-06-20,W92000004,187,215542
Wales,2021-06-19,W92000004,195,215355
Wales,2021-06-18,W92000004,174,215160
Wales,2021-06-17,W92000004,222,214986
Wales,2021-06-16,W92000004,189,214764
Wales,2021-06-15,W92000004,194,214575
Wales,2021-06-14,W92000004,159,214381
Wales,2021-06-13,W92000004,112,214222
Wales,2021-06-12,W92000004,85,214110
Wales,2021-06-11,W92000004,130,214025
Wales,2021-06-10,W92000004,141,213895
Wales,2021-06-09,W92000004,129,213754
Wales,2021-06-08,W92000004,117,213625
Wales,2021-06-07,W92000004,105,213508
Wales,2021-06-06,W92000004,68,213403
Wales,2021-06-05,W92000004,77,213335
Wales,2021-06-04,W92000004,65,213258
Wales,2021-06-03,W92000004,88,213193
Wales,2021-06-02,W92000004,81,213105
Wales,2021-06-01,W92000004,59,213024
Wales,2021-05-31,W92000004,60,212965
Wales,2021-05-30,W92000004,39,212905
Wales,2021-05-29,W92000004,41,212866
Wales,2021-05-28,W92000004,40,212825
Wales,2021-05-27,W92000004,37,212785
Wales,2021-05-26,W92000004,30,212748
Wales,2021-05-25,W92000004,50,212718
Wales,2021-05-24,W92000004,41,212668
Wales,2021-05-23,W92000004,21,212627
Wales,2021-05-22,W92000004,35,212606
Wales,2021-05-21,W92000004,52,212571
Wales,2021-05-20,W92000004,47,212519
Wales,2021-05-19,W92000004,35,212472
Wales,2021-05-18,W92000004,45,212437
Wales,2021-05-17,W92000004,51,212392
Wales,2021-05-16,W92000004,31,212341
Wales,2021-05-15,W92000004,28,212310
Wales,2021-05-14,W92000004,44,212282
Wales,2021-05-13,W92000004,39,212238
Wales,2021-05-12,W92000004,62,212199
Wales,2021-05-11,W92000004,66,212137
Wales,2021-05-10,W92000004,42,212071
Wales,2021-05-09,W92000004,30,212029
Wales,2021-05-08,W92000004,31,211999
Wales,2021-05-07,W92000004,39,211968
Wales,2021-05-06,W92000004,65,211929
Wales,2021-05-05,W92000004,45,211864
Wales,2021-05-04,W92000004,56,211819
Wales,2021-05-03,W92000004,27,211763
Wales,2021-05-02,W92000004,27,211736
Wales,2021-05-01,W92000004,32,211709
Wales,2021-04-30,W92000004,34,211677
Wales,2021-04-29,W92000004,55,211643
Wales,2021-04-28,W92000004,48,211588
Wales,2021-04-27,W92000004,60,211540
Wales,2021-04-26,W92000004,57,211480
Wales,2021-04-25,W92000004,32,211423
Wales,2021-04-24,W92000004,38,211391
Wales,2021-04-23,W92000004,48,211353
Wales,2021-04-22,W92000004,55,211305
Wales,2021-04-21,W92000004,63,211250
Wales,2021-04-20,W92000004,57,211187
Wales,2021-04-19,W92000004,74,211130
Wales,2021-04-18,W92000004,54,211056
Wales,2021-04-17,W92000004,38,211002
Wales,2021-04-16,W92000004,60,210964
Wales,2021-04-15,W92000004,70,210904
Wales,2021-04-14,W92000004,80,210834
Wales,2021-04-13,W92000004,64,210754
Wales,2021-04-12,W92000004,107,210690
Wales,2021-04-11,W92000004,55,210583
Wales,2021-04-10,W92000004,51,210528
Wales,2021-04-09,W92000004,72,210477
Wales,2021-04-08,W92000004,90,210405
Wales,2021-04-07,W92000004,105,210315
Wales,2021-04-06,W92000004,105,210210
Wales,2021-04-05,W92000004,72,210105
Wales,2021-04-04,W92000004,76,210033
Wales,2021-04-03,W92000004,58,209957
Wales,2021-04-02,W92000004,64,209899
Wales,2021-04-01,W92000004,94,209835
Wales,2021-03-31,W92000004,108,209741
Wales,2021-03-30,W92000004,138,209633
Wales,2021-03-29,W92000004,123,209495
Wales,2021-03-28,W92000004,103,209372
Wales,2021-03-27,W92000004,87,209269
Wales,2021-03-26,W92000004,152,209182
Wales,2021-03-25,W92000004,199,209030
Wales,2021-03-24,W92000004,190,208831
Wales,2021-03-23,W92000004,163,208641
Wales,2021-03-22,W92000004,198,208478
Wales,2021-03-21,W92000004,139,208280
Wales,2021-03-20,W92000004,152,208141
Wales,2021-03-19,W92000004,177,207989
Wales,2021-03-18,W92000004,218,207812
Wales,2021-03-17,W92000004,183,207594
Wales,2021-03-16,W92000004,183,207411
Wales,2021-03-15,W92000004,196,207228
Wales,2021-03-14,W92000004,159,207032
Wales,2021-03-13,W92000004,190,206873
Wales,2021-03-12,W92000004,206,206683
Wales,2021-03-11,W92000004,228,206477
Wales,2021-03-10,W92000004,202,206249
Wales,2021-03-09,W92000004,165,206047
Wales,2021-03-08,W92000004,258,205882
Wales,2021-03-07,W92000004,146,205624
Wales,2021-03-06,W92000004,169,205478
Wales,2021-03-05,W92000004,131,205309
Wales,2021-03-04,W92000004,199,205178
Wales,2021-03-03,W92000004,209,204979
Wales,2021-03-02,W92000004,237,204770
Wales,2021-03-01,W92000004,244,204533
Wales,2021-02-28,W92000004,207,204289
Wales,2021-02-27,W92000004,139,204082
Wales,2021-02-26,W92000004,202,203943
Wales,2021-02-25,W92000004,225,203741
Wales,2021-02-24,W92000004,264,203516
Wales,2021-02-23,W92000004,288,203252
Wales,2021-02-22,W92000004,336,202964
Wales,2021-02-21,W92000004,274,202628
Wales,2021-02-20,W92000004,267,202354
Wales,2021-02-19,W92000004,309,202087
Wales,2021-02-18,W92000004,343,201778
Wales,2021-02-17,W92000004,373,201435
Wales,2021-02-16,W92000004,442,201062
Wales,2021-02-15,W92000004,452,200620
Wales,2021-02-14,W92000004,288,200168
Wales,2021-02-13,W92000004,281,199880
Wales,2021-02-12,W92000004,408,199599
Wales,2021-02-11,W92000004,377,199191
Wales,2021-02-10,W92000004,448,198814
Wales,2021-02-09,W92000004,464,198366
Wales,2021-02-08,W92000004,492,197902
Wales,2021-02-07,W92000004,284,197410
Wales,2021-02-06,W92000004,359,197126
Wales,2021-02-05,W92000004,501,196767
Wales,2021-02-04,W92000004,501,196266
Wales,2021-02-03,W92000004,579,195765
Wales,2021-02-02,W92000004,597,195186
Wales,2021-02-01,W92000004,612,194589
Wales,2021-01-31,W92000004,465,193977
Wales,2021-01-30,W92000004,487,193512
Wales,2021-01-29,W92000004,600,193025
Wales,2021-01-28,W92000004,658,192425
Wales,2021-01-27,W92000004,703,191767
Wales,2021-01-26,W92000004,732,191064
Wales,2021-01-25,W92000004,850,190332
Wales,2021-01-24,W92000004,397,189482
Wales,2021-01-23,W92000004,542,189085
Wales,2021-01-22,W92000004,772,188543
Wales,2021-01-21,W92000004,909,187771
Wales,2021-01-20,W92000004,972,186862
Wales,2021-01-19,W92000004,1081,185890
Wales,2021-01-18,W92000004,1398,184809
Wales,2021-01-17,W92000004,827,183411
Wales,2021-01-16,W92000004,1005,182584
Wales,2021-01-15,W92000004,1214,181579
Wales,2021-01-14,W92000004,1313,180365
Wales,2021-01-13,W92000004,1464,179052
Wales,2021-01-12,W92000004,1601,177588
Wales,2021-01-11,W92000004,1736,175987
Wales,2021-01-10,W92000004,1176,174251
Wales,2021-01-09,W92000004,1142,173075
Wales,2021-01-08,W92000004,1598,171933
Wales,2021-01-07,W92000004,1667,170335
Wales,2021-01-06,W92000004,1993,168668
Wales,2021-01-05,W92000004,2386,166675
Wales,2021-01-04,W92000004,2659,164289
Wales,2021-01-03,W92000004,1811,161630
Wales,2021-01-02,W92000004,2093,159819
Wales,2021-01-01,W92000004,1214,157726
Wales,2020-12-31,W92000004,2009,156512
Wales,2020-12-30,W92000004,2698,154503
Wales,2020-12-29,W92000004,3563,151805
Wales,2020-12-28,W92000004,2356,148242
Wales,2020-12-27,W92000004,2495,145886
Wales,2020-12-26,W92000004,1893,143391
Wales,2020-12-25,W92000004,642,141498
Wales,2020-12-24,W92000004,1473,140856
Wales,2020-12-23,W92000004,2443,139383
Wales,2020-12-22,W92000004,2705,136940
Wales,2020-12-21,W92000004,2743,134235
Wales,2020-12-20,W92000004,2209,131492
Wales,2020-12-19,W92000004,2170,129283
Wales,2020-12-18,W92000004,2537,127113
Wales,2020-12-17,W92000004,2776,124576
Wales,2020-12-16,W92000004,3139,121800
Wales,2020-12-15,W92000004,3182,118661
Wales,2020-12-14,W92000004,3538,115479
Wales,2020-12-13,W92000004,2734,111941
Wales,2020-12-12,W92000004,2286,109207
Wales,2020-12-11,W92000004,2811,106921
Wales,2020-12-10,W92000004,2664,104110
Wales,2020-12-09,W92000004,2692,101446
Wales,2020-12-08,W92000004,2601,98754
Wales,2020-12-07,W92000004,2511,96153
Wales,2020-12-06,W92000004,1697,93642
Wales,2020-12-05,W92000004,1533,91945
Wales,2020-12-04,W92000004,1701,90412
Wales,2020-12-03,W92000004,1803,88711
Wales,2020-12-02,W92000004,1651,86908
Wales,2020-12-01,W92000004,1609,85257
Wales,2020-11-30,W92000004,1505,83648
Wales,2020-11-29,W92000004,966,82143
Wales,2020-11-28,W92000004,844,81177
Wales,2020-11-27,W92000004,1035,80333
Wales,2020-11-26,W92000004,1160,79298
Wales,2020-11-25,W92000004,1336,78138
Wales,2020-11-24,W92000004,1093,76802
Wales,2020-11-23,W92000004,1030,75709
Wales,2020-11-22,W92000004,717,74679
Wales,2020-11-21,W92000004,680,73962
Wales,2020-11-20,W92000004,936,73282
Wales,2020-11-19,W92000004,920,72346
Wales,2020-11-18,W92000004,987,71426
Wales,2020-11-17,W92000004,1041,70439
Wales,2020-11-16,W92000004,993,69398
Wales,2020-11-15,W92000004,627,68405
Wales,2020-11-14,W92000004,629,67778
Wales,2020-11-13,W92000004,859,67149
Wales,2020-11-12,W92000004,773,66290
Wales,2020-11-11,W92000004,855,65517
Wales,2020-11-10,W92000004,964,64662
Wales,2020-11-09,W92000004,1009,63698
Wales,2020-11-08,W92000004,698,62689
Wales,2020-11-07,W92000004,605,61991
Wales,2020-11-06,W92000004,877,61386
Wales,2020-11-05,W92000004,1016,60509
Wales,2020-11-04,W92000004,1095,59493
Wales,2020-11-03,W92000004,1235,58398
Wales,2020-11-02,W92000004,1409,57163
Wales,2020-11-01,W92000004,947,55754
Wales,2020-10-31,W92000004,879,54807
Wales,2020-10-30,W92000004,1241,53928
Wales,2020-10-29,W92000004,1583,52687
Wales,2020-10-28,W92000004,1357,51104
Wales,2020-10-27,W92000004,1478,49747
Wales,2020-10-26,W92000004,1557,48269
Wales,2020-10-25,W92000004,940,46712
Wales,2020-10-24,W92000004,1025,45772
Wales,2020-10-23,W92000004,1197,44747
Wales,2020-10-22,W92000004,1056,43550
Wales,2020-10-21,W92000004,1266,42494
Wales,2020-10-20,W92000004,1236,41228
Wales,2020-10-19,W92000004,1111,39992
Wales,2020-10-18,W92000004,716,38881
Wales,2020-10-17,W92000004,708,38165
Wales,2020-10-16,W92000004,951,37457
Wales,2020-10-15,W92000004,790,36506
Wales,2020-10-14,W92000004,906,35716
Wales,2020-10-13,W92000004,953,34810
Wales,2020-10-12,W92000004,782,33857
Wales,2020-10-11,W92000004,626,33075
Wales,2020-10-10,W92000004,620,32449
Wales,2020-10-09,W92000004,781,31829
Wales,2020-10-08,W92000004,827,31048
Wales,2020-10-07,W92000004,851,30221
Wales,2020-10-06,W92000004,771,29370
Wales,2020-10-05,W92000004,703,28599
Wales,2020-10-04,W92000004,614,27896
Wales,2020-10-03,W92000004,518,27282
Wales,2020-10-02,W92000004,603,26764
Wales,2020-10-01,W92000004,628,26161
Wales,2020-09-30,W92000004,601,25533
Wales,2020-09-29,W92000004,466,24932
Wales,2020-09-28,W92000004,426,24466
Wales,2020-09-27,W92000004,317,24040
Wales,2020-09-26,W92000004,403,23723
Wales,2020-09-25,W92000004,385,23320
Wales,2020-09-24,W92000004,316,22935
Wales,2020-09-23,W92000004,378,22619
Wales,2020-09-22,W92000004,380,22241
Wales,2020-09-21,W92000004,312,21861
Wales,2020-09-20,W92000004,252,21549
Wales,2020-09-19,W92000004,280,21297
Wales,2020-09-18,W92000004,246,21017
Wales,2020-09-17,W92000004,261,20771
Wales,2020-09-16,W92000004,207,20510
Wales,2020-09-15,W92000004,164,20303
Wales,2020-09-14,W92000004,192,20139
Wales,2020-09-13,W92000004,164,19947
Wales,2020-09-12,W92000004,140,19783
Wales,2020-09-11,W92000004,145,19643
Wales,2020-09-10,W92000004,186,19498
Wales,2020-09-09,W92000004,158,19312
Wales,2020-09-08,W92000004,143,19154
Wales,2020-09-07,W92000004,159,19011
Wales,2020-09-06,W92000004,131,18852
Wales,2020-09-05,W92000004,128,18721
Wales,2020-09-04,W92000004,149,18593
Wales,2020-09-03,W92000004,126,18444
Wales,2020-09-02,W92000004,95,18318
Wales,2020-09-01,W92000004,58,18223
Wales,2020-08-31,W92000004,44,18165
Wales,2020-08-30,W92000004,46,18121
Wales,2020-08-29,W92000004,44,18075
Wales,2020-08-28,W92000004,52,18031
Wales,2020-08-27,W92000004,50,17979
Wales,2020-08-26,W92000004,44,17929
Wales,2020-08-25,W92000004,50,17885
Wales,2020-08-24,W92000004,36,17835
Wales,2020-08-23,W92000004,11,17799
Wales,2020-08-22,W92000004,19,17788
Wales,2020-08-21,W92000004,23,17769
Wales,2020-08-20,W92000004,31,17746
Wales,2020-08-19,W92000004,35,17715
Wales,2020-08-18,W92000004,38,17680
Wales,2020-08-17,W92000004,19,17642
Wales,2020-08-16,W92000004,18,17623
Wales,2020-08-15,W92000004,10,17605
Wales,2020-08-14,W92000004,17,17595
Wales,2020-08-13,W92000004,17,17578
Wales,2020-08-12,W92000004,24,17561
Wales,2020-08-11,W92000004,27,17537
Wales,2020-08-10,W92000004,19,17510
Wales,2020-08-09,W92000004,8,17491
Wales,2020-08-08,W92000004,5,17483
Wales,2020-08-07,W92000004,16,17478
Wales,2020-08-06,W92000004,22,17462
Wales,2020-08-05,W92000004,22,17440
Wales,2020-08-04,W92000004,24,17418
Wales,2020-08-03,W92000004,22,17394
Wales,2020-08-02,W92000004,14,17372
Wales,2020-08-01,W92000004,16,17358
Wales,2020-07-31,W92000004,16,17342
Wales,2020-07-30,W92000004,30,17326
Wales,2020-07-29,W92000004,27,17296
Wales,2020-07-28,W92000004,27,17269
Wales,2020-07-27,W92000004,23,17242
Wales,2020-07-26,W92000004,35,17219
Wales,2020-07-25,W92000004,24,17184
Wales,2020-07-24,W92000004,30,17160
Wales,2020-07-23,W92000004,31,17130
Wales,2020-07-22,W92000004,25,17099
Wales,2020-07-21,W92000004,61,17074
Wales,2020-07-20,W92000004,43,17013
Wales,2020-07-19,W92000004,10,16970
Wales,2020-07-18,W92000004,11,16960
Wales,2020-07-17,W92000004,17,16949
Wales,2020-07-16,W92000004,25,16932
Wales,2020-07-15,W92000004,18,16907
Wales,2020-07-14,W92000004,23,16889
Wales,2020-07-13,W92000004,24,16866
Wales,2020-07-12,W92000004,10,16842
Wales,2020-07-11,W92000004,12,16832
Wales,2020-07-10,W92000004,29,16820
Wales,2020-07-09,W92000004,22,16791
Wales,2020-07-08,W92000004,14,16769
Wales,2020-07-07,W92000004,29,16755
Wales,2020-07-06,W92000004,35,16726
Wales,2020-07-05,W92000004,12,16691
Wales,2020-07-04,W92000004,8,16679
Wales,2020-07-03,W92000004,19,16671
Wales,2020-07-02,W92000004,28,16652
Wales,2020-07-01,W92000004,27,16624
Wales,2020-06-30,W92000004,35,16597
Wales,2020-06-29,W92000004,43,16562
Wales,2020-06-28,W92000004,28,16519
Wales,2020-06-27,W92000004,140,16491
Wales,2020-06-26,W92000004,19,16351
Wales,2020-06-25,W92000004,60,16332
Wales,2020-06-24,W92000004,37,16272
Wales,2020-06-23,W92000004,131,16235
Wales,2020-06-22,W92000004,66,16104
Wales,2020-06-21,W92000004,76,16038
Wales,2020-06-20,W92000004,47,15962
Wales,2020-06-19,W92000004,140,15915
Wales,2020-06-18,W92000004,62,15775
Wales,2020-06-17,W92000004,64,15713
Wales,2020-06-16,W92000004,82,15649
Wales,2020-06-15,W92000004,66,15567
Wales,2020-06-14,W92000004,54,15501
Wales,2020-06-13,W92000004,66,15447
Wales,2020-06-12,W92000004,75,15381
Wales,2020-06-11,W92000004,66,15306
Wales,2020-06-10,W92000004,67,15240
Wales,2020-06-09,W92000004,62,15173
Wales,2020-06-08,W92000004,74,15111
Wales,2020-06-07,W92000004,34,15037
Wales,2020-06-06,W92000004,51,15003
Wales,2020-06-05,W92000004,55,14952
Wales,2020-06-04,W92000004,59,14897
Wales,2020-06-03,W92000004,74,14838
Wales,2020-06-02,W92000004,71,14764
Wales,2020-06-01,W92000004,64,14693
Wales,2020-05-31,W92000004,46,14629
Wales,2020-05-30,W92000004,70,14583
Wales,2020-05-29,W92000004,106,14513
Wales,2020-05-28,W92000004,102,14407
Wales,2020-05-27,W92000004,118,14305
Wales,2020-05-26,W92000004,102,14187
Wales,2020-05-25,W92000004,106,14085
Wales,2020-05-24,W92000004,83,13979
Wales,2020-05-23,W92000004,122,13896
Wales,2020-05-22,W92000004,136,13774
Wales,2020-05-21,W92000004,132,13638
Wales,2020-05-20,W92000004,166,13506
Wales,2020-05-19,W92000004,212,13340
Wales,2020-05-18,W92000004,169,13128
Wales,2020-05-17,W92000004,117,12959
Wales,2020-05-16,W92000004,166,12842
Wales,2020-05-15,W92000004,180,12676
Wales,2020-05-14,W92000004,132,12496
Wales,2020-05-13,W92000004,154,12364
Wales,2020-05-12,W92000004,150,12210
Wales,2020-05-11,W92000004,178,12060
Wales,2020-05-10,W92000004,107,11882
Wales,2020-05-09,W92000004,136,11775
Wales,2020-05-08,W92000004,115,11639
Wales,2020-05-07,W92000004,176,11524
Wales,2020-05-06,W92000004,171,11348
Wales,2020-05-05,W92000004,175,11177
Wales,2020-05-04,W92000004,141,11002
Wales,2020-05-03,W92000004,108,10861
Wales,2020-05-02,W92000004,179,10753
Wales,2020-05-01,W92000004,177,10574
Wales,2020-04-30,W92000004,200,10397
Wales,2020-04-29,W92000004,176,10197
Wales,2020-04-28,W92000004,152,10021
Wales,2020-04-27,W92000004,173,9869
Wales,2020-04-26,W92000004,121,9696
Wales,2020-04-25,W92000004,137,9575
Wales,2020-04-24,W92000004,213,9438
Wales,2020-04-23,W92000004,200,9225
Wales,2020-04-22,W92000004,253,9025
Wales,2020-04-21,W92000004,259,8772
Wales,2020-04-20,W92000004,281,8513
Wales,2020-04-19,W92000004,181,8232
Wales,2020-04-18,W92000004,248,8051
Wales,2020-04-17,W92000004,324,7803
Wales,2020-04-16,W92000004,363,7479
Wales,2020-04-15,W92000004,361,7116
Wales,2020-04-14,W92000004,319,6755
Wales,2020-04-13,W92000004,273,6436
Wales,2020-04-12,W92000004,248,6163
Wales,2020-04-11,W92000004,247,5915
Wales,2020-04-10,W92000004,308,5668
Wales,2020-04-09,W92000004,391,5360
Wales,2020-04-08,W92000004,386,4969
Wales,2020-04-07,W92000004,386,4583
Wales,2020-04-06,W92000004,383,4197
Wales,2020-04-05,W92000004,224,3814
Wales,2020-04-04,W92000004,281,3590
Wales,2020-04-03,W92000004,330,3309
Wales,2020-04-02,W92000004,337,2979
Wales,2020-04-01,W92000004,327,2642
Wales,2020-03-31,W92000004,278,2315
Wales,2020-03-30,W92000004,343,2037
Wales,2020-03-29,W92000004,159,1694
Wales,2020-03-28,W92000004,167,1535
Wales,2020-03-27,W92000004,193,1368
Wales,2020-03-26,W92000004,177,1175
Wales,2020-03-25,W92000004,190,998
Wales,2020-03-24,W92000004,140,808
Wales,2020-03-23,W92000004,134,668
Wales,2020-03-22,W92000004,75,534
Wales,2020-03-21,W92000004,76,459
Wales,2020-03-20,W92000004,73,383
Wales,2020-03-19,W92000004,58,310
Wales,2020-03-18,W92000004,29,252
Wales,2020-03-17,W92000004,57,223
Wales,2020-03-16,W92000004,29,166
Wales,2020-03-15,W92000004,31,137
Wales,2020-03-14,W92000004,18,106
Wales,2020-03-13,W92000004,29,88
Wales,2020-03-12,W92000004,25,59
Wales,2020-03-11,W92000004,14,34
Wales,2020-03-10,W92000004,12,20
Wales,2020-03-09,W92000004,3,8
Wales,2020-03-08,W92000004,1,5
Wales,2020-03-07,W92000004,2,4
Wales,2020-03-06,W92000004,0,2
Wales,2020-03-05,W92000004,0,2
Wales,2020-03-04,W92000004,1,2
Wales,2020-03-03,W92000004,0,1
Wales,2020-03-02,W92000004,0,1
Wales,2020-03-01,W92000004,0,1
Wales,2020-02-29,W92000004,0,1
Wales,2020-02-28,W92000004,0,1
Wales,2020-02-27,W92000004,1,1
