areaName,date,areaCode,dailyCases,cumulativeCases
North West,2023-11-07,E12000002,46,2866182
North West,2023-11-06,E12000002,104,2866136
North West,2023-11-05,E12000002,71,2866032
North West,2023-11-04,E12000002,71,2865961
North West,2023-11-03,E12000002,93,2865890
North West,2023-11-02,E12000002,102,2865797
North West,2023-11-01,E12000002,126,2865695
North West,2023-10-31,E12000002,132,2865569
North West,2023-10-30,E12000002,121,2865437
North West,2023-10-29,E12000002,117,2865316
North West,2023-10-28,E12000002,98,2865199
North West,2023-10-27,E12000002,110,2865101
North West,2023-10-26,E12000002,135,2864991
North West,2023-10-25,E12000002,114,2864856
North West,2023-10-24,E12000002,160,2864742
North West,2023-10-23,E12000002,156,2864582
North West,2023-10-22,E12000002,122,2864426
North West,2023-10-21,E12000002,102,2864304
North West,2023-10-20,E12000002,170,2864202
North West,2023-10-19,E12000002,191,2864032
North West,2023-10-18,E12000002,177,2863841
North West,2023-10-17,E12000002,191,2863664
North West,2023-10-16,E12000002,229,2863473
North West,2023-10-15,E12000002,163,2863244
North West,2023-10-14,E12000002,148,2863081
North West,2023-10-13,E12000002,197,2862933
North West,2023-10-12,E12000002,203,2862736
North West,2023-10-11,E12000002,252,2862533
North West,2023-10-10,E12000002,302,2862281
North West,2023-10-09,E12000002,329,2861979
North West,2023-10-08,E12000002,282,2861650
North West,2023-10-07,E12000002,244,2861368
North West,2023-10-06,E12000002,277,2861124
North West,2023-10-05,E12000002,311,2860847
North West,2023-10-04,E12000002,329,2860536
North West,2023-10-03,E12000002,351,2860207
North West,2023-10-02,E12000002,322,2859856
North West,2023-10-01,E12000002,320,2859534
North West,2023-09-30,E12000002,269,2859214
North West,2023-09-29,E12000002,262,2858945
North West,2023-09-28,E12000002,307,2858683
North West,2023-09-27,E12000002,334,2858376
North West,2023-09-26,E12000002,357,2858042
North West,2023-09-25,E12000002,312,2857685
North West,2023-09-24,E12000002,260,2857373
North West,2023-09-23,E12000002,196,2857113
North West,2023-09-22,E12000002,235,2856917
North West,2023-09-21,E12000002,256,2856682
North West,2023-09-20,E12000002,250,2856426
North West,2023-09-19,E12000002,285,2856176
North West,2023-09-18,E12000002,226,2855891
North West,2023-09-17,E12000002,194,2855665
North West,2023-09-16,E12000002,164,2855471
North West,2023-09-15,E12000002,170,2855307
North West,2023-09-14,E12000002,216,2855137
North West,2023-09-13,E12000002,188,2854921
North West,2023-09-12,E12000002,213,2854733
North West,2023-09-11,E12000002,222,2854520
North West,2023-09-10,E12000002,203,2854298
North West,2023-09-09,E12000002,167,2854095
North West,2023-09-08,E12000002,200,2853928
North West,2023-09-07,E12000002,200,2853728
North West,2023-09-06,E12000002,257,2853528
North West,2023-09-05,E12000002,262,2853271
North West,2023-09-04,E12000002,257,2853009
North West,2023-09-03,E12000002,200,2852752
North West,2023-09-02,E12000002,183,2852552
North West,2023-09-01,E12000002,188,2852369
North West,2023-08-31,E12000002,209,2852181
North West,2023-08-30,E12000002,200,2851972
North West,2023-08-29,E12000002,214,2851772
North West,2023-08-28,E12000002,133,2851558
North West,2023-08-27,E12000002,130,2851425
North West,2023-08-26,E12000002,111,2851295
North West,2023-08-25,E12000002,131,2851184
North West,2023-08-24,E12000002,141,2851053
North West,2023-08-23,E12000002,146,2850912
North West,2023-08-22,E12000002,153,2850766
North West,2023-08-21,E12000002,171,2850613
North West,2023-08-20,E12000002,109,2850442
North West,2023-08-19,E12000002,106,2850333
North West,2023-08-18,E12000002,122,2850227
North West,2023-08-17,E12000002,133,2850105
North West,2023-08-16,E12000002,154,2849972
North West,2023-08-15,E12000002,134,2849818
North West,2023-08-14,E12000002,126,2849684
North West,2023-08-13,E12000002,125,2849558
North West,2023-08-12,E12000002,111,2849433
North West,2023-08-11,E12000002,103,2849322
North West,2023-08-10,E12000002,126,2849219
North West,2023-08-09,E12000002,152,2849093
North West,2023-08-08,E12000002,153,2848941
North West,2023-08-07,E12000002,132,2848788
North West,2023-08-06,E12000002,128,2848656
North West,2023-08-05,E12000002,109,2848528
North West,2023-08-04,E12000002,113,2848419
North West,2023-08-03,E12000002,113,2848306
North West,2023-08-02,E12000002,105,2848193
North West,2023-08-01,E12000002,107,2848088
North West,2023-07-31,E12000002,96,2847981
North West,2023-07-30,E12000002,120,2847885
North West,2023-07-29,E12000002,87,2847765
North West,2023-07-28,E12000002,72,2847678
North West,2023-07-27,E12000002,108,2847606
North West,2023-07-26,E12000002,91,2847498
North West,2023-07-25,E12000002,108,2847407
North West,2023-07-24,E12000002,76,2847299
North West,2023-07-23,E12000002,74,2847223
North West,2023-07-22,E12000002,51,2847149
North West,2023-07-21,E12000002,56,2847098
North West,2023-07-20,E12000002,62,2847042
North West,2023-07-19,E12000002,71,2846980
North West,2023-07-18,E12000002,83,2846909
North West,2023-07-17,E12000002,59,2846826
North West,2023-07-16,E12000002,45,2846767
North West,2023-07-15,E12000002,45,2846722
North West,2023-07-14,E12000002,46,2846677
North West,2023-07-13,E12000002,62,2846631
North West,2023-07-12,E12000002,61,2846569
North West,2023-07-11,E12000002,48,2846508
North West,2023-07-10,E12000002,44,2846460
North West,2023-07-09,E12000002,46,2846416
North West,2023-07-08,E12000002,50,2846370
North West,2023-07-07,E12000002,53,2846320
North West,2023-07-06,E12000002,38,2846267
North West,2023-07-05,E12000002,41,2846229
North West,2023-07-04,E12000002,41,2846188
North West,2023-07-03,E12000002,45,2846147
North West,2023-07-02,E12000002,36,2846102
North West,2023-07-01,E12000002,24,2846066
North West,2023-06-30,E12000002,38,2846042
North West,2023-06-29,E12000002,41,2846004
North West,2023-06-28,E12000002,35,2845963
North West,2023-06-27,E12000002,37,2845928
North West,2023-06-26,E12000002,41,2845891
North West,2023-06-25,E12000002,32,2845850
North West,2023-06-24,E12000002,29,2845818
North West,2023-06-23,E12000002,32,2845789
North West,2023-06-22,E12000002,39,2845757
North West,2023-06-21,E12000002,46,2845718
North West,2023-06-20,E12000002,38,2845672
North West,2023-06-19,E12000002,62,2845634
North West,2023-06-18,E12000002,39,2845572
North West,2023-06-17,E12000002,47,2845533
North West,2023-06-16,E12000002,35,2845486
North West,2023-06-15,E12000002,39,2845451
North West,2023-06-14,E12000002,55,2845412
North West,2023-06-13,E12000002,56,2845357
North West,2023-06-12,E12000002,87,2845301
North West,2023-06-11,E12000002,55,2845214
North West,2023-06-10,E12000002,41,2845159
North West,2023-06-09,E12000002,48,2845118
North West,2023-06-08,E12000002,62,2845070
North West,2023-06-07,E12000002,97,2845008
North West,2023-06-06,E12000002,89,2844911
North West,2023-06-05,E12000002,85,2844822
North West,2023-06-04,E12000002,73,2844737
North West,2023-06-03,E12000002,44,2844664
North West,2023-06-02,E12000002,76,2844620
North West,2023-06-01,E12000002,86,2844544
North West,2023-05-31,E12000002,104,2844458
North West,2023-05-30,E12000002,105,2844354
North West,2023-05-29,E12000002,97,2844249
North West,2023-05-28,E12000002,66,2844152
North West,2023-05-27,E12000002,81,2844086
North West,2023-05-26,E12000002,92,2844005
North West,2023-05-25,E12000002,105,2843913
North West,2023-05-24,E12000002,116,2843808
North West,2023-05-23,E12000002,127,2843692
North West,2023-05-22,E12000002,131,2843565
North West,2023-05-21,E12000002,82,2843434
North West,2023-05-20,E12000002,65,2843352
North West,2023-05-19,E12000002,97,2843287
North West,2023-05-18,E12000002,124,2843190
North West,2023-05-17,E12000002,109,2843066
North West,2023-05-16,E12000002,128,2842957
North West,2023-05-15,E12000002,100,2842829
North West,2023-05-14,E12000002,109,2842729
North West,2023-05-13,E12000002,86,2842620
North West,2023-05-12,E12000002,103,2842534
North West,2023-05-11,E12000002,142,2842431
North West,2023-05-10,E12000002,118,2842289
North West,2023-05-09,E12000002,184,2842171
North West,2023-05-08,E12000002,144,2841987
North West,2023-05-07,E12000002,123,2841843
North West,2023-05-06,E12000002,108,2841720
North West,2023-05-05,E12000002,116,2841612
North West,2023-05-04,E12000002,170,2841496
North West,2023-05-03,E12000002,192,2841326
North West,2023-05-02,E12000002,210,2841134
North West,2023-05-01,E12000002,185,2840924
North West,2023-04-30,E12000002,156,2840739
North West,2023-04-29,E12000002,141,2840583
North West,2023-04-28,E12000002,162,2840442
North West,2023-04-27,E12000002,193,2840280
North West,2023-04-26,E12000002,191,2840087
North West,2023-04-25,E12000002,208,2839896
North West,2023-04-24,E12000002,196,2839688
North West,2023-04-23,E12000002,218,2839492
North West,2023-04-22,E12000002,148,2839274
North West,2023-04-21,E12000002,186,2839126
North West,2023-04-20,E12000002,200,2838940
North West,2023-04-19,E12000002,212,2838740
North West,2023-04-18,E12000002,251,2838528
North West,2023-04-17,E12000002,303,2838277
North West,2023-04-16,E12000002,267,2837974
North West,2023-04-15,E12000002,170,2837707
North West,2023-04-14,E12000002,196,2837537
North West,2023-04-13,E12000002,232,2837341
North West,2023-04-12,E12000002,257,2837109
North West,2023-04-11,E12000002,268,2836852
North West,2023-04-10,E12000002,283,2836584
North West,2023-04-09,E12000002,223,2836301
North West,2023-04-08,E12000002,218,2836078
North West,2023-04-07,E12000002,213,2835860
North West,2023-04-06,E12000002,268,2835647
North West,2023-04-05,E12000002,327,2835379
North West,2023-04-04,E12000002,317,2835052
North West,2023-04-03,E12000002,370,2834735
North West,2023-04-02,E12000002,373,2834365
North West,2023-04-01,E12000002,316,2833992
North West,2023-03-31,E12000002,370,2833676
North West,2023-03-30,E12000002,461,2833306
North West,2023-03-29,E12000002,541,2832845
North West,2023-03-28,E12000002,555,2832304
North West,2023-03-27,E12000002,611,2831749
North West,2023-03-26,E12000002,481,2831138
North West,2023-03-25,E12000002,387,2830657
North West,2023-03-24,E12000002,520,2830270
North West,2023-03-23,E12000002,599,2829750
North West,2023-03-22,E12000002,681,2829151
North West,2023-03-21,E12000002,754,2828470
North West,2023-03-20,E12000002,655,2827716
North West,2023-03-19,E12000002,536,2827061
North West,2023-03-18,E12000002,433,2826525
North West,2023-03-17,E12000002,522,2826092
North West,2023-03-16,E12000002,661,2825570
North West,2023-03-15,E12000002,613,2824909
North West,2023-03-14,E12000002,798,2824296
North West,2023-03-13,E12000002,795,2823498
North West,2023-03-12,E12000002,571,2822703
North West,2023-03-11,E12000002,469,2822132
North West,2023-03-10,E12000002,463,2821663
North West,2023-03-09,E12000002,546,2821200
North West,2023-03-08,E12000002,628,2820654
North West,2023-03-07,E12000002,688,2820026
North West,2023-03-06,E12000002,718,2819338
North West,2023-03-05,E12000002,427,2818620
North West,2023-03-04,E12000002,357,2818193
North West,2023-03-03,E12000002,481,2817836
North West,2023-03-02,E12000002,534,2817355
North West,2023-03-01,E12000002,601,2816821
North West,2023-02-28,E12000002,660,2816220
North West,2023-02-27,E12000002,609,2815560
North West,2023-02-26,E12000002,367,2814951
North West,2023-02-25,E12000002,270,2814584
North West,2023-02-24,E12000002,410,2814314
North West,2023-02-23,E12000002,432,2813904
North West,2023-02-22,E12000002,475,2813472
North West,2023-02-21,E12000002,642,2812997
North West,2023-02-20,E12000002,539,2812355
North West,2023-02-19,E12000002,443,2811816
North West,2023-02-18,E12000002,369,2811373
North West,2023-02-17,E12000002,411,2811004
North West,2023-02-16,E12000002,488,2810593
North West,2023-02-15,E12000002,403,2810105
North West,2023-02-14,E12000002,494,2809702
North West,2023-02-13,E12000002,533,2809208
North West,2023-02-12,E12000002,337,2808675
North West,2023-02-11,E12000002,259,2808338
North West,2023-02-10,E12000002,348,2808079
North West,2023-02-09,E12000002,350,2807731
North West,2023-02-08,E12000002,384,2807381
North West,2023-02-07,E12000002,459,2806997
North West,2023-02-06,E12000002,395,2806538
North West,2023-02-05,E12000002,261,2806143
North West,2023-02-04,E12000002,225,2805882
North West,2023-02-03,E12000002,346,2805657
North West,2023-02-02,E12000002,323,2805311
North West,2023-02-01,E12000002,379,2804988
North West,2023-01-31,E12000002,354,2804609
North West,2023-01-30,E12000002,352,2804255
North West,2023-01-29,E12000002,282,2803903
North West,2023-01-28,E12000002,219,2803621
North West,2023-01-27,E12000002,289,2803402
North West,2023-01-26,E12000002,281,2803113
North West,2023-01-25,E12000002,267,2802832
North West,2023-01-24,E12000002,318,2802565
North West,2023-01-23,E12000002,322,2802247
North West,2023-01-22,E12000002,225,2801925
North West,2023-01-21,E12000002,191,2801700
North West,2023-01-20,E12000002,201,2801509
North West,2023-01-19,E12000002,262,2801308
North West,2023-01-18,E12000002,252,2801046
North West,2023-01-17,E12000002,260,2800794
North West,2023-01-16,E12000002,323,2800534
North West,2023-01-15,E12000002,233,2800211
North West,2023-01-14,E12000002,184,2799978
North West,2023-01-13,E12000002,298,2799794
North West,2023-01-12,E12000002,315,2799496
North West,2023-01-11,E12000002,339,2799181
North West,2023-01-10,E12000002,390,2798842
North West,2023-01-09,E12000002,536,2798452
North West,2023-01-08,E12000002,325,2797916
North West,2023-01-07,E12000002,367,2797591
North West,2023-01-06,E12000002,469,2797224
North West,2023-01-05,E12000002,585,2796755
North West,2023-01-04,E12000002,721,2796170
North West,2023-01-03,E12000002,789,2795449
North West,2023-01-02,E12000002,578,2794660
North West,2023-01-01,E12000002,410,2794082
North West,2022-12-31,E12000002,486,2793672
North West,2022-12-30,E12000002,693,2793186
North West,2022-12-29,E12000002,863,2792493
North West,2022-12-28,E12000002,967,2791630
North West,2022-12-27,E12000002,671,2790663
North West,2022-12-26,E12000002,520,2789992
North West,2022-12-25,E12000002,352,2789472
North West,2022-12-24,E12000002,379,2789120
North West,2022-12-23,E12000002,605,2788741
North West,2022-12-22,E12000002,800,2788136
North West,2022-12-21,E12000002,781,2787336
North West,2022-12-20,E12000002,818,2786555
North West,2022-12-19,E12000002,979,2785737
North West,2022-12-18,E12000002,532,2784758
North West,2022-12-17,E12000002,448,2784226
North West,2022-12-16,E12000002,575,2783778
North West,2022-12-15,E12000002,569,2783203
North West,2022-12-14,E12000002,715,2782634
North West,2022-12-13,E12000002,866,2781919
North West,2022-12-12,E12000002,756,2781053
North West,2022-12-11,E12000002,496,2780297
North West,2022-12-10,E12000002,350,2779801
North West,2022-12-09,E12000002,480,2779451
North West,2022-12-08,E12000002,468,2778971
North West,2022-12-07,E12000002,543,2778503
North West,2022-12-06,E12000002,569,2777960
North West,2022-12-05,E12000002,590,2777391
North West,2022-12-04,E12000002,421,2776801
North West,2022-12-03,E12000002,285,2776380
North West,2022-12-02,E12000002,357,2776095
North West,2022-12-01,E12000002,424,2775738
North West,2022-11-30,E12000002,463,2775314
North West,2022-11-29,E12000002,518,2774851
North West,2022-11-28,E12000002,561,2774333
North West,2022-11-27,E12000002,392,2773772
North West,2022-11-26,E12000002,258,2773380
North West,2022-11-25,E12000002,345,2773122
North West,2022-11-24,E12000002,388,2772777
North West,2022-11-23,E12000002,486,2772389
North West,2022-11-22,E12000002,441,2771903
North West,2022-11-21,E12000002,451,2771462
North West,2022-11-20,E12000002,318,2771011
North West,2022-11-19,E12000002,268,2770693
North West,2022-11-18,E12000002,308,2770425
North West,2022-11-17,E12000002,321,2770117
North West,2022-11-16,E12000002,379,2769796
North West,2022-11-15,E12000002,415,2769417
North West,2022-11-14,E12000002,485,2769002
North West,2022-11-13,E12000002,356,2768517
North West,2022-11-12,E12000002,320,2768161
North West,2022-11-11,E12000002,358,2767841
North West,2022-11-10,E12000002,392,2767483
North West,2022-11-09,E12000002,411,2767091
North West,2022-11-08,E12000002,491,2766680
North West,2022-11-07,E12000002,562,2766189
North West,2022-11-06,E12000002,358,2765627
North West,2022-11-05,E12000002,291,2765269
North West,2022-11-04,E12000002,358,2764978
North West,2022-11-03,E12000002,415,2764620
North West,2022-11-02,E12000002,484,2764205
North West,2022-11-01,E12000002,532,2763721
North West,2022-10-31,E12000002,604,2763189
North West,2022-10-30,E12000002,554,2762585
North West,2022-10-29,E12000002,408,2762031
North West,2022-10-28,E12000002,479,2761623
North West,2022-10-27,E12000002,594,2761144
North West,2022-10-26,E12000002,613,2760550
North West,2022-10-25,E12000002,660,2759937
North West,2022-10-24,E12000002,758,2759277
North West,2022-10-23,E12000002,600,2758519
North West,2022-10-22,E12000002,508,2757919
North West,2022-10-21,E12000002,690,2757411
North West,2022-10-20,E12000002,718,2756721
North West,2022-10-19,E12000002,776,2756003
North West,2022-10-18,E12000002,863,2755227
North West,2022-10-17,E12000002,1039,2754364
North West,2022-10-16,E12000002,835,2753325
North West,2022-10-15,E12000002,701,2752490
North West,2022-10-14,E12000002,837,2751789
North West,2022-10-13,E12000002,768,2750952
North West,2022-10-12,E12000002,945,2750184
North West,2022-10-11,E12000002,1047,2749239
North West,2022-10-10,E12000002,1133,2748192
North West,2022-10-09,E12000002,879,2747059
North West,2022-10-08,E12000002,679,2746180
North West,2022-10-07,E12000002,847,2745501
North West,2022-10-06,E12000002,969,2744654
North West,2022-10-05,E12000002,1071,2743685
North West,2022-10-04,E12000002,1162,2742614
North West,2022-10-03,E12000002,1269,2741452
North West,2022-10-02,E12000002,913,2740183
North West,2022-10-01,E12000002,709,2739270
North West,2022-09-30,E12000002,816,2738561
North West,2022-09-29,E12000002,873,2737745
North West,2022-09-28,E12000002,935,2736872
North West,2022-09-27,E12000002,944,2735937
North West,2022-09-26,E12000002,933,2734993
North West,2022-09-25,E12000002,781,2734060
North West,2022-09-24,E12000002,595,2733279
North West,2022-09-23,E12000002,677,2732684
North West,2022-09-22,E12000002,745,2732007
North West,2022-09-21,E12000002,807,2731262
North West,2022-09-20,E12000002,913,2730455
North West,2022-09-19,E12000002,699,2729542
North West,2022-09-18,E12000002,514,2728843
North West,2022-09-17,E12000002,398,2728329
North West,2022-09-16,E12000002,434,2727931
North West,2022-09-15,E12000002,521,2727497
North West,2022-09-14,E12000002,560,2726976
North West,2022-09-13,E12000002,602,2726416
North West,2022-09-12,E12000002,543,2725814
North West,2022-09-11,E12000002,510,2725271
North West,2022-09-10,E12000002,310,2724761
North West,2022-09-09,E12000002,354,2724451
North West,2022-09-08,E12000002,367,2724097
North West,2022-09-07,E12000002,528,2723730
North West,2022-09-06,E12000002,494,2723202
North West,2022-09-05,E12000002,593,2722708
North West,2022-09-04,E12000002,535,2722115
North West,2022-09-03,E12000002,376,2721580
North West,2022-09-02,E12000002,427,2721204
North West,2022-09-01,E12000002,438,2720777
North West,2022-08-31,E12000002,485,2720339
North West,2022-08-30,E12000002,600,2719854
North West,2022-08-29,E12000002,459,2719254
North West,2022-08-28,E12000002,370,2718795
North West,2022-08-27,E12000002,332,2718425
North West,2022-08-26,E12000002,399,2718093
North West,2022-08-25,E12000002,363,2717694
North West,2022-08-24,E12000002,480,2717331
North West,2022-08-23,E12000002,512,2716851
North West,2022-08-22,E12000002,616,2716339
North West,2022-08-21,E12000002,452,2715723
North West,2022-08-20,E12000002,378,2715271
North West,2022-08-19,E12000002,449,2714893
North West,2022-08-18,E12000002,519,2714444
North West,2022-08-17,E12000002,572,2713925
North West,2022-08-16,E12000002,655,2713353
North West,2022-08-15,E12000002,768,2712698
North West,2022-08-14,E12000002,665,2711930
North West,2022-08-13,E12000002,560,2711265
North West,2022-08-12,E12000002,619,2710705
North West,2022-08-11,E12000002,739,2710086
North West,2022-08-10,E12000002,844,2709347
North West,2022-08-09,E12000002,941,2708503
North West,2022-08-08,E12000002,1006,2707562
North West,2022-08-07,E12000002,790,2706556
North West,2022-08-06,E12000002,683,2705766
North West,2022-08-05,E12000002,750,2705083
North West,2022-08-04,E12000002,951,2704333
North West,2022-08-03,E12000002,1010,2703382
North West,2022-08-02,E12000002,1154,2702372
North West,2022-08-01,E12000002,1249,2701218
North West,2022-07-31,E12000002,1012,2699969
North West,2022-07-30,E12000002,920,2698957
North West,2022-07-29,E12000002,1065,2698037
North West,2022-07-28,E12000002,1179,2696972
North West,2022-07-27,E12000002,1310,2695793
North West,2022-07-26,E12000002,1425,2694483
North West,2022-07-25,E12000002,1621,2693058
North West,2022-07-24,E12000002,1422,2691437
North West,2022-07-23,E12000002,1168,2690015
North West,2022-07-22,E12000002,1466,2688847
North West,2022-07-21,E12000002,1710,2687381
North West,2022-07-20,E12000002,2063,2685671
North West,2022-07-19,E12000002,2080,2683608
North West,2022-07-18,E12000002,2270,2681528
North West,2022-07-17,E12000002,2110,2679258
North West,2022-07-16,E12000002,1830,2677148
North West,2022-07-15,E12000002,2185,2675318
North West,2022-07-14,E12000002,2524,2673133
North West,2022-07-13,E12000002,2832,2670609
North West,2022-07-12,E12000002,3357,2667777
North West,2022-07-11,E12000002,3686,2664420
North West,2022-07-10,E12000002,3097,2660734
North West,2022-07-09,E12000002,2318,2657637
North West,2022-07-08,E12000002,2804,2655319
North West,2022-07-07,E12000002,3005,2652515
North West,2022-07-06,E12000002,3289,2649510
North West,2022-07-05,E12000002,3557,2646221
North West,2022-07-04,E12000002,3875,2642664
North West,2022-07-03,E12000002,3045,2638789
North West,2022-07-02,E12000002,2440,2635744
North West,2022-07-01,E12000002,2617,2633304
North West,2022-06-30,E12000002,2710,2630687
North West,2022-06-29,E12000002,2741,2627977
North West,2022-06-28,E12000002,2680,2625236
North West,2022-06-27,E12000002,2786,2622556
North West,2022-06-26,E12000002,2320,2619770
North West,2022-06-25,E12000002,1743,2617450
North West,2022-06-24,E12000002,1926,2615707
North West,2022-06-23,E12000002,1962,2613781
North West,2022-06-22,E12000002,2293,2611819
North West,2022-06-21,E12000002,2182,2609526
North West,2022-06-20,E12000002,2148,2607344
North West,2022-06-19,E12000002,1857,2605196
North West,2022-06-18,E12000002,1352,2603339
North West,2022-06-17,E12000002,1371,2601987
North West,2022-06-16,E12000002,1446,2600616
North West,2022-06-15,E12000002,1424,2599170
North West,2022-06-14,E12000002,1529,2597746
North West,2022-06-13,E12000002,1481,2596217
North West,2022-06-12,E12000002,1210,2594736
North West,2022-06-11,E12000002,969,2593526
North West,2022-06-10,E12000002,1004,2592557
North West,2022-06-09,E12000002,961,2591553
North West,2022-06-08,E12000002,1081,2590592
North West,2022-06-07,E12000002,1037,2589511
North West,2022-06-06,E12000002,1020,2588474
North West,2022-06-05,E12000002,893,2587454
North West,2022-06-04,E12000002,692,2586561
North West,2022-06-03,E12000002,577,2585869
North West,2022-06-02,E12000002,552,2585292
North West,2022-06-01,E12000002,601,2584740
North West,2022-05-31,E12000002,681,2584139
North West,2022-05-30,E12000002,635,2583458
North West,2022-05-29,E12000002,529,2582823
North West,2022-05-28,E12000002,447,2582294
North West,2022-05-27,E12000002,502,2581847
North West,2022-05-26,E12000002,592,2581345
North West,2022-05-25,E12000002,592,2580753
North West,2022-05-24,E12000002,674,2580161
North West,2022-05-23,E12000002,700,2579487
North West,2022-05-22,E12000002,604,2578787
North West,2022-05-21,E12000002,498,2578183
North West,2022-05-20,E12000002,656,2577685
North West,2022-05-19,E12000002,689,2577029
North West,2022-05-18,E12000002,773,2576340
North West,2022-05-17,E12000002,827,2575567
North West,2022-05-16,E12000002,1034,2574740
North West,2022-05-15,E12000002,807,2573706
North West,2022-05-14,E12000002,631,2572899
North West,2022-05-13,E12000002,709,2572268
North West,2022-05-12,E12000002,809,2571559
North West,2022-05-11,E12000002,893,2570750
North West,2022-05-10,E12000002,1011,2569857
North West,2022-05-09,E12000002,1200,2568846
North West,2022-05-08,E12000002,1035,2567646
North West,2022-05-07,E12000002,785,2566611
North West,2022-05-06,E12000002,999,2565826
North West,2022-05-05,E12000002,1122,2564827
North West,2022-05-04,E12000002,1285,2563705
North West,2022-05-03,E12000002,1528,2562420
North West,2022-05-02,E12000002,1365,2560892
North West,2022-05-01,E12000002,959,2559527
North West,2022-04-30,E12000002,887,2558568
North West,2022-04-29,E12000002,1055,2557681
North West,2022-04-28,E12000002,1162,2556626
North West,2022-04-27,E12000002,1271,2555464
North West,2022-04-26,E12000002,1523,2554193
North West,2022-04-25,E12000002,1788,2552670
North West,2022-04-24,E12000002,1507,2550882
North West,2022-04-23,E12000002,1277,2549375
North West,2022-04-22,E12000002,1609,2548098
North West,2022-04-21,E12000002,1785,2546489
North West,2022-04-20,E12000002,2159,2544704
North West,2022-04-19,E12000002,2775,2542545
North West,2022-04-18,E12000002,2580,2539770
North West,2022-04-17,E12000002,2091,2537190
North West,2022-04-16,E12000002,1916,2535099
North West,2022-04-15,E12000002,2121,2533183
North West,2022-04-14,E12000002,2551,2531062
North West,2022-04-13,E12000002,3084,2528511
North West,2022-04-12,E12000002,3274,2525427
North West,2022-04-11,E12000002,3695,2522153
North West,2022-04-10,E12000002,2908,2518458
North West,2022-04-09,E12000002,2635,2515550
North West,2022-04-08,E12000002,3058,2512915
North West,2022-04-07,E12000002,3671,2509857
North West,2022-04-06,E12000002,4200,2506186
North West,2022-04-05,E12000002,4765,2501986
North West,2022-04-04,E12000002,5220,2497221
North West,2022-04-03,E12000002,4270,2492001
North West,2022-04-02,E12000002,3536,2487731
North West,2022-04-01,E12000002,4485,2484195
North West,2022-03-31,E12000002,5129,2479710
North West,2022-03-30,E12000002,7615,2474581
North West,2022-03-29,E12000002,8213,2466966
North West,2022-03-28,E12000002,9332,2458753
North West,2022-03-27,E12000002,6768,2449421
North West,2022-03-26,E12000002,5791,2442653
North West,2022-03-25,E12000002,6994,2436862
North West,2022-03-24,E12000002,7909,2429868
North West,2022-03-23,E12000002,8607,2421959
North West,2022-03-22,E12000002,9244,2413352
North West,2022-03-21,E12000002,10671,2404108
North West,2022-03-20,E12000002,7511,2393437
North West,2022-03-19,E12000002,5997,2385926
North West,2022-03-18,E12000002,6817,2379929
North West,2022-03-17,E12000002,7275,2373112
North West,2022-03-16,E12000002,7954,2365837
North West,2022-03-15,E12000002,8091,2357883
North West,2022-03-14,E12000002,8581,2349792
North West,2022-03-13,E12000002,6419,2341211
North West,2022-03-12,E12000002,5115,2334792
North West,2022-03-11,E12000002,5562,2329677
North West,2022-03-10,E12000002,5792,2324115
North West,2022-03-09,E12000002,5792,2318323
North West,2022-03-08,E12000002,5465,2312531
North West,2022-03-07,E12000002,5400,2307066
North West,2022-03-06,E12000002,3598,2301666
North West,2022-03-05,E12000002,2775,2298068
North West,2022-03-04,E12000002,3176,2295293
North West,2022-03-03,E12000002,3200,2292117
North West,2022-03-02,E12000002,3364,2288917
North West,2022-03-01,E12000002,3108,2285553
North West,2022-02-28,E12000002,3070,2282445
North West,2022-02-27,E12000002,2179,2279375
North West,2022-02-26,E12000002,1616,2277196
North West,2022-02-25,E12000002,1866,2275580
North West,2022-02-24,E12000002,2074,2273714
North West,2022-02-23,E12000002,2496,2271640
North West,2022-02-22,E12000002,2577,2269144
North West,2022-02-21,E12000002,2955,2266567
North West,2022-02-20,E12000002,2559,2263612
North West,2022-02-19,E12000002,2200,2261053
North West,2022-02-18,E12000002,2447,2258853
North West,2022-02-17,E12000002,2935,2256406
North West,2022-02-16,E12000002,3489,2253471
North West,2022-02-15,E12000002,3660,2249982
North West,2022-02-14,E12000002,3894,2246322
North West,2022-02-13,E12000002,2924,2242428
North West,2022-02-12,E12000002,2542,2239504
North West,2022-02-11,E12000002,3097,2236962
North West,2022-02-10,E12000002,3764,2233865
North West,2022-02-09,E12000002,4482,2230101
North West,2022-02-08,E12000002,5054,2225619
North West,2022-02-07,E12000002,5774,2220565
North West,2022-02-06,E12000002,4551,2214791
North West,2022-02-05,E12000002,3849,2210240
North West,2022-02-04,E12000002,4732,2206391
North West,2022-02-03,E12000002,5901,2201659
North West,2022-02-02,E12000002,6867,2195758
North West,2022-02-01,E12000002,7273,2188891
North West,2022-01-31,E12000002,8453,2181618
North West,2022-01-30,E12000002,7204,2173165
North West,2022-01-29,E12000002,5816,2165961
North West,2022-01-28,E12000002,6888,2160145
North West,2022-01-27,E12000002,8179,2153257
North West,2022-01-26,E12000002,9190,2145078
North West,2022-01-25,E12000002,9916,2135888
North West,2022-01-24,E12000002,11415,2125972
North West,2022-01-23,E12000002,9264,2114557
North West,2022-01-22,E12000002,7311,2105293
North West,2022-01-21,E12000002,8465,2097982
North West,2022-01-20,E12000002,9667,2089517
North West,2022-01-19,E12000002,11445,2079850
North West,2022-01-18,E12000002,12330,2068405
North West,2022-01-17,E12000002,14149,2056075
North West,2022-01-16,E12000002,10674,2041926
North West,2022-01-15,E12000002,8350,2031252
North West,2022-01-14,E12000002,9570,2022902
North West,2022-01-13,E12000002,11321,2013332
North West,2022-01-12,E12000002,12367,2002011
North West,2022-01-11,E12000002,14204,1989644
North West,2022-01-10,E12000002,17288,1975440
North West,2022-01-09,E12000002,12338,1958152
North West,2022-01-08,E12000002,12276,1945814
North West,2022-01-07,E12000002,16147,1933538
North West,2022-01-06,E12000002,24023,1917391
North West,2022-01-05,E12000002,31689,1893368
North West,2022-01-04,E12000002,40221,1861679
North West,2022-01-03,E12000002,33567,1821458
North West,2022-01-02,E12000002,26529,1787891
North West,2022-01-01,E12000002,17336,1761362
North West,2021-12-31,E12000002,27020,1744026
North West,2021-12-30,E12000002,33737,1717006
North West,2021-12-29,E12000002,38867,1683269
North West,2021-12-28,E12000002,30056,1644402
North West,2021-12-27,E12000002,26931,1614346
North West,2021-12-26,E12000002,15868,1587415
North West,2021-12-25,E12000002,9553,1571547
North West,2021-12-24,E12000002,18933,1561994
North West,2021-12-23,E12000002,21031,1543061
North West,2021-12-22,E12000002,21368,1522030
North West,2021-12-21,E12000002,18191,1500662
North West,2021-12-20,E12000002,15395,1482471
North West,2021-12-19,E12000002,9204,1467076
North West,2021-12-18,E12000002,8522,1457872
North West,2021-12-17,E12000002,8921,1449350
North West,2021-12-16,E12000002,10018,1440429
North West,2021-12-15,E12000002,10266,1430411
North West,2021-12-14,E12000002,8807,1420145
North West,2021-12-13,E12000002,7657,1411338
North West,2021-12-12,E12000002,4573,1403681
North West,2021-12-11,E12000002,4337,1399108
North West,2021-12-10,E12000002,4613,1394771
North West,2021-12-09,E12000002,5212,1390158
North West,2021-12-08,E12000002,5504,1384946
North West,2021-12-07,E12000002,5255,1379442
North West,2021-12-06,E12000002,6034,1374187
North West,2021-12-05,E12000002,3819,1368153
North West,2021-12-04,E12000002,3292,1364334
North West,2021-12-03,E12000002,4262,1361042
North West,2021-12-02,E12000002,4695,1356780
North West,2021-12-01,E12000002,5155,1352085
North West,2021-11-30,E12000002,5181,1346930
North West,2021-11-29,E12000002,4986,1341749
North West,2021-11-28,E12000002,3613,1336763
North West,2021-11-27,E12000002,2925,1333150
North West,2021-11-26,E12000002,3671,1330225
North West,2021-11-25,E12000002,4103,1326554
North West,2021-11-24,E12000002,4274,1322451
North West,2021-11-23,E12000002,4598,1318177
North West,2021-11-22,E12000002,4724,1313579
North West,2021-11-21,E12000002,3503,1308855
North West,2021-11-20,E12000002,3335,1305352
North West,2021-11-19,E12000002,3784,1302017
North West,2021-11-18,E12000002,4471,1298233
North West,2021-11-17,E12000002,4559,1293762
North West,2021-11-16,E12000002,4619,1289203
North West,2021-11-15,E12000002,5056,1284584
North West,2021-11-14,E12000002,3353,1279528
North West,2021-11-13,E12000002,3123,1276175
North West,2021-11-12,E12000002,3690,1273052
North West,2021-11-11,E12000002,4052,1269362
North West,2021-11-10,E12000002,4116,1265310
North West,2021-11-09,E12000002,4308,1261194
North West,2021-11-08,E12000002,4639,1256886
North West,2021-11-07,E12000002,3214,1252247
North West,2021-11-06,E12000002,2849,1249033
North West,2021-11-05,E12000002,3128,1246184
North West,2021-11-04,E12000002,3415,1243056
North West,2021-11-03,E12000002,3855,1239641
North West,2021-11-02,E12000002,4074,1235786
North West,2021-11-01,E12000002,4817,1231712
North West,2021-10-31,E12000002,3812,1226895
North West,2021-10-30,E12000002,3483,1223083
North West,2021-10-29,E12000002,4268,1219600
North West,2021-10-28,E12000002,4416,1215332
North West,2021-10-27,E12000002,4559,1210916
North West,2021-10-26,E12000002,4214,1206357
North West,2021-10-25,E12000002,4915,1202143
North West,2021-10-24,E12000002,3639,1197228
North West,2021-10-23,E12000002,3456,1193589
North West,2021-10-22,E12000002,4132,1190133
North West,2021-10-21,E12000002,4682,1186001
North West,2021-10-20,E12000002,5335,1181319
North West,2021-10-19,E12000002,5341,1175984
North West,2021-10-18,E12000002,6081,1170643
North West,2021-10-17,E12000002,4541,1164562
North West,2021-10-16,E12000002,3746,1160021
North West,2021-10-15,E12000002,4288,1156275
North West,2021-10-14,E12000002,5163,1151987
North West,2021-10-13,E12000002,5275,1146824
North West,2021-10-12,E12000002,5596,1141549
North West,2021-10-11,E12000002,6154,1135953
North West,2021-10-10,E12000002,4334,1129799
North West,2021-10-09,E12000002,3975,1125465
North West,2021-10-08,E12000002,4286,1121490
North West,2021-10-07,E12000002,4823,1117204
North West,2021-10-06,E12000002,5019,1112381
North West,2021-10-05,E12000002,4851,1107362
North West,2021-10-04,E12000002,5589,1102511
North West,2021-10-03,E12000002,3792,1096922
North West,2021-10-02,E12000002,3171,1093130
North West,2021-10-01,E12000002,3556,1089959
North West,2021-09-30,E12000002,3829,1086403
North West,2021-09-29,E12000002,4080,1082574
North West,2021-09-28,E12000002,4037,1078494
North West,2021-09-27,E12000002,4923,1074457
North West,2021-09-26,E12000002,3529,1069534
North West,2021-09-25,E12000002,3006,1066005
North West,2021-09-24,E12000002,3559,1062999
North West,2021-09-23,E12000002,3883,1059440
North West,2021-09-22,E12000002,4095,1055557
North West,2021-09-21,E12000002,4338,1051462
North West,2021-09-20,E12000002,4844,1047124
North West,2021-09-19,E12000002,3595,1042280
North West,2021-09-18,E12000002,3045,1038685
North West,2021-09-17,E12000002,3282,1035640
North West,2021-09-16,E12000002,3590,1032358
North West,2021-09-15,E12000002,3600,1028768
North West,2021-09-14,E12000002,3617,1025168
North West,2021-09-13,E12000002,4012,1021551
North West,2021-09-12,E12000002,2789,1017539
North West,2021-09-11,E12000002,2583,1014750
North West,2021-09-10,E12000002,3208,1012167
North West,2021-09-09,E12000002,3757,1008959
North West,2021-09-08,E12000002,4086,1005202
North West,2021-09-07,E12000002,4169,1001116
North West,2021-09-06,E12000002,4920,996947
North West,2021-09-05,E12000002,3367,992027
North West,2021-09-04,E12000002,3250,988660
North West,2021-09-03,E12000002,4010,985410
North West,2021-09-02,E12000002,4525,981400
North West,2021-09-01,E12000002,4541,976875
North West,2021-08-31,E12000002,4573,972334
North West,2021-08-30,E12000002,3441,967761
North West,2021-08-29,E12000002,2615,964320
North West,2021-08-28,E12000002,2625,961705
North West,2021-08-27,E12000002,3178,959080
North West,2021-08-26,E12000002,3727,955902
North West,2021-08-25,E12000002,3798,952175
North West,2021-08-24,E12000002,3706,948377
North West,2021-08-23,E12000002,3922,944671
North West,2021-08-22,E12000002,2909,940749
North West,2021-08-21,E12000002,2781,937840
North West,2021-08-20,E12000002,3185,935059
North West,2021-08-19,E12000002,3587,931874
North West,2021-08-18,E12000002,3639,928287
North West,2021-08-17,E12000002,3486,924648
North West,2021-08-16,E12000002,3839,921162
North West,2021-08-15,E12000002,2784,917323
North West,2021-08-14,E12000002,2654,914539
North West,2021-08-13,E12000002,3076,911885
North West,2021-08-12,E12000002,3466,908809
North West,2021-08-11,E12000002,3786,905343
North West,2021-08-10,E12000002,3691,901557
North West,2021-08-09,E12000002,3727,897866
North West,2021-08-08,E12000002,2608,894139
North West,2021-08-07,E12000002,2482,891531
North West,2021-08-06,E12000002,3085,889049
North West,2021-08-05,E12000002,3631,885964
North West,2021-08-04,E12000002,3631,882333
North West,2021-08-03,E12000002,3444,878702
North West,2021-08-02,E12000002,3605,875258
North West,2021-08-01,E12000002,2463,871653
North West,2021-07-31,E12000002,2279,869190
North West,2021-07-30,E12000002,2791,866911
North West,2021-07-29,E12000002,3366,864120
North West,2021-07-28,E12000002,3545,860754
North West,2021-07-27,E12000002,3404,857209
North West,2021-07-26,E12000002,3683,853805
North West,2021-07-25,E12000002,2850,850122
North West,2021-07-24,E12000002,2905,847272
North West,2021-07-23,E12000002,3438,844367
North West,2021-07-22,E12000002,3938,840929
North West,2021-07-21,E12000002,4449,836991
North West,2021-07-20,E12000002,5255,832542
North West,2021-07-19,E12000002,6336,827287
North West,2021-07-18,E12000002,4655,820951
North West,2021-07-17,E12000002,4981,816296
North West,2021-07-16,E12000002,7301,811315
North West,2021-07-15,E12000002,8117,804014
North West,2021-07-14,E12000002,7508,795897
North West,2021-07-13,E12000002,6646,788389
North West,2021-07-12,E12000002,6238,781743
North West,2021-07-11,E12000002,4305,775505
North West,2021-07-10,E12000002,4020,771200
North West,2021-07-09,E12000002,4880,767180
North West,2021-07-08,E12000002,5148,762300
North West,2021-07-07,E12000002,5951,757152
North West,2021-07-06,E12000002,5462,751201
North West,2021-07-05,E12000002,5281,745739
North West,2021-07-04,E12000002,3924,740458
North West,2021-07-03,E12000002,3649,736534
North West,2021-07-02,E12000002,4386,732885
North West,2021-07-01,E12000002,4942,728499
North West,2021-06-30,E12000002,5055,723557
North West,2021-06-29,E12000002,4995,718502
North West,2021-06-28,E12000002,5449,713507
North West,2021-06-27,E12000002,3379,708058
North West,2021-06-26,E12000002,2994,704679
North West,2021-06-25,E12000002,3454,701685
North West,2021-06-24,E12000002,3811,698231
North West,2021-06-23,E12000002,3749,694420
North West,2021-06-22,E12000002,3634,690671
North West,2021-06-21,E12000002,3654,687037
North West,2021-06-20,E12000002,2438,683383
North West,2021-06-19,E12000002,2039,680945
North West,2021-06-18,E12000002,2508,678906
North West,2021-06-17,E12000002,2859,676398
North West,2021-06-16,E12000002,2883,673539
North West,2021-06-15,E12000002,2889,670656
North West,2021-06-14,E12000002,2807,667767
North West,2021-06-13,E12000002,1980,664960
North West,2021-06-12,E12000002,1705,662980
North West,2021-06-11,E12000002,2154,661275
North West,2021-06-10,E12000002,2272,659121
North West,2021-06-09,E12000002,2273,656849
North West,2021-06-08,E12000002,2259,654576
North West,2021-06-07,E12000002,2422,652317
North West,2021-06-06,E12000002,1719,649895
North West,2021-06-05,E12000002,1421,648176
North West,2021-06-04,E12000002,1813,646755
North West,2021-06-03,E12000002,1881,644942
North West,2021-06-02,E12000002,1827,643061
North West,2021-06-01,E12000002,1660,641234
North West,2021-05-31,E12000002,1118,639574
North West,2021-05-30,E12000002,880,638456
North West,2021-05-29,E12000002,866,637576
North West,2021-05-28,E12000002,993,636710
North West,2021-05-27,E12000002,1049,635717
North West,2021-05-26,E12000002,1092,634668
North West,2021-05-25,E12000002,930,633576
North West,2021-05-24,E12000002,928,632646
North West,2021-05-23,E12000002,552,631718
North West,2021-05-22,E12000002,475,631166
North West,2021-05-21,E12000002,538,630691
North West,2021-05-20,E12000002,568,630153
North West,2021-05-19,E12000002,574,629585
North West,2021-05-18,E12000002,716,629011
North West,2021-05-17,E12000002,652,628295
North West,2021-05-16,E12000002,426,627643
North West,2021-05-15,E12000002,359,627217
North West,2021-05-14,E12000002,418,626858
North West,2021-05-13,E12000002,365,626440
North West,2021-05-12,E12000002,467,626075
North West,2021-05-11,E12000002,434,625608
North West,2021-05-10,E12000002,525,625174
North West,2021-05-09,E12000002,410,624649
North West,2021-05-08,E12000002,256,624239
North West,2021-05-07,E12000002,342,623983
North West,2021-05-06,E12000002,378,623641
North West,2021-05-05,E12000002,421,623263
North West,2021-05-04,E12000002,390,622842
North West,2021-05-03,E12000002,280,622452
North West,2021-05-02,E12000002,203,622172
North West,2021-05-01,E12000002,194,621969
North West,2021-04-30,E12000002,242,621775
North West,2021-04-29,E12000002,310,621533
North West,2021-04-28,E12000002,338,621223
North West,2021-04-27,E12000002,282,620885
North West,2021-04-26,E12000002,357,620603
North West,2021-04-25,E12000002,290,620246
North West,2021-04-24,E12000002,163,619956
North West,2021-04-23,E12000002,239,619793
North West,2021-04-22,E12000002,258,619554
North West,2021-04-21,E12000002,279,619296
North West,2021-04-20,E12000002,269,619017
North West,2021-04-19,E12000002,279,618748
North West,2021-04-18,E12000002,295,618469
North West,2021-04-17,E12000002,177,618174
North West,2021-04-16,E12000002,235,617997
North West,2021-04-15,E12000002,280,617762
North West,2021-04-14,E12000002,303,617482
North West,2021-04-13,E12000002,294,617179
North West,2021-04-12,E12000002,331,616885
North West,2021-04-11,E12000002,287,616554
North West,2021-04-10,E12000002,271,616267
North West,2021-04-09,E12000002,340,615996
North West,2021-04-08,E12000002,385,615656
North West,2021-04-07,E12000002,386,615271
North West,2021-04-06,E12000002,392,614885
North West,2021-04-05,E12000002,374,614493
North West,2021-04-04,E12000002,319,614119
North West,2021-04-03,E12000002,296,613800
North West,2021-04-02,E12000002,341,613504
North West,2021-04-01,E12000002,461,613163
North West,2021-03-31,E12000002,488,612702
North West,2021-03-30,E12000002,476,612214
North West,2021-03-29,E12000002,503,611738
North West,2021-03-28,E12000002,705,611235
North West,2021-03-27,E12000002,492,610530
North West,2021-03-26,E12000002,588,610038
North West,2021-03-25,E12000002,752,609450
North West,2021-03-24,E12000002,746,608698
North West,2021-03-23,E12000002,745,607952
North West,2021-03-22,E12000002,826,607207
North West,2021-03-21,E12000002,786,606381
North West,2021-03-20,E12000002,568,605595
North West,2021-03-19,E12000002,652,605027
North West,2021-03-18,E12000002,762,604375
North West,2021-03-17,E12000002,823,603613
North West,2021-03-16,E12000002,815,602790
North West,2021-03-15,E12000002,904,601975
North West,2021-03-14,E12000002,647,601071
North West,2021-03-13,E12000002,619,600424
North West,2021-03-12,E12000002,773,599805
North West,2021-03-11,E12000002,782,599032
North West,2021-03-10,E12000002,893,598250
North West,2021-03-09,E12000002,942,597357
North West,2021-03-08,E12000002,1004,596415
North West,2021-03-07,E12000002,616,595411
North West,2021-03-06,E12000002,632,594795
North West,2021-03-05,E12000002,761,594163
North West,2021-03-04,E12000002,873,593402
North West,2021-03-03,E12000002,840,592529
North West,2021-03-02,E12000002,940,591689
North West,2021-03-01,E12000002,1037,590749
North West,2021-02-28,E12000002,658,589712
North West,2021-02-27,E12000002,675,589054
North West,2021-02-26,E12000002,969,588379
North West,2021-02-25,E12000002,1303,587410
North West,2021-02-24,E12000002,1323,586107
North West,2021-02-23,E12000002,1388,584784
North West,2021-02-22,E12000002,1851,583396
North West,2021-02-21,E12000002,1249,581545
North West,2021-02-20,E12000002,1239,580296
North West,2021-02-19,E12000002,1521,579057
North West,2021-02-18,E12000002,1671,577536
North West,2021-02-17,E12000002,1740,575865
North West,2021-02-16,E12000002,1954,574125
North West,2021-02-15,E12000002,2357,572171
North West,2021-02-14,E12000002,1375,569814
North West,2021-02-13,E12000002,1327,568439
North West,2021-02-12,E12000002,1843,567112
North West,2021-02-11,E12000002,1994,565269
North West,2021-02-10,E12000002,1947,563275
North West,2021-02-09,E12000002,2157,561328
North West,2021-02-08,E12000002,2459,559171
North West,2021-02-07,E12000002,1767,556712
North West,2021-02-06,E12000002,1831,554945
North West,2021-02-05,E12000002,2193,553114
North West,2021-02-04,E12000002,2696,550921
North West,2021-02-03,E12000002,2733,548225
North West,2021-02-02,E12000002,2892,545492
North West,2021-02-01,E12000002,3121,542600
North West,2021-01-31,E12000002,2255,539479
North West,2021-01-30,E12000002,2307,537224
North West,2021-01-29,E12000002,3010,534917
North West,2021-01-28,E12000002,3194,531907
North West,2021-01-27,E12000002,3423,528713
North West,2021-01-26,E12000002,3597,525290
North West,2021-01-25,E12000002,4055,521693
North West,2021-01-24,E12000002,2770,517638
North West,2021-01-23,E12000002,2737,514868
North West,2021-01-22,E12000002,3791,512131
North West,2021-01-21,E12000002,3984,508340
North West,2021-01-20,E12000002,4515,504356
North West,2021-01-19,E12000002,5282,499841
North West,2021-01-18,E12000002,5659,494559
North West,2021-01-17,E12000002,3897,488900
North West,2021-01-16,E12000002,4043,485003
North West,2021-01-15,E12000002,4795,480960
North West,2021-01-14,E12000002,5324,476165
North West,2021-01-13,E12000002,5549,470841
North West,2021-01-12,E12000002,6580,465292
North West,2021-01-11,E12000002,7689,458712
North West,2021-01-10,E12000002,5343,451023
North West,2021-01-09,E12000002,5104,445680
North West,2021-01-08,E12000002,5798,440576
North West,2021-01-07,E12000002,6344,434778
North West,2021-01-06,E12000002,6824,428434
North West,2021-01-05,E12000002,7991,421610
North West,2021-01-04,E12000002,8450,413619
North West,2021-01-03,E12000002,6713,405169
North West,2021-01-02,E12000002,7078,398456
North West,2021-01-01,E12000002,2922,391378
North West,2020-12-31,E12000002,5368,388456
North West,2020-12-30,E12000002,6580,383088
North West,2020-12-29,E12000002,6789,376508
North West,2020-12-28,E12000002,3685,369719
North West,2020-12-27,E12000002,3577,366034
North West,2020-12-26,E12000002,2722,362457
North West,2020-12-25,E12000002,934,359735
North West,2020-12-24,E12000002,2345,358801
North West,2020-12-23,E12000002,2923,356456
North West,2020-12-22,E12000002,2879,353533
North West,2020-12-21,E12000002,3136,350654
North West,2020-12-20,E12000002,1989,347518
North West,2020-12-19,E12000002,1715,345529
North West,2020-12-18,E12000002,2148,343814
North West,2020-12-17,E12000002,1994,341666
North West,2020-12-16,E12000002,2063,339672
North West,2020-12-15,E12000002,2167,337609
North West,2020-12-14,E12000002,2296,335442
North West,2020-12-13,E12000002,1359,333146
North West,2020-12-12,E12000002,1272,331787
North West,2020-12-11,E12000002,1663,330515
North West,2020-12-10,E12000002,1663,328852
North West,2020-12-09,E12000002,1619,327189
North West,2020-12-08,E12000002,1590,325570
North West,2020-12-07,E12000002,1869,323980
North West,2020-12-06,E12000002,1160,322111
North West,2020-12-05,E12000002,1023,320951
North West,2020-12-04,E12000002,1480,319928
North West,2020-12-03,E12000002,1385,318448
North West,2020-12-02,E12000002,1481,317063
North West,2020-12-01,E12000002,1746,315582
North West,2020-11-30,E12000002,1900,313836
North West,2020-11-29,E12000002,1075,311936
North West,2020-11-28,E12000002,1179,310861
North West,2020-11-27,E12000002,1469,309682
North West,2020-11-26,E12000002,1608,308213
North West,2020-11-25,E12000002,1864,306605
North West,2020-11-24,E12000002,1899,304741
North West,2020-11-23,E12000002,2223,302842
North West,2020-11-22,E12000002,1400,300619
North West,2020-11-21,E12000002,1405,299219
North West,2020-11-20,E12000002,2019,297814
North West,2020-11-19,E12000002,2234,295795
North West,2020-11-18,E12000002,2629,293561
North West,2020-11-17,E12000002,3103,290932
North West,2020-11-16,E12000002,3443,287829
North West,2020-11-15,E12000002,2152,284386
North West,2020-11-14,E12000002,2416,282234
North West,2020-11-13,E12000002,3277,279818
North West,2020-11-12,E12000002,3485,276541
North West,2020-11-11,E12000002,3983,273056
North West,2020-11-10,E12000002,3975,269073
North West,2020-11-09,E12000002,4810,265098
North West,2020-11-08,E12000002,3231,260288
North West,2020-11-07,E12000002,2866,257057
North West,2020-11-06,E12000002,3924,254191
North West,2020-11-05,E12000002,3983,250267
North West,2020-11-04,E12000002,4175,246284
North West,2020-11-03,E12000002,4515,242109
North West,2020-11-02,E12000002,6012,237594
North West,2020-11-01,E12000002,3123,231582
North West,2020-10-31,E12000002,3197,228459
North West,2020-10-30,E12000002,4441,225262
North West,2020-10-29,E12000002,4614,220821
North West,2020-10-28,E12000002,4708,216207
North West,2020-10-27,E12000002,4996,211499
North West,2020-10-26,E12000002,5628,206503
North West,2020-10-25,E12000002,3329,200875
North West,2020-10-24,E12000002,3440,197546
North West,2020-10-23,E12000002,4538,194106
North West,2020-10-22,E12000002,4860,189568
North West,2020-10-21,E12000002,5615,184708
North West,2020-10-20,E12000002,5693,179093
North West,2020-10-19,E12000002,6226,173400
North West,2020-10-18,E12000002,3250,167174
North West,2020-10-17,E12000002,3642,163924
North West,2020-10-16,E12000002,3951,160282
North West,2020-10-15,E12000002,4217,156331
North West,2020-10-14,E12000002,4519,152114
North West,2020-10-13,E12000002,4339,147595
North West,2020-10-12,E12000002,4819,143256
North West,2020-10-11,E12000002,2981,138437
North West,2020-10-10,E12000002,2980,135456
North West,2020-10-09,E12000002,3794,132476
North West,2020-10-08,E12000002,4341,128682
North West,2020-10-07,E12000002,4430,124341
North West,2020-10-06,E12000002,4596,119911
North West,2020-10-05,E12000002,4407,115315
North West,2020-10-04,E12000002,2945,110908
North West,2020-10-03,E12000002,2976,107963
North West,2020-10-02,E12000002,3464,104987
North West,2020-10-01,E12000002,3666,101523
North West,2020-09-30,E12000002,3702,97857
North West,2020-09-29,E12000002,3231,94155
North West,2020-09-28,E12000002,3025,90924
North West,2020-09-27,E12000002,2275,87899
North West,2020-09-26,E12000002,2053,85624
North West,2020-09-25,E12000002,2262,83571
North West,2020-09-24,E12000002,2250,81309
North West,2020-09-23,E12000002,2184,79059
North West,2020-09-22,E12000002,1991,76875
North West,2020-09-21,E12000002,1498,74884
North West,2020-09-20,E12000002,1577,73386
North West,2020-09-19,E12000002,1524,71809
North West,2020-09-18,E12000002,1420,70285
North West,2020-09-17,E12000002,1419,68865
North West,2020-09-16,E12000002,1464,67446
North West,2020-09-15,E12000002,1081,65982
North West,2020-09-14,E12000002,1066,64901
North West,2020-09-13,E12000002,620,63835
North West,2020-09-12,E12000002,767,63215
North West,2020-09-11,E12000002,885,62448
North West,2020-09-10,E12000002,923,61563
North West,2020-09-09,E12000002,853,60640
North West,2020-09-08,E12000002,873,59787
North West,2020-09-07,E12000002,983,58914
North West,2020-09-06,E12000002,578,57931
North West,2020-09-05,E12000002,542,57353
North West,2020-09-04,E12000002,652,56811
North West,2020-09-03,E12000002,645,56159
North West,2020-09-02,E12000002,689,55514
North West,2020-09-01,E12000002,454,54825
North West,2020-08-31,E12000002,270,54371
North West,2020-08-30,E12000002,257,54101
North West,2020-08-29,E12000002,245,53844
North West,2020-08-28,E12000002,362,53599
North West,2020-08-27,E12000002,295,53237
North West,2020-08-26,E12000002,291,52942
North West,2020-08-25,E12000002,214,52651
North West,2020-08-24,E12000002,259,52437
North West,2020-08-23,E12000002,122,52178
North West,2020-08-22,E12000002,178,52056
North West,2020-08-21,E12000002,214,51878
North West,2020-08-20,E12000002,230,51664
North West,2020-08-19,E12000002,265,51434
North West,2020-08-18,E12000002,198,51169
North West,2020-08-17,E12000002,286,50971
North West,2020-08-16,E12000002,118,50685
North West,2020-08-15,E12000002,160,50567
North West,2020-08-14,E12000002,236,50407
North West,2020-08-13,E12000002,237,50171
North West,2020-08-12,E12000002,282,49934
North West,2020-08-11,E12000002,323,49652
North West,2020-08-10,E12000002,365,49329
North West,2020-08-09,E12000002,161,48964
North West,2020-08-08,E12000002,219,48803
North West,2020-08-07,E12000002,244,48584
North West,2020-08-06,E12000002,285,48340
North West,2020-08-05,E12000002,264,48055
North West,2020-08-04,E12000002,295,47791
North West,2020-08-03,E12000002,307,47496
North West,2020-08-02,E12000002,166,47189
North West,2020-08-01,E12000002,159,47023
North West,2020-07-31,E12000002,187,46864
North West,2020-07-30,E12000002,228,46677
North West,2020-07-29,E12000002,290,46449
North West,2020-07-28,E12000002,205,46159
North West,2020-07-27,E12000002,193,45954
North West,2020-07-26,E12000002,159,45761
North West,2020-07-25,E12000002,139,45602
North West,2020-07-24,E12000002,159,45463
North West,2020-07-23,E12000002,184,45304
North West,2020-07-22,E12000002,212,45120
North West,2020-07-21,E12000002,155,44908
North West,2020-07-20,E12000002,168,44753
North West,2020-07-19,E12000002,92,44585
North West,2020-07-18,E12000002,107,44493
North West,2020-07-17,E12000002,108,44386
North West,2020-07-16,E12000002,149,44278
North West,2020-07-15,E12000002,146,44129
North West,2020-07-14,E12000002,110,43983
North West,2020-07-13,E12000002,105,43873
North West,2020-07-12,E12000002,54,43768
North West,2020-07-11,E12000002,81,43714
North West,2020-07-10,E12000002,87,43633
North West,2020-07-09,E12000002,131,43546
North West,2020-07-08,E12000002,118,43415
North West,2020-07-07,E12000002,96,43297
North West,2020-07-06,E12000002,142,43201
North West,2020-07-05,E12000002,115,43059
North West,2020-07-04,E12000002,72,42944
North West,2020-07-03,E12000002,96,42872
North West,2020-07-02,E12000002,96,42776
North West,2020-07-01,E12000002,113,42680
North West,2020-06-30,E12000002,105,42567
North West,2020-06-29,E12000002,124,42462
North West,2020-06-28,E12000002,95,42338
North West,2020-06-27,E12000002,94,42243
North West,2020-06-26,E12000002,103,42149
North West,2020-06-25,E12000002,128,42046
North West,2020-06-24,E12000002,163,41918
North West,2020-06-23,E12000002,130,41755
North West,2020-06-22,E12000002,158,41625
North West,2020-06-21,E12000002,99,41467
North West,2020-06-20,E12000002,117,41368
North West,2020-06-19,E12000002,164,41251
North West,2020-06-18,E12000002,178,41087
North West,2020-06-17,E12000002,185,40909
North West,2020-06-16,E12000002,215,40724
North West,2020-06-15,E12000002,167,40509
North West,2020-06-14,E12000002,148,40342
North West,2020-06-13,E12000002,128,40194
North West,2020-06-12,E12000002,170,40066
North West,2020-06-11,E12000002,175,39896
North West,2020-06-10,E12000002,225,39721
North West,2020-06-09,E12000002,219,39496
North West,2020-06-08,E12000002,166,39277
North West,2020-06-07,E12000002,130,39111
North West,2020-06-06,E12000002,131,38981
North West,2020-06-05,E12000002,206,38850
North West,2020-06-04,E12000002,240,38644
North West,2020-06-03,E12000002,256,38404
North West,2020-06-02,E12000002,289,38148
North West,2020-06-01,E12000002,266,37859
North West,2020-05-31,E12000002,234,37593
North West,2020-05-30,E12000002,217,37359
North West,2020-05-29,E12000002,304,37142
North West,2020-05-28,E12000002,329,36838
North West,2020-05-27,E12000002,295,36509
North West,2020-05-26,E12000002,311,36214
North West,2020-05-25,E12000002,271,35903
North West,2020-05-24,E12000002,263,35632
North West,2020-05-23,E12000002,289,35369
North West,2020-05-22,E12000002,377,35080
North West,2020-05-21,E12000002,427,34703
North West,2020-05-20,E12000002,499,34276
North West,2020-05-19,E12000002,586,33777
North West,2020-05-18,E12000002,411,33191
North West,2020-05-17,E12000002,297,32780
North West,2020-05-16,E12000002,404,32483
North West,2020-05-15,E12000002,394,32079
North West,2020-05-14,E12000002,431,31685
North West,2020-05-13,E12000002,528,31254
North West,2020-05-12,E12000002,553,30726
North West,2020-05-11,E12000002,526,30173
North West,2020-05-10,E12000002,348,29647
North West,2020-05-09,E12000002,346,29299
North West,2020-05-08,E12000002,484,28953
North West,2020-05-07,E12000002,510,28469
North West,2020-05-06,E12000002,582,27959
North West,2020-05-05,E12000002,575,27377
North West,2020-05-04,E12000002,422,26802
North West,2020-05-03,E12000002,492,26380
North West,2020-05-02,E12000002,411,25888
North West,2020-05-01,E12000002,730,25477
North West,2020-04-30,E12000002,777,24747
North West,2020-04-29,E12000002,794,23970
North West,2020-04-28,E12000002,710,23176
North West,2020-04-27,E12000002,621,22466
North West,2020-04-26,E12000002,429,21845
North West,2020-04-25,E12000002,553,21416
North West,2020-04-24,E12000002,751,20863
North West,2020-04-23,E12000002,862,20112
North West,2020-04-22,E12000002,920,19250
North West,2020-04-21,E12000002,701,18330
North West,2020-04-20,E12000002,674,17629
North West,2020-04-19,E12000002,613,16955
North West,2020-04-18,E12000002,862,16342
North West,2020-04-17,E12000002,583,15480
North West,2020-04-16,E12000002,782,14897
North West,2020-04-15,E12000002,697,14115
North West,2020-04-14,E12000002,634,13418
North West,2020-04-13,E12000002,610,12784
North West,2020-04-12,E12000002,491,12174
North West,2020-04-11,E12000002,611,11683
North West,2020-04-10,E12000002,603,11072
North West,2020-04-09,E12000002,805,10469
North West,2020-04-08,E12000002,853,9664
North West,2020-04-07,E12000002,791,8811
North West,2020-04-06,E12000002,876,8020
North West,2020-04-05,E12000002,625,7144
North West,2020-04-04,E12000002,606,6519
North West,2020-04-03,E12000002,683,5913
North West,2020-04-02,E12000002,679,5230
North West,2020-04-01,E12000002,621,4551
North West,2020-03-31,E12000002,556,3930
North West,2020-03-30,E12000002,503,3374
North West,2020-03-29,E12000002,359,2871
North West,2020-03-28,E12000002,322,2512
North West,2020-03-27,E12000002,332,2190
North West,2020-03-26,E12000002,357,1858
North West,2020-03-25,E12000002,254,1501
North West,2020-03-24,E12000002,249,1247
North West,2020-03-23,E12000002,175,998
North West,2020-03-22,E12000002,117,823
North West,2020-03-21,E12000002,113,706
North West,2020-03-20,E12000002,83,593
North West,2020-03-19,E12000002,98,510
North West,2020-03-18,E12000002,84,412
North West,2020-03-17,E12000002,55,328
North West,2020-03-16,E12000002,55,273
North West,2020-03-15,E12000002,23,218
North West,2020-03-14,E12000002,25,195
North West,2020-03-13,E12000002,42,170
North West,2020-03-12,E12000002,40,128
North West,2020-03-11,E12000002,17,88
North West,2020-03-10,E12000002,15,71
North West,2020-03-09,E12000002,7,56
North West,2020-03-08,E12000002,5,49
North West,2020-03-07,E12000002,9,44
North West,2020-03-06,E12000002,2,35
North West,2020-03-05,E12000002,10,33
North West,2020-03-04,E12000002,2,23
North West,2020-03-03,E12000002,7,21
North West,2020-03-02,E12000002,6,14
North West,2020-03-01,E12000002,5,8
North West,2020-02-29,E12000002,0,3
North West,2020-02-28,E12000002,2,3
North West,2020-02-27,E12000002,0,1
North West,2020-02-26,E12000002,0,1
North West,2020-02-25,E12000002,0,1
North West,2020-02-24,E12000002,0,1
North West,2020-02-23,E12000002,0,1
North West,2020-02-22,E12000002,0,1
North West,2020-02-21,E12000002,0,1
North West,2020-02-20,E12000002,0,1
North West,2020-02-19,E12000002,0,1
North West,2020-02-18,E12000002,0,1
North West,2020-02-17,E12000002,0,1
North West,2020-02-16,E12000002,0,1
North West,2020-02-15,E12000002,0,1
North West,2020-02-14,E12000002,0,1
North West,2020-02-13,E12000002,0,1
North West,2020-02-12,E12000002,0,1
North West,2020-02-11,E12000002,0,1
North West,2020-02-10,E12000002,0,1
North West,2020-02-09,E12000002,0,1
North West,2020-02-08,E12000002,0,1
North West,2020-02-07,E12000002,0,1
North West,2020-02-06,E12000002,0,1
North West,2020-02-05,E12000002,0,1
North West,2020-02-04,E12000002,0,1
North West,2020-02-03,E12000002,0,1
North West,2020-02-02,E12000002,1,1
Yorkshire and The Humber,2023-11-07,E12000003,45,2023489
Yorkshire and The Humber,2023-11-06,E12000003,50,2023444
Yorkshire and The Humber,2023-11-05,E12000003,53,2023394
Yorkshire and The Humber,2023-11-04,E12000003,54,2023341
Yorkshire and The Humber,2023-11-03,E12000003,58,2023287
Yorkshire and The Humber,2023-11-02,E12000003,65,2023229
Yorkshire and The Humber,2023-11-01,E12000003,87,2023164
Yorkshire and The Humber,2023-10-31,E12000003,70,2023077
Yorkshire and The Humber,2023-10-30,E12000003,100,2023007
Yorkshire and The Humber,2023-10-29,E12000003,77,2022907
Yorkshire and The Humber,2023-10-28,E12000003,71,2022830
Yorkshire and The Humber,2023-10-27,E12000003,103,2022759
Yorkshire and The Humber,2023-10-26,E12000003,95,2022656
Yorkshire and The Humber,2023-10-25,E12000003,102,2022561
Yorkshire and The Humber,2023-10-24,E12000003,110,2022459
Yorkshire and The Humber,2023-10-23,E12000003,103,2022349
Yorkshire and The Humber,2023-10-22,E12000003,98,2022246
Yorkshire and The Humber,2023-10-21,E12000003,95,2022148
Yorkshire and The Humber,2023-10-20,E12000003,111,2022053
Yorkshire and The Humber,2023-10-19,E12000003,160,2021942
Yorkshire and The Humber,2023-10-18,E12000003,164,2021782
Yorkshire and The Humber,2023-10-17,E12000003,159,2021618
Yorkshire and The Humber,2023-10-16,E12000003,143,2021459
Yorkshire and The Humber,2023-10-15,E12000003,109,2021316
Yorkshire and The Humber,2023-10-14,E12000003,133,2021207
Yorkshire and The Humber,2023-10-13,E12000003,148,2021074
Yorkshire and The Humber,2023-10-12,E12000003,145,2020926
Yorkshire and The Humber,2023-10-11,E12000003,204,2020781
Yorkshire and The Humber,2023-10-10,E12000003,211,2020577
Yorkshire and The Humber,2023-10-09,E12000003,226,2020366
Yorkshire and The Humber,2023-10-08,E12000003,212,2020140
Yorkshire and The Humber,2023-10-07,E12000003,156,2019928
Yorkshire and The Humber,2023-10-06,E12000003,232,2019772
Yorkshire and The Humber,2023-10-05,E12000003,252,2019540
Yorkshire and The Humber,2023-10-04,E12000003,275,2019288
Yorkshire and The Humber,2023-10-03,E12000003,264,2019013
Yorkshire and The Humber,2023-10-02,E12000003,263,2018749
Yorkshire and The Humber,2023-10-01,E12000003,232,2018486
Yorkshire and The Humber,2023-09-30,E12000003,206,2018254
Yorkshire and The Humber,2023-09-29,E12000003,214,2018048
Yorkshire and The Humber,2023-09-28,E12000003,259,2017834
Yorkshire and The Humber,2023-09-27,E12000003,293,2017575
Yorkshire and The Humber,2023-09-26,E12000003,274,2017282
Yorkshire and The Humber,2023-09-25,E12000003,249,2017008
Yorkshire and The Humber,2023-09-24,E12000003,191,2016759
Yorkshire and The Humber,2023-09-23,E12000003,166,2016568
Yorkshire and The Humber,2023-09-22,E12000003,161,2016402
Yorkshire and The Humber,2023-09-21,E12000003,184,2016241
Yorkshire and The Humber,2023-09-20,E12000003,189,2016057
Yorkshire and The Humber,2023-09-19,E12000003,213,2015868
Yorkshire and The Humber,2023-09-18,E12000003,190,2015655
Yorkshire and The Humber,2023-09-17,E12000003,153,2015465
Yorkshire and The Humber,2023-09-16,E12000003,128,2015312
Yorkshire and The Humber,2023-09-15,E12000003,136,2015184
Yorkshire and The Humber,2023-09-14,E12000003,146,2015048
Yorkshire and The Humber,2023-09-13,E12000003,140,2014902
Yorkshire and The Humber,2023-09-12,E12000003,135,2014762
Yorkshire and The Humber,2023-09-11,E12000003,192,2014627
Yorkshire and The Humber,2023-09-10,E12000003,166,2014435
Yorkshire and The Humber,2023-09-09,E12000003,123,2014269
Yorkshire and The Humber,2023-09-08,E12000003,144,2014146
Yorkshire and The Humber,2023-09-07,E12000003,190,2014002
Yorkshire and The Humber,2023-09-06,E12000003,181,2013812
Yorkshire and The Humber,2023-09-05,E12000003,152,2013631
Yorkshire and The Humber,2023-09-04,E12000003,176,2013479
Yorkshire and The Humber,2023-09-03,E12000003,159,2013303
Yorkshire and The Humber,2023-09-02,E12000003,127,2013144
Yorkshire and The Humber,2023-09-01,E12000003,155,2013017
Yorkshire and The Humber,2023-08-31,E12000003,130,2012862
Yorkshire and The Humber,2023-08-30,E12000003,138,2012732
Yorkshire and The Humber,2023-08-29,E12000003,141,2012594
Yorkshire and The Humber,2023-08-28,E12000003,123,2012453
Yorkshire and The Humber,2023-08-27,E12000003,87,2012330
Yorkshire and The Humber,2023-08-26,E12000003,71,2012243
Yorkshire and The Humber,2023-08-25,E12000003,119,2012172
Yorkshire and The Humber,2023-08-24,E12000003,117,2012053
Yorkshire and The Humber,2023-08-23,E12000003,95,2011936
Yorkshire and The Humber,2023-08-22,E12000003,108,2011841
Yorkshire and The Humber,2023-08-21,E12000003,119,2011733
Yorkshire and The Humber,2023-08-20,E12000003,76,2011614
Yorkshire and The Humber,2023-08-19,E12000003,91,2011538
Yorkshire and The Humber,2023-08-18,E12000003,121,2011447
Yorkshire and The Humber,2023-08-17,E12000003,100,2011326
Yorkshire and The Humber,2023-08-16,E12000003,104,2011226
Yorkshire and The Humber,2023-08-15,E12000003,113,2011122
Yorkshire and The Humber,2023-08-14,E12000003,87,2011009
Yorkshire and The Humber,2023-08-13,E12000003,98,2010922
Yorkshire and The Humber,2023-08-12,E12000003,80,2010824
Yorkshire and The Humber,2023-08-11,E12000003,88,2010744
Yorkshire and The Humber,2023-08-10,E12000003,96,2010656
Yorkshire and The Humber,2023-08-09,E12000003,108,2010560
Yorkshire and The Humber,2023-08-08,E12000003,111,2010452
Yorkshire and The Humber,2023-08-07,E12000003,83,2010341
Yorkshire and The Humber,2023-08-06,E12000003,85,2010258
Yorkshire and The Humber,2023-08-05,E12000003,83,2010173
Yorkshire and The Humber,2023-08-04,E12000003,73,2010090
Yorkshire and The Humber,2023-08-03,E12000003,79,2010017
Yorkshire and The Humber,2023-08-02,E12000003,80,2009938
Yorkshire and The Humber,2023-08-01,E12000003,79,2009858
Yorkshire and The Humber,2023-07-31,E12000003,84,2009779
Yorkshire and The Humber,2023-07-30,E12000003,82,2009695
Yorkshire and The Humber,2023-07-29,E12000003,64,2009613
Yorkshire and The Humber,2023-07-28,E12000003,56,2009549
Yorkshire and The Humber,2023-07-27,E12000003,51,2009493
Yorkshire and The Humber,2023-07-26,E12000003,56,2009442
Yorkshire and The Humber,2023-07-25,E12000003,56,2009386
Yorkshire and The Humber,2023-07-24,E12000003,64,2009330
Yorkshire and The Humber,2023-07-23,E12000003,41,2009266
Yorkshire and The Humber,2023-07-22,E12000003,43,2009225
Yorkshire and The Humber,2023-07-21,E12000003,41,2009182
Yorkshire and The Humber,2023-07-20,E12000003,42,2009141
Yorkshire and The Humber,2023-07-19,E12000003,47,2009099
Yorkshire and The Humber,2023-07-18,E12000003,42,2009052
Yorkshire and The Humber,2023-07-17,E12000003,51,2009010
Yorkshire and The Humber,2023-07-16,E12000003,42,2008959
Yorkshire and The Humber,2023-07-15,E12000003,27,2008917
Yorkshire and The Humber,2023-07-14,E12000003,35,2008890
Yorkshire and The Humber,2023-07-13,E12000003,35,2008855
Yorkshire and The Humber,2023-07-12,E12000003,29,2008820
Yorkshire and The Humber,2023-07-11,E12000003,47,2008791
Yorkshire and The Humber,2023-07-10,E12000003,41,2008744
Yorkshire and The Humber,2023-07-09,E12000003,38,2008703
Yorkshire and The Humber,2023-07-08,E12000003,36,2008665
Yorkshire and The Humber,2023-07-07,E12000003,36,2008629
Yorkshire and The Humber,2023-07-06,E12000003,29,2008593
Yorkshire and The Humber,2023-07-05,E12000003,30,2008564
Yorkshire and The Humber,2023-07-04,E12000003,36,2008534
Yorkshire and The Humber,2023-07-03,E12000003,35,2008498
Yorkshire and The Humber,2023-07-02,E12000003,29,2008463
Yorkshire and The Humber,2023-07-01,E12000003,20,2008434
Yorkshire and The Humber,2023-06-30,E12000003,22,2008414
Yorkshire and The Humber,2023-06-29,E12000003,15,2008392
Yorkshire and The Humber,2023-06-28,E12000003,28,2008377
Yorkshire and The Humber,2023-06-27,E12000003,44,2008349
Yorkshire and The Humber,2023-06-26,E12000003,29,2008305
Yorkshire and The Humber,2023-06-25,E12000003,31,2008276
Yorkshire and The Humber,2023-06-24,E12000003,21,2008245
Yorkshire and The Humber,2023-06-23,E12000003,23,2008224
Yorkshire and The Humber,2023-06-22,E12000003,35,2008201
Yorkshire and The Humber,2023-06-21,E12000003,30,2008166
Yorkshire and The Humber,2023-06-20,E12000003,46,2008136
Yorkshire and The Humber,2023-06-19,E12000003,38,2008090
Yorkshire and The Humber,2023-06-18,E12000003,28,2008052
Yorkshire and The Humber,2023-06-17,E12000003,30,2008024
Yorkshire and The Humber,2023-06-16,E12000003,33,2007994
Yorkshire and The Humber,2023-06-15,E12000003,34,2007961
Yorkshire and The Humber,2023-06-14,E12000003,41,2007927
Yorkshire and The Humber,2023-06-13,E12000003,46,2007886
Yorkshire and The Humber,2023-06-12,E12000003,44,2007840
Yorkshire and The Humber,2023-06-11,E12000003,49,2007796
Yorkshire and The Humber,2023-06-10,E12000003,35,2007747
Yorkshire and The Humber,2023-06-09,E12000003,43,2007712
Yorkshire and The Humber,2023-06-08,E12000003,48,2007669
Yorkshire and The Humber,2023-06-07,E12000003,72,2007621
Yorkshire and The Humber,2023-06-06,E12000003,76,2007549
Yorkshire and The Humber,2023-06-05,E12000003,78,2007473
Yorkshire and The Humber,2023-06-04,E12000003,54,2007395
Yorkshire and The Humber,2023-06-03,E12000003,44,2007341
Yorkshire and The Humber,2023-06-02,E12000003,52,2007297
Yorkshire and The Humber,2023-06-01,E12000003,65,2007245
Yorkshire and The Humber,2023-05-31,E12000003,62,2007180
Yorkshire and The Humber,2023-05-30,E12000003,68,2007118
Yorkshire and The Humber,2023-05-29,E12000003,43,2007050
Yorkshire and The Humber,2023-05-28,E12000003,55,2007007
Yorkshire and The Humber,2023-05-27,E12000003,55,2006952
Yorkshire and The Humber,2023-05-26,E12000003,59,2006897
Yorkshire and The Humber,2023-05-25,E12000003,71,2006838
Yorkshire and The Humber,2023-05-24,E12000003,82,2006767
Yorkshire and The Humber,2023-05-23,E12000003,83,2006685
Yorkshire and The Humber,2023-05-22,E12000003,78,2006602
Yorkshire and The Humber,2023-05-21,E12000003,83,2006524
Yorkshire and The Humber,2023-05-20,E12000003,69,2006441
Yorkshire and The Humber,2023-05-19,E12000003,90,2006372
Yorkshire and The Humber,2023-05-18,E12000003,88,2006282
Yorkshire and The Humber,2023-05-17,E12000003,96,2006194
Yorkshire and The Humber,2023-05-16,E12000003,108,2006098
Yorkshire and The Humber,2023-05-15,E12000003,102,2005990
Yorkshire and The Humber,2023-05-14,E12000003,76,2005888
Yorkshire and The Humber,2023-05-13,E12000003,75,2005812
Yorkshire and The Humber,2023-05-12,E12000003,99,2005737
Yorkshire and The Humber,2023-05-11,E12000003,117,2005638
Yorkshire and The Humber,2023-05-10,E12000003,123,2005521
Yorkshire and The Humber,2023-05-09,E12000003,128,2005398
Yorkshire and The Humber,2023-05-08,E12000003,118,2005270
Yorkshire and The Humber,2023-05-07,E12000003,106,2005152
Yorkshire and The Humber,2023-05-06,E12000003,72,2005046
Yorkshire and The Humber,2023-05-05,E12000003,107,2004974
Yorkshire and The Humber,2023-05-04,E12000003,131,2004867
Yorkshire and The Humber,2023-05-03,E12000003,139,2004736
Yorkshire and The Humber,2023-05-02,E12000003,174,2004597
Yorkshire and The Humber,2023-05-01,E12000003,135,2004423
Yorkshire and The Humber,2023-04-30,E12000003,119,2004288
Yorkshire and The Humber,2023-04-29,E12000003,131,2004169
Yorkshire and The Humber,2023-04-28,E12000003,120,2004038
Yorkshire and The Humber,2023-04-27,E12000003,143,2003918
Yorkshire and The Humber,2023-04-26,E12000003,143,2003775
Yorkshire and The Humber,2023-04-25,E12000003,131,2003632
Yorkshire and The Humber,2023-04-24,E12000003,170,2003501
Yorkshire and The Humber,2023-04-23,E12000003,142,2003331
Yorkshire and The Humber,2023-04-22,E12000003,103,2003189
Yorkshire and The Humber,2023-04-21,E12000003,126,2003086
Yorkshire and The Humber,2023-04-20,E12000003,145,2002960
Yorkshire and The Humber,2023-04-19,E12000003,157,2002815
Yorkshire and The Humber,2023-04-18,E12000003,189,2002658
Yorkshire and The Humber,2023-04-17,E12000003,205,2002469
Yorkshire and The Humber,2023-04-16,E12000003,200,2002264
Yorkshire and The Humber,2023-04-15,E12000003,125,2002064
Yorkshire and The Humber,2023-04-14,E12000003,155,2001939
Yorkshire and The Humber,2023-04-13,E12000003,174,2001784
Yorkshire and The Humber,2023-04-12,E12000003,221,2001610
Yorkshire and The Humber,2023-04-11,E12000003,248,2001389
Yorkshire and The Humber,2023-04-10,E12000003,245,2001141
Yorkshire and The Humber,2023-04-09,E12000003,187,2000896
Yorkshire and The Humber,2023-04-08,E12000003,168,2000709
Yorkshire and The Humber,2023-04-07,E12000003,159,2000541
Yorkshire and The Humber,2023-04-06,E12000003,234,2000382
Yorkshire and The Humber,2023-04-05,E12000003,227,2000148
Yorkshire and The Humber,2023-04-04,E12000003,225,1999921
Yorkshire and The Humber,2023-04-03,E12000003,261,1999696
Yorkshire and The Humber,2023-04-02,E12000003,217,1999435
Yorkshire and The Humber,2023-04-01,E12000003,226,1999218
Yorkshire and The Humber,2023-03-31,E12000003,250,1998992
Yorkshire and The Humber,2023-03-30,E12000003,332,1998742
Yorkshire and The Humber,2023-03-29,E12000003,382,1998410
Yorkshire and The Humber,2023-03-28,E12000003,415,1998028
Yorkshire and The Humber,2023-03-27,E12000003,402,1997613
Yorkshire and The Humber,2023-03-26,E12000003,320,1997211
Yorkshire and The Humber,2023-03-25,E12000003,306,1996891
Yorkshire and The Humber,2023-03-24,E12000003,416,1996585
Yorkshire and The Humber,2023-03-23,E12000003,408,1996169
Yorkshire and The Humber,2023-03-22,E12000003,468,1995761
Yorkshire and The Humber,2023-03-21,E12000003,513,1995293
Yorkshire and The Humber,2023-03-20,E12000003,498,1994780
Yorkshire and The Humber,2023-03-19,E12000003,396,1994282
Yorkshire and The Humber,2023-03-18,E12000003,286,1993886
Yorkshire and The Humber,2023-03-17,E12000003,424,1993600
Yorkshire and The Humber,2023-03-16,E12000003,449,1993176
Yorkshire and The Humber,2023-03-15,E12000003,453,1992727
Yorkshire and The Humber,2023-03-14,E12000003,553,1992274
Yorkshire and The Humber,2023-03-13,E12000003,507,1991721
Yorkshire and The Humber,2023-03-12,E12000003,452,1991214
Yorkshire and The Humber,2023-03-11,E12000003,328,1990762
Yorkshire and The Humber,2023-03-10,E12000003,356,1990434
Yorkshire and The Humber,2023-03-09,E12000003,402,1990078
Yorkshire and The Humber,2023-03-08,E12000003,538,1989676
Yorkshire and The Humber,2023-03-07,E12000003,511,1989138
Yorkshire and The Humber,2023-03-06,E12000003,507,1988627
Yorkshire and The Humber,2023-03-05,E12000003,322,1988120
Yorkshire and The Humber,2023-03-04,E12000003,241,1987798
Yorkshire and The Humber,2023-03-03,E12000003,388,1987557
Yorkshire and The Humber,2023-03-02,E12000003,357,1987169
Yorkshire and The Humber,2023-03-01,E12000003,433,1986812
Yorkshire and The Humber,2023-02-28,E12000003,465,1986379
Yorkshire and The Humber,2023-02-27,E12000003,487,1985914
Yorkshire and The Humber,2023-02-26,E12000003,321,1985427
Yorkshire and The Humber,2023-02-25,E12000003,262,1985106
Yorkshire and The Humber,2023-02-24,E12000003,388,1984844
Yorkshire and The Humber,2023-02-23,E12000003,384,1984456
Yorkshire and The Humber,2023-02-22,E12000003,372,1984072
Yorkshire and The Humber,2023-02-21,E12000003,476,1983700
Yorkshire and The Humber,2023-02-20,E12000003,482,1983224
Yorkshire and The Humber,2023-02-19,E12000003,375,1982742
Yorkshire and The Humber,2023-02-18,E12000003,291,1982367
Yorkshire and The Humber,2023-02-17,E12000003,404,1982076
Yorkshire and The Humber,2023-02-16,E12000003,446,1981672
Yorkshire and The Humber,2023-02-15,E12000003,340,1981226
Yorkshire and The Humber,2023-02-14,E12000003,430,1980886
Yorkshire and The Humber,2023-02-13,E12000003,459,1980456
Yorkshire and The Humber,2023-02-12,E12000003,258,1979997
Yorkshire and The Humber,2023-02-11,E12000003,207,1979739
Yorkshire and The Humber,2023-02-10,E12000003,265,1979532
Yorkshire and The Humber,2023-02-09,E12000003,309,1979267
Yorkshire and The Humber,2023-02-08,E12000003,338,1978958
Yorkshire and The Humber,2023-02-07,E12000003,326,1978620
Yorkshire and The Humber,2023-02-06,E12000003,393,1978294
Yorkshire and The Humber,2023-02-05,E12000003,246,1977901
Yorkshire and The Humber,2023-02-04,E12000003,210,1977655
Yorkshire and The Humber,2023-02-03,E12000003,278,1977445
Yorkshire and The Humber,2023-02-02,E12000003,323,1977167
Yorkshire and The Humber,2023-02-01,E12000003,293,1976844
Yorkshire and The Humber,2023-01-31,E12000003,389,1976551
Yorkshire and The Humber,2023-01-30,E12000003,358,1976162
Yorkshire and The Humber,2023-01-29,E12000003,219,1975804
Yorkshire and The Humber,2023-01-28,E12000003,161,1975585
Yorkshire and The Humber,2023-01-27,E12000003,260,1975424
Yorkshire and The Humber,2023-01-26,E12000003,281,1975164
Yorkshire and The Humber,2023-01-25,E12000003,282,1974883
Yorkshire and The Humber,2023-01-24,E12000003,306,1974601
Yorkshire and The Humber,2023-01-23,E12000003,289,1974295
Yorkshire and The Humber,2023-01-22,E12000003,197,1974006
Yorkshire and The Humber,2023-01-21,E12000003,176,1973809
Yorkshire and The Humber,2023-01-20,E12000003,185,1973633
Yorkshire and The Humber,2023-01-19,E12000003,220,1973448
Yorkshire and The Humber,2023-01-18,E12000003,214,1973228
Yorkshire and The Humber,2023-01-17,E12000003,251,1973014
Yorkshire and The Humber,2023-01-16,E12000003,271,1972763
Yorkshire and The Humber,2023-01-15,E12000003,161,1972492
Yorkshire and The Humber,2023-01-14,E12000003,124,1972331
Yorkshire and The Humber,2023-01-13,E12000003,194,1972207
Yorkshire and The Humber,2023-01-12,E12000003,219,1972013
Yorkshire and The Humber,2023-01-11,E12000003,242,1971794
Yorkshire and The Humber,2023-01-10,E12000003,355,1971552
Yorkshire and The Humber,2023-01-09,E12000003,305,1971197
Yorkshire and The Humber,2023-01-08,E12000003,270,1970892
Yorkshire and The Humber,2023-01-07,E12000003,310,1970622
Yorkshire and The Humber,2023-01-06,E12000003,351,1970312
Yorkshire and The Humber,2023-01-05,E12000003,440,1969961
Yorkshire and The Humber,2023-01-04,E12000003,460,1969521
Yorkshire and The Humber,2023-01-03,E12000003,595,1969061
Yorkshire and The Humber,2023-01-02,E12000003,412,1968466
Yorkshire and The Humber,2023-01-01,E12000003,296,1968054
Yorkshire and The Humber,2022-12-31,E12000003,358,1967758
Yorkshire and The Humber,2022-12-30,E12000003,466,1967400
Yorkshire and The Humber,2022-12-29,E12000003,550,1966934
Yorkshire and The Humber,2022-12-28,E12000003,699,1966384
Yorkshire and The Humber,2022-12-27,E12000003,492,1965685
Yorkshire and The Humber,2022-12-26,E12000003,364,1965193
Yorkshire and The Humber,2022-12-25,E12000003,295,1964829
Yorkshire and The Humber,2022-12-24,E12000003,284,1964534
Yorkshire and The Humber,2022-12-23,E12000003,374,1964250
Yorkshire and The Humber,2022-12-22,E12000003,469,1963876
Yorkshire and The Humber,2022-12-21,E12000003,504,1963407
Yorkshire and The Humber,2022-12-20,E12000003,619,1962903
Yorkshire and The Humber,2022-12-19,E12000003,629,1962284
Yorkshire and The Humber,2022-12-18,E12000003,403,1961655
Yorkshire and The Humber,2022-12-17,E12000003,333,1961252
Yorkshire and The Humber,2022-12-16,E12000003,389,1960919
Yorkshire and The Humber,2022-12-15,E12000003,354,1960530
Yorkshire and The Humber,2022-12-14,E12000003,508,1960176
Yorkshire and The Humber,2022-12-13,E12000003,506,1959668
Yorkshire and The Humber,2022-12-12,E12000003,493,1959162
Yorkshire and The Humber,2022-12-11,E12000003,289,1958669
Yorkshire and The Humber,2022-12-10,E12000003,247,1958380
Yorkshire and The Humber,2022-12-09,E12000003,292,1958133
Yorkshire and The Humber,2022-12-08,E12000003,320,1957841
Yorkshire and The Humber,2022-12-07,E12000003,392,1957521
Yorkshire and The Humber,2022-12-06,E12000003,361,1957129
Yorkshire and The Humber,2022-12-05,E12000003,400,1956768
Yorkshire and The Humber,2022-12-04,E12000003,254,1956368
Yorkshire and The Humber,2022-12-03,E12000003,194,1956114
Yorkshire and The Humber,2022-12-02,E12000003,257,1955920
Yorkshire and The Humber,2022-12-01,E12000003,277,1955663
Yorkshire and The Humber,2022-11-30,E12000003,295,1955386
Yorkshire and The Humber,2022-11-29,E12000003,303,1955091
Yorkshire and The Humber,2022-11-28,E12000003,407,1954788
Yorkshire and The Humber,2022-11-27,E12000003,286,1954381
Yorkshire and The Humber,2022-11-26,E12000003,199,1954095
Yorkshire and The Humber,2022-11-25,E12000003,232,1953896
Yorkshire and The Humber,2022-11-24,E12000003,253,1953664
Yorkshire and The Humber,2022-11-23,E12000003,294,1953411
Yorkshire and The Humber,2022-11-22,E12000003,299,1953117
Yorkshire and The Humber,2022-11-21,E12000003,314,1952818
Yorkshire and The Humber,2022-11-20,E12000003,217,1952504
Yorkshire and The Humber,2022-11-19,E12000003,211,1952287
Yorkshire and The Humber,2022-11-18,E12000003,207,1952076
Yorkshire and The Humber,2022-11-17,E12000003,250,1951869
Yorkshire and The Humber,2022-11-16,E12000003,262,1951619
Yorkshire and The Humber,2022-11-15,E12000003,284,1951357
Yorkshire and The Humber,2022-11-14,E12000003,371,1951073
Yorkshire and The Humber,2022-11-13,E12000003,218,1950702
Yorkshire and The Humber,2022-11-12,E12000003,187,1950484
Yorkshire and The Humber,2022-11-11,E12000003,210,1950297
Yorkshire and The Humber,2022-11-10,E12000003,288,1950087
Yorkshire and The Humber,2022-11-09,E12000003,303,1949799
Yorkshire and The Humber,2022-11-08,E12000003,300,1949496
Yorkshire and The Humber,2022-11-07,E12000003,353,1949196
Yorkshire and The Humber,2022-11-06,E12000003,242,1948843
Yorkshire and The Humber,2022-11-05,E12000003,193,1948601
Yorkshire and The Humber,2022-11-04,E12000003,253,1948408
Yorkshire and The Humber,2022-11-03,E12000003,308,1948155
Yorkshire and The Humber,2022-11-02,E12000003,329,1947847
Yorkshire and The Humber,2022-11-01,E12000003,404,1947518
Yorkshire and The Humber,2022-10-31,E12000003,429,1947114
Yorkshire and The Humber,2022-10-30,E12000003,316,1946685
Yorkshire and The Humber,2022-10-29,E12000003,282,1946369
Yorkshire and The Humber,2022-10-28,E12000003,312,1946087
Yorkshire and The Humber,2022-10-27,E12000003,408,1945775
Yorkshire and The Humber,2022-10-26,E12000003,449,1945367
Yorkshire and The Humber,2022-10-25,E12000003,488,1944918
Yorkshire and The Humber,2022-10-24,E12000003,631,1944430
Yorkshire and The Humber,2022-10-23,E12000003,457,1943799
Yorkshire and The Humber,2022-10-22,E12000003,440,1943342
Yorkshire and The Humber,2022-10-21,E12000003,538,1942902
Yorkshire and The Humber,2022-10-20,E12000003,566,1942364
Yorkshire and The Humber,2022-10-19,E12000003,651,1941798
Yorkshire and The Humber,2022-10-18,E12000003,791,1941147
Yorkshire and The Humber,2022-10-17,E12000003,917,1940356
Yorkshire and The Humber,2022-10-16,E12000003,655,1939439
Yorkshire and The Humber,2022-10-15,E12000003,510,1938784
Yorkshire and The Humber,2022-10-14,E12000003,720,1938274
Yorkshire and The Humber,2022-10-13,E12000003,720,1937554
Yorkshire and The Humber,2022-10-12,E12000003,797,1936834
Yorkshire and The Humber,2022-10-11,E12000003,865,1936037
Yorkshire and The Humber,2022-10-10,E12000003,985,1935172
Yorkshire and The Humber,2022-10-09,E12000003,770,1934187
Yorkshire and The Humber,2022-10-08,E12000003,716,1933417
Yorkshire and The Humber,2022-10-07,E12000003,883,1932701
Yorkshire and The Humber,2022-10-06,E12000003,909,1931818
Yorkshire and The Humber,2022-10-05,E12000003,937,1930909
Yorkshire and The Humber,2022-10-04,E12000003,1080,1929972
Yorkshire and The Humber,2022-10-03,E12000003,1161,1928892
Yorkshire and The Humber,2022-10-02,E12000003,886,1927731
Yorkshire and The Humber,2022-10-01,E12000003,659,1926845
Yorkshire and The Humber,2022-09-30,E12000003,790,1926186
Yorkshire and The Humber,2022-09-29,E12000003,756,1925396
Yorkshire and The Humber,2022-09-28,E12000003,775,1924640
Yorkshire and The Humber,2022-09-27,E12000003,770,1923865
Yorkshire and The Humber,2022-09-26,E12000003,888,1923095
Yorkshire and The Humber,2022-09-25,E12000003,683,1922207
Yorkshire and The Humber,2022-09-24,E12000003,539,1921524
Yorkshire and The Humber,2022-09-23,E12000003,599,1920985
Yorkshire and The Humber,2022-09-22,E12000003,601,1920386
Yorkshire and The Humber,2022-09-21,E12000003,755,1919785
Yorkshire and The Humber,2022-09-20,E12000003,780,1919030
Yorkshire and The Humber,2022-09-19,E12000003,578,1918250
Yorkshire and The Humber,2022-09-18,E12000003,380,1917672
Yorkshire and The Humber,2022-09-17,E12000003,304,1917292
Yorkshire and The Humber,2022-09-16,E12000003,332,1916988
Yorkshire and The Humber,2022-09-15,E12000003,419,1916656
Yorkshire and The Humber,2022-09-14,E12000003,421,1916237
Yorkshire and The Humber,2022-09-13,E12000003,389,1915816
Yorkshire and The Humber,2022-09-12,E12000003,433,1915427
Yorkshire and The Humber,2022-09-11,E12000003,359,1914994
Yorkshire and The Humber,2022-09-10,E12000003,271,1914635
Yorkshire and The Humber,2022-09-09,E12000003,299,1914364
Yorkshire and The Humber,2022-09-08,E12000003,344,1914065
Yorkshire and The Humber,2022-09-07,E12000003,386,1913721
Yorkshire and The Humber,2022-09-06,E12000003,422,1913335
Yorkshire and The Humber,2022-09-05,E12000003,474,1912913
Yorkshire and The Humber,2022-09-04,E12000003,352,1912439
Yorkshire and The Humber,2022-09-03,E12000003,299,1912087
Yorkshire and The Humber,2022-09-02,E12000003,344,1911788
Yorkshire and The Humber,2022-09-01,E12000003,362,1911444
Yorkshire and The Humber,2022-08-31,E12000003,402,1911082
Yorkshire and The Humber,2022-08-30,E12000003,463,1910680
Yorkshire and The Humber,2022-08-29,E12000003,395,1910217
Yorkshire and The Humber,2022-08-28,E12000003,265,1909822
Yorkshire and The Humber,2022-08-27,E12000003,232,1909557
Yorkshire and The Humber,2022-08-26,E12000003,269,1909325
Yorkshire and The Humber,2022-08-25,E12000003,354,1909056
Yorkshire and The Humber,2022-08-24,E12000003,401,1908702
Yorkshire and The Humber,2022-08-23,E12000003,339,1908301
Yorkshire and The Humber,2022-08-22,E12000003,434,1907962
Yorkshire and The Humber,2022-08-21,E12000003,326,1907528
Yorkshire and The Humber,2022-08-20,E12000003,288,1907202
Yorkshire and The Humber,2022-08-19,E12000003,335,1906914
Yorkshire and The Humber,2022-08-18,E12000003,384,1906579
Yorkshire and The Humber,2022-08-17,E12000003,401,1906195
Yorkshire and The Humber,2022-08-16,E12000003,457,1905794
Yorkshire and The Humber,2022-08-15,E12000003,589,1905337
Yorkshire and The Humber,2022-08-14,E12000003,483,1904748
Yorkshire and The Humber,2022-08-13,E12000003,326,1904265
Yorkshire and The Humber,2022-08-12,E12000003,499,1903939
Yorkshire and The Humber,2022-08-11,E12000003,562,1903440
Yorkshire and The Humber,2022-08-10,E12000003,610,1902878
Yorkshire and The Humber,2022-08-09,E12000003,652,1902268
Yorkshire and The Humber,2022-08-08,E12000003,764,1901616
Yorkshire and The Humber,2022-08-07,E12000003,591,1900852
Yorkshire and The Humber,2022-08-06,E12000003,434,1900261
Yorkshire and The Humber,2022-08-05,E12000003,625,1899827
Yorkshire and The Humber,2022-08-04,E12000003,658,1899202
Yorkshire and The Humber,2022-08-03,E12000003,779,1898544
Yorkshire and The Humber,2022-08-02,E12000003,895,1897765
Yorkshire and The Humber,2022-08-01,E12000003,901,1896870
Yorkshire and The Humber,2022-07-31,E12000003,776,1895969
Yorkshire and The Humber,2022-07-30,E12000003,676,1895193
Yorkshire and The Humber,2022-07-29,E12000003,746,1894517
Yorkshire and The Humber,2022-07-28,E12000003,901,1893771
Yorkshire and The Humber,2022-07-27,E12000003,1007,1892870
Yorkshire and The Humber,2022-07-26,E12000003,1193,1891863
Yorkshire and The Humber,2022-07-25,E12000003,1247,1890670
Yorkshire and The Humber,2022-07-24,E12000003,1019,1889423
Yorkshire and The Humber,2022-07-23,E12000003,801,1888404
Yorkshire and The Humber,2022-07-22,E12000003,1033,1887603
Yorkshire and The Humber,2022-07-21,E12000003,1324,1886570
Yorkshire and The Humber,2022-07-20,E12000003,1374,1885246
Yorkshire and The Humber,2022-07-19,E12000003,1386,1883872
Yorkshire and The Humber,2022-07-18,E12000003,1639,1882486
Yorkshire and The Humber,2022-07-17,E12000003,1501,1880847
Yorkshire and The Humber,2022-07-16,E12000003,1213,1879346
Yorkshire and The Humber,2022-07-15,E12000003,1485,1878133
Yorkshire and The Humber,2022-07-14,E12000003,1833,1876648
Yorkshire and The Humber,2022-07-13,E12000003,1963,1874815
Yorkshire and The Humber,2022-07-12,E12000003,2179,1872852
Yorkshire and The Humber,2022-07-11,E12000003,2449,1870673
Yorkshire and The Humber,2022-07-10,E12000003,1909,1868224
Yorkshire and The Humber,2022-07-09,E12000003,1674,1866315
Yorkshire and The Humber,2022-07-08,E12000003,1860,1864641
Yorkshire and The Humber,2022-07-07,E12000003,2048,1862781
Yorkshire and The Humber,2022-07-06,E12000003,2226,1860733
Yorkshire and The Humber,2022-07-05,E12000003,2443,1858507
Yorkshire and The Humber,2022-07-04,E12000003,2598,1856064
Yorkshire and The Humber,2022-07-03,E12000003,1997,1853466
Yorkshire and The Humber,2022-07-02,E12000003,1491,1851469
Yorkshire and The Humber,2022-07-01,E12000003,1661,1849978
Yorkshire and The Humber,2022-06-30,E12000003,1740,1848317
Yorkshire and The Humber,2022-06-29,E12000003,1797,1846577
Yorkshire and The Humber,2022-06-28,E12000003,1779,1844780
Yorkshire and The Humber,2022-06-27,E12000003,1803,1843001
Yorkshire and The Humber,2022-06-26,E12000003,1459,1841198
Yorkshire and The Humber,2022-06-25,E12000003,1172,1839739
Yorkshire and The Humber,2022-06-24,E12000003,1353,1838567
Yorkshire and The Humber,2022-06-23,E12000003,1314,1837214
Yorkshire and The Humber,2022-06-22,E12000003,1361,1835900
Yorkshire and The Humber,2022-06-21,E12000003,1456,1834539
Yorkshire and The Humber,2022-06-20,E12000003,1412,1833083
Yorkshire and The Humber,2022-06-19,E12000003,1201,1831671
Yorkshire and The Humber,2022-06-18,E12000003,897,1830470
Yorkshire and The Humber,2022-06-17,E12000003,1017,1829573
Yorkshire and The Humber,2022-06-16,E12000003,998,1828556
Yorkshire and The Humber,2022-06-15,E12000003,1014,1827558
Yorkshire and The Humber,2022-06-14,E12000003,1019,1826544
Yorkshire and The Humber,2022-06-13,E12000003,1027,1825525
Yorkshire and The Humber,2022-06-12,E12000003,835,1824498
Yorkshire and The Humber,2022-06-11,E12000003,648,1823663
Yorkshire and The Humber,2022-06-10,E12000003,664,1823015
Yorkshire and The Humber,2022-06-09,E12000003,781,1822351
Yorkshire and The Humber,2022-06-08,E12000003,784,1821570
Yorkshire and The Humber,2022-06-07,E12000003,731,1820786
Yorkshire and The Humber,2022-06-06,E12000003,778,1820055
Yorkshire and The Humber,2022-06-05,E12000003,661,1819277
Yorkshire and The Humber,2022-06-04,E12000003,443,1818616
Yorkshire and The Humber,2022-06-03,E12000003,421,1818173
Yorkshire and The Humber,2022-06-02,E12000003,408,1817752
Yorkshire and The Humber,2022-06-01,E12000003,434,1817344
Yorkshire and The Humber,2022-05-31,E12000003,456,1816910
Yorkshire and The Humber,2022-05-30,E12000003,470,1816454
Yorkshire and The Humber,2022-05-29,E12000003,328,1815984
Yorkshire and The Humber,2022-05-28,E12000003,314,1815656
Yorkshire and The Humber,2022-05-27,E12000003,288,1815342
Yorkshire and The Humber,2022-05-26,E12000003,359,1815054
Yorkshire and The Humber,2022-05-25,E12000003,450,1814695
Yorkshire and The Humber,2022-05-24,E12000003,479,1814245
Yorkshire and The Humber,2022-05-23,E12000003,530,1813766
Yorkshire and The Humber,2022-05-22,E12000003,417,1813236
Yorkshire and The Humber,2022-05-21,E12000003,341,1812819
Yorkshire and The Humber,2022-05-20,E12000003,429,1812478
Yorkshire and The Humber,2022-05-19,E12000003,503,1812049
Yorkshire and The Humber,2022-05-18,E12000003,551,1811546
Yorkshire and The Humber,2022-05-17,E12000003,570,1810995
Yorkshire and The Humber,2022-05-16,E12000003,745,1810425
Yorkshire and The Humber,2022-05-15,E12000003,606,1809680
Yorkshire and The Humber,2022-05-14,E12000003,460,1809074
Yorkshire and The Humber,2022-05-13,E12000003,515,1808614
Yorkshire and The Humber,2022-05-12,E12000003,567,1808099
Yorkshire and The Humber,2022-05-11,E12000003,708,1807532
Yorkshire and The Humber,2022-05-10,E12000003,775,1806824
Yorkshire and The Humber,2022-05-09,E12000003,792,1806049
Yorkshire and The Humber,2022-05-08,E12000003,695,1805257
Yorkshire and The Humber,2022-05-07,E12000003,573,1804562
Yorkshire and The Humber,2022-05-06,E12000003,659,1803989
Yorkshire and The Humber,2022-05-05,E12000003,717,1803330
Yorkshire and The Humber,2022-05-04,E12000003,923,1802613
Yorkshire and The Humber,2022-05-03,E12000003,1069,1801690
Yorkshire and The Humber,2022-05-02,E12000003,910,1800621
Yorkshire and The Humber,2022-05-01,E12000003,746,1799711
Yorkshire and The Humber,2022-04-30,E12000003,698,1798965
Yorkshire and The Humber,2022-04-29,E12000003,723,1798267
Yorkshire and The Humber,2022-04-28,E12000003,836,1797544
Yorkshire and The Humber,2022-04-27,E12000003,1003,1796708
Yorkshire and The Humber,2022-04-26,E12000003,1050,1795705
Yorkshire and The Humber,2022-04-25,E12000003,1341,1794655
Yorkshire and The Humber,2022-04-24,E12000003,1101,1793314
Yorkshire and The Humber,2022-04-23,E12000003,1091,1792213
Yorkshire and The Humber,2022-04-22,E12000003,1190,1791122
Yorkshire and The Humber,2022-04-21,E12000003,1431,1789932
Yorkshire and The Humber,2022-04-20,E12000003,1610,1788501
Yorkshire and The Humber,2022-04-19,E12000003,2097,1786891
Yorkshire and The Humber,2022-04-18,E12000003,2013,1784794
Yorkshire and The Humber,2022-04-17,E12000003,1652,1782781
Yorkshire and The Humber,2022-04-16,E12000003,1632,1781129
Yorkshire and The Humber,2022-04-15,E12000003,1684,1779497
Yorkshire and The Humber,2022-04-14,E12000003,2082,1777813
Yorkshire and The Humber,2022-04-13,E12000003,2541,1775731
Yorkshire and The Humber,2022-04-12,E12000003,2623,1773190
Yorkshire and The Humber,2022-04-11,E12000003,2872,1770567
Yorkshire and The Humber,2022-04-10,E12000003,2462,1767695
Yorkshire and The Humber,2022-04-09,E12000003,2146,1765233
Yorkshire and The Humber,2022-04-08,E12000003,2453,1763087
Yorkshire and The Humber,2022-04-07,E12000003,3050,1760634
Yorkshire and The Humber,2022-04-06,E12000003,3573,1757584
Yorkshire and The Humber,2022-04-05,E12000003,3753,1754011
Yorkshire and The Humber,2022-04-04,E12000003,4265,1750258
Yorkshire and The Humber,2022-04-03,E12000003,3300,1745993
Yorkshire and The Humber,2022-04-02,E12000003,2862,1742693
Yorkshire and The Humber,2022-04-01,E12000003,3678,1739831
Yorkshire and The Humber,2022-03-31,E12000003,4179,1736153
Yorkshire and The Humber,2022-03-30,E12000003,5695,1731974
Yorkshire and The Humber,2022-03-29,E12000003,6005,1726279
Yorkshire and The Humber,2022-03-28,E12000003,7278,1720274
Yorkshire and The Humber,2022-03-27,E12000003,5150,1712996
Yorkshire and The Humber,2022-03-26,E12000003,4393,1707846
Yorkshire and The Humber,2022-03-25,E12000003,5105,1703453
Yorkshire and The Humber,2022-03-24,E12000003,5873,1698348
Yorkshire and The Humber,2022-03-23,E12000003,6606,1692475
Yorkshire and The Humber,2022-03-22,E12000003,6910,1685869
Yorkshire and The Humber,2022-03-21,E12000003,7374,1678959
Yorkshire and The Humber,2022-03-20,E12000003,5415,1671585
Yorkshire and The Humber,2022-03-19,E12000003,4410,1666170
Yorkshire and The Humber,2022-03-18,E12000003,4897,1661760
Yorkshire and The Humber,2022-03-17,E12000003,5211,1656863
Yorkshire and The Humber,2022-03-16,E12000003,5584,1651652
Yorkshire and The Humber,2022-03-15,E12000003,5465,1646068
Yorkshire and The Humber,2022-03-14,E12000003,5644,1640603
Yorkshire and The Humber,2022-03-13,E12000003,4312,1634959
Yorkshire and The Humber,2022-03-12,E12000003,3449,1630647
Yorkshire and The Humber,2022-03-11,E12000003,3638,1627198
Yorkshire and The Humber,2022-03-10,E12000003,3711,1623560
Yorkshire and The Humber,2022-03-09,E12000003,3853,1619849
Yorkshire and The Humber,2022-03-08,E12000003,3721,1615996
Yorkshire and The Humber,2022-03-07,E12000003,3590,1612275
Yorkshire and The Humber,2022-03-06,E12000003,2429,1608685
Yorkshire and The Humber,2022-03-05,E12000003,1899,1606256
Yorkshire and The Humber,2022-03-04,E12000003,2053,1604357
Yorkshire and The Humber,2022-03-03,E12000003,2228,1602304
Yorkshire and The Humber,2022-03-02,E12000003,2388,1600076
Yorkshire and The Humber,2022-03-01,E12000003,2325,1597688
Yorkshire and The Humber,2022-02-28,E12000003,2255,1595363
Yorkshire and The Humber,2022-02-27,E12000003,1612,1593108
Yorkshire and The Humber,2022-02-26,E12000003,1270,1591496
Yorkshire and The Humber,2022-02-25,E12000003,1421,1590226
Yorkshire and The Humber,2022-02-24,E12000003,1615,1588805
Yorkshire and The Humber,2022-02-23,E12000003,1805,1587190
Yorkshire and The Humber,2022-02-22,E12000003,2020,1585385
Yorkshire and The Humber,2022-02-21,E12000003,2396,1583365
Yorkshire and The Humber,2022-02-20,E12000003,1930,1580969
Yorkshire and The Humber,2022-02-19,E12000003,1679,1579039
Yorkshire and The Humber,2022-02-18,E12000003,2093,1577360
Yorkshire and The Humber,2022-02-17,E12000003,2495,1575267
Yorkshire and The Humber,2022-02-16,E12000003,2844,1572772
Yorkshire and The Humber,2022-02-15,E12000003,2995,1569928
Yorkshire and The Humber,2022-02-14,E12000003,3217,1566933
Yorkshire and The Humber,2022-02-13,E12000003,2503,1563716
Yorkshire and The Humber,2022-02-12,E12000003,2130,1561213
Yorkshire and The Humber,2022-02-11,E12000003,2517,1559083
Yorkshire and The Humber,2022-02-10,E12000003,3081,1556566
Yorkshire and The Humber,2022-02-09,E12000003,3889,1553485
Yorkshire and The Humber,2022-02-08,E12000003,4182,1549596
Yorkshire and The Humber,2022-02-07,E12000003,4789,1545414
Yorkshire and The Humber,2022-02-06,E12000003,3881,1540625
Yorkshire and The Humber,2022-02-05,E12000003,3436,1536744
Yorkshire and The Humber,2022-02-04,E12000003,4229,1533308
Yorkshire and The Humber,2022-02-03,E12000003,5155,1529079
Yorkshire and The Humber,2022-02-02,E12000003,6101,1523924
Yorkshire and The Humber,2022-02-01,E12000003,6446,1517823
Yorkshire and The Humber,2022-01-31,E12000003,7537,1511377
Yorkshire and The Humber,2022-01-30,E12000003,6247,1503840
Yorkshire and The Humber,2022-01-29,E12000003,5249,1497593
Yorkshire and The Humber,2022-01-28,E12000003,6314,1492344
Yorkshire and The Humber,2022-01-27,E12000003,7558,1486030
Yorkshire and The Humber,2022-01-26,E12000003,8462,1478472
Yorkshire and The Humber,2022-01-25,E12000003,8816,1470010
Yorkshire and The Humber,2022-01-24,E12000003,10546,1461194
Yorkshire and The Humber,2022-01-23,E12000003,8638,1450648
Yorkshire and The Humber,2022-01-22,E12000003,6837,1442010
Yorkshire and The Humber,2022-01-21,E12000003,7647,1435173
Yorkshire and The Humber,2022-01-20,E12000003,8563,1427526
Yorkshire and The Humber,2022-01-19,E12000003,10000,1418963
Yorkshire and The Humber,2022-01-18,E12000003,10913,1408963
Yorkshire and The Humber,2022-01-17,E12000003,12290,1398050
Yorkshire and The Humber,2022-01-16,E12000003,9191,1385760
Yorkshire and The Humber,2022-01-15,E12000003,7401,1376569
Yorkshire and The Humber,2022-01-14,E12000003,8430,1369168
Yorkshire and The Humber,2022-01-13,E12000003,9744,1360738
Yorkshire and The Humber,2022-01-12,E12000003,10408,1350994
Yorkshire and The Humber,2022-01-11,E12000003,11819,1340586
Yorkshire and The Humber,2022-01-10,E12000003,13611,1328767
Yorkshire and The Humber,2022-01-09,E12000003,9602,1315156
Yorkshire and The Humber,2022-01-08,E12000003,9357,1305554
Yorkshire and The Humber,2022-01-07,E12000003,12170,1296197
Yorkshire and The Humber,2022-01-06,E12000003,16946,1284027
Yorkshire and The Humber,2022-01-05,E12000003,22116,1267081
Yorkshire and The Humber,2022-01-04,E12000003,26930,1244965
Yorkshire and The Humber,2022-01-03,E12000003,23052,1218035
Yorkshire and The Humber,2022-01-02,E12000003,16482,1194983
Yorkshire and The Humber,2022-01-01,E12000003,11159,1178501
Yorkshire and The Humber,2021-12-31,E12000003,16529,1167342
Yorkshire and The Humber,2021-12-30,E12000003,20306,1150813
Yorkshire and The Humber,2021-12-29,E12000003,23103,1130507
Yorkshire and The Humber,2021-12-28,E12000003,16954,1107404
Yorkshire and The Humber,2021-12-27,E12000003,13982,1090450
Yorkshire and The Humber,2021-12-26,E12000003,8953,1076468
Yorkshire and The Humber,2021-12-25,E12000003,5095,1067515
Yorkshire and The Humber,2021-12-24,E12000003,9806,1062420
Yorkshire and The Humber,2021-12-23,E12000003,10874,1052614
Yorkshire and The Humber,2021-12-22,E12000003,10539,1041740
Yorkshire and The Humber,2021-12-21,E12000003,8970,1031201
Yorkshire and The Humber,2021-12-20,E12000003,7542,1022231
Yorkshire and The Humber,2021-12-19,E12000003,4755,1014689
Yorkshire and The Humber,2021-12-18,E12000003,4431,1009934
Yorkshire and The Humber,2021-12-17,E12000003,4617,1005503
Yorkshire and The Humber,2021-12-16,E12000003,5195,1000886
Yorkshire and The Humber,2021-12-15,E12000003,5714,995691
Yorkshire and The Humber,2021-12-14,E12000003,4811,989977
Yorkshire and The Humber,2021-12-13,E12000003,4150,985166
Yorkshire and The Humber,2021-12-12,E12000003,2785,981016
Yorkshire and The Humber,2021-12-11,E12000003,2487,978231
Yorkshire and The Humber,2021-12-10,E12000003,2672,975744
Yorkshire and The Humber,2021-12-09,E12000003,3093,973072
Yorkshire and The Humber,2021-12-08,E12000003,3258,969979
Yorkshire and The Humber,2021-12-07,E12000003,3115,966721
Yorkshire and The Humber,2021-12-06,E12000003,3475,963606
Yorkshire and The Humber,2021-12-05,E12000003,2540,960131
Yorkshire and The Humber,2021-12-04,E12000003,2254,957591
Yorkshire and The Humber,2021-12-03,E12000003,2713,955337
Yorkshire and The Humber,2021-12-02,E12000003,3015,952624
Yorkshire and The Humber,2021-12-01,E12000003,3421,949609
Yorkshire and The Humber,2021-11-30,E12000003,3559,946188
Yorkshire and The Humber,2021-11-29,E12000003,3659,942629
Yorkshire and The Humber,2021-11-28,E12000003,2469,938970
Yorkshire and The Humber,2021-11-27,E12000003,1852,936501
Yorkshire and The Humber,2021-11-26,E12000003,2567,934649
Yorkshire and The Humber,2021-11-25,E12000003,2832,932082
Yorkshire and The Humber,2021-11-24,E12000003,3133,929250
Yorkshire and The Humber,2021-11-23,E12000003,3256,926117
Yorkshire and The Humber,2021-11-22,E12000003,3436,922861
Yorkshire and The Humber,2021-11-21,E12000003,2463,919425
Yorkshire and The Humber,2021-11-20,E12000003,2369,916962
Yorkshire and The Humber,2021-11-19,E12000003,2808,914593
Yorkshire and The Humber,2021-11-18,E12000003,3151,911785
Yorkshire and The Humber,2021-11-17,E12000003,3381,908634
Yorkshire and The Humber,2021-11-16,E12000003,3320,905253
Yorkshire and The Humber,2021-11-15,E12000003,3841,901933
Yorkshire and The Humber,2021-11-14,E12000003,2842,898092
Yorkshire and The Humber,2021-11-13,E12000003,2493,895250
Yorkshire and The Humber,2021-11-12,E12000003,2972,892757
Yorkshire and The Humber,2021-11-11,E12000003,3107,889785
Yorkshire and The Humber,2021-11-10,E12000003,3193,886678
Yorkshire and The Humber,2021-11-09,E12000003,3264,883485
Yorkshire and The Humber,2021-11-08,E12000003,3372,880221
Yorkshire and The Humber,2021-11-07,E12000003,2367,876849
Yorkshire and The Humber,2021-11-06,E12000003,2156,874482
Yorkshire and The Humber,2021-11-05,E12000003,2400,872326
Yorkshire and The Humber,2021-11-04,E12000003,2821,869926
Yorkshire and The Humber,2021-11-03,E12000003,3086,867105
Yorkshire and The Humber,2021-11-02,E12000003,3188,864019
Yorkshire and The Humber,2021-11-01,E12000003,3818,860831
Yorkshire and The Humber,2021-10-31,E12000003,2895,857013
Yorkshire and The Humber,2021-10-30,E12000003,2874,854118
Yorkshire and The Humber,2021-10-29,E12000003,3522,851244
Yorkshire and The Humber,2021-10-28,E12000003,3596,847722
Yorkshire and The Humber,2021-10-27,E12000003,3554,844126
Yorkshire and The Humber,2021-10-26,E12000003,3543,840572
Yorkshire and The Humber,2021-10-25,E12000003,3837,837029
Yorkshire and The Humber,2021-10-24,E12000003,3010,833192
Yorkshire and The Humber,2021-10-23,E12000003,2772,830182
Yorkshire and The Humber,2021-10-22,E12000003,3099,827410
Yorkshire and The Humber,2021-10-21,E12000003,3656,824311
Yorkshire and The Humber,2021-10-20,E12000003,4152,820655
Yorkshire and The Humber,2021-10-19,E12000003,4076,816503
Yorkshire and The Humber,2021-10-18,E12000003,4564,812427
Yorkshire and The Humber,2021-10-17,E12000003,3417,807863
Yorkshire and The Humber,2021-10-16,E12000003,3107,804446
Yorkshire and The Humber,2021-10-15,E12000003,3503,801339
Yorkshire and The Humber,2021-10-14,E12000003,4020,797836
Yorkshire and The Humber,2021-10-13,E12000003,4242,793816
Yorkshire and The Humber,2021-10-12,E12000003,4339,789574
Yorkshire and The Humber,2021-10-11,E12000003,4942,785235
Yorkshire and The Humber,2021-10-10,E12000003,3582,780293
Yorkshire and The Humber,2021-10-09,E12000003,3173,776711
Yorkshire and The Humber,2021-10-08,E12000003,3456,773538
Yorkshire and The Humber,2021-10-07,E12000003,3829,770082
Yorkshire and The Humber,2021-10-06,E12000003,3934,766253
Yorkshire and The Humber,2021-10-05,E12000003,3748,762319
Yorkshire and The Humber,2021-10-04,E12000003,4277,758571
Yorkshire and The Humber,2021-10-03,E12000003,3128,754294
Yorkshire and The Humber,2021-10-02,E12000003,2549,751166
Yorkshire and The Humber,2021-10-01,E12000003,2884,748617
Yorkshire and The Humber,2021-09-30,E12000003,3173,745733
Yorkshire and The Humber,2021-09-29,E12000003,3622,742560
Yorkshire and The Humber,2021-09-28,E12000003,3592,738938
Yorkshire and The Humber,2021-09-27,E12000003,4118,735346
Yorkshire and The Humber,2021-09-26,E12000003,3249,731228
Yorkshire and The Humber,2021-09-25,E12000003,2851,727979
Yorkshire and The Humber,2021-09-24,E12000003,3088,725128
Yorkshire and The Humber,2021-09-23,E12000003,3481,722040
Yorkshire and The Humber,2021-09-22,E12000003,3742,718559
Yorkshire and The Humber,2021-09-21,E12000003,3823,714817
Yorkshire and The Humber,2021-09-20,E12000003,4012,710994
Yorkshire and The Humber,2021-09-19,E12000003,2990,706982
Yorkshire and The Humber,2021-09-18,E12000003,2504,703992
Yorkshire and The Humber,2021-09-17,E12000003,2665,701488
Yorkshire and The Humber,2021-09-16,E12000003,2605,698823
Yorkshire and The Humber,2021-09-15,E12000003,2420,696218
Yorkshire and The Humber,2021-09-14,E12000003,2481,693798
Yorkshire and The Humber,2021-09-13,E12000003,2950,691317
Yorkshire and The Humber,2021-09-12,E12000003,2069,688367
Yorkshire and The Humber,2021-09-11,E12000003,1966,686298
Yorkshire and The Humber,2021-09-10,E12000003,2456,684332
Yorkshire and The Humber,2021-09-09,E12000003,2664,681876
Yorkshire and The Humber,2021-09-08,E12000003,3047,679212
Yorkshire and The Humber,2021-09-07,E12000003,3296,676165
Yorkshire and The Humber,2021-09-06,E12000003,3825,672869
Yorkshire and The Humber,2021-09-05,E12000003,2665,669044
Yorkshire and The Humber,2021-09-04,E12000003,2593,666379
Yorkshire and The Humber,2021-09-03,E12000003,3242,663786
Yorkshire and The Humber,2021-09-02,E12000003,3261,660544
Yorkshire and The Humber,2021-09-01,E12000003,3404,657283
Yorkshire and The Humber,2021-08-31,E12000003,3839,653879
Yorkshire and The Humber,2021-08-30,E12000003,2983,650040
Yorkshire and The Humber,2021-08-29,E12000003,2281,647057
Yorkshire and The Humber,2021-08-28,E12000003,2249,644776
Yorkshire and The Humber,2021-08-27,E12000003,2647,642527
Yorkshire and The Humber,2021-08-26,E12000003,2794,639880
Yorkshire and The Humber,2021-08-25,E12000003,2901,637086
Yorkshire and The Humber,2021-08-24,E12000003,3053,634185
Yorkshire and The Humber,2021-08-23,E12000003,3446,631132
Yorkshire and The Humber,2021-08-22,E12000003,2473,627686
Yorkshire and The Humber,2021-08-21,E12000003,2309,625213
Yorkshire and The Humber,2021-08-20,E12000003,2661,622904
Yorkshire and The Humber,2021-08-19,E12000003,3088,620243
Yorkshire and The Humber,2021-08-18,E12000003,3256,617155
Yorkshire and The Humber,2021-08-17,E12000003,2989,613899
Yorkshire and The Humber,2021-08-16,E12000003,3359,610910
Yorkshire and The Humber,2021-08-15,E12000003,2466,607551
Yorkshire and The Humber,2021-08-14,E12000003,2400,605085
Yorkshire and The Humber,2021-08-13,E12000003,2934,602685
Yorkshire and The Humber,2021-08-12,E12000003,3142,599751
Yorkshire and The Humber,2021-08-11,E12000003,3208,596609
Yorkshire and The Humber,2021-08-10,E12000003,3349,593401
Yorkshire and The Humber,2021-08-09,E12000003,3450,590052
Yorkshire and The Humber,2021-08-08,E12000003,2371,586602
Yorkshire and The Humber,2021-08-07,E12000003,2428,584231
Yorkshire and The Humber,2021-08-06,E12000003,3064,581803
Yorkshire and The Humber,2021-08-05,E12000003,3363,578739
Yorkshire and The Humber,2021-08-04,E12000003,3608,575376
Yorkshire and The Humber,2021-08-03,E12000003,3276,571768
Yorkshire and The Humber,2021-08-02,E12000003,3348,568492
Yorkshire and The Humber,2021-08-01,E12000003,2305,565144
Yorkshire and The Humber,2021-07-31,E12000003,2327,562839
Yorkshire and The Humber,2021-07-30,E12000003,2788,560512
Yorkshire and The Humber,2021-07-29,E12000003,3234,557724
Yorkshire and The Humber,2021-07-28,E12000003,3265,554490
Yorkshire and The Humber,2021-07-27,E12000003,3192,551225
Yorkshire and The Humber,2021-07-26,E12000003,3285,548033
Yorkshire and The Humber,2021-07-25,E12000003,2224,544748
Yorkshire and The Humber,2021-07-24,E12000003,2368,542524
Yorkshire and The Humber,2021-07-23,E12000003,2781,540156
Yorkshire and The Humber,2021-07-22,E12000003,3245,537375
Yorkshire and The Humber,2021-07-21,E12000003,3711,534130
Yorkshire and The Humber,2021-07-20,E12000003,4237,530419
Yorkshire and The Humber,2021-07-19,E12000003,5244,526182
Yorkshire and The Humber,2021-07-18,E12000003,3856,520938
Yorkshire and The Humber,2021-07-17,E12000003,3912,517082
Yorkshire and The Humber,2021-07-16,E12000003,5818,513170
Yorkshire and The Humber,2021-07-15,E12000003,6416,507352
Yorkshire and The Humber,2021-07-14,E12000003,5924,500936
Yorkshire and The Humber,2021-07-13,E12000003,5310,495012
Yorkshire and The Humber,2021-07-12,E12000003,5039,489702
Yorkshire and The Humber,2021-07-11,E12000003,3387,484663
Yorkshire and The Humber,2021-07-10,E12000003,3157,481276
Yorkshire and The Humber,2021-07-09,E12000003,3641,478119
Yorkshire and The Humber,2021-07-08,E12000003,3749,474478
Yorkshire and The Humber,2021-07-07,E12000003,4616,470729
Yorkshire and The Humber,2021-07-06,E12000003,4153,466113
Yorkshire and The Humber,2021-07-05,E12000003,3943,461960
Yorkshire and The Humber,2021-07-04,E12000003,2828,458017
Yorkshire and The Humber,2021-07-03,E12000003,2479,455189
Yorkshire and The Humber,2021-07-02,E12000003,2656,452710
Yorkshire and The Humber,2021-07-01,E12000003,2957,450054
Yorkshire and The Humber,2021-06-30,E12000003,2938,447097
Yorkshire and The Humber,2021-06-29,E12000003,2882,444159
Yorkshire and The Humber,2021-06-28,E12000003,2909,441277
Yorkshire and The Humber,2021-06-27,E12000003,1949,438368
Yorkshire and The Humber,2021-06-26,E12000003,1605,436419
Yorkshire and The Humber,2021-06-25,E12000003,1841,434814
Yorkshire and The Humber,2021-06-24,E12000003,1857,432973
Yorkshire and The Humber,2021-06-23,E12000003,1839,431116
Yorkshire and The Humber,2021-06-22,E12000003,1606,429277
Yorkshire and The Humber,2021-06-21,E12000003,1509,427671
Yorkshire and The Humber,2021-06-20,E12000003,963,426162
Yorkshire and The Humber,2021-06-19,E12000003,839,425199
Yorkshire and The Humber,2021-06-18,E12000003,1062,424360
Yorkshire and The Humber,2021-06-17,E12000003,1053,423298
Yorkshire and The Humber,2021-06-16,E12000003,1015,422245
Yorkshire and The Humber,2021-06-15,E12000003,874,421230
Yorkshire and The Humber,2021-06-14,E12000003,953,420356
Yorkshire and The Humber,2021-06-13,E12000003,613,419403
Yorkshire and The Humber,2021-06-12,E12000003,565,418790
Yorkshire and The Humber,2021-06-11,E12000003,678,418225
Yorkshire and The Humber,2021-06-10,E12000003,699,417547
Yorkshire and The Humber,2021-06-09,E12000003,745,416848
Yorkshire and The Humber,2021-06-08,E12000003,709,416103
Yorkshire and The Humber,2021-06-07,E12000003,737,415394
Yorkshire and The Humber,2021-06-06,E12000003,498,414657
Yorkshire and The Humber,2021-06-05,E12000003,454,414159
Yorkshire and The Humber,2021-06-04,E12000003,521,413705
Yorkshire and The Humber,2021-06-03,E12000003,529,413184
Yorkshire and The Humber,2021-06-02,E12000003,451,412655
Yorkshire and The Humber,2021-06-01,E12000003,483,412204
Yorkshire and The Humber,2021-05-31,E12000003,323,411721
Yorkshire and The Humber,2021-05-30,E12000003,310,411398
Yorkshire and The Humber,2021-05-29,E12000003,254,411088
Yorkshire and The Humber,2021-05-28,E12000003,311,410834
Yorkshire and The Humber,2021-05-27,E12000003,351,410523
Yorkshire and The Humber,2021-05-26,E12000003,362,410172
Yorkshire and The Humber,2021-05-25,E12000003,335,409810
Yorkshire and The Humber,2021-05-24,E12000003,333,409475
Yorkshire and The Humber,2021-05-23,E12000003,256,409142
Yorkshire and The Humber,2021-05-22,E12000003,232,408886
Yorkshire and The Humber,2021-05-21,E12000003,308,408654
Yorkshire and The Humber,2021-05-20,E12000003,271,408346
Yorkshire and The Humber,2021-05-19,E12000003,379,408075
Yorkshire and The Humber,2021-05-18,E12000003,336,407696
Yorkshire and The Humber,2021-05-17,E12000003,347,407360
Yorkshire and The Humber,2021-05-16,E12000003,249,407013
Yorkshire and The Humber,2021-05-15,E12000003,192,406764
Yorkshire and The Humber,2021-05-14,E12000003,216,406572
Yorkshire and The Humber,2021-05-13,E12000003,285,406356
Yorkshire and The Humber,2021-05-12,E12000003,329,406071
Yorkshire and The Humber,2021-05-11,E12000003,302,405742
Yorkshire and The Humber,2021-05-10,E12000003,382,405440
Yorkshire and The Humber,2021-05-09,E12000003,302,405058
Yorkshire and The Humber,2021-05-08,E12000003,239,404756
Yorkshire and The Humber,2021-05-07,E12000003,298,404517
Yorkshire and The Humber,2021-05-06,E12000003,307,404219
Yorkshire and The Humber,2021-05-05,E12000003,397,403912
Yorkshire and The Humber,2021-05-04,E12000003,377,403515
Yorkshire and The Humber,2021-05-03,E12000003,347,403138
Yorkshire and The Humber,2021-05-02,E12000003,218,402791
Yorkshire and The Humber,2021-05-01,E12000003,249,402573
Yorkshire and The Humber,2021-04-30,E12000003,314,402324
Yorkshire and The Humber,2021-04-29,E12000003,395,402010
Yorkshire and The Humber,2021-04-28,E12000003,439,401615
Yorkshire and The Humber,2021-04-27,E12000003,321,401176
Yorkshire and The Humber,2021-04-26,E12000003,417,400855
Yorkshire and The Humber,2021-04-25,E12000003,309,400438
Yorkshire and The Humber,2021-04-24,E12000003,247,400129
Yorkshire and The Humber,2021-04-23,E12000003,316,399882
Yorkshire and The Humber,2021-04-22,E12000003,399,399566
Yorkshire and The Humber,2021-04-21,E12000003,397,399167
Yorkshire and The Humber,2021-04-20,E12000003,413,398770
Yorkshire and The Humber,2021-04-19,E12000003,419,398357
Yorkshire and The Humber,2021-04-18,E12000003,343,397938
Yorkshire and The Humber,2021-04-17,E12000003,241,397595
Yorkshire and The Humber,2021-04-16,E12000003,394,397354
Yorkshire and The Humber,2021-04-15,E12000003,361,396960
Yorkshire and The Humber,2021-04-14,E12000003,365,396599
Yorkshire and The Humber,2021-04-13,E12000003,390,396234
Yorkshire and The Humber,2021-04-12,E12000003,488,395844
Yorkshire and The Humber,2021-04-11,E12000003,397,395356
Yorkshire and The Humber,2021-04-10,E12000003,449,394959
Yorkshire and The Humber,2021-04-09,E12000003,494,394510
Yorkshire and The Humber,2021-04-08,E12000003,535,394016
Yorkshire and The Humber,2021-04-07,E12000003,581,393481
Yorkshire and The Humber,2021-04-06,E12000003,521,392900
Yorkshire and The Humber,2021-04-05,E12000003,528,392379
Yorkshire and The Humber,2021-04-04,E12000003,461,391851
Yorkshire and The Humber,2021-04-03,E12000003,472,391390
Yorkshire and The Humber,2021-04-02,E12000003,481,390918
Yorkshire and The Humber,2021-04-01,E12000003,602,390437
Yorkshire and The Humber,2021-03-31,E12000003,672,389835
Yorkshire and The Humber,2021-03-30,E12000003,656,389163
Yorkshire and The Humber,2021-03-29,E12000003,628,388507
Yorkshire and The Humber,2021-03-28,E12000003,847,387879
Yorkshire and The Humber,2021-03-27,E12000003,633,387032
Yorkshire and The Humber,2021-03-26,E12000003,767,386399
Yorkshire and The Humber,2021-03-25,E12000003,927,385632
Yorkshire and The Humber,2021-03-24,E12000003,1032,384705
Yorkshire and The Humber,2021-03-23,E12000003,1002,383673
Yorkshire and The Humber,2021-03-22,E12000003,1139,382671
Yorkshire and The Humber,2021-03-21,E12000003,841,381532
Yorkshire and The Humber,2021-03-20,E12000003,716,380691
Yorkshire and The Humber,2021-03-19,E12000003,912,379975
Yorkshire and The Humber,2021-03-18,E12000003,908,379063
Yorkshire and The Humber,2021-03-17,E12000003,959,378155
Yorkshire and The Humber,2021-03-16,E12000003,939,377196
Yorkshire and The Humber,2021-03-15,E12000003,1043,376257
Yorkshire and The Humber,2021-03-14,E12000003,689,375214
Yorkshire and The Humber,2021-03-13,E12000003,687,374525
Yorkshire and The Humber,2021-03-12,E12000003,886,373838
Yorkshire and The Humber,2021-03-11,E12000003,926,372952
Yorkshire and The Humber,2021-03-10,E12000003,969,372026
Yorkshire and The Humber,2021-03-09,E12000003,1003,371057
Yorkshire and The Humber,2021-03-08,E12000003,1012,370054
Yorkshire and The Humber,2021-03-07,E12000003,575,369042
Yorkshire and The Humber,2021-03-06,E12000003,681,368467
Yorkshire and The Humber,2021-03-05,E12000003,799,367786
Yorkshire and The Humber,2021-03-04,E12000003,793,366987
Yorkshire and The Humber,2021-03-03,E12000003,895,366194
Yorkshire and The Humber,2021-03-02,E12000003,956,365299
Yorkshire and The Humber,2021-03-01,E12000003,1008,364343
Yorkshire and The Humber,2021-02-28,E12000003,598,363335
Yorkshire and The Humber,2021-02-27,E12000003,637,362737
Yorkshire and The Humber,2021-02-26,E12000003,876,362100
Yorkshire and The Humber,2021-02-25,E12000003,971,361224
Yorkshire and The Humber,2021-02-24,E12000003,1095,360253
Yorkshire and The Humber,2021-02-23,E12000003,1149,359158
Yorkshire and The Humber,2021-02-22,E12000003,1269,358009
Yorkshire and The Humber,2021-02-21,E12000003,968,356740
Yorkshire and The Humber,2021-02-20,E12000003,989,355772
Yorkshire and The Humber,2021-02-19,E12000003,1259,354783
Yorkshire and The Humber,2021-02-18,E12000003,1371,353524
Yorkshire and The Humber,2021-02-17,E12000003,1358,352153
Yorkshire and The Humber,2021-02-16,E12000003,1405,350795
Yorkshire and The Humber,2021-02-15,E12000003,1446,349390
Yorkshire and The Humber,2021-02-14,E12000003,998,347944
Yorkshire and The Humber,2021-02-13,E12000003,956,346946
Yorkshire and The Humber,2021-02-12,E12000003,1232,345990
Yorkshire and The Humber,2021-02-11,E12000003,1271,344758
Yorkshire and The Humber,2021-02-10,E12000003,1296,343487
Yorkshire and The Humber,2021-02-09,E12000003,1371,342191
Yorkshire and The Humber,2021-02-08,E12000003,1430,340820
Yorkshire and The Humber,2021-02-07,E12000003,1174,339390
Yorkshire and The Humber,2021-02-06,E12000003,1150,338216
Yorkshire and The Humber,2021-02-05,E12000003,1419,337066
Yorkshire and The Humber,2021-02-04,E12000003,1604,335647
Yorkshire and The Humber,2021-02-03,E12000003,1807,334043
Yorkshire and The Humber,2021-02-02,E12000003,1057,332236
Yorkshire and The Humber,2021-02-01,E12000003,1764,331179
Yorkshire and The Humber,2021-01-31,E12000003,1286,329415
Yorkshire and The Humber,2021-01-30,E12000003,1287,328129
Yorkshire and The Humber,2021-01-29,E12000003,1529,326842
Yorkshire and The Humber,2021-01-28,E12000003,1634,325313
Yorkshire and The Humber,2021-01-27,E12000003,1857,323679
Yorkshire and The Humber,2021-01-26,E12000003,1796,321822
Yorkshire and The Humber,2021-01-25,E12000003,2040,320026
Yorkshire and The Humber,2021-01-24,E12000003,1355,317986
Yorkshire and The Humber,2021-01-23,E12000003,1378,316631
Yorkshire and The Humber,2021-01-22,E12000003,1700,315253
Yorkshire and The Humber,2021-01-21,E12000003,1875,313553
Yorkshire and The Humber,2021-01-20,E12000003,2165,311678
Yorkshire and The Humber,2021-01-19,E12000003,2334,309513
Yorkshire and The Humber,2021-01-18,E12000003,2596,307179
Yorkshire and The Humber,2021-01-17,E12000003,1675,304583
Yorkshire and The Humber,2021-01-16,E12000003,1732,302908
Yorkshire and The Humber,2021-01-15,E12000003,2015,301176
Yorkshire and The Humber,2021-01-14,E12000003,1236,299161
Yorkshire and The Humber,2021-01-13,E12000003,2311,297925
Yorkshire and The Humber,2021-01-12,E12000003,2590,295614
Yorkshire and The Humber,2021-01-11,E12000003,2933,293024
Yorkshire and The Humber,2021-01-10,E12000003,1798,290091
Yorkshire and The Humber,2021-01-09,E12000003,1891,288293
Yorkshire and The Humber,2021-01-08,E12000003,2157,286402
Yorkshire and The Humber,2021-01-07,E12000003,2506,284245
Yorkshire and The Humber,2021-01-06,E12000003,2653,281739
Yorkshire and The Humber,2021-01-05,E12000003,2908,279086
Yorkshire and The Humber,2021-01-04,E12000003,3576,276178
Yorkshire and The Humber,2021-01-03,E12000003,2500,272602
Yorkshire and The Humber,2021-01-02,E12000003,2791,270102
Yorkshire and The Humber,2021-01-01,E12000003,1520,267311
Yorkshire and The Humber,2020-12-31,E12000003,2213,265791
Yorkshire and The Humber,2020-12-30,E12000003,3010,263578
Yorkshire and The Humber,2020-12-29,E12000003,3285,260568
Yorkshire and The Humber,2020-12-28,E12000003,2155,257283
Yorkshire and The Humber,2020-12-27,E12000003,1994,255128
Yorkshire and The Humber,2020-12-26,E12000003,1688,253134
Yorkshire and The Humber,2020-12-25,E12000003,602,251446
Yorkshire and The Humber,2020-12-24,E12000003,1278,250844
Yorkshire and The Humber,2020-12-23,E12000003,1663,249566
Yorkshire and The Humber,2020-12-22,E12000003,1910,247903
Yorkshire and The Humber,2020-12-21,E12000003,2022,245993
Yorkshire and The Humber,2020-12-20,E12000003,1440,243971
Yorkshire and The Humber,2020-12-19,E12000003,1025,242531
Yorkshire and The Humber,2020-12-18,E12000003,1470,241506
Yorkshire and The Humber,2020-12-17,E12000003,1197,240036
Yorkshire and The Humber,2020-12-16,E12000003,1240,238839
Yorkshire and The Humber,2020-12-15,E12000003,1506,237599
Yorkshire and The Humber,2020-12-14,E12000003,1750,236093
Yorkshire and The Humber,2020-12-13,E12000003,1039,234343
Yorkshire and The Humber,2020-12-12,E12000003,958,233304
Yorkshire and The Humber,2020-12-11,E12000003,1243,232346
Yorkshire and The Humber,2020-12-10,E12000003,1233,231103
Yorkshire and The Humber,2020-12-09,E12000003,1368,229870
Yorkshire and The Humber,2020-12-08,E12000003,1365,228502
Yorkshire and The Humber,2020-12-07,E12000003,1433,227137
Yorkshire and The Humber,2020-12-06,E12000003,874,225704
Yorkshire and The Humber,2020-12-05,E12000003,892,224830
Yorkshire and The Humber,2020-12-04,E12000003,1060,223938
Yorkshire and The Humber,2020-12-03,E12000003,1179,222878
Yorkshire and The Humber,2020-12-02,E12000003,1362,221699
Yorkshire and The Humber,2020-12-01,E12000003,1508,220337
Yorkshire and The Humber,2020-11-30,E12000003,1716,218829
Yorkshire and The Humber,2020-11-29,E12000003,1058,217113
Yorkshire and The Humber,2020-11-28,E12000003,1100,216055
Yorkshire and The Humber,2020-11-27,E12000003,1324,214955
Yorkshire and The Humber,2020-11-26,E12000003,1428,213631
Yorkshire and The Humber,2020-11-25,E12000003,1644,212203
Yorkshire and The Humber,2020-11-24,E12000003,1794,210559
Yorkshire and The Humber,2020-11-23,E12000003,2095,208765
Yorkshire and The Humber,2020-11-22,E12000003,1383,206670
Yorkshire and The Humber,2020-11-21,E12000003,1395,205287
Yorkshire and The Humber,2020-11-20,E12000003,1974,203892
Yorkshire and The Humber,2020-11-19,E12000003,2135,201918
Yorkshire and The Humber,2020-11-18,E12000003,2621,199783
Yorkshire and The Humber,2020-11-17,E12000003,3121,197162
Yorkshire and The Humber,2020-11-16,E12000003,3339,194041
Yorkshire and The Humber,2020-11-15,E12000003,2122,190702
Yorkshire and The Humber,2020-11-14,E12000003,2543,188580
Yorkshire and The Humber,2020-11-13,E12000003,3132,186037
Yorkshire and The Humber,2020-11-12,E12000003,3250,182905
Yorkshire and The Humber,2020-11-11,E12000003,3790,179655
Yorkshire and The Humber,2020-11-10,E12000003,3823,175865
Yorkshire and The Humber,2020-11-09,E12000003,4566,172042
Yorkshire and The Humber,2020-11-08,E12000003,2940,167476
Yorkshire and The Humber,2020-11-07,E12000003,2872,164536
Yorkshire and The Humber,2020-11-06,E12000003,3700,161664
Yorkshire and The Humber,2020-11-05,E12000003,3649,157964
Yorkshire and The Humber,2020-11-04,E12000003,3562,154315
Yorkshire and The Humber,2020-11-03,E12000003,4027,150753
Yorkshire and The Humber,2020-11-02,E12000003,4739,146726
Yorkshire and The Humber,2020-11-01,E12000003,2873,141987
Yorkshire and The Humber,2020-10-31,E12000003,2659,139114
Yorkshire and The Humber,2020-10-30,E12000003,3509,136455
Yorkshire and The Humber,2020-10-29,E12000003,3499,132946
Yorkshire and The Humber,2020-10-28,E12000003,3662,129447
Yorkshire and The Humber,2020-10-27,E12000003,3621,125785
Yorkshire and The Humber,2020-10-26,E12000003,3877,122164
Yorkshire and The Humber,2020-10-25,E12000003,2186,118287
Yorkshire and The Humber,2020-10-24,E12000003,2287,116101
Yorkshire and The Humber,2020-10-23,E12000003,3016,113814
Yorkshire and The Humber,2020-10-22,E12000003,3341,110798
Yorkshire and The Humber,2020-10-21,E12000003,3532,107457
Yorkshire and The Humber,2020-10-20,E12000003,3616,103925
Yorkshire and The Humber,2020-10-19,E12000003,3870,100309
Yorkshire and The Humber,2020-10-18,E12000003,2224,96439
Yorkshire and The Humber,2020-10-17,E12000003,2379,94215
Yorkshire and The Humber,2020-10-16,E12000003,2468,91836
Yorkshire and The Humber,2020-10-15,E12000003,2535,89368
Yorkshire and The Humber,2020-10-14,E12000003,2808,86833
Yorkshire and The Humber,2020-10-13,E12000003,2567,84025
Yorkshire and The Humber,2020-10-12,E12000003,2777,81458
Yorkshire and The Humber,2020-10-11,E12000003,1642,78681
Yorkshire and The Humber,2020-10-10,E12000003,1948,77039
Yorkshire and The Humber,2020-10-09,E12000003,1885,75091
Yorkshire and The Humber,2020-10-08,E12000003,2456,73206
Yorkshire and The Humber,2020-10-07,E12000003,2686,70750
Yorkshire and The Humber,2020-10-06,E12000003,2446,68064
Yorkshire and The Humber,2020-10-05,E12000003,2298,65618
Yorkshire and The Humber,2020-10-04,E12000003,1690,63320
Yorkshire and The Humber,2020-10-03,E12000003,1689,61630
Yorkshire and The Humber,2020-10-02,E12000003,2226,59941
Yorkshire and The Humber,2020-10-01,E12000003,2165,57715
Yorkshire and The Humber,2020-09-30,E12000003,1809,55550
Yorkshire and The Humber,2020-09-29,E12000003,1398,53741
Yorkshire and The Humber,2020-09-28,E12000003,1461,52343
Yorkshire and The Humber,2020-09-27,E12000003,1031,50882
Yorkshire and The Humber,2020-09-26,E12000003,833,49851
Yorkshire and The Humber,2020-09-25,E12000003,810,49018
Yorkshire and The Humber,2020-09-24,E12000003,936,48208
Yorkshire and The Humber,2020-09-23,E12000003,734,47272
Yorkshire and The Humber,2020-09-22,E12000003,722,46538
Yorkshire and The Humber,2020-09-21,E12000003,622,45816
Yorkshire and The Humber,2020-09-20,E12000003,674,45194
Yorkshire and The Humber,2020-09-19,E12000003,567,44520
Yorkshire and The Humber,2020-09-18,E12000003,562,43953
Yorkshire and The Humber,2020-09-17,E12000003,585,43391
Yorkshire and The Humber,2020-09-16,E12000003,552,42806
Yorkshire and The Humber,2020-09-15,E12000003,426,42254
Yorkshire and The Humber,2020-09-14,E12000003,395,41828
Yorkshire and The Humber,2020-09-13,E12000003,303,41433
Yorkshire and The Humber,2020-09-12,E12000003,317,41130
Yorkshire and The Humber,2020-09-11,E12000003,391,40813
Yorkshire and The Humber,2020-09-10,E12000003,470,40422
Yorkshire and The Humber,2020-09-09,E12000003,397,39952
Yorkshire and The Humber,2020-09-08,E12000003,388,39555
Yorkshire and The Humber,2020-09-07,E12000003,539,39167
Yorkshire and The Humber,2020-09-06,E12000003,308,38628
Yorkshire and The Humber,2020-09-05,E12000003,315,38320
Yorkshire and The Humber,2020-09-04,E12000003,308,38005
Yorkshire and The Humber,2020-09-03,E12000003,337,37697
Yorkshire and The Humber,2020-09-02,E12000003,384,37360
Yorkshire and The Humber,2020-09-01,E12000003,269,36976
Yorkshire and The Humber,2020-08-31,E12000003,195,36707
Yorkshire and The Humber,2020-08-30,E12000003,144,36512
Yorkshire and The Humber,2020-08-29,E12000003,173,36368
Yorkshire and The Humber,2020-08-28,E12000003,161,36195
Yorkshire and The Humber,2020-08-27,E12000003,195,36034
Yorkshire and The Humber,2020-08-26,E12000003,123,35839
Yorkshire and The Humber,2020-08-25,E12000003,139,35716
Yorkshire and The Humber,2020-08-24,E12000003,156,35577
Yorkshire and The Humber,2020-08-23,E12000003,95,35421
Yorkshire and The Humber,2020-08-22,E12000003,91,35326
Yorkshire and The Humber,2020-08-21,E12000003,134,35235
Yorkshire and The Humber,2020-08-20,E12000003,171,35101
Yorkshire and The Humber,2020-08-19,E12000003,149,34930
Yorkshire and The Humber,2020-08-18,E12000003,126,34781
Yorkshire and The Humber,2020-08-17,E12000003,130,34655
Yorkshire and The Humber,2020-08-16,E12000003,80,34525
Yorkshire and The Humber,2020-08-15,E12000003,109,34445
Yorkshire and The Humber,2020-08-14,E12000003,163,34336
Yorkshire and The Humber,2020-08-13,E12000003,183,34173
Yorkshire and The Humber,2020-08-12,E12000003,176,33990
Yorkshire and The Humber,2020-08-11,E12000003,188,33814
Yorkshire and The Humber,2020-08-10,E12000003,221,33626
Yorkshire and The Humber,2020-08-09,E12000003,101,33405
Yorkshire and The Humber,2020-08-08,E12000003,109,33304
Yorkshire and The Humber,2020-08-07,E12000003,127,33195
Yorkshire and The Humber,2020-08-06,E12000003,179,33068
Yorkshire and The Humber,2020-08-05,E12000003,162,32889
Yorkshire and The Humber,2020-08-04,E12000003,147,32727
Yorkshire and The Humber,2020-08-03,E12000003,146,32580
Yorkshire and The Humber,2020-08-02,E12000003,89,32434
Yorkshire and The Humber,2020-08-01,E12000003,84,32345
Yorkshire and The Humber,2020-07-31,E12000003,100,32261
Yorkshire and The Humber,2020-07-30,E12000003,142,32161
Yorkshire and The Humber,2020-07-29,E12000003,164,32019
Yorkshire and The Humber,2020-07-28,E12000003,152,31855
Yorkshire and The Humber,2020-07-27,E12000003,147,31703
Yorkshire and The Humber,2020-07-26,E12000003,91,31556
Yorkshire and The Humber,2020-07-25,E12000003,90,31465
Yorkshire and The Humber,2020-07-24,E12000003,108,31375
Yorkshire and The Humber,2020-07-23,E12000003,107,31267
Yorkshire and The Humber,2020-07-22,E12000003,104,31160
Yorkshire and The Humber,2020-07-21,E12000003,103,31056
Yorkshire and The Humber,2020-07-20,E12000003,116,30953
Yorkshire and The Humber,2020-07-19,E12000003,101,30837
Yorkshire and The Humber,2020-07-18,E12000003,100,30736
Yorkshire and The Humber,2020-07-17,E12000003,100,30636
Yorkshire and The Humber,2020-07-16,E12000003,86,30536
Yorkshire and The Humber,2020-07-15,E12000003,119,30450
Yorkshire and The Humber,2020-07-14,E12000003,137,30331
Yorkshire and The Humber,2020-07-13,E12000003,139,30194
Yorkshire and The Humber,2020-07-12,E12000003,99,30055
Yorkshire and The Humber,2020-07-11,E12000003,88,29956
Yorkshire and The Humber,2020-07-10,E12000003,93,29868
Yorkshire and The Humber,2020-07-09,E12000003,99,29775
Yorkshire and The Humber,2020-07-08,E12000003,126,29676
Yorkshire and The Humber,2020-07-07,E12000003,104,29550
Yorkshire and The Humber,2020-07-06,E12000003,122,29446
Yorkshire and The Humber,2020-07-05,E12000003,92,29324
Yorkshire and The Humber,2020-07-04,E12000003,77,29232
Yorkshire and The Humber,2020-07-03,E12000003,108,29155
Yorkshire and The Humber,2020-07-02,E12000003,104,29047
Yorkshire and The Humber,2020-07-01,E12000003,131,28943
Yorkshire and The Humber,2020-06-30,E12000003,113,28812
Yorkshire and The Humber,2020-06-29,E12000003,134,28699
Yorkshire and The Humber,2020-06-28,E12000003,97,28565
Yorkshire and The Humber,2020-06-27,E12000003,148,28468
Yorkshire and The Humber,2020-06-26,E12000003,153,28320
Yorkshire and The Humber,2020-06-25,E12000003,145,28167
Yorkshire and The Humber,2020-06-24,E12000003,157,28022
Yorkshire and The Humber,2020-06-23,E12000003,172,27865
Yorkshire and The Humber,2020-06-22,E12000003,156,27693
Yorkshire and The Humber,2020-06-21,E12000003,117,27537
Yorkshire and The Humber,2020-06-20,E12000003,166,27420
Yorkshire and The Humber,2020-06-19,E12000003,203,27254
Yorkshire and The Humber,2020-06-18,E12000003,258,27051
Yorkshire and The Humber,2020-06-17,E12000003,230,26793
Yorkshire and The Humber,2020-06-16,E12000003,215,26563
Yorkshire and The Humber,2020-06-15,E12000003,189,26348
Yorkshire and The Humber,2020-06-14,E12000003,161,26159
Yorkshire and The Humber,2020-06-13,E12000003,192,25998
Yorkshire and The Humber,2020-06-12,E12000003,246,25806
Yorkshire and The Humber,2020-06-11,E12000003,196,25560
Yorkshire and The Humber,2020-06-10,E12000003,229,25364
Yorkshire and The Humber,2020-06-09,E12000003,174,25135
Yorkshire and The Humber,2020-06-08,E12000003,188,24961
Yorkshire and The Humber,2020-06-07,E12000003,149,24773
Yorkshire and The Humber,2020-06-06,E12000003,121,24624
Yorkshire and The Humber,2020-06-05,E12000003,151,24503
Yorkshire and The Humber,2020-06-04,E12000003,177,24352
Yorkshire and The Humber,2020-06-03,E12000003,205,24175
Yorkshire and The Humber,2020-06-02,E12000003,196,23970
Yorkshire and The Humber,2020-06-01,E12000003,191,23774
Yorkshire and The Humber,2020-05-31,E12000003,176,23583
Yorkshire and The Humber,2020-05-30,E12000003,167,23407
Yorkshire and The Humber,2020-05-29,E12000003,201,23240
Yorkshire and The Humber,2020-05-28,E12000003,272,23039
Yorkshire and The Humber,2020-05-27,E12000003,255,22767
Yorkshire and The Humber,2020-05-26,E12000003,231,22512
Yorkshire and The Humber,2020-05-25,E12000003,255,22281
Yorkshire and The Humber,2020-05-24,E12000003,204,22026
Yorkshire and The Humber,2020-05-23,E12000003,232,21822
Yorkshire and The Humber,2020-05-22,E12000003,263,21590
Yorkshire and The Humber,2020-05-21,E12000003,384,21327
Yorkshire and The Humber,2020-05-20,E12000003,297,20943
Yorkshire and The Humber,2020-05-19,E12000003,389,20646
Yorkshire and The Humber,2020-05-18,E12000003,259,20257
Yorkshire and The Humber,2020-05-17,E12000003,242,19998
Yorkshire and The Humber,2020-05-16,E12000003,258,19756
Yorkshire and The Humber,2020-05-15,E12000003,339,19498
Yorkshire and The Humber,2020-05-14,E12000003,352,19159
Yorkshire and The Humber,2020-05-13,E12000003,408,18807
Yorkshire and The Humber,2020-05-12,E12000003,378,18399
Yorkshire and The Humber,2020-05-11,E12000003,430,18021
Yorkshire and The Humber,2020-05-10,E12000003,298,17591
Yorkshire and The Humber,2020-05-09,E12000003,244,17293
Yorkshire and The Humber,2020-05-08,E12000003,349,17049
Yorkshire and The Humber,2020-05-07,E12000003,456,16700
Yorkshire and The Humber,2020-05-06,E12000003,413,16244
Yorkshire and The Humber,2020-05-05,E12000003,433,15831
Yorkshire and The Humber,2020-05-04,E12000003,346,15398
Yorkshire and The Humber,2020-05-03,E12000003,387,15052
Yorkshire and The Humber,2020-05-02,E12000003,380,14665
Yorkshire and The Humber,2020-05-01,E12000003,616,14285
Yorkshire and The Humber,2020-04-30,E12000003,577,13669
Yorkshire and The Humber,2020-04-29,E12000003,682,13092
Yorkshire and The Humber,2020-04-28,E12000003,474,12410
Yorkshire and The Humber,2020-04-27,E12000003,506,11936
Yorkshire and The Humber,2020-04-26,E12000003,420,11430
Yorkshire and The Humber,2020-04-25,E12000003,410,11010
Yorkshire and The Humber,2020-04-24,E12000003,590,10600
Yorkshire and The Humber,2020-04-23,E12000003,449,10010
Yorkshire and The Humber,2020-04-22,E12000003,557,9561
Yorkshire and The Humber,2020-04-21,E12000003,342,9004
Yorkshire and The Humber,2020-04-20,E12000003,398,8662
Yorkshire and The Humber,2020-04-19,E12000003,420,8264
Yorkshire and The Humber,2020-04-18,E12000003,359,7844
Yorkshire and The Humber,2020-04-17,E12000003,351,7485
Yorkshire and The Humber,2020-04-16,E12000003,369,7134
Yorkshire and The Humber,2020-04-15,E12000003,470,6765
Yorkshire and The Humber,2020-04-14,E12000003,316,6295
Yorkshire and The Humber,2020-04-13,E12000003,326,5979
Yorkshire and The Humber,2020-04-12,E12000003,269,5653
Yorkshire and The Humber,2020-04-11,E12000003,259,5384
Yorkshire and The Humber,2020-04-10,E12000003,297,5125
Yorkshire and The Humber,2020-04-09,E12000003,305,4828
Yorkshire and The Humber,2020-04-08,E12000003,318,4523
Yorkshire and The Humber,2020-04-07,E12000003,341,4205
Yorkshire and The Humber,2020-04-06,E12000003,323,3864
Yorkshire and The Humber,2020-04-05,E12000003,218,3541
Yorkshire and The Humber,2020-04-04,E12000003,201,3323
Yorkshire and The Humber,2020-04-03,E12000003,273,3122
Yorkshire and The Humber,2020-04-02,E12000003,240,2849
Yorkshire and The Humber,2020-04-01,E12000003,316,2609
Yorkshire and The Humber,2020-03-31,E12000003,317,2293
Yorkshire and The Humber,2020-03-30,E12000003,282,1976
Yorkshire and The Humber,2020-03-29,E12000003,229,1694
Yorkshire and The Humber,2020-03-28,E12000003,205,1465
Yorkshire and The Humber,2020-03-27,E12000003,154,1260
Yorkshire and The Humber,2020-03-26,E12000003,177,1106
Yorkshire and The Humber,2020-03-25,E12000003,146,929
Yorkshire and The Humber,2020-03-24,E12000003,151,783
Yorkshire and The Humber,2020-03-23,E12000003,137,632
Yorkshire and The Humber,2020-03-22,E12000003,92,495
Yorkshire and The Humber,2020-03-21,E12000003,77,403
Yorkshire and The Humber,2020-03-20,E12000003,60,326
Yorkshire and The Humber,2020-03-19,E12000003,54,266
Yorkshire and The Humber,2020-03-18,E12000003,46,212
Yorkshire and The Humber,2020-03-17,E12000003,29,166
Yorkshire and The Humber,2020-03-16,E12000003,27,137
Yorkshire and The Humber,2020-03-15,E12000003,9,110
Yorkshire and The Humber,2020-03-14,E12000003,12,101
Yorkshire and The Humber,2020-03-13,E12000003,12,89
Yorkshire and The Humber,2020-03-12,E12000003,14,77
Yorkshire and The Humber,2020-03-11,E12000003,10,63
Yorkshire and The Humber,2020-03-10,E12000003,18,53
Yorkshire and The Humber,2020-03-09,E12000003,8,35
Yorkshire and The Humber,2020-03-08,E12000003,3,27
Yorkshire and The Humber,2020-03-07,E12000003,5,24
Yorkshire and The Humber,2020-03-06,E12000003,2,19
Yorkshire and The Humber,2020-03-05,E12000003,1,17
Yorkshire and The Humber,2020-03-04,E12000003,2,16
Yorkshire and The Humber,2020-03-03,E12000003,4,14
Yorkshire and The Humber,2020-03-02,E12000003,3,10
Yorkshire and The Humber,2020-03-01,E12000003,2,7
Yorkshire and The Humber,2020-02-29,E12000003,1,5
Yorkshire and The Humber,2020-02-28,E12000003,2,4
Yorkshire and The Humber,2020-02-27,E12000003,0,2
Yorkshire and The Humber,2020-02-26,E12000003,0,2
Yorkshire and The Humber,2020-02-25,E12000003,0,2
Yorkshire and The Humber,2020-02-24,E12000003,0,2
Yorkshire and The Humber,2020-02-23,E12000003,0,2
Yorkshire and The Humber,2020-02-22,E12000003,0,2
Yorkshire and The Humber,2020-02-21,E12000003,0,2
Yorkshire and The Humber,2020-02-20,E12000003,0,2
Yorkshire and The Humber,2020-02-19,E12000003,0,2
Yorkshire and The Humber,2020-02-18,E12000003,0,2
Yorkshire and The Humber,2020-02-17,E12000003,0,2
Yorkshire and The Humber,2020-02-16,E12000003,0,2
Yorkshire and The Humber,2020-02-15,E12000003,0,2
Yorkshire and The Humber,2020-02-14,E12000003,0,2
Yorkshire and The Humber,2020-02-13,E12000003,0,2
Yorkshire and The Humber,2020-02-12,E12000003,0,2
Yorkshire and The Humber,2020-02-11,E12000003,0,2
Yorkshire and The Humber,2020-02-10,E12000003,0,2
Yorkshire and The Humber,2020-02-09,E12000003,0,2
Yorkshire and The Humber,2020-02-08,E12000003,0,2
Yorkshire and The Humber,2020-02-07,E12000003,0,2
Yorkshire and The Humber,2020-02-06,E12000003,0,2
Yorkshire and The Humber,2020-02-05,E12000003,0,2
Yorkshire and The Humber,2020-02-04,E12000003,0,2
Yorkshire and The Humber,2020-02-03,E12000003,1,2
Yorkshire and The Humber,2020-02-02,E12000003,0,1
Yorkshire and The Humber,2020-02-01,E12000003,0,1
Yorkshire and The Humber,2020-01-31,E12000003,0,1
Yorkshire and The Humber,2020-01-30,E12000003,1,1
East Midlands,2023-11-07,E12000004,31,1792215
East Midlands,2023-11-06,E12000004,72,1792184
East Midlands,2023-11-05,E12000004,67,1792112
East Midlands,2023-11-04,E12000004,58,1792045
East Midlands,2023-11-03,E12000004,69,1791987
East Midlands,2023-11-02,E12000004,62,1791918
East Midlands,2023-11-01,E12000004,77,1791856
East Midlands,2023-10-31,E12000004,98,1791779
East Midlands,2023-10-30,E12000004,88,1791681
East Midlands,2023-10-29,E12000004,82,1791593
East Midlands,2023-10-28,E12000004,62,1791511
East Midlands,2023-10-27,E12000004,95,1791449
East Midlands,2023-10-26,E12000004,106,1791354
East Midlands,2023-10-25,E12000004,121,1791248
East Midlands,2023-10-24,E12000004,128,1791127
East Midlands,2023-10-23,E12000004,103,1790999
East Midlands,2023-10-22,E12000004,92,1790896
East Midlands,2023-10-21,E12000004,107,1790804
East Midlands,2023-10-20,E12000004,89,1790697
East Midlands,2023-10-19,E12000004,121,1790608
East Midlands,2023-10-18,E12000004,136,1790487
East Midlands,2023-10-17,E12000004,153,1790351
East Midlands,2023-10-16,E12000004,148,1790198
East Midlands,2023-10-15,E12000004,116,1790050
East Midlands,2023-10-14,E12000004,130,1789934
East Midlands,2023-10-13,E12000004,149,1789804
East Midlands,2023-10-12,E12000004,170,1789655
East Midlands,2023-10-11,E12000004,202,1789485
East Midlands,2023-10-10,E12000004,234,1789283
East Midlands,2023-10-09,E12000004,210,1789049
East Midlands,2023-10-08,E12000004,218,1788839
East Midlands,2023-10-07,E12000004,182,1788621
East Midlands,2023-10-06,E12000004,263,1788439
East Midlands,2023-10-05,E12000004,210,1788176
East Midlands,2023-10-04,E12000004,236,1787966
East Midlands,2023-10-03,E12000004,311,1787730
East Midlands,2023-10-02,E12000004,275,1787419
East Midlands,2023-10-01,E12000004,242,1787144
East Midlands,2023-09-30,E12000004,208,1786902
East Midlands,2023-09-29,E12000004,208,1786694
East Midlands,2023-09-28,E12000004,258,1786486
East Midlands,2023-09-27,E12000004,268,1786228
East Midlands,2023-09-26,E12000004,257,1785960
East Midlands,2023-09-25,E12000004,236,1785703
East Midlands,2023-09-24,E12000004,170,1785467
East Midlands,2023-09-23,E12000004,153,1785297
East Midlands,2023-09-22,E12000004,145,1785144
East Midlands,2023-09-21,E12000004,178,1784999
East Midlands,2023-09-20,E12000004,181,1784821
East Midlands,2023-09-19,E12000004,191,1784640
East Midlands,2023-09-18,E12000004,174,1784449
East Midlands,2023-09-17,E12000004,158,1784275
East Midlands,2023-09-16,E12000004,126,1784117
East Midlands,2023-09-15,E12000004,127,1783991
East Midlands,2023-09-14,E12000004,136,1783864
East Midlands,2023-09-13,E12000004,162,1783728
East Midlands,2023-09-12,E12000004,166,1783566
East Midlands,2023-09-11,E12000004,169,1783400
East Midlands,2023-09-10,E12000004,137,1783231
East Midlands,2023-09-09,E12000004,113,1783094
East Midlands,2023-09-08,E12000004,133,1782981
East Midlands,2023-09-07,E12000004,156,1782848
East Midlands,2023-09-06,E12000004,160,1782692
East Midlands,2023-09-05,E12000004,144,1782532
East Midlands,2023-09-04,E12000004,157,1782388
East Midlands,2023-09-03,E12000004,134,1782231
East Midlands,2023-09-02,E12000004,95,1782097
East Midlands,2023-09-01,E12000004,132,1782002
East Midlands,2023-08-31,E12000004,109,1781870
East Midlands,2023-08-30,E12000004,120,1781761
East Midlands,2023-08-29,E12000004,114,1781641
East Midlands,2023-08-28,E12000004,86,1781527
East Midlands,2023-08-27,E12000004,73,1781441
East Midlands,2023-08-26,E12000004,70,1781368
East Midlands,2023-08-25,E12000004,72,1781298
East Midlands,2023-08-24,E12000004,90,1781226
East Midlands,2023-08-23,E12000004,108,1781136
East Midlands,2023-08-22,E12000004,105,1781028
East Midlands,2023-08-21,E12000004,104,1780923
East Midlands,2023-08-20,E12000004,81,1780819
East Midlands,2023-08-19,E12000004,79,1780738
East Midlands,2023-08-18,E12000004,92,1780659
East Midlands,2023-08-17,E12000004,86,1780567
East Midlands,2023-08-16,E12000004,89,1780481
East Midlands,2023-08-15,E12000004,101,1780392
East Midlands,2023-08-14,E12000004,117,1780291
East Midlands,2023-08-13,E12000004,92,1780174
East Midlands,2023-08-12,E12000004,67,1780082
East Midlands,2023-08-11,E12000004,75,1780015
East Midlands,2023-08-10,E12000004,107,1779940
East Midlands,2023-08-09,E12000004,83,1779833
East Midlands,2023-08-08,E12000004,100,1779750
East Midlands,2023-08-07,E12000004,101,1779650
East Midlands,2023-08-06,E12000004,71,1779549
East Midlands,2023-08-05,E12000004,70,1779478
East Midlands,2023-08-04,E12000004,66,1779408
East Midlands,2023-08-03,E12000004,88,1779342
East Midlands,2023-08-02,E12000004,78,1779254
East Midlands,2023-08-01,E12000004,82,1779176
East Midlands,2023-07-31,E12000004,86,1779094
East Midlands,2023-07-30,E12000004,64,1779008
East Midlands,2023-07-29,E12000004,65,1778944
East Midlands,2023-07-28,E12000004,59,1778879
East Midlands,2023-07-27,E12000004,48,1778820
East Midlands,2023-07-26,E12000004,70,1778772
East Midlands,2023-07-25,E12000004,62,1778702
East Midlands,2023-07-24,E12000004,47,1778640
East Midlands,2023-07-23,E12000004,43,1778593
East Midlands,2023-07-22,E12000004,38,1778550
East Midlands,2023-07-21,E12000004,39,1778512
East Midlands,2023-07-20,E12000004,41,1778473
East Midlands,2023-07-19,E12000004,30,1778432
East Midlands,2023-07-18,E12000004,34,1778402
East Midlands,2023-07-17,E12000004,44,1778368
East Midlands,2023-07-16,E12000004,31,1778324
East Midlands,2023-07-15,E12000004,25,1778293
East Midlands,2023-07-14,E12000004,19,1778268
East Midlands,2023-07-13,E12000004,47,1778249
East Midlands,2023-07-12,E12000004,29,1778202
East Midlands,2023-07-11,E12000004,33,1778173
East Midlands,2023-07-10,E12000004,43,1778140
East Midlands,2023-07-09,E12000004,30,1778097
East Midlands,2023-07-08,E12000004,31,1778067
East Midlands,2023-07-07,E12000004,26,1778036
East Midlands,2023-07-06,E12000004,33,1778010
East Midlands,2023-07-05,E12000004,34,1777977
East Midlands,2023-07-04,E12000004,26,1777943
East Midlands,2023-07-03,E12000004,26,1777917
East Midlands,2023-07-02,E12000004,25,1777891
East Midlands,2023-07-01,E12000004,19,1777866
East Midlands,2023-06-30,E12000004,18,1777847
East Midlands,2023-06-29,E12000004,22,1777829
East Midlands,2023-06-28,E12000004,25,1777807
East Midlands,2023-06-27,E12000004,25,1777782
East Midlands,2023-06-26,E12000004,27,1777757
East Midlands,2023-06-25,E12000004,26,1777730
East Midlands,2023-06-24,E12000004,12,1777704
East Midlands,2023-06-23,E12000004,27,1777692
East Midlands,2023-06-22,E12000004,24,1777665
East Midlands,2023-06-21,E12000004,42,1777641
East Midlands,2023-06-20,E12000004,35,1777599
East Midlands,2023-06-19,E12000004,44,1777564
East Midlands,2023-06-18,E12000004,36,1777520
East Midlands,2023-06-17,E12000004,29,1777484
East Midlands,2023-06-16,E12000004,35,1777455
East Midlands,2023-06-15,E12000004,35,1777420
East Midlands,2023-06-14,E12000004,42,1777385
East Midlands,2023-06-13,E12000004,42,1777343
East Midlands,2023-06-12,E12000004,61,1777301
East Midlands,2023-06-11,E12000004,52,1777240
East Midlands,2023-06-10,E12000004,30,1777188
East Midlands,2023-06-09,E12000004,50,1777158
East Midlands,2023-06-08,E12000004,56,1777108
East Midlands,2023-06-07,E12000004,67,1777052
East Midlands,2023-06-06,E12000004,68,1776985
East Midlands,2023-06-05,E12000004,75,1776917
East Midlands,2023-06-04,E12000004,53,1776842
East Midlands,2023-06-03,E12000004,40,1776789
East Midlands,2023-06-02,E12000004,55,1776749
East Midlands,2023-06-01,E12000004,61,1776694
East Midlands,2023-05-31,E12000004,89,1776633
East Midlands,2023-05-30,E12000004,72,1776544
East Midlands,2023-05-29,E12000004,83,1776472
East Midlands,2023-05-28,E12000004,48,1776389
East Midlands,2023-05-27,E12000004,51,1776341
East Midlands,2023-05-26,E12000004,69,1776290
East Midlands,2023-05-25,E12000004,76,1776221
East Midlands,2023-05-24,E12000004,80,1776145
East Midlands,2023-05-23,E12000004,115,1776065
East Midlands,2023-05-22,E12000004,107,1775950
East Midlands,2023-05-21,E12000004,80,1775843
East Midlands,2023-05-20,E12000004,57,1775763
East Midlands,2023-05-19,E12000004,86,1775706
East Midlands,2023-05-18,E12000004,93,1775620
East Midlands,2023-05-17,E12000004,104,1775527
East Midlands,2023-05-16,E12000004,108,1775423
East Midlands,2023-05-15,E12000004,106,1775315
East Midlands,2023-05-14,E12000004,108,1775209
East Midlands,2023-05-13,E12000004,55,1775101
East Midlands,2023-05-12,E12000004,80,1775046
East Midlands,2023-05-11,E12000004,118,1774966
East Midlands,2023-05-10,E12000004,118,1774848
East Midlands,2023-05-09,E12000004,116,1774730
East Midlands,2023-05-08,E12000004,123,1774614
East Midlands,2023-05-07,E12000004,105,1774491
East Midlands,2023-05-06,E12000004,86,1774386
East Midlands,2023-05-05,E12000004,97,1774300
East Midlands,2023-05-04,E12000004,139,1774203
East Midlands,2023-05-03,E12000004,145,1774064
East Midlands,2023-05-02,E12000004,150,1773919
East Midlands,2023-05-01,E12000004,166,1773769
East Midlands,2023-04-30,E12000004,112,1773603
East Midlands,2023-04-29,E12000004,102,1773491
East Midlands,2023-04-28,E12000004,114,1773389
East Midlands,2023-04-27,E12000004,154,1773275
East Midlands,2023-04-26,E12000004,151,1773121
East Midlands,2023-04-25,E12000004,154,1772970
East Midlands,2023-04-24,E12000004,166,1772816
East Midlands,2023-04-23,E12000004,129,1772650
East Midlands,2023-04-22,E12000004,112,1772521
East Midlands,2023-04-21,E12000004,117,1772409
East Midlands,2023-04-20,E12000004,152,1772292
East Midlands,2023-04-19,E12000004,162,1772140
East Midlands,2023-04-18,E12000004,152,1771978
East Midlands,2023-04-17,E12000004,189,1771826
East Midlands,2023-04-16,E12000004,153,1771637
East Midlands,2023-04-15,E12000004,135,1771484
East Midlands,2023-04-14,E12000004,136,1771349
East Midlands,2023-04-13,E12000004,180,1771213
East Midlands,2023-04-12,E12000004,201,1771033
East Midlands,2023-04-11,E12000004,222,1770832
East Midlands,2023-04-10,E12000004,221,1770610
East Midlands,2023-04-09,E12000004,154,1770389
East Midlands,2023-04-08,E12000004,145,1770235
East Midlands,2023-04-07,E12000004,150,1770090
East Midlands,2023-04-06,E12000004,167,1769940
East Midlands,2023-04-05,E12000004,211,1769773
East Midlands,2023-04-04,E12000004,215,1769562
East Midlands,2023-04-03,E12000004,242,1769347
East Midlands,2023-04-02,E12000004,208,1769105
East Midlands,2023-04-01,E12000004,184,1768897
East Midlands,2023-03-31,E12000004,238,1768713
East Midlands,2023-03-30,E12000004,273,1768475
East Midlands,2023-03-29,E12000004,322,1768202
East Midlands,2023-03-28,E12000004,376,1767880
East Midlands,2023-03-27,E12000004,339,1767504
East Midlands,2023-03-26,E12000004,294,1767165
East Midlands,2023-03-25,E12000004,245,1766871
East Midlands,2023-03-24,E12000004,310,1766626
East Midlands,2023-03-23,E12000004,355,1766316
East Midlands,2023-03-22,E12000004,339,1765961
East Midlands,2023-03-21,E12000004,398,1765622
East Midlands,2023-03-20,E12000004,429,1765224
East Midlands,2023-03-19,E12000004,313,1764795
East Midlands,2023-03-18,E12000004,275,1764482
East Midlands,2023-03-17,E12000004,330,1764207
East Midlands,2023-03-16,E12000004,360,1763877
East Midlands,2023-03-15,E12000004,369,1763517
East Midlands,2023-03-14,E12000004,419,1763148
East Midlands,2023-03-13,E12000004,501,1762729
East Midlands,2023-03-12,E12000004,322,1762228
East Midlands,2023-03-11,E12000004,271,1761906
East Midlands,2023-03-10,E12000004,305,1761635
East Midlands,2023-03-09,E12000004,304,1761330
East Midlands,2023-03-08,E12000004,370,1761026
East Midlands,2023-03-07,E12000004,363,1760656
East Midlands,2023-03-06,E12000004,438,1760293
East Midlands,2023-03-05,E12000004,283,1759855
East Midlands,2023-03-04,E12000004,234,1759572
East Midlands,2023-03-03,E12000004,273,1759338
East Midlands,2023-03-02,E12000004,290,1759065
East Midlands,2023-03-01,E12000004,302,1758775
East Midlands,2023-02-28,E12000004,345,1758473
East Midlands,2023-02-27,E12000004,370,1758128
East Midlands,2023-02-26,E12000004,288,1757758
East Midlands,2023-02-25,E12000004,239,1757470
East Midlands,2023-02-24,E12000004,283,1757231
East Midlands,2023-02-23,E12000004,329,1756948
East Midlands,2023-02-22,E12000004,331,1756619
East Midlands,2023-02-21,E12000004,375,1756288
East Midlands,2023-02-20,E12000004,419,1755913
East Midlands,2023-02-19,E12000004,303,1755494
East Midlands,2023-02-18,E12000004,257,1755191
East Midlands,2023-02-17,E12000004,337,1754934
East Midlands,2023-02-16,E12000004,305,1754597
East Midlands,2023-02-15,E12000004,351,1754292
East Midlands,2023-02-14,E12000004,351,1753941
East Midlands,2023-02-13,E12000004,405,1753590
East Midlands,2023-02-12,E12000004,289,1753185
East Midlands,2023-02-11,E12000004,171,1752896
East Midlands,2023-02-10,E12000004,248,1752725
East Midlands,2023-02-09,E12000004,242,1752477
East Midlands,2023-02-08,E12000004,259,1752235
East Midlands,2023-02-07,E12000004,296,1751976
East Midlands,2023-02-06,E12000004,278,1751680
East Midlands,2023-02-05,E12000004,193,1751402
East Midlands,2023-02-04,E12000004,219,1751209
East Midlands,2023-02-03,E12000004,226,1750990
East Midlands,2023-02-02,E12000004,237,1750764
East Midlands,2023-02-01,E12000004,240,1750527
East Midlands,2023-01-31,E12000004,259,1750287
East Midlands,2023-01-30,E12000004,268,1750028
East Midlands,2023-01-29,E12000004,191,1749760
East Midlands,2023-01-28,E12000004,145,1749569
East Midlands,2023-01-27,E12000004,185,1749424
East Midlands,2023-01-26,E12000004,159,1749239
East Midlands,2023-01-25,E12000004,249,1749080
East Midlands,2023-01-24,E12000004,198,1748831
East Midlands,2023-01-23,E12000004,188,1748633
East Midlands,2023-01-22,E12000004,125,1748445
East Midlands,2023-01-21,E12000004,124,1748320
East Midlands,2023-01-20,E12000004,153,1748196
East Midlands,2023-01-19,E12000004,155,1748043
East Midlands,2023-01-18,E12000004,256,1747888
East Midlands,2023-01-17,E12000004,177,1747632
East Midlands,2023-01-16,E12000004,206,1747455
East Midlands,2023-01-15,E12000004,143,1747249
East Midlands,2023-01-14,E12000004,127,1747106
East Midlands,2023-01-13,E12000004,155,1746979
East Midlands,2023-01-12,E12000004,178,1746824
East Midlands,2023-01-11,E12000004,207,1746646
East Midlands,2023-01-10,E12000004,241,1746439
East Midlands,2023-01-09,E12000004,339,1746198
East Midlands,2023-01-08,E12000004,266,1745859
East Midlands,2023-01-07,E12000004,194,1745593
East Midlands,2023-01-06,E12000004,264,1745399
East Midlands,2023-01-05,E12000004,346,1745135
East Midlands,2023-01-04,E12000004,401,1744789
East Midlands,2023-01-03,E12000004,481,1744388
East Midlands,2023-01-02,E12000004,399,1743907
East Midlands,2023-01-01,E12000004,316,1743508
East Midlands,2022-12-31,E12000004,352,1743192
East Midlands,2022-12-30,E12000004,517,1742840
East Midlands,2022-12-29,E12000004,638,1742323
East Midlands,2022-12-28,E12000004,593,1741685
East Midlands,2022-12-27,E12000004,547,1741092
East Midlands,2022-12-26,E12000004,373,1740545
East Midlands,2022-12-25,E12000004,306,1740172
East Midlands,2022-12-24,E12000004,317,1739866
East Midlands,2022-12-23,E12000004,447,1739549
East Midlands,2022-12-22,E12000004,523,1739102
East Midlands,2022-12-21,E12000004,603,1738579
East Midlands,2022-12-20,E12000004,712,1737976
East Midlands,2022-12-19,E12000004,684,1737264
East Midlands,2022-12-18,E12000004,442,1736580
East Midlands,2022-12-17,E12000004,366,1736138
East Midlands,2022-12-16,E12000004,445,1735772
East Midlands,2022-12-15,E12000004,494,1735327
East Midlands,2022-12-14,E12000004,490,1734833
East Midlands,2022-12-13,E12000004,580,1734343
East Midlands,2022-12-12,E12000004,569,1733763
East Midlands,2022-12-11,E12000004,383,1733194
East Midlands,2022-12-10,E12000004,283,1732811
East Midlands,2022-12-09,E12000004,354,1732528
East Midlands,2022-12-08,E12000004,329,1732174
East Midlands,2022-12-07,E12000004,422,1731845
East Midlands,2022-12-06,E12000004,420,1731423
East Midlands,2022-12-05,E12000004,471,1731003
East Midlands,2022-12-04,E12000004,321,1730532
East Midlands,2022-12-03,E12000004,222,1730211
East Midlands,2022-12-02,E12000004,299,1729989
East Midlands,2022-12-01,E12000004,274,1729690
East Midlands,2022-11-30,E12000004,321,1729416
East Midlands,2022-11-29,E12000004,357,1729095
East Midlands,2022-11-28,E12000004,415,1728738
East Midlands,2022-11-27,E12000004,258,1728323
East Midlands,2022-11-26,E12000004,224,1728065
East Midlands,2022-11-25,E12000004,266,1727841
East Midlands,2022-11-24,E12000004,279,1727575
East Midlands,2022-11-23,E12000004,295,1727296
East Midlands,2022-11-22,E12000004,386,1727001
East Midlands,2022-11-21,E12000004,364,1726615
East Midlands,2022-11-20,E12000004,247,1726251
East Midlands,2022-11-19,E12000004,215,1726004
East Midlands,2022-11-18,E12000004,217,1725789
East Midlands,2022-11-17,E12000004,237,1725572
East Midlands,2022-11-16,E12000004,261,1725335
East Midlands,2022-11-15,E12000004,296,1725074
East Midlands,2022-11-14,E12000004,302,1724778
East Midlands,2022-11-13,E12000004,250,1724476
East Midlands,2022-11-12,E12000004,190,1724226
East Midlands,2022-11-11,E12000004,248,1724036
East Midlands,2022-11-10,E12000004,246,1723788
East Midlands,2022-11-09,E12000004,285,1723542
East Midlands,2022-11-08,E12000004,310,1723257
East Midlands,2022-11-07,E12000004,376,1722947
East Midlands,2022-11-06,E12000004,275,1722571
East Midlands,2022-11-05,E12000004,232,1722296
East Midlands,2022-11-04,E12000004,269,1722064
East Midlands,2022-11-03,E12000004,324,1721795
East Midlands,2022-11-02,E12000004,361,1721471
East Midlands,2022-11-01,E12000004,357,1721110
East Midlands,2022-10-31,E12000004,403,1720753
East Midlands,2022-10-30,E12000004,341,1720350
East Midlands,2022-10-29,E12000004,325,1720009
East Midlands,2022-10-28,E12000004,407,1719684
East Midlands,2022-10-27,E12000004,425,1719277
East Midlands,2022-10-26,E12000004,450,1718852
East Midlands,2022-10-25,E12000004,501,1718402
East Midlands,2022-10-24,E12000004,627,1717901
East Midlands,2022-10-23,E12000004,503,1717274
East Midlands,2022-10-22,E12000004,476,1716771
East Midlands,2022-10-21,E12000004,595,1716295
East Midlands,2022-10-20,E12000004,611,1715700
East Midlands,2022-10-19,E12000004,676,1715089
East Midlands,2022-10-18,E12000004,756,1714413
East Midlands,2022-10-17,E12000004,929,1713657
East Midlands,2022-10-16,E12000004,740,1712728
East Midlands,2022-10-15,E12000004,636,1711988
East Midlands,2022-10-14,E12000004,762,1711352
East Midlands,2022-10-13,E12000004,828,1710590
East Midlands,2022-10-12,E12000004,847,1709762
East Midlands,2022-10-11,E12000004,909,1708915
East Midlands,2022-10-10,E12000004,1003,1708006
East Midlands,2022-10-09,E12000004,796,1707003
East Midlands,2022-10-08,E12000004,606,1706207
East Midlands,2022-10-07,E12000004,813,1705601
East Midlands,2022-10-06,E12000004,926,1704788
East Midlands,2022-10-05,E12000004,964,1703862
East Midlands,2022-10-04,E12000004,1048,1702898
East Midlands,2022-10-03,E12000004,986,1701850
East Midlands,2022-10-02,E12000004,864,1700864
East Midlands,2022-10-01,E12000004,698,1700000
East Midlands,2022-09-30,E12000004,696,1699302
East Midlands,2022-09-29,E12000004,732,1698606
East Midlands,2022-09-28,E12000004,744,1697874
East Midlands,2022-09-27,E12000004,730,1697130
East Midlands,2022-09-26,E12000004,791,1696400
East Midlands,2022-09-25,E12000004,701,1695609
East Midlands,2022-09-24,E12000004,462,1694908
East Midlands,2022-09-23,E12000004,550,1694446
East Midlands,2022-09-22,E12000004,582,1693896
East Midlands,2022-09-21,E12000004,711,1693314
East Midlands,2022-09-20,E12000004,637,1692603
East Midlands,2022-09-19,E12000004,497,1691966
East Midlands,2022-09-18,E12000004,384,1691469
East Midlands,2022-09-17,E12000004,317,1691085
East Midlands,2022-09-16,E12000004,360,1690768
East Midlands,2022-09-15,E12000004,418,1690408
East Midlands,2022-09-14,E12000004,394,1689990
East Midlands,2022-09-13,E12000004,474,1689596
East Midlands,2022-09-12,E12000004,501,1689122
East Midlands,2022-09-11,E12000004,379,1688621
East Midlands,2022-09-10,E12000004,254,1688242
East Midlands,2022-09-09,E12000004,300,1687988
East Midlands,2022-09-08,E12000004,315,1687688
East Midlands,2022-09-07,E12000004,345,1687373
East Midlands,2022-09-06,E12000004,417,1687028
East Midlands,2022-09-05,E12000004,390,1686611
East Midlands,2022-09-04,E12000004,365,1686221
East Midlands,2022-09-03,E12000004,295,1685856
East Midlands,2022-09-02,E12000004,318,1685561
East Midlands,2022-09-01,E12000004,358,1685243
East Midlands,2022-08-31,E12000004,426,1684885
East Midlands,2022-08-30,E12000004,436,1684459
East Midlands,2022-08-29,E12000004,389,1684023
East Midlands,2022-08-28,E12000004,278,1683634
East Midlands,2022-08-27,E12000004,216,1683356
East Midlands,2022-08-26,E12000004,248,1683140
East Midlands,2022-08-25,E12000004,300,1682892
East Midlands,2022-08-24,E12000004,386,1682592
East Midlands,2022-08-23,E12000004,397,1682206
East Midlands,2022-08-22,E12000004,432,1681809
East Midlands,2022-08-21,E12000004,285,1681377
East Midlands,2022-08-20,E12000004,274,1681092
East Midlands,2022-08-19,E12000004,316,1680818
East Midlands,2022-08-18,E12000004,356,1680502
East Midlands,2022-08-17,E12000004,419,1680146
East Midlands,2022-08-16,E12000004,423,1679727
East Midlands,2022-08-15,E12000004,444,1679304
East Midlands,2022-08-14,E12000004,435,1678860
East Midlands,2022-08-13,E12000004,384,1678425
East Midlands,2022-08-12,E12000004,475,1678041
East Midlands,2022-08-11,E12000004,512,1677566
East Midlands,2022-08-10,E12000004,536,1677054
East Midlands,2022-08-09,E12000004,570,1676518
East Midlands,2022-08-08,E12000004,677,1675948
East Midlands,2022-08-07,E12000004,552,1675271
East Midlands,2022-08-06,E12000004,435,1674719
East Midlands,2022-08-05,E12000004,508,1674284
East Midlands,2022-08-04,E12000004,605,1673776
East Midlands,2022-08-03,E12000004,704,1673171
East Midlands,2022-08-02,E12000004,741,1672467
East Midlands,2022-08-01,E12000004,716,1671726
East Midlands,2022-07-31,E12000004,650,1671010
East Midlands,2022-07-30,E12000004,548,1670360
East Midlands,2022-07-29,E12000004,720,1669812
East Midlands,2022-07-28,E12000004,729,1669092
East Midlands,2022-07-27,E12000004,833,1668363
East Midlands,2022-07-26,E12000004,915,1667530
East Midlands,2022-07-25,E12000004,1070,1666615
East Midlands,2022-07-24,E12000004,893,1665545
East Midlands,2022-07-23,E12000004,805,1664652
East Midlands,2022-07-22,E12000004,945,1663847
East Midlands,2022-07-21,E12000004,1096,1662902
East Midlands,2022-07-20,E12000004,1173,1661806
East Midlands,2022-07-19,E12000004,1271,1660633
East Midlands,2022-07-18,E12000004,1329,1659362
East Midlands,2022-07-17,E12000004,1313,1658033
East Midlands,2022-07-16,E12000004,1138,1656720
East Midlands,2022-07-15,E12000004,1421,1655582
East Midlands,2022-07-14,E12000004,1542,1654161
East Midlands,2022-07-13,E12000004,1716,1652619
East Midlands,2022-07-12,E12000004,2028,1650903
East Midlands,2022-07-11,E12000004,2195,1648875
East Midlands,2022-07-10,E12000004,1838,1646680
East Midlands,2022-07-09,E12000004,1554,1644842
East Midlands,2022-07-08,E12000004,1714,1643288
East Midlands,2022-07-07,E12000004,1932,1641574
East Midlands,2022-07-06,E12000004,2127,1639642
East Midlands,2022-07-05,E12000004,2153,1637515
East Midlands,2022-07-04,E12000004,2378,1635362
East Midlands,2022-07-03,E12000004,1892,1632984
East Midlands,2022-07-02,E12000004,1481,1631092
East Midlands,2022-07-01,E12000004,1676,1629611
East Midlands,2022-06-30,E12000004,1774,1627935
East Midlands,2022-06-29,E12000004,1706,1626161
East Midlands,2022-06-28,E12000004,1766,1624455
East Midlands,2022-06-27,E12000004,1733,1622689
East Midlands,2022-06-26,E12000004,1356,1620956
East Midlands,2022-06-25,E12000004,1097,1619600
East Midlands,2022-06-24,E12000004,1203,1618503
East Midlands,2022-06-23,E12000004,1331,1617300
East Midlands,2022-06-22,E12000004,1391,1615969
East Midlands,2022-06-21,E12000004,1336,1614578
East Midlands,2022-06-20,E12000004,1293,1613242
East Midlands,2022-06-19,E12000004,1116,1611949
East Midlands,2022-06-18,E12000004,896,1610833
East Midlands,2022-06-17,E12000004,918,1609937
East Midlands,2022-06-16,E12000004,952,1609019
East Midlands,2022-06-15,E12000004,981,1608067
East Midlands,2022-06-14,E12000004,1002,1607086
East Midlands,2022-06-13,E12000004,968,1606084
East Midlands,2022-06-12,E12000004,828,1605116
East Midlands,2022-06-11,E12000004,616,1604288
East Midlands,2022-06-10,E12000004,725,1603672
East Midlands,2022-06-09,E12000004,794,1602947
East Midlands,2022-06-08,E12000004,779,1602153
East Midlands,2022-06-07,E12000004,665,1601374
East Midlands,2022-06-06,E12000004,723,1600709
East Midlands,2022-06-05,E12000004,651,1599986
East Midlands,2022-06-04,E12000004,479,1599335
East Midlands,2022-06-03,E12000004,414,1598856
East Midlands,2022-06-02,E12000004,372,1598442
East Midlands,2022-06-01,E12000004,386,1598070
East Midlands,2022-05-31,E12000004,362,1597684
East Midlands,2022-05-30,E12000004,433,1597322
East Midlands,2022-05-29,E12000004,352,1596889
East Midlands,2022-05-28,E12000004,263,1596537
East Midlands,2022-05-27,E12000004,325,1596274
East Midlands,2022-05-26,E12000004,355,1595949
East Midlands,2022-05-25,E12000004,396,1595594
East Midlands,2022-05-24,E12000004,437,1595198
East Midlands,2022-05-23,E12000004,448,1594761
East Midlands,2022-05-22,E12000004,383,1594313
East Midlands,2022-05-21,E12000004,324,1593930
East Midlands,2022-05-20,E12000004,365,1593606
East Midlands,2022-05-19,E12000004,430,1593241
East Midlands,2022-05-18,E12000004,499,1592811
East Midlands,2022-05-17,E12000004,553,1592312
East Midlands,2022-05-16,E12000004,601,1591759
East Midlands,2022-05-15,E12000004,558,1591158
East Midlands,2022-05-14,E12000004,406,1590600
East Midlands,2022-05-13,E12000004,462,1590194
East Midlands,2022-05-12,E12000004,487,1589732
East Midlands,2022-05-11,E12000004,613,1589245
East Midlands,2022-05-10,E12000004,659,1588632
East Midlands,2022-05-09,E12000004,742,1587973
East Midlands,2022-05-08,E12000004,669,1587231
East Midlands,2022-05-07,E12000004,551,1586562
East Midlands,2022-05-06,E12000004,589,1586011
East Midlands,2022-05-05,E12000004,751,1585422
East Midlands,2022-05-04,E12000004,758,1584671
East Midlands,2022-05-03,E12000004,969,1583913
East Midlands,2022-05-02,E12000004,877,1582944
East Midlands,2022-05-01,E12000004,706,1582067
East Midlands,2022-04-30,E12000004,591,1581361
East Midlands,2022-04-29,E12000004,709,1580770
East Midlands,2022-04-28,E12000004,702,1580061
East Midlands,2022-04-27,E12000004,906,1579359
East Midlands,2022-04-26,E12000004,958,1578453
East Midlands,2022-04-25,E12000004,1101,1577495
East Midlands,2022-04-24,E12000004,994,1576394
East Midlands,2022-04-23,E12000004,891,1575400
East Midlands,2022-04-22,E12000004,1019,1574509
East Midlands,2022-04-21,E12000004,1212,1573490
East Midlands,2022-04-20,E12000004,1442,1572278
East Midlands,2022-04-19,E12000004,1674,1570836
East Midlands,2022-04-18,E12000004,1808,1569162
East Midlands,2022-04-17,E12000004,1432,1567354
East Midlands,2022-04-16,E12000004,1397,1565922
East Midlands,2022-04-15,E12000004,1508,1564525
East Midlands,2022-04-14,E12000004,1866,1563017
East Midlands,2022-04-13,E12000004,2188,1561151
East Midlands,2022-04-12,E12000004,2394,1558963
East Midlands,2022-04-11,E12000004,2679,1556569
East Midlands,2022-04-10,E12000004,2487,1553890
East Midlands,2022-04-09,E12000004,2035,1551403
East Midlands,2022-04-08,E12000004,2352,1549368
East Midlands,2022-04-07,E12000004,2715,1547016
East Midlands,2022-04-06,E12000004,3092,1544301
East Midlands,2022-04-05,E12000004,3521,1541209
East Midlands,2022-04-04,E12000004,3951,1537688
East Midlands,2022-04-03,E12000004,2954,1533737
East Midlands,2022-04-02,E12000004,2760,1530783
East Midlands,2022-04-01,E12000004,3420,1528023
East Midlands,2022-03-31,E12000004,3694,1524603
East Midlands,2022-03-30,E12000004,5270,1520909
East Midlands,2022-03-29,E12000004,5494,1515639
East Midlands,2022-03-28,E12000004,6613,1510145
East Midlands,2022-03-27,E12000004,4884,1503532
East Midlands,2022-03-26,E12000004,4260,1498648
East Midlands,2022-03-25,E12000004,5057,1494388
East Midlands,2022-03-24,E12000004,5698,1489331
East Midlands,2022-03-23,E12000004,6380,1483633
East Midlands,2022-03-22,E12000004,6391,1477253
East Midlands,2022-03-21,E12000004,7182,1470862
East Midlands,2022-03-20,E12000004,5349,1463680
East Midlands,2022-03-19,E12000004,4319,1458331
East Midlands,2022-03-18,E12000004,4818,1454012
East Midlands,2022-03-17,E12000004,5235,1449194
East Midlands,2022-03-16,E12000004,5841,1443959
East Midlands,2022-03-15,E12000004,5777,1438118
East Midlands,2022-03-14,E12000004,6250,1432341
East Midlands,2022-03-13,E12000004,4724,1426091
East Midlands,2022-03-12,E12000004,4006,1421367
East Midlands,2022-03-11,E12000004,4068,1417361
East Midlands,2022-03-10,E12000004,4268,1413293
East Midlands,2022-03-09,E12000004,4393,1409025
East Midlands,2022-03-08,E12000004,4284,1404632
East Midlands,2022-03-07,E12000004,4037,1400348
East Midlands,2022-03-06,E12000004,2967,1396311
East Midlands,2022-03-05,E12000004,2330,1393344
East Midlands,2022-03-04,E12000004,2384,1391014
East Midlands,2022-03-03,E12000004,2510,1388630
East Midlands,2022-03-02,E12000004,2551,1386120
East Midlands,2022-03-01,E12000004,2547,1383569
East Midlands,2022-02-28,E12000004,2538,1381022
East Midlands,2022-02-27,E12000004,1751,1378484
East Midlands,2022-02-26,E12000004,1334,1376733
East Midlands,2022-02-25,E12000004,1495,1375399
East Midlands,2022-02-24,E12000004,1658,1373904
East Midlands,2022-02-23,E12000004,2121,1372246
East Midlands,2022-02-22,E12000004,2122,1370125
East Midlands,2022-02-21,E12000004,2736,1368003
East Midlands,2022-02-20,E12000004,2412,1365267
East Midlands,2022-02-19,E12000004,2076,1362855
East Midlands,2022-02-18,E12000004,2368,1360779
East Midlands,2022-02-17,E12000004,2694,1358411
East Midlands,2022-02-16,E12000004,2989,1355717
East Midlands,2022-02-15,E12000004,3001,1352728
East Midlands,2022-02-14,E12000004,3223,1349727
East Midlands,2022-02-13,E12000004,2487,1346504
East Midlands,2022-02-12,E12000004,2335,1344017
East Midlands,2022-02-11,E12000004,2704,1341682
East Midlands,2022-02-10,E12000004,3320,1338978
East Midlands,2022-02-09,E12000004,4090,1335658
East Midlands,2022-02-08,E12000004,4510,1331568
East Midlands,2022-02-07,E12000004,5122,1327058
East Midlands,2022-02-06,E12000004,4152,1321936
East Midlands,2022-02-05,E12000004,3418,1317784
East Midlands,2022-02-04,E12000004,4276,1314366
East Midlands,2022-02-03,E12000004,5181,1310090
East Midlands,2022-02-02,E12000004,6212,1304909
East Midlands,2022-02-01,E12000004,6396,1298697
East Midlands,2022-01-31,E12000004,7580,1292301
East Midlands,2022-01-30,E12000004,6354,1284721
East Midlands,2022-01-29,E12000004,5371,1278367
East Midlands,2022-01-28,E12000004,6125,1272996
East Midlands,2022-01-27,E12000004,6878,1266871
East Midlands,2022-01-26,E12000004,7994,1259993
East Midlands,2022-01-25,E12000004,7945,1251999
East Midlands,2022-01-24,E12000004,9286,1244054
East Midlands,2022-01-23,E12000004,7652,1234768
East Midlands,2022-01-22,E12000004,5739,1227116
East Midlands,2022-01-21,E12000004,6627,1221377
East Midlands,2022-01-20,E12000004,7267,1214750
East Midlands,2022-01-19,E12000004,8144,1207483
East Midlands,2022-01-18,E12000004,8857,1199339
East Midlands,2022-01-17,E12000004,9695,1190482
East Midlands,2022-01-16,E12000004,7093,1180787
East Midlands,2022-01-15,E12000004,5568,1173694
East Midlands,2022-01-14,E12000004,6342,1168126
East Midlands,2022-01-13,E12000004,6936,1161784
East Midlands,2022-01-12,E12000004,7363,1154848
East Midlands,2022-01-11,E12000004,8446,1147485
East Midlands,2022-01-10,E12000004,9917,1139039
East Midlands,2022-01-09,E12000004,6930,1129122
East Midlands,2022-01-08,E12000004,6689,1122192
East Midlands,2022-01-07,E12000004,8671,1115503
East Midlands,2022-01-06,E12000004,12618,1106832
East Midlands,2022-01-05,E12000004,15240,1094214
East Midlands,2022-01-04,E12000004,20049,1078974
East Midlands,2022-01-03,E12000004,16470,1058925
East Midlands,2022-01-02,E12000004,12755,1042455
East Midlands,2022-01-01,E12000004,8630,1029700
East Midlands,2021-12-31,E12000004,13109,1021070
East Midlands,2021-12-30,E12000004,16981,1007961
East Midlands,2021-12-29,E12000004,19802,990980
East Midlands,2021-12-28,E12000004,15141,971178
East Midlands,2021-12-27,E12000004,13186,956037
East Midlands,2021-12-26,E12000004,8126,942851
East Midlands,2021-12-25,E12000004,4969,934725
East Midlands,2021-12-24,E12000004,9219,929756
East Midlands,2021-12-23,E12000004,10692,920537
East Midlands,2021-12-22,E12000004,10437,909845
East Midlands,2021-12-21,E12000004,9728,899408
East Midlands,2021-12-20,E12000004,8332,889680
East Midlands,2021-12-19,E12000004,5614,881348
East Midlands,2021-12-18,E12000004,5386,875734
East Midlands,2021-12-17,E12000004,5857,870348
East Midlands,2021-12-16,E12000004,6596,864491
East Midlands,2021-12-15,E12000004,7246,857895
East Midlands,2021-12-14,E12000004,6166,850649
East Midlands,2021-12-13,E12000004,5479,844483
East Midlands,2021-12-12,E12000004,3488,839004
East Midlands,2021-12-11,E12000004,3342,835516
East Midlands,2021-12-10,E12000004,3545,832174
East Midlands,2021-12-09,E12000004,3929,828629
East Midlands,2021-12-08,E12000004,4085,824700
East Midlands,2021-12-07,E12000004,3925,820615
East Midlands,2021-12-06,E12000004,4254,816690
East Midlands,2021-12-05,E12000004,3099,812436
East Midlands,2021-12-04,E12000004,3022,809337
East Midlands,2021-12-03,E12000004,3415,806315
East Midlands,2021-12-02,E12000004,3916,802900
East Midlands,2021-12-01,E12000004,4123,798984
East Midlands,2021-11-30,E12000004,4059,794861
East Midlands,2021-11-29,E12000004,4060,790802
East Midlands,2021-11-28,E12000004,2881,786742
East Midlands,2021-11-27,E12000004,2473,783861
East Midlands,2021-11-26,E12000004,2854,781388
East Midlands,2021-11-25,E12000004,3203,778534
East Midlands,2021-11-24,E12000004,3487,775331
East Midlands,2021-11-23,E12000004,3641,771844
East Midlands,2021-11-22,E12000004,3822,768203
East Midlands,2021-11-21,E12000004,2814,764381
East Midlands,2021-11-20,E12000004,2607,761567
East Midlands,2021-11-19,E12000004,2994,758960
East Midlands,2021-11-18,E12000004,3302,755966
East Midlands,2021-11-17,E12000004,3433,752664
East Midlands,2021-11-16,E12000004,3599,749231
East Midlands,2021-11-15,E12000004,3741,745632
East Midlands,2021-11-14,E12000004,2674,741891
East Midlands,2021-11-13,E12000004,2418,739217
East Midlands,2021-11-12,E12000004,2939,736799
East Midlands,2021-11-11,E12000004,3063,733860
East Midlands,2021-11-10,E12000004,3308,730797
East Midlands,2021-11-09,E12000004,3401,727489
East Midlands,2021-11-08,E12000004,3433,724088
East Midlands,2021-11-07,E12000004,2408,720655
East Midlands,2021-11-06,E12000004,2085,718247
East Midlands,2021-11-05,E12000004,2235,716162
East Midlands,2021-11-04,E12000004,2440,713927
East Midlands,2021-11-03,E12000004,2561,711487
East Midlands,2021-11-02,E12000004,2659,708926
East Midlands,2021-11-01,E12000004,3257,706267
East Midlands,2021-10-31,E12000004,2417,703010
East Midlands,2021-10-30,E12000004,2318,700593
East Midlands,2021-10-29,E12000004,2794,698275
East Midlands,2021-10-28,E12000004,2954,695481
East Midlands,2021-10-27,E12000004,3076,692527
East Midlands,2021-10-26,E12000004,3108,689451
East Midlands,2021-10-25,E12000004,3777,686343
East Midlands,2021-10-24,E12000004,2782,682566
East Midlands,2021-10-23,E12000004,2825,679784
East Midlands,2021-10-22,E12000004,2857,676959
East Midlands,2021-10-21,E12000004,3237,674102
East Midlands,2021-10-20,E12000004,3618,670865
East Midlands,2021-10-19,E12000004,3589,667247
East Midlands,2021-10-18,E12000004,3989,663658
East Midlands,2021-10-17,E12000004,3086,659669
East Midlands,2021-10-16,E12000004,2583,656583
East Midlands,2021-10-15,E12000004,3157,654000
East Midlands,2021-10-14,E12000004,3652,650843
East Midlands,2021-10-13,E12000004,3908,647191
East Midlands,2021-10-12,E12000004,4013,643283
East Midlands,2021-10-11,E12000004,4607,639270
East Midlands,2021-10-10,E12000004,3313,634663
East Midlands,2021-10-09,E12000004,2992,631350
East Midlands,2021-10-08,E12000004,3328,628358
East Midlands,2021-10-07,E12000004,3524,625030
East Midlands,2021-10-06,E12000004,3693,621506
East Midlands,2021-10-05,E12000004,3720,617813
East Midlands,2021-10-04,E12000004,4100,614093
East Midlands,2021-10-03,E12000004,3173,609993
East Midlands,2021-10-02,E12000004,2459,606820
East Midlands,2021-10-01,E12000004,2879,604361
East Midlands,2021-09-30,E12000004,3093,601482
East Midlands,2021-09-29,E12000004,3303,598389
East Midlands,2021-09-28,E12000004,3560,595086
East Midlands,2021-09-27,E12000004,3875,591526
East Midlands,2021-09-26,E12000004,2640,587651
East Midlands,2021-09-25,E12000004,2564,585011
East Midlands,2021-09-24,E12000004,2929,582447
East Midlands,2021-09-23,E12000004,3209,579518
East Midlands,2021-09-22,E12000004,3427,576309
East Midlands,2021-09-21,E12000004,3737,572882
East Midlands,2021-09-20,E12000004,3831,569145
East Midlands,2021-09-19,E12000004,2840,565314
East Midlands,2021-09-18,E12000004,2238,562474
East Midlands,2021-09-17,E12000004,2325,560236
East Midlands,2021-09-16,E12000004,2415,557911
East Midlands,2021-09-15,E12000004,2429,555496
East Midlands,2021-09-14,E12000004,2488,553067
East Midlands,2021-09-13,E12000004,2836,550579
East Midlands,2021-09-12,E12000004,2108,547743
East Midlands,2021-09-11,E12000004,1768,545635
East Midlands,2021-09-10,E12000004,2132,543867
East Midlands,2021-09-09,E12000004,2561,541735
East Midlands,2021-09-08,E12000004,2685,539174
East Midlands,2021-09-07,E12000004,2978,536489
East Midlands,2021-09-06,E12000004,3469,533511
East Midlands,2021-09-05,E12000004,2410,530042
East Midlands,2021-09-04,E12000004,2316,527632
East Midlands,2021-09-03,E12000004,2719,525316
East Midlands,2021-09-02,E12000004,2836,522597
East Midlands,2021-09-01,E12000004,3040,519761
East Midlands,2021-08-31,E12000004,3309,516721
East Midlands,2021-08-30,E12000004,2471,513412
East Midlands,2021-08-29,E12000004,1927,510941
East Midlands,2021-08-28,E12000004,1899,509014
East Midlands,2021-08-27,E12000004,2425,507115
East Midlands,2021-08-26,E12000004,2635,504690
East Midlands,2021-08-25,E12000004,2822,502055
East Midlands,2021-08-24,E12000004,2759,499233
East Midlands,2021-08-23,E12000004,3081,496474
East Midlands,2021-08-22,E12000004,2327,493393
East Midlands,2021-08-21,E12000004,2345,491066
East Midlands,2021-08-20,E12000004,2384,488721
East Midlands,2021-08-19,E12000004,2612,486337
East Midlands,2021-08-18,E12000004,2875,483725
East Midlands,2021-08-17,E12000004,2802,480850
East Midlands,2021-08-16,E12000004,3050,478048
East Midlands,2021-08-15,E12000004,2131,474998
East Midlands,2021-08-14,E12000004,2118,472867
East Midlands,2021-08-13,E12000004,2301,470749
East Midlands,2021-08-12,E12000004,2766,468448
East Midlands,2021-08-11,E12000004,2722,465682
East Midlands,2021-08-10,E12000004,2642,462960
East Midlands,2021-08-09,E12000004,2783,460318
East Midlands,2021-08-08,E12000004,1969,457535
East Midlands,2021-08-07,E12000004,1923,455566
East Midlands,2021-08-06,E12000004,2445,453643
East Midlands,2021-08-05,E12000004,2740,451198
East Midlands,2021-08-04,E12000004,2850,448458
East Midlands,2021-08-03,E12000004,2666,445608
East Midlands,2021-08-02,E12000004,2544,442942
East Midlands,2021-08-01,E12000004,1782,440398
East Midlands,2021-07-31,E12000004,1857,438616
East Midlands,2021-07-30,E12000004,2109,436759
East Midlands,2021-07-29,E12000004,2386,434650
East Midlands,2021-07-28,E12000004,2628,432264
East Midlands,2021-07-27,E12000004,2450,429636
East Midlands,2021-07-26,E12000004,2375,427186
East Midlands,2021-07-25,E12000004,1720,424811
East Midlands,2021-07-24,E12000004,1705,423091
East Midlands,2021-07-23,E12000004,1989,421386
East Midlands,2021-07-22,E12000004,2267,419397
East Midlands,2021-07-21,E12000004,2618,417130
East Midlands,2021-07-20,E12000004,2890,414512
East Midlands,2021-07-19,E12000004,3702,411622
East Midlands,2021-07-18,E12000004,2736,407920
East Midlands,2021-07-17,E12000004,2921,405184
East Midlands,2021-07-16,E12000004,4181,402263
East Midlands,2021-07-15,E12000004,4517,398082
East Midlands,2021-07-14,E12000004,4044,393565
East Midlands,2021-07-13,E12000004,3496,389521
East Midlands,2021-07-12,E12000004,3406,386025
East Midlands,2021-07-11,E12000004,2172,382619
East Midlands,2021-07-10,E12000004,2023,380447
East Midlands,2021-07-09,E12000004,2262,378424
East Midlands,2021-07-08,E12000004,2300,376162
East Midlands,2021-07-07,E12000004,2515,373862
East Midlands,2021-07-06,E12000004,2411,371347
East Midlands,2021-07-05,E12000004,2331,368936
East Midlands,2021-07-04,E12000004,1678,366605
East Midlands,2021-07-03,E12000004,1478,364927
East Midlands,2021-07-02,E12000004,1611,363449
East Midlands,2021-07-01,E12000004,1698,361838
East Midlands,2021-06-30,E12000004,1595,360140
East Midlands,2021-06-29,E12000004,1616,358545
East Midlands,2021-06-28,E12000004,1588,356929
East Midlands,2021-06-27,E12000004,1035,355341
East Midlands,2021-06-26,E12000004,918,354306
East Midlands,2021-06-25,E12000004,953,353388
East Midlands,2021-06-24,E12000004,868,352435
East Midlands,2021-06-23,E12000004,894,351567
East Midlands,2021-06-22,E12000004,848,350673
East Midlands,2021-06-21,E12000004,773,349825
East Midlands,2021-06-20,E12000004,489,349052
East Midlands,2021-06-19,E12000004,433,348563
East Midlands,2021-06-18,E12000004,568,348130
East Midlands,2021-06-17,E12000004,523,347562
East Midlands,2021-06-16,E12000004,558,347039
East Midlands,2021-06-15,E12000004,558,346481
East Midlands,2021-06-14,E12000004,499,345923
East Midlands,2021-06-13,E12000004,334,345424
East Midlands,2021-06-12,E12000004,328,345090
East Midlands,2021-06-11,E12000004,361,344762
East Midlands,2021-06-10,E12000004,348,344401
East Midlands,2021-06-09,E12000004,406,344053
East Midlands,2021-06-08,E12000004,382,343647
East Midlands,2021-06-07,E12000004,428,343265
East Midlands,2021-06-06,E12000004,286,342837
East Midlands,2021-06-05,E12000004,221,342551
East Midlands,2021-06-04,E12000004,267,342330
East Midlands,2021-06-03,E12000004,273,342063
East Midlands,2021-06-02,E12000004,276,341790
East Midlands,2021-06-01,E12000004,259,341514
East Midlands,2021-05-31,E12000004,178,341255
East Midlands,2021-05-30,E12000004,161,341077
East Midlands,2021-05-29,E12000004,148,340916
East Midlands,2021-05-28,E12000004,192,340768
East Midlands,2021-05-27,E12000004,195,340576
East Midlands,2021-05-26,E12000004,202,340381
East Midlands,2021-05-25,E12000004,176,340179
East Midlands,2021-05-24,E12000004,206,340003
East Midlands,2021-05-23,E12000004,147,339797
East Midlands,2021-05-22,E12000004,124,339650
East Midlands,2021-05-21,E12000004,132,339526
East Midlands,2021-05-20,E12000004,179,339394
East Midlands,2021-05-19,E12000004,186,339215
East Midlands,2021-05-18,E12000004,138,339029
East Midlands,2021-05-17,E12000004,167,338891
East Midlands,2021-05-16,E12000004,148,338724
East Midlands,2021-05-15,E12000004,110,338576
East Midlands,2021-05-14,E12000004,141,338466
East Midlands,2021-05-13,E12000004,157,338325
East Midlands,2021-05-12,E12000004,149,338168
East Midlands,2021-05-11,E12000004,151,338019
East Midlands,2021-05-10,E12000004,242,337868
East Midlands,2021-05-09,E12000004,216,337626
East Midlands,2021-05-08,E12000004,132,337410
East Midlands,2021-05-07,E12000004,184,337278
East Midlands,2021-05-06,E12000004,260,337094
East Midlands,2021-05-05,E12000004,257,336834
East Midlands,2021-05-04,E12000004,229,336577
East Midlands,2021-05-03,E12000004,189,336348
East Midlands,2021-05-02,E12000004,161,336159
East Midlands,2021-05-01,E12000004,107,335998
East Midlands,2021-04-30,E12000004,110,335891
East Midlands,2021-04-29,E12000004,176,335781
East Midlands,2021-04-28,E12000004,189,335605
East Midlands,2021-04-27,E12000004,165,335416
East Midlands,2021-04-26,E12000004,185,335251
East Midlands,2021-04-25,E12000004,160,335066
East Midlands,2021-04-24,E12000004,117,334906
East Midlands,2021-04-23,E12000004,145,334789
East Midlands,2021-04-22,E12000004,175,334644
East Midlands,2021-04-21,E12000004,206,334469
East Midlands,2021-04-20,E12000004,207,334263
East Midlands,2021-04-19,E12000004,205,334056
East Midlands,2021-04-18,E12000004,221,333851
East Midlands,2021-04-17,E12000004,124,333630
East Midlands,2021-04-16,E12000004,182,333506
East Midlands,2021-04-15,E12000004,200,333324
East Midlands,2021-04-14,E12000004,223,333124
East Midlands,2021-04-13,E12000004,223,332901
East Midlands,2021-04-12,E12000004,244,332678
East Midlands,2021-04-11,E12000004,210,332434
East Midlands,2021-04-10,E12000004,198,332224
East Midlands,2021-04-09,E12000004,267,332026
East Midlands,2021-04-08,E12000004,313,331759
East Midlands,2021-04-07,E12000004,299,331446
East Midlands,2021-04-06,E12000004,336,331147
East Midlands,2021-04-05,E12000004,244,330811
East Midlands,2021-04-04,E12000004,223,330567
East Midlands,2021-04-03,E12000004,270,330344
East Midlands,2021-04-02,E12000004,276,330074
East Midlands,2021-04-01,E12000004,352,329798
East Midlands,2021-03-31,E12000004,384,329446
East Midlands,2021-03-30,E12000004,351,329062
East Midlands,2021-03-29,E12000004,394,328711
East Midlands,2021-03-28,E12000004,471,328317
East Midlands,2021-03-27,E12000004,381,327846
East Midlands,2021-03-26,E12000004,424,327465
East Midlands,2021-03-25,E12000004,540,327041
East Midlands,2021-03-24,E12000004,621,326501
East Midlands,2021-03-23,E12000004,565,325880
East Midlands,2021-03-22,E12000004,564,325315
East Midlands,2021-03-21,E12000004,481,324751
East Midlands,2021-03-20,E12000004,421,324270
East Midlands,2021-03-19,E12000004,494,323849
East Midlands,2021-03-18,E12000004,596,323355
East Midlands,2021-03-17,E12000004,592,322759
East Midlands,2021-03-16,E12000004,613,322167
East Midlands,2021-03-15,E12000004,619,321554
East Midlands,2021-03-14,E12000004,392,320935
East Midlands,2021-03-13,E12000004,401,320543
East Midlands,2021-03-12,E12000004,539,320142
East Midlands,2021-03-11,E12000004,579,319603
East Midlands,2021-03-10,E12000004,595,319024
East Midlands,2021-03-09,E12000004,630,318429
East Midlands,2021-03-08,E12000004,700,317799
East Midlands,2021-03-07,E12000004,462,317099
East Midlands,2021-03-06,E12000004,452,316637
East Midlands,2021-03-05,E12000004,633,316185
East Midlands,2021-03-04,E12000004,612,315552
East Midlands,2021-03-03,E12000004,644,314940
East Midlands,2021-03-02,E12000004,702,314296
East Midlands,2021-03-01,E12000004,795,313594
East Midlands,2021-02-28,E12000004,501,312799
East Midlands,2021-02-27,E12000004,539,312298
East Midlands,2021-02-26,E12000004,702,311759
East Midlands,2021-02-25,E12000004,838,311057
East Midlands,2021-02-24,E12000004,1016,310219
East Midlands,2021-02-23,E12000004,1198,309203
East Midlands,2021-02-22,E12000004,1415,308005
East Midlands,2021-02-21,E12000004,905,306590
East Midlands,2021-02-20,E12000004,825,305685
East Midlands,2021-02-19,E12000004,1155,304860
East Midlands,2021-02-18,E12000004,1250,303705
East Midlands,2021-02-17,E12000004,1339,302455
East Midlands,2021-02-16,E12000004,1342,301116
East Midlands,2021-02-15,E12000004,1746,299774
East Midlands,2021-02-14,E12000004,937,298028
East Midlands,2021-02-13,E12000004,944,297091
East Midlands,2021-02-12,E12000004,1326,296147
East Midlands,2021-02-11,E12000004,1403,294821
East Midlands,2021-02-10,E12000004,1337,293418
East Midlands,2021-02-09,E12000004,1414,292081
East Midlands,2021-02-08,E12000004,1709,290667
East Midlands,2021-02-07,E12000004,1137,288958
East Midlands,2021-02-06,E12000004,1163,287821
East Midlands,2021-02-05,E12000004,1489,286658
East Midlands,2021-02-04,E12000004,1727,285169
East Midlands,2021-02-03,E12000004,1814,283442
East Midlands,2021-02-02,E12000004,1897,281628
East Midlands,2021-02-01,E12000004,2124,279731
East Midlands,2021-01-31,E12000004,1412,277607
East Midlands,2021-01-30,E12000004,1514,276195
East Midlands,2021-01-29,E12000004,1922,274681
East Midlands,2021-01-28,E12000004,2244,272759
East Midlands,2021-01-27,E12000004,2297,270515
East Midlands,2021-01-26,E12000004,2371,268218
East Midlands,2021-01-25,E12000004,2123,265847
East Midlands,2021-01-24,E12000004,1253,263724
East Midlands,2021-01-23,E12000004,1795,262471
East Midlands,2021-01-22,E12000004,2367,260676
East Midlands,2021-01-21,E12000004,2658,258309
East Midlands,2021-01-20,E12000004,2768,255651
East Midlands,2021-01-19,E12000004,3281,252883
East Midlands,2021-01-18,E12000004,3331,249602
East Midlands,2021-01-17,E12000004,2147,246271
East Midlands,2021-01-16,E12000004,2114,244124
East Midlands,2021-01-15,E12000004,2800,242010
East Midlands,2021-01-14,E12000004,2866,239210
East Midlands,2021-01-13,E12000004,2892,236344
East Midlands,2021-01-12,E12000004,3331,233452
East Midlands,2021-01-11,E12000004,3634,230121
East Midlands,2021-01-10,E12000004,2224,226487
East Midlands,2021-01-09,E12000004,2389,224263
East Midlands,2021-01-08,E12000004,2873,221874
East Midlands,2021-01-07,E12000004,3035,219001
East Midlands,2021-01-06,E12000004,3284,215966
East Midlands,2021-01-05,E12000004,3594,212682
East Midlands,2021-01-04,E12000004,4392,209088
East Midlands,2021-01-03,E12000004,3065,204696
East Midlands,2021-01-02,E12000004,3489,201631
East Midlands,2021-01-01,E12000004,1695,198142
East Midlands,2020-12-31,E12000004,3017,196447
East Midlands,2020-12-30,E12000004,3673,193430
East Midlands,2020-12-29,E12000004,4052,189757
East Midlands,2020-12-28,E12000004,2540,185705
East Midlands,2020-12-27,E12000004,2443,183165
East Midlands,2020-12-26,E12000004,1894,180722
East Midlands,2020-12-25,E12000004,709,178828
East Midlands,2020-12-24,E12000004,1454,178119
East Midlands,2020-12-23,E12000004,2043,176665
East Midlands,2020-12-22,E12000004,2106,174622
East Midlands,2020-12-21,E12000004,2423,172516
East Midlands,2020-12-20,E12000004,1710,170093
East Midlands,2020-12-19,E12000004,1363,168383
East Midlands,2020-12-18,E12000004,1721,167020
East Midlands,2020-12-17,E12000004,1704,165299
East Midlands,2020-12-16,E12000004,1705,163595
East Midlands,2020-12-15,E12000004,1766,161890
East Midlands,2020-12-14,E12000004,2065,160124
East Midlands,2020-12-13,E12000004,1058,158059
East Midlands,2020-12-12,E12000004,1035,157001
East Midlands,2020-12-11,E12000004,1444,155966
East Midlands,2020-12-10,E12000004,1451,154522
East Midlands,2020-12-09,E12000004,1410,153071
East Midlands,2020-12-08,E12000004,1420,151661
East Midlands,2020-12-07,E12000004,1592,150241
East Midlands,2020-12-06,E12000004,964,148649
East Midlands,2020-12-05,E12000004,869,147685
East Midlands,2020-12-04,E12000004,1094,146816
East Midlands,2020-12-03,E12000004,1258,145722
East Midlands,2020-12-02,E12000004,1272,144464
East Midlands,2020-12-01,E12000004,1278,143192
East Midlands,2020-11-30,E12000004,1461,141914
East Midlands,2020-11-29,E12000004,808,140453
East Midlands,2020-11-28,E12000004,889,139645
East Midlands,2020-11-27,E12000004,1126,138756
East Midlands,2020-11-26,E12000004,1185,137630
East Midlands,2020-11-25,E12000004,1353,136445
East Midlands,2020-11-24,E12000004,1476,135092
East Midlands,2020-11-23,E12000004,1656,133616
East Midlands,2020-11-22,E12000004,1031,131960
East Midlands,2020-11-21,E12000004,1106,130929
East Midlands,2020-11-20,E12000004,1500,129823
East Midlands,2020-11-19,E12000004,1516,128323
East Midlands,2020-11-18,E12000004,1858,126807
East Midlands,2020-11-17,E12000004,2140,124949
East Midlands,2020-11-16,E12000004,2611,122809
East Midlands,2020-11-15,E12000004,1423,120198
East Midlands,2020-11-14,E12000004,1731,118775
East Midlands,2020-11-13,E12000004,2177,117044
East Midlands,2020-11-12,E12000004,2199,114867
East Midlands,2020-11-11,E12000004,2685,112668
East Midlands,2020-11-10,E12000004,2694,109983
East Midlands,2020-11-09,E12000004,3034,107289
East Midlands,2020-11-08,E12000004,2051,104255
East Midlands,2020-11-07,E12000004,1783,102204
East Midlands,2020-11-06,E12000004,2340,100421
East Midlands,2020-11-05,E12000004,2231,98081
East Midlands,2020-11-04,E12000004,2180,95850
East Midlands,2020-11-03,E12000004,2393,93670
East Midlands,2020-11-02,E12000004,3292,91277
East Midlands,2020-11-01,E12000004,1248,87985
East Midlands,2020-10-31,E12000004,1529,86737
East Midlands,2020-10-30,E12000004,2086,85208
East Midlands,2020-10-29,E12000004,2121,83122
East Midlands,2020-10-28,E12000004,2171,81001
East Midlands,2020-10-27,E12000004,2075,78830
East Midlands,2020-10-26,E12000004,2387,76755
East Midlands,2020-10-25,E12000004,1493,74368
East Midlands,2020-10-24,E12000004,1478,72875
East Midlands,2020-10-23,E12000004,1859,71397
East Midlands,2020-10-22,E12000004,2147,69538
East Midlands,2020-10-21,E12000004,2142,67391
East Midlands,2020-10-20,E12000004,2141,65249
East Midlands,2020-10-19,E12000004,2404,63108
East Midlands,2020-10-18,E12000004,1100,60704
East Midlands,2020-10-17,E12000004,1220,59604
East Midlands,2020-10-16,E12000004,1308,58384
East Midlands,2020-10-15,E12000004,1447,57076
East Midlands,2020-10-14,E12000004,1821,55629
East Midlands,2020-10-13,E12000004,1595,53808
East Midlands,2020-10-12,E12000004,1793,52213
East Midlands,2020-10-11,E12000004,1117,50420
East Midlands,2020-10-10,E12000004,1152,49303
East Midlands,2020-10-09,E12000004,1455,48151
East Midlands,2020-10-08,E12000004,1954,46696
East Midlands,2020-10-07,E12000004,1729,44742
East Midlands,2020-10-06,E12000004,1520,43013
East Midlands,2020-10-05,E12000004,1581,41493
East Midlands,2020-10-04,E12000004,1178,39912
East Midlands,2020-10-03,E12000004,1027,38734
East Midlands,2020-10-02,E12000004,1215,37707
East Midlands,2020-10-01,E12000004,1064,36492
East Midlands,2020-09-30,E12000004,884,35428
East Midlands,2020-09-29,E12000004,611,34544
East Midlands,2020-09-28,E12000004,566,33933
East Midlands,2020-09-27,E12000004,402,33367
East Midlands,2020-09-26,E12000004,322,32965
East Midlands,2020-09-25,E12000004,330,32643
East Midlands,2020-09-24,E12000004,334,32313
East Midlands,2020-09-23,E12000004,297,31979
East Midlands,2020-09-22,E12000004,271,31682
East Midlands,2020-09-21,E12000004,292,31411
East Midlands,2020-09-20,E12000004,266,31119
East Midlands,2020-09-19,E12000004,251,30853
East Midlands,2020-09-18,E12000004,259,30602
East Midlands,2020-09-17,E12000004,252,30343
East Midlands,2020-09-16,E12000004,250,30091
East Midlands,2020-09-15,E12000004,214,29841
East Midlands,2020-09-14,E12000004,205,29627
East Midlands,2020-09-13,E12000004,123,29422
East Midlands,2020-09-12,E12000004,146,29299
East Midlands,2020-09-11,E12000004,221,29153
East Midlands,2020-09-10,E12000004,212,28932
East Midlands,2020-09-09,E12000004,254,28720
East Midlands,2020-09-08,E12000004,320,28466
East Midlands,2020-09-07,E12000004,351,28146
East Midlands,2020-09-06,E12000004,138,27795
East Midlands,2020-09-05,E12000004,164,27657
East Midlands,2020-09-04,E12000004,185,27493
East Midlands,2020-09-03,E12000004,245,27308
East Midlands,2020-09-02,E12000004,253,27063
East Midlands,2020-09-01,E12000004,161,26810
East Midlands,2020-08-31,E12000004,88,26649
East Midlands,2020-08-30,E12000004,61,26561
East Midlands,2020-08-29,E12000004,48,26500
East Midlands,2020-08-28,E12000004,96,26452
East Midlands,2020-08-27,E12000004,88,26356
East Midlands,2020-08-26,E12000004,95,26268
East Midlands,2020-08-25,E12000004,76,26173
East Midlands,2020-08-24,E12000004,89,26097
East Midlands,2020-08-23,E12000004,52,26008
East Midlands,2020-08-22,E12000004,51,25956
East Midlands,2020-08-21,E12000004,103,25905
East Midlands,2020-08-20,E12000004,102,25802
East Midlands,2020-08-19,E12000004,104,25700
East Midlands,2020-08-18,E12000004,78,25596
East Midlands,2020-08-17,E12000004,139,25518
East Midlands,2020-08-16,E12000004,58,25379
East Midlands,2020-08-15,E12000004,55,25321
East Midlands,2020-08-14,E12000004,88,25266
East Midlands,2020-08-13,E12000004,112,25178
East Midlands,2020-08-12,E12000004,124,25066
East Midlands,2020-08-11,E12000004,179,24942
East Midlands,2020-08-10,E12000004,211,24763
East Midlands,2020-08-09,E12000004,72,24552
East Midlands,2020-08-08,E12000004,73,24480
East Midlands,2020-08-07,E12000004,93,24407
East Midlands,2020-08-06,E12000004,116,24314
East Midlands,2020-08-05,E12000004,119,24198
East Midlands,2020-08-04,E12000004,95,24079
East Midlands,2020-08-03,E12000004,109,23984
East Midlands,2020-08-02,E12000004,54,23875
East Midlands,2020-08-01,E12000004,71,23821
East Midlands,2020-07-31,E12000004,75,23750
East Midlands,2020-07-30,E12000004,113,23675
East Midlands,2020-07-29,E12000004,110,23562
East Midlands,2020-07-28,E12000004,76,23452
East Midlands,2020-07-27,E12000004,94,23376
East Midlands,2020-07-26,E12000004,39,23282
East Midlands,2020-07-25,E12000004,44,23243
East Midlands,2020-07-24,E12000004,84,23199
East Midlands,2020-07-23,E12000004,94,23115
East Midlands,2020-07-22,E12000004,89,23021
East Midlands,2020-07-21,E12000004,68,22932
East Midlands,2020-07-20,E12000004,83,22864
East Midlands,2020-07-19,E12000004,48,22781
East Midlands,2020-07-18,E12000004,64,22733
East Midlands,2020-07-17,E12000004,81,22669
East Midlands,2020-07-16,E12000004,92,22588
East Midlands,2020-07-15,E12000004,114,22496
East Midlands,2020-07-14,E12000004,89,22382
East Midlands,2020-07-13,E12000004,107,22293
East Midlands,2020-07-12,E12000004,46,22186
East Midlands,2020-07-11,E12000004,96,22140
East Midlands,2020-07-10,E12000004,99,22044
East Midlands,2020-07-09,E12000004,96,21945
East Midlands,2020-07-08,E12000004,111,21849
East Midlands,2020-07-07,E12000004,109,21738
East Midlands,2020-07-06,E12000004,140,21629
East Midlands,2020-07-05,E12000004,128,21489
East Midlands,2020-07-04,E12000004,85,21361
East Midlands,2020-07-03,E12000004,108,21276
East Midlands,2020-07-02,E12000004,106,21168
East Midlands,2020-07-01,E12000004,121,21062
East Midlands,2020-06-30,E12000004,130,20941
East Midlands,2020-06-29,E12000004,129,20811
East Midlands,2020-06-28,E12000004,80,20682
East Midlands,2020-06-27,E12000004,88,20602
East Midlands,2020-06-26,E12000004,114,20514
East Midlands,2020-06-25,E12000004,127,20400
East Midlands,2020-06-24,E12000004,174,20273
East Midlands,2020-06-23,E12000004,172,20099
East Midlands,2020-06-22,E12000004,180,19927
East Midlands,2020-06-21,E12000004,130,19747
East Midlands,2020-06-20,E12000004,141,19617
East Midlands,2020-06-19,E12000004,154,19476
East Midlands,2020-06-18,E12000004,167,19322
East Midlands,2020-06-17,E12000004,164,19155
East Midlands,2020-06-16,E12000004,161,18991
East Midlands,2020-06-15,E12000004,167,18830
East Midlands,2020-06-14,E12000004,146,18663
East Midlands,2020-06-13,E12000004,131,18517
East Midlands,2020-06-12,E12000004,175,18386
East Midlands,2020-06-11,E12000004,183,18211
East Midlands,2020-06-10,E12000004,167,18028
East Midlands,2020-06-09,E12000004,179,17861
East Midlands,2020-06-08,E12000004,174,17682
East Midlands,2020-06-07,E12000004,128,17508
East Midlands,2020-06-06,E12000004,104,17380
East Midlands,2020-06-05,E12000004,154,17276
East Midlands,2020-06-04,E12000004,145,17122
East Midlands,2020-06-03,E12000004,172,16977
East Midlands,2020-06-02,E12000004,220,16805
East Midlands,2020-06-01,E12000004,218,16585
East Midlands,2020-05-31,E12000004,148,16367
East Midlands,2020-05-30,E12000004,142,16219
East Midlands,2020-05-29,E12000004,170,16077
East Midlands,2020-05-28,E12000004,192,15907
East Midlands,2020-05-27,E12000004,196,15715
East Midlands,2020-05-26,E12000004,162,15519
East Midlands,2020-05-25,E12000004,192,15357
East Midlands,2020-05-24,E12000004,146,15165
East Midlands,2020-05-23,E12000004,165,15019
East Midlands,2020-05-22,E12000004,239,14854
East Midlands,2020-05-21,E12000004,279,14615
East Midlands,2020-05-20,E12000004,274,14336
East Midlands,2020-05-19,E12000004,292,14062
East Midlands,2020-05-18,E12000004,271,13770
East Midlands,2020-05-17,E12000004,203,13499
East Midlands,2020-05-16,E12000004,256,13296
East Midlands,2020-05-15,E12000004,253,13040
East Midlands,2020-05-14,E12000004,223,12787
East Midlands,2020-05-13,E12000004,299,12564
East Midlands,2020-05-12,E12000004,323,12265
East Midlands,2020-05-11,E12000004,319,11942
East Midlands,2020-05-10,E12000004,196,11623
East Midlands,2020-05-09,E12000004,176,11427
East Midlands,2020-05-08,E12000004,269,11251
East Midlands,2020-05-07,E12000004,310,10982
East Midlands,2020-05-06,E12000004,333,10672
East Midlands,2020-05-05,E12000004,284,10339
East Midlands,2020-05-04,E12000004,237,10055
East Midlands,2020-05-03,E12000004,170,9818
East Midlands,2020-05-02,E12000004,200,9648
East Midlands,2020-05-01,E12000004,295,9448
East Midlands,2020-04-30,E12000004,295,9153
East Midlands,2020-04-29,E12000004,379,8858
East Midlands,2020-04-28,E12000004,272,8479
East Midlands,2020-04-27,E12000004,318,8207
East Midlands,2020-04-26,E12000004,241,7889
East Midlands,2020-04-25,E12000004,246,7648
East Midlands,2020-04-24,E12000004,298,7402
East Midlands,2020-04-23,E12000004,275,7104
East Midlands,2020-04-22,E12000004,334,6829
East Midlands,2020-04-21,E12000004,220,6495
East Midlands,2020-04-20,E12000004,187,6275
East Midlands,2020-04-19,E12000004,247,6088
East Midlands,2020-04-18,E12000004,193,5841
East Midlands,2020-04-17,E12000004,257,5648
East Midlands,2020-04-16,E12000004,266,5391
East Midlands,2020-04-15,E12000004,216,5125
East Midlands,2020-04-14,E12000004,210,4909
East Midlands,2020-04-13,E12000004,171,4699
East Midlands,2020-04-12,E12000004,215,4528
East Midlands,2020-04-11,E12000004,173,4313
East Midlands,2020-04-10,E12000004,173,4140
East Midlands,2020-04-09,E12000004,233,3967
East Midlands,2020-04-08,E12000004,187,3734
East Midlands,2020-04-07,E12000004,229,3547
East Midlands,2020-04-06,E12000004,219,3318
East Midlands,2020-04-05,E12000004,148,3099
East Midlands,2020-04-04,E12000004,190,2951
East Midlands,2020-04-03,E12000004,254,2761
East Midlands,2020-04-02,E12000004,213,2507
East Midlands,2020-04-01,E12000004,301,2294
East Midlands,2020-03-31,E12000004,278,1993
East Midlands,2020-03-30,E12000004,209,1715
East Midlands,2020-03-29,E12000004,128,1506
East Midlands,2020-03-28,E12000004,157,1378
East Midlands,2020-03-27,E12000004,135,1221
East Midlands,2020-03-26,E12000004,154,1086
East Midlands,2020-03-25,E12000004,116,932
East Midlands,2020-03-24,E12000004,137,816
East Midlands,2020-03-23,E12000004,117,679
East Midlands,2020-03-22,E12000004,99,562
East Midlands,2020-03-21,E12000004,71,463
East Midlands,2020-03-20,E12000004,54,392
East Midlands,2020-03-19,E12000004,64,338
East Midlands,2020-03-18,E12000004,46,274
East Midlands,2020-03-17,E12000004,33,228
East Midlands,2020-03-16,E12000004,32,195
East Midlands,2020-03-15,E12000004,26,163
East Midlands,2020-03-14,E12000004,19,137
East Midlands,2020-03-13,E12000004,21,118
East Midlands,2020-03-12,E12000004,17,97
East Midlands,2020-03-11,E12000004,25,80
East Midlands,2020-03-10,E12000004,12,55
East Midlands,2020-03-09,E12000004,10,43
East Midlands,2020-03-08,E12000004,1,33
East Midlands,2020-03-07,E12000004,5,32
East Midlands,2020-03-06,E12000004,7,27
East Midlands,2020-03-05,E12000004,3,20
East Midlands,2020-03-04,E12000004,2,17
East Midlands,2020-03-03,E12000004,7,15
East Midlands,2020-03-02,E12000004,2,8
East Midlands,2020-03-01,E12000004,1,6
East Midlands,2020-02-29,E12000004,1,5
East Midlands,2020-02-28,E12000004,1,4
East Midlands,2020-02-27,E12000004,1,3
East Midlands,2020-02-26,E12000004,0,2
East Midlands,2020-02-25,E12000004,1,2
East Midlands,2020-02-24,E12000004,0,1
East Midlands,2020-02-23,E12000004,0,1
East Midlands,2020-02-22,E12000004,0,1
East Midlands,2020-02-21,E12000004,1,1
London,2023-11-07,E12000007,50,3177306
London,2023-11-06,E12000007,72,3177256
London,2023-11-05,E12000007,69,3177184
London,2023-11-04,E12000007,65,3177115
London,2023-11-03,E12000007,113,3177050
London,2023-11-02,E12000007,107,3176937
London,2023-11-01,E12000007,97,3176830
London,2023-10-31,E12000007,109,3176733
London,2023-10-30,E12000007,107,3176624
London,2023-10-29,E12000007,82,3176517
London,2023-10-28,E12000007,87,3176435
London,2023-10-27,E12000007,100,3176348
London,2023-10-26,E12000007,115,3176248
London,2023-10-25,E12000007,119,3176133
London,2023-10-24,E12000007,124,3176014
London,2023-10-23,E12000007,100,3175890
London,2023-10-22,E12000007,99,3175790
London,2023-10-21,E12000007,96,3175691
London,2023-10-20,E12000007,106,3175595
London,2023-10-19,E12000007,130,3175489
London,2023-10-18,E12000007,136,3175359
London,2023-10-17,E12000007,147,3175223
London,2023-10-16,E12000007,130,3175076
London,2023-10-15,E12000007,129,3174946
London,2023-10-14,E12000007,123,3174817
London,2023-10-13,E12000007,144,3174694
London,2023-10-12,E12000007,138,3174550
London,2023-10-11,E12000007,222,3174412
London,2023-10-10,E12000007,166,3174190
London,2023-10-09,E12000007,227,3174024
London,2023-10-08,E12000007,174,3173797
London,2023-10-07,E12000007,146,3173623
London,2023-10-06,E12000007,178,3173477
London,2023-10-05,E12000007,185,3173299
London,2023-10-04,E12000007,226,3173114
London,2023-10-03,E12000007,242,3172888
London,2023-10-02,E12000007,231,3172646
London,2023-10-01,E12000007,211,3172415
London,2023-09-30,E12000007,153,3172204
London,2023-09-29,E12000007,186,3172051
London,2023-09-28,E12000007,229,3171865
London,2023-09-27,E12000007,252,3171636
London,2023-09-26,E12000007,273,3171384
London,2023-09-25,E12000007,268,3171111
London,2023-09-24,E12000007,199,3170843
London,2023-09-23,E12000007,138,3170644
London,2023-09-22,E12000007,167,3170506
London,2023-09-21,E12000007,192,3170339
London,2023-09-20,E12000007,201,3170147
London,2023-09-19,E12000007,201,3169946
London,2023-09-18,E12000007,204,3169745
London,2023-09-17,E12000007,192,3169541
London,2023-09-16,E12000007,159,3169349
London,2023-09-15,E12000007,148,3169190
London,2023-09-14,E12000007,169,3169042
London,2023-09-13,E12000007,202,3168873
London,2023-09-12,E12000007,197,3168671
London,2023-09-11,E12000007,212,3168474
London,2023-09-10,E12000007,163,3168262
London,2023-09-09,E12000007,152,3168099
London,2023-09-08,E12000007,167,3167947
London,2023-09-07,E12000007,189,3167780
London,2023-09-06,E12000007,216,3167591
London,2023-09-05,E12000007,244,3167375
London,2023-09-04,E12000007,248,3167131
London,2023-09-03,E12000007,198,3166883
London,2023-09-02,E12000007,194,3166685
London,2023-09-01,E12000007,171,3166491
London,2023-08-31,E12000007,193,3166320
London,2023-08-30,E12000007,193,3166127
London,2023-08-29,E12000007,181,3165934
London,2023-08-28,E12000007,136,3165753
London,2023-08-27,E12000007,106,3165617
London,2023-08-26,E12000007,114,3165511
London,2023-08-25,E12000007,130,3165397
London,2023-08-24,E12000007,157,3165267
London,2023-08-23,E12000007,127,3165110
London,2023-08-22,E12000007,143,3164983
London,2023-08-21,E12000007,129,3164840
London,2023-08-20,E12000007,120,3164711
London,2023-08-19,E12000007,93,3164591
London,2023-08-18,E12000007,118,3164498
London,2023-08-17,E12000007,146,3164380
London,2023-08-16,E12000007,127,3164234
London,2023-08-15,E12000007,134,3164107
London,2023-08-14,E12000007,148,3163973
London,2023-08-13,E12000007,120,3163825
London,2023-08-12,E12000007,106,3163705
London,2023-08-11,E12000007,113,3163599
London,2023-08-10,E12000007,115,3163486
London,2023-08-09,E12000007,110,3163371
London,2023-08-08,E12000007,112,3163261
London,2023-08-07,E12000007,118,3163149
London,2023-08-06,E12000007,106,3163031
London,2023-08-05,E12000007,66,3162925
London,2023-08-04,E12000007,97,3162859
London,2023-08-03,E12000007,79,3162762
London,2023-08-02,E12000007,81,3162683
London,2023-08-01,E12000007,91,3162602
London,2023-07-31,E12000007,88,3162511
London,2023-07-30,E12000007,83,3162423
London,2023-07-29,E12000007,73,3162340
London,2023-07-28,E12000007,58,3162267
London,2023-07-27,E12000007,79,3162209
London,2023-07-26,E12000007,50,3162130
London,2023-07-25,E12000007,77,3162080
London,2023-07-24,E12000007,63,3162003
London,2023-07-23,E12000007,49,3161940
London,2023-07-22,E12000007,46,3161891
London,2023-07-21,E12000007,60,3161845
London,2023-07-20,E12000007,55,3161785
London,2023-07-19,E12000007,71,3161730
London,2023-07-18,E12000007,69,3161659
London,2023-07-17,E12000007,64,3161590
London,2023-07-16,E12000007,56,3161526
London,2023-07-15,E12000007,49,3161470
London,2023-07-14,E12000007,48,3161421
London,2023-07-13,E12000007,47,3161373
London,2023-07-12,E12000007,55,3161326
London,2023-07-11,E12000007,66,3161271
London,2023-07-10,E12000007,53,3161205
London,2023-07-09,E12000007,45,3161152
London,2023-07-08,E12000007,34,3161107
London,2023-07-07,E12000007,44,3161073
London,2023-07-06,E12000007,38,3161029
London,2023-07-05,E12000007,41,3160991
London,2023-07-04,E12000007,38,3160950
London,2023-07-03,E12000007,43,3160912
London,2023-07-02,E12000007,38,3160869
London,2023-07-01,E12000007,26,3160831
London,2023-06-30,E12000007,26,3160805
London,2023-06-29,E12000007,38,3160779
London,2023-06-28,E12000007,44,3160741
London,2023-06-27,E12000007,40,3160697
London,2023-06-26,E12000007,36,3160657
London,2023-06-25,E12000007,46,3160621
London,2023-06-24,E12000007,34,3160575
London,2023-06-23,E12000007,45,3160541
London,2023-06-22,E12000007,51,3160496
London,2023-06-21,E12000007,54,3160445
London,2023-06-20,E12000007,53,3160391
London,2023-06-19,E12000007,62,3160338
London,2023-06-18,E12000007,38,3160276
London,2023-06-17,E12000007,55,3160238
London,2023-06-16,E12000007,45,3160183
London,2023-06-15,E12000007,47,3160138
London,2023-06-14,E12000007,63,3160091
London,2023-06-13,E12000007,62,3160028
London,2023-06-12,E12000007,70,3159966
London,2023-06-11,E12000007,68,3159896
London,2023-06-10,E12000007,50,3159828
London,2023-06-09,E12000007,60,3159778
London,2023-06-08,E12000007,76,3159718
London,2023-06-07,E12000007,97,3159642
London,2023-06-06,E12000007,93,3159545
London,2023-06-05,E12000007,112,3159452
London,2023-06-04,E12000007,66,3159340
London,2023-06-03,E12000007,63,3159274
London,2023-06-02,E12000007,70,3159211
London,2023-06-01,E12000007,88,3159141
London,2023-05-31,E12000007,107,3159053
London,2023-05-30,E12000007,89,3158946
London,2023-05-29,E12000007,93,3158857
London,2023-05-28,E12000007,70,3158764
London,2023-05-27,E12000007,55,3158694
London,2023-05-26,E12000007,74,3158639
London,2023-05-25,E12000007,111,3158565
London,2023-05-24,E12000007,119,3158454
London,2023-05-23,E12000007,107,3158335
London,2023-05-22,E12000007,133,3158228
London,2023-05-21,E12000007,123,3158095
London,2023-05-20,E12000007,89,3157972
London,2023-05-19,E12000007,99,3157883
London,2023-05-18,E12000007,124,3157784
London,2023-05-17,E12000007,130,3157660
London,2023-05-16,E12000007,131,3157530
London,2023-05-15,E12000007,151,3157399
London,2023-05-14,E12000007,143,3157248
London,2023-05-13,E12000007,89,3157105
London,2023-05-12,E12000007,114,3157016
London,2023-05-11,E12000007,139,3156902
London,2023-05-10,E12000007,155,3156763
London,2023-05-09,E12000007,152,3156608
London,2023-05-08,E12000007,158,3156456
London,2023-05-07,E12000007,132,3156298
London,2023-05-06,E12000007,99,3156166
London,2023-05-05,E12000007,137,3156067
London,2023-05-04,E12000007,183,3155930
London,2023-05-03,E12000007,167,3155747
London,2023-05-02,E12000007,193,3155580
London,2023-05-01,E12000007,206,3155387
London,2023-04-30,E12000007,130,3155181
London,2023-04-29,E12000007,142,3155051
London,2023-04-28,E12000007,143,3154909
London,2023-04-27,E12000007,188,3154766
London,2023-04-26,E12000007,167,3154578
London,2023-04-25,E12000007,186,3154411
London,2023-04-24,E12000007,192,3154225
London,2023-04-23,E12000007,182,3154033
London,2023-04-22,E12000007,144,3153851
London,2023-04-21,E12000007,142,3153707
London,2023-04-20,E12000007,170,3153565
London,2023-04-19,E12000007,201,3153395
London,2023-04-18,E12000007,195,3153194
London,2023-04-17,E12000007,206,3152999
London,2023-04-16,E12000007,192,3152793
London,2023-04-15,E12000007,123,3152601
London,2023-04-14,E12000007,166,3152478
London,2023-04-13,E12000007,191,3152312
London,2023-04-12,E12000007,163,3152121
London,2023-04-11,E12000007,233,3151958
London,2023-04-10,E12000007,171,3151725
London,2023-04-09,E12000007,153,3151554
London,2023-04-08,E12000007,130,3151401
London,2023-04-07,E12000007,171,3151271
London,2023-04-06,E12000007,182,3151100
London,2023-04-05,E12000007,181,3150918
London,2023-04-04,E12000007,198,3150737
London,2023-04-03,E12000007,201,3150539
London,2023-04-02,E12000007,226,3150338
London,2023-04-01,E12000007,184,3150112
London,2023-03-31,E12000007,229,3149928
London,2023-03-30,E12000007,273,3149699
London,2023-03-29,E12000007,308,3149426
London,2023-03-28,E12000007,306,3149118
London,2023-03-27,E12000007,334,3148812
London,2023-03-26,E12000007,278,3148478
London,2023-03-25,E12000007,277,3148200
London,2023-03-24,E12000007,339,3147923
London,2023-03-23,E12000007,344,3147584
London,2023-03-22,E12000007,402,3147240
London,2023-03-21,E12000007,416,3146838
London,2023-03-20,E12000007,409,3146422
London,2023-03-19,E12000007,376,3146013
London,2023-03-18,E12000007,310,3145637
London,2023-03-17,E12000007,349,3145327
London,2023-03-16,E12000007,424,3144978
London,2023-03-15,E12000007,414,3144554
London,2023-03-14,E12000007,519,3144140
London,2023-03-13,E12000007,549,3143621
London,2023-03-12,E12000007,421,3143072
London,2023-03-11,E12000007,296,3142651
London,2023-03-10,E12000007,382,3142355
London,2023-03-09,E12000007,458,3141973
London,2023-03-08,E12000007,401,3141515
London,2023-03-07,E12000007,458,3141114
London,2023-03-06,E12000007,512,3140656
London,2023-03-05,E12000007,386,3140144
London,2023-03-04,E12000007,315,3139758
London,2023-03-03,E12000007,344,3139443
London,2023-03-02,E12000007,406,3139099
London,2023-03-01,E12000007,394,3138693
London,2023-02-28,E12000007,440,3138299
London,2023-02-27,E12000007,499,3137859
London,2023-02-26,E12000007,344,3137360
London,2023-02-25,E12000007,282,3137016
London,2023-02-24,E12000007,338,3136734
London,2023-02-23,E12000007,365,3136396
London,2023-02-22,E12000007,475,3136031
London,2023-02-21,E12000007,519,3135556
London,2023-02-20,E12000007,541,3135037
London,2023-02-19,E12000007,456,3134496
London,2023-02-18,E12000007,383,3134040
London,2023-02-17,E12000007,446,3133657
London,2023-02-16,E12000007,442,3133211
London,2023-02-15,E12000007,446,3132769
London,2023-02-14,E12000007,515,3132323
London,2023-02-13,E12000007,524,3131808
London,2023-02-12,E12000007,305,3131284
London,2023-02-11,E12000007,306,3130979
London,2023-02-10,E12000007,331,3130673
London,2023-02-09,E12000007,346,3130342
London,2023-02-08,E12000007,376,3129996
London,2023-02-07,E12000007,339,3129620
London,2023-02-06,E12000007,392,3129281
London,2023-02-05,E12000007,353,3128889
London,2023-02-04,E12000007,233,3128536
London,2023-02-03,E12000007,330,3128303
London,2023-02-02,E12000007,346,3127973
London,2023-02-01,E12000007,382,3127627
London,2023-01-31,E12000007,335,3127245
London,2023-01-30,E12000007,335,3126910
London,2023-01-29,E12000007,245,3126575
London,2023-01-28,E12000007,197,3126330
London,2023-01-27,E12000007,241,3126133
London,2023-01-26,E12000007,270,3125892
London,2023-01-25,E12000007,253,3125622
London,2023-01-24,E12000007,281,3125369
London,2023-01-23,E12000007,263,3125088
London,2023-01-22,E12000007,170,3124825
London,2023-01-21,E12000007,116,3124655
London,2023-01-20,E12000007,158,3124539
London,2023-01-19,E12000007,195,3124381
London,2023-01-18,E12000007,190,3124186
London,2023-01-17,E12000007,190,3123996
London,2023-01-16,E12000007,215,3123806
London,2023-01-15,E12000007,197,3123591
London,2023-01-14,E12000007,138,3123394
London,2023-01-13,E12000007,187,3123256
London,2023-01-12,E12000007,244,3123069
London,2023-01-11,E12000007,275,3122825
London,2023-01-10,E12000007,274,3122550
London,2023-01-09,E12000007,301,3122276
London,2023-01-08,E12000007,301,3121975
London,2023-01-07,E12000007,248,3121674
London,2023-01-06,E12000007,344,3121426
London,2023-01-05,E12000007,421,3121082
London,2023-01-04,E12000007,489,3120661
London,2023-01-03,E12000007,544,3120172
London,2023-01-02,E12000007,410,3119628
London,2023-01-01,E12000007,323,3119218
London,2022-12-31,E12000007,339,3118895
London,2022-12-30,E12000007,481,3118556
London,2022-12-29,E12000007,602,3118075
London,2022-12-28,E12000007,615,3117473
London,2022-12-27,E12000007,524,3116858
London,2022-12-26,E12000007,406,3116334
London,2022-12-25,E12000007,326,3115928
London,2022-12-24,E12000007,417,3115602
London,2022-12-23,E12000007,561,3115185
London,2022-12-22,E12000007,653,3114624
London,2022-12-21,E12000007,717,3113971
London,2022-12-20,E12000007,765,3113254
London,2022-12-19,E12000007,869,3112489
London,2022-12-18,E12000007,611,3111620
London,2022-12-17,E12000007,482,3111009
London,2022-12-16,E12000007,633,3110527
London,2022-12-15,E12000007,671,3109894
London,2022-12-14,E12000007,662,3109223
London,2022-12-13,E12000007,719,3108561
London,2022-12-12,E12000007,723,3107842
London,2022-12-11,E12000007,491,3107119
London,2022-12-10,E12000007,396,3106628
London,2022-12-09,E12000007,452,3106232
London,2022-12-08,E12000007,505,3105780
London,2022-12-07,E12000007,588,3105275
London,2022-12-06,E12000007,609,3104687
London,2022-12-05,E12000007,602,3104078
London,2022-12-04,E12000007,431,3103476
London,2022-12-03,E12000007,346,3103045
London,2022-12-02,E12000007,411,3102699
London,2022-12-01,E12000007,411,3102288
London,2022-11-30,E12000007,462,3101877
London,2022-11-29,E12000007,539,3101415
London,2022-11-28,E12000007,535,3100876
London,2022-11-27,E12000007,404,3100341
London,2022-11-26,E12000007,298,3099937
London,2022-11-25,E12000007,351,3099639
London,2022-11-24,E12000007,407,3099288
London,2022-11-23,E12000007,451,3098881
London,2022-11-22,E12000007,422,3098430
London,2022-11-21,E12000007,478,3098008
London,2022-11-20,E12000007,335,3097530
London,2022-11-19,E12000007,300,3097195
London,2022-11-18,E12000007,352,3096895
London,2022-11-17,E12000007,365,3096543
London,2022-11-16,E12000007,391,3096178
London,2022-11-15,E12000007,390,3095787
London,2022-11-14,E12000007,454,3095397
London,2022-11-13,E12000007,310,3094943
London,2022-11-12,E12000007,242,3094633
London,2022-11-11,E12000007,325,3094391
London,2022-11-10,E12000007,322,3094066
London,2022-11-09,E12000007,364,3093744
London,2022-11-08,E12000007,403,3093380
London,2022-11-07,E12000007,477,3092977
London,2022-11-06,E12000007,378,3092500
London,2022-11-05,E12000007,280,3092122
London,2022-11-04,E12000007,325,3091842
London,2022-11-03,E12000007,388,3091517
London,2022-11-02,E12000007,424,3091129
London,2022-11-01,E12000007,456,3090705
London,2022-10-31,E12000007,550,3090249
London,2022-10-30,E12000007,457,3089699
London,2022-10-29,E12000007,391,3089242
London,2022-10-28,E12000007,453,3088851
London,2022-10-27,E12000007,495,3088398
London,2022-10-26,E12000007,578,3087903
London,2022-10-25,E12000007,512,3087325
London,2022-10-24,E12000007,657,3086813
London,2022-10-23,E12000007,527,3086156
London,2022-10-22,E12000007,439,3085629
London,2022-10-21,E12000007,572,3085190
London,2022-10-20,E12000007,586,3084618
London,2022-10-19,E12000007,764,3084032
London,2022-10-18,E12000007,798,3083268
London,2022-10-17,E12000007,938,3082470
London,2022-10-16,E12000007,720,3081532
London,2022-10-15,E12000007,570,3080812
London,2022-10-14,E12000007,716,3080242
London,2022-10-13,E12000007,672,3079526
London,2022-10-12,E12000007,851,3078854
London,2022-10-11,E12000007,863,3078003
London,2022-10-10,E12000007,936,3077140
London,2022-10-09,E12000007,775,3076204
London,2022-10-08,E12000007,621,3075429
London,2022-10-07,E12000007,811,3074808
London,2022-10-06,E12000007,902,3073997
London,2022-10-05,E12000007,880,3073095
London,2022-10-04,E12000007,946,3072215
London,2022-10-03,E12000007,951,3071269
London,2022-10-02,E12000007,823,3070318
London,2022-10-01,E12000007,612,3069495
London,2022-09-30,E12000007,608,3068883
London,2022-09-29,E12000007,647,3068275
London,2022-09-28,E12000007,691,3067628
London,2022-09-27,E12000007,676,3066937
London,2022-09-26,E12000007,724,3066261
London,2022-09-25,E12000007,611,3065537
London,2022-09-24,E12000007,529,3064926
London,2022-09-23,E12000007,543,3064397
London,2022-09-22,E12000007,632,3063854
London,2022-09-21,E12000007,649,3063222
London,2022-09-20,E12000007,690,3062573
London,2022-09-19,E12000007,583,3061883
London,2022-09-18,E12000007,418,3061300
London,2022-09-17,E12000007,324,3060882
London,2022-09-16,E12000007,359,3060558
London,2022-09-15,E12000007,462,3060199
London,2022-09-14,E12000007,485,3059737
London,2022-09-13,E12000007,485,3059252
London,2022-09-12,E12000007,515,3058767
London,2022-09-11,E12000007,459,3058252
London,2022-09-10,E12000007,311,3057793
London,2022-09-09,E12000007,364,3057482
London,2022-09-08,E12000007,367,3057118
London,2022-09-07,E12000007,443,3056751
London,2022-09-06,E12000007,390,3056308
London,2022-09-05,E12000007,499,3055918
London,2022-09-04,E12000007,437,3055419
London,2022-09-03,E12000007,332,3054982
London,2022-09-02,E12000007,376,3054650
London,2022-09-01,E12000007,470,3054274
London,2022-08-31,E12000007,501,3053804
London,2022-08-30,E12000007,496,3053303
London,2022-08-29,E12000007,438,3052807
London,2022-08-28,E12000007,302,3052369
London,2022-08-27,E12000007,323,3052067
London,2022-08-26,E12000007,326,3051744
London,2022-08-25,E12000007,373,3051418
London,2022-08-24,E12000007,489,3051045
London,2022-08-23,E12000007,494,3050556
London,2022-08-22,E12000007,556,3050062
London,2022-08-21,E12000007,414,3049506
London,2022-08-20,E12000007,378,3049092
London,2022-08-19,E12000007,437,3048714
London,2022-08-18,E12000007,477,3048277
London,2022-08-17,E12000007,519,3047800
London,2022-08-16,E12000007,596,3047281
London,2022-08-15,E12000007,700,3046685
London,2022-08-14,E12000007,541,3045985
London,2022-08-13,E12000007,453,3045444
London,2022-08-12,E12000007,554,3044991
London,2022-08-11,E12000007,692,3044437
London,2022-08-10,E12000007,783,3043745
London,2022-08-09,E12000007,747,3042962
London,2022-08-08,E12000007,824,3042215
London,2022-08-07,E12000007,693,3041391
London,2022-08-06,E12000007,603,3040698
London,2022-08-05,E12000007,707,3040095
London,2022-08-04,E12000007,826,3039388
London,2022-08-03,E12000007,930,3038562
London,2022-08-02,E12000007,992,3037632
London,2022-08-01,E12000007,1064,3036640
London,2022-07-31,E12000007,989,3035576
London,2022-07-30,E12000007,871,3034587
London,2022-07-29,E12000007,966,3033716
London,2022-07-28,E12000007,1018,3032750
London,2022-07-27,E12000007,1270,3031732
London,2022-07-26,E12000007,1364,3030462
London,2022-07-25,E12000007,1492,3029098
London,2022-07-24,E12000007,1276,3027606
London,2022-07-23,E12000007,1173,3026330
London,2022-07-22,E12000007,1529,3025157
London,2022-07-21,E12000007,1680,3023628
London,2022-07-20,E12000007,1958,3021948
London,2022-07-19,E12000007,1909,3019990
London,2022-07-18,E12000007,2324,3018081
London,2022-07-17,E12000007,2028,3015757
London,2022-07-16,E12000007,1877,3013729
London,2022-07-15,E12000007,2342,3011852
London,2022-07-14,E12000007,2697,3009510
London,2022-07-13,E12000007,3125,3006813
London,2022-07-12,E12000007,3354,3003688
London,2022-07-11,E12000007,3731,3000334
London,2022-07-10,E12000007,3212,2996603
London,2022-07-09,E12000007,2759,2993391
London,2022-07-08,E12000007,3103,2990632
London,2022-07-07,E12000007,3524,2987529
London,2022-07-06,E12000007,3979,2984005
London,2022-07-05,E12000007,4056,2980026
London,2022-07-04,E12000007,4330,2975970
London,2022-07-03,E12000007,3630,2971640
London,2022-07-02,E12000007,2827,2968010
London,2022-07-01,E12000007,3050,2965183
London,2022-06-30,E12000007,3174,2962133
London,2022-06-29,E12000007,3249,2958959
London,2022-06-28,E12000007,3121,2955710
London,2022-06-27,E12000007,3135,2952589
London,2022-06-26,E12000007,2471,2949454
London,2022-06-25,E12000007,2074,2946983
London,2022-06-24,E12000007,2186,2944909
London,2022-06-23,E12000007,2523,2942723
London,2022-06-22,E12000007,2631,2940200
London,2022-06-21,E12000007,2626,2937569
London,2022-06-20,E12000007,2499,2934943
London,2022-06-19,E12000007,2115,2932444
London,2022-06-18,E12000007,1826,2930329
London,2022-06-17,E12000007,1751,2928503
London,2022-06-16,E12000007,1817,2926752
London,2022-06-15,E12000007,1993,2924935
London,2022-06-14,E12000007,2056,2922942
London,2022-06-13,E12000007,2032,2920886
London,2022-06-12,E12000007,1785,2918854
London,2022-06-11,E12000007,1370,2917069
London,2022-06-10,E12000007,1467,2915699
London,2022-06-09,E12000007,1652,2914232
London,2022-06-08,E12000007,1676,2912580
London,2022-06-07,E12000007,1679,2910904
London,2022-06-06,E12000007,1622,2909225
London,2022-06-05,E12000007,1319,2907603
London,2022-06-04,E12000007,969,2906284
London,2022-06-03,E12000007,868,2905315
London,2022-06-02,E12000007,782,2904447
London,2022-06-01,E12000007,894,2903665
London,2022-05-31,E12000007,970,2902771
London,2022-05-30,E12000007,942,2901801
London,2022-05-29,E12000007,758,2900859
London,2022-05-28,E12000007,688,2900101
London,2022-05-27,E12000007,746,2899413
London,2022-05-26,E12000007,766,2898667
London,2022-05-25,E12000007,807,2897901
London,2022-05-24,E12000007,844,2897094
London,2022-05-23,E12000007,997,2896250
London,2022-05-22,E12000007,733,2895253
London,2022-05-21,E12000007,645,2894520
London,2022-05-20,E12000007,719,2893875
London,2022-05-19,E12000007,881,2893156
London,2022-05-18,E12000007,971,2892275
London,2022-05-17,E12000007,1059,2891304
London,2022-05-16,E12000007,1177,2890245
London,2022-05-15,E12000007,961,2889068
London,2022-05-14,E12000007,753,2888107
London,2022-05-13,E12000007,804,2887354
London,2022-05-12,E12000007,938,2886550
London,2022-05-11,E12000007,1006,2885612
London,2022-05-10,E12000007,1214,2884606
London,2022-05-09,E12000007,1262,2883392
London,2022-05-08,E12000007,1082,2882130
London,2022-05-07,E12000007,831,2881048
London,2022-05-06,E12000007,1029,2880217
London,2022-05-05,E12000007,1230,2879188
London,2022-05-04,E12000007,1363,2877958
London,2022-05-03,E12000007,1444,2876595
London,2022-05-02,E12000007,1368,2875151
London,2022-05-01,E12000007,939,2873783
London,2022-04-30,E12000007,895,2872844
London,2022-04-29,E12000007,1051,2871949
London,2022-04-28,E12000007,1162,2870898
London,2022-04-27,E12000007,1348,2869736
London,2022-04-26,E12000007,1332,2868388
London,2022-04-25,E12000007,1636,2867056
London,2022-04-24,E12000007,1384,2865420
London,2022-04-23,E12000007,1220,2864036
London,2022-04-22,E12000007,1525,2862816
London,2022-04-21,E12000007,1737,2861291
London,2022-04-20,E12000007,1992,2859554
London,2022-04-19,E12000007,2457,2857562
London,2022-04-18,E12000007,2445,2855105
London,2022-04-17,E12000007,1733,2852660
London,2022-04-16,E12000007,1760,2850927
London,2022-04-15,E12000007,1871,2849167
London,2022-04-14,E12000007,2411,2847296
London,2022-04-13,E12000007,2758,2844885
London,2022-04-12,E12000007,3067,2842127
London,2022-04-11,E12000007,3289,2839060
London,2022-04-10,E12000007,2858,2835771
London,2022-04-09,E12000007,2692,2832913
London,2022-04-08,E12000007,3220,2830221
London,2022-04-07,E12000007,3531,2827001
London,2022-04-06,E12000007,4201,2823470
London,2022-04-05,E12000007,4636,2819269
London,2022-04-04,E12000007,5262,2814633
London,2022-04-03,E12000007,3907,2809371
London,2022-04-02,E12000007,3773,2805464
London,2022-04-01,E12000007,5093,2801691
London,2022-03-31,E12000007,5756,2796598
London,2022-03-30,E12000007,7911,2790842
London,2022-03-29,E12000007,8380,2782931
London,2022-03-28,E12000007,9471,2774551
London,2022-03-27,E12000007,6888,2765080
London,2022-03-26,E12000007,6329,2758192
London,2022-03-25,E12000007,7565,2751863
London,2022-03-24,E12000007,8531,2744298
London,2022-03-23,E12000007,9676,2735767
London,2022-03-22,E12000007,10024,2726091
London,2022-03-21,E12000007,10845,2716067
London,2022-03-20,E12000007,7629,2705222
London,2022-03-19,E12000007,6600,2697593
London,2022-03-18,E12000007,7735,2690993
London,2022-03-17,E12000007,8602,2683258
London,2022-03-16,E12000007,9274,2674656
London,2022-03-15,E12000007,9359,2665382
London,2022-03-14,E12000007,9890,2656023
London,2022-03-13,E12000007,7208,2646133
London,2022-03-12,E12000007,6278,2638925
London,2022-03-11,E12000007,6816,2632647
London,2022-03-10,E12000007,7326,2625831
London,2022-03-09,E12000007,7689,2618505
London,2022-03-08,E12000007,7217,2610816
London,2022-03-07,E12000007,6998,2603599
London,2022-03-06,E12000007,5014,2596601
London,2022-03-05,E12000007,4221,2591587
London,2022-03-04,E12000007,4607,2587366
London,2022-03-03,E12000007,4926,2582759
London,2022-03-02,E12000007,5184,2577833
London,2022-03-01,E12000007,4822,2572649
London,2022-02-28,E12000007,4866,2567827
London,2022-02-27,E12000007,3199,2562961
London,2022-02-26,E12000007,2663,2559762
London,2022-02-25,E12000007,3063,2557099
London,2022-02-24,E12000007,3464,2554036
London,2022-02-23,E12000007,4157,2550572
London,2022-02-22,E12000007,4645,2546415
London,2022-02-21,E12000007,5421,2541770
London,2022-02-20,E12000007,4620,2536349
London,2022-02-19,E12000007,4423,2531729
London,2022-02-18,E12000007,3409,2527306
London,2022-02-17,E12000007,5291,2523897
London,2022-02-16,E12000007,6052,2518606
London,2022-02-15,E12000007,5782,2512554
London,2022-02-14,E12000007,6057,2506772
London,2022-02-13,E12000007,4388,2500715
London,2022-02-12,E12000007,4345,2496327
London,2022-02-11,E12000007,5296,2491982
London,2022-02-10,E12000007,6452,2486686
London,2022-02-09,E12000007,7795,2480234
London,2022-02-08,E12000007,8388,2472439
London,2022-02-07,E12000007,9028,2464051
London,2022-02-06,E12000007,7069,2455023
London,2022-02-05,E12000007,6452,2447954
London,2022-02-04,E12000007,7542,2441502
London,2022-02-03,E12000007,9219,2433960
London,2022-02-02,E12000007,10708,2424741
London,2022-02-01,E12000007,11074,2414033
London,2022-01-31,E12000007,11951,2402959
London,2022-01-30,E12000007,9838,2391008
London,2022-01-29,E12000007,8727,2381170
London,2022-01-28,E12000007,9908,2372443
London,2022-01-27,E12000007,11575,2362535
London,2022-01-26,E12000007,13079,2350960
London,2022-01-25,E12000007,13248,2337881
London,2022-01-24,E12000007,14411,2324633
London,2022-01-23,E12000007,11343,2310222
London,2022-01-22,E12000007,9642,2298879
London,2022-01-21,E12000007,10713,2289237
London,2022-01-20,E12000007,12021,2278524
London,2022-01-19,E12000007,13019,2266503
London,2022-01-18,E12000007,13877,2253484
London,2022-01-17,E12000007,15123,2239607
London,2022-01-16,E12000007,11246,2224484
London,2022-01-15,E12000007,9535,2213238
London,2022-01-14,E12000007,10513,2203703
London,2022-01-13,E12000007,11819,2193190
London,2022-01-12,E12000007,12937,2181371
London,2022-01-11,E12000007,14423,2168434
London,2022-01-10,E12000007,16627,2154011
London,2022-01-09,E12000007,12132,2137384
London,2022-01-08,E12000007,12174,2125252
London,2022-01-07,E12000007,15180,2113078
London,2022-01-06,E12000007,22193,2097898
London,2022-01-05,E12000007,25241,2075705
London,2022-01-04,E12000007,32098,2050464
London,2022-01-03,E12000007,26956,2018366
London,2022-01-02,E12000007,21908,1991410
London,2022-01-01,E12000007,13628,1969502
London,2021-12-31,E12000007,22198,1955874
London,2021-12-30,E12000007,29442,1933676
London,2021-12-29,E12000007,36923,1904234
London,2021-12-28,E12000007,28194,1867311
London,2021-12-27,E12000007,28063,1839117
London,2021-12-26,E12000007,18750,1811054
London,2021-12-25,E12000007,11173,1792304
London,2021-12-24,E12000007,24102,1781131
London,2021-12-23,E12000007,31069,1757029
London,2021-12-22,E12000007,32164,1725960
London,2021-12-21,E12000007,33942,1693796
London,2021-12-20,E12000007,32670,1659854
London,2021-12-19,E12000007,22608,1627184
London,2021-12-18,E12000007,24959,1604576
London,2021-12-17,E12000007,27165,1579617
London,2021-12-16,E12000007,30051,1552452
London,2021-12-15,E12000007,31011,1522401
London,2021-12-14,E12000007,29569,1491390
London,2021-12-13,E12000007,22845,1461821
London,2021-12-12,E12000007,12259,1438976
London,2021-12-11,E12000007,9887,1426717
London,2021-12-10,E12000007,10214,1416830
London,2021-12-09,E12000007,10331,1406616
London,2021-12-08,E12000007,10031,1396285
London,2021-12-07,E12000007,9085,1386254
London,2021-12-06,E12000007,8556,1377169
London,2021-12-05,E12000007,5522,1368613
London,2021-12-04,E12000007,5333,1363091
London,2021-12-03,E12000007,6093,1357758
London,2021-12-02,E12000007,6520,1351665
London,2021-12-01,E12000007,7050,1345145
London,2021-11-30,E12000007,6833,1338095
London,2021-11-29,E12000007,6857,1331262
London,2021-11-28,E12000007,4383,1324405
London,2021-11-27,E12000007,4334,1320022
London,2021-11-26,E12000007,4610,1315688
London,2021-11-25,E12000007,5186,1311078
London,2021-11-24,E12000007,5401,1305892
London,2021-11-23,E12000007,5290,1300491
London,2021-11-22,E12000007,5408,1295201
London,2021-11-21,E12000007,3831,1289793
London,2021-11-20,E12000007,3703,1285962
London,2021-11-19,E12000007,3944,1282259
London,2021-11-18,E12000007,4500,1278315
London,2021-11-17,E12000007,4501,1273815
London,2021-11-16,E12000007,4455,1269314
London,2021-11-15,E12000007,5149,1264859
London,2021-11-14,E12000007,3262,1259710
London,2021-11-13,E12000007,3235,1256448
London,2021-11-12,E12000007,3685,1253213
London,2021-11-11,E12000007,3926,1249528
London,2021-11-10,E12000007,4132,1245602
London,2021-11-09,E12000007,4009,1241470
London,2021-11-08,E12000007,3993,1237461
London,2021-11-07,E12000007,2813,1233468
London,2021-11-06,E12000007,2537,1230655
London,2021-11-05,E12000007,2783,1228118
London,2021-11-04,E12000007,3076,1225335
London,2021-11-03,E12000007,3289,1222259
London,2021-11-02,E12000007,3457,1218970
London,2021-11-01,E12000007,3918,1215513
London,2021-10-31,E12000007,3000,1211595
London,2021-10-30,E12000007,2911,1208595
London,2021-10-29,E12000007,3451,1205684
London,2021-10-28,E12000007,3618,1202233
London,2021-10-27,E12000007,3755,1198615
London,2021-10-26,E12000007,3513,1194860
London,2021-10-25,E12000007,4027,1191347
London,2021-10-24,E12000007,2838,1187320
London,2021-10-23,E12000007,2897,1184482
London,2021-10-22,E12000007,3526,1181585
London,2021-10-21,E12000007,3971,1178059
London,2021-10-20,E12000007,4362,1174088
London,2021-10-19,E12000007,4458,1169726
London,2021-10-18,E12000007,4569,1165268
London,2021-10-17,E12000007,3362,1160699
London,2021-10-16,E12000007,2806,1157337
London,2021-10-15,E12000007,3323,1154531
London,2021-10-14,E12000007,3470,1151208
London,2021-10-13,E12000007,3571,1147738
London,2021-10-12,E12000007,3429,1144167
London,2021-10-11,E12000007,3889,1140738
London,2021-10-10,E12000007,2785,1136849
London,2021-10-09,E12000007,2489,1134064
London,2021-10-08,E12000007,2704,1131575
London,2021-10-07,E12000007,2973,1128871
London,2021-10-06,E12000007,2863,1125898
London,2021-10-05,E12000007,3127,1123035
London,2021-10-04,E12000007,3363,1119908
London,2021-10-03,E12000007,2574,1116545
London,2021-10-02,E12000007,2202,1113971
South West,2023-11-07,E12000009,56,2016966
South West,2023-11-06,E12000009,75,2016910
South West,2023-11-05,E12000009,69,2016835
South West,2023-11-04,E12000009,50,2016766
South West,2023-11-03,E12000009,76,2016716
South West,2023-11-02,E12000009,54,2016640
South West,2023-11-01,E12000009,79,2016586
South West,2023-10-31,E12000009,93,2016507
South West,2023-10-30,E12000009,95,2016414
South West,2023-10-29,E12000009,82,2016319
South West,2023-10-28,E12000009,65,2016237
South West,2023-10-27,E12000009,114,2016172
South West,2023-10-26,E12000009,106,2016058
South West,2023-10-25,E12000009,117,2015952
South West,2023-10-24,E12000009,125,2015835
South West,2023-10-23,E12000009,117,2015710
South West,2023-10-22,E12000009,106,2015593
South West,2023-10-21,E12000009,95,2015487
South West,2023-10-20,E12000009,132,2015392
South West,2023-10-19,E12000009,124,2015260
South West,2023-10-18,E12000009,138,2015136
South West,2023-10-17,E12000009,159,2014998
South West,2023-10-16,E12000009,144,2014839
South West,2023-10-15,E12000009,141,2014695
South West,2023-10-14,E12000009,117,2014554
South West,2023-10-13,E12000009,188,2014437
South West,2023-10-12,E12000009,182,2014249
South West,2023-10-11,E12000009,230,2014067
South West,2023-10-10,E12000009,228,2013837
South West,2023-10-09,E12000009,263,2013609
South West,2023-10-08,E12000009,243,2013346
South West,2023-10-07,E12000009,190,2013103
South West,2023-10-06,E12000009,265,2012913
South West,2023-10-05,E12000009,279,2012648
South West,2023-10-04,E12000009,283,2012369
South West,2023-10-03,E12000009,287,2012086
South West,2023-10-02,E12000009,347,2011799
South West,2023-10-01,E12000009,282,2011452
South West,2023-09-30,E12000009,257,2011170
South West,2023-09-29,E12000009,243,2010913
South West,2023-09-28,E12000009,254,2010670
South West,2023-09-27,E12000009,324,2010416
South West,2023-09-26,E12000009,333,2010092
South West,2023-09-25,E12000009,297,2009759
South West,2023-09-24,E12000009,255,2009462
South West,2023-09-23,E12000009,186,2009207
South West,2023-09-22,E12000009,221,2009021
South West,2023-09-21,E12000009,203,2008800
South West,2023-09-20,E12000009,206,2008597
South West,2023-09-19,E12000009,216,2008391
South West,2023-09-18,E12000009,195,2008175
South West,2023-09-17,E12000009,174,2007980
South West,2023-09-16,E12000009,163,2007806
South West,2023-09-15,E12000009,157,2007643
South West,2023-09-14,E12000009,167,2007486
South West,2023-09-13,E12000009,160,2007319
South West,2023-09-12,E12000009,198,2007159
South West,2023-09-11,E12000009,207,2006961
South West,2023-09-10,E12000009,165,2006754
South West,2023-09-09,E12000009,134,2006589
South West,2023-09-08,E12000009,170,2006455
South West,2023-09-07,E12000009,167,2006285
South West,2023-09-06,E12000009,213,2006118
South West,2023-09-05,E12000009,220,2005905
South West,2023-09-04,E12000009,261,2005685
South West,2023-09-03,E12000009,205,2005424
South West,2023-09-02,E12000009,147,2005219
South West,2023-09-01,E12000009,158,2005072
South West,2023-08-31,E12000009,148,2004914
South West,2023-08-30,E12000009,166,2004766
South West,2023-08-29,E12000009,125,2004600
South West,2023-08-28,E12000009,129,2004475
South West,2023-08-27,E12000009,115,2004346
South West,2023-08-26,E12000009,101,2004231
South West,2023-08-25,E12000009,96,2004130
South West,2023-08-24,E12000009,132,2004034
South West,2023-08-23,E12000009,136,2003902
South West,2023-08-22,E12000009,144,2003766
South West,2023-08-21,E12000009,126,2003622
South West,2023-08-20,E12000009,113,2003496
South West,2023-08-19,E12000009,117,2003383
South West,2023-08-18,E12000009,86,2003266
South West,2023-08-17,E12000009,146,2003180
South West,2023-08-16,E12000009,120,2003034
South West,2023-08-15,E12000009,133,2002914
South West,2023-08-14,E12000009,141,2002781
South West,2023-08-13,E12000009,122,2002640
South West,2023-08-12,E12000009,109,2002518
South West,2023-08-11,E12000009,126,2002409
South West,2023-08-10,E12000009,132,2002283
South West,2023-08-09,E12000009,114,2002151
South West,2023-08-08,E12000009,134,2002037
South West,2023-08-07,E12000009,157,2001903
South West,2023-08-06,E12000009,93,2001746
South West,2023-08-05,E12000009,85,2001653
South West,2023-08-04,E12000009,92,2001568
South West,2023-08-03,E12000009,95,2001476
South West,2023-08-02,E12000009,107,2001381
South West,2023-08-01,E12000009,106,2001274
South West,2023-07-31,E12000009,94,2001168
South West,2023-07-30,E12000009,95,2001074
South West,2023-07-29,E12000009,82,2000979
South West,2023-07-28,E12000009,87,2000897
South West,2023-07-27,E12000009,69,2000810
South West,2023-07-26,E12000009,85,2000741
South West,2023-07-25,E12000009,82,2000656
South West,2023-07-24,E12000009,102,2000574
South West,2023-07-23,E12000009,74,2000472
South West,2023-07-22,E12000009,63,2000398
South West,2023-07-21,E12000009,56,2000335
South West,2023-07-20,E12000009,76,2000279
South West,2023-07-19,E12000009,80,2000203
South West,2023-07-18,E12000009,72,2000123
South West,2023-07-17,E12000009,64,2000051
South West,2023-07-16,E12000009,61,1999987
South West,2023-07-15,E12000009,40,1999926
South West,2023-07-14,E12000009,49,1999886
South West,2023-07-13,E12000009,41,1999837
South West,2023-07-12,E12000009,61,1999796
South West,2023-07-11,E12000009,57,1999735
South West,2023-07-10,E12000009,50,1999678
South West,2023-07-09,E12000009,51,1999628
South West,2023-07-08,E12000009,30,1999577
South West,2023-07-07,E12000009,45,1999547
South West,2023-07-06,E12000009,36,1999502
South West,2023-07-05,E12000009,50,1999466
South West,2023-07-04,E12000009,42,1999416
South West,2023-07-03,E12000009,34,1999374
South West,2023-07-02,E12000009,19,1999340
South West,2023-07-01,E12000009,24,1999321
South West,2023-06-30,E12000009,36,1999297
South West,2023-06-29,E12000009,34,1999261
South West,2023-06-28,E12000009,37,1999227
South West,2023-06-27,E12000009,29,1999190
South West,2023-06-26,E12000009,31,1999161
South West,2023-06-25,E12000009,45,1999130
South West,2023-06-24,E12000009,24,1999085
South West,2023-06-23,E12000009,37,1999061
South West,2023-06-22,E12000009,36,1999024
South West,2023-06-21,E12000009,50,1998988
South West,2023-06-20,E12000009,52,1998938
South West,2023-06-19,E12000009,42,1998886
South West,2023-06-18,E12000009,44,1998844
South West,2023-06-17,E12000009,35,1998800
South West,2023-06-16,E12000009,35,1998765
South West,2023-06-15,E12000009,42,1998730
South West,2023-06-14,E12000009,47,1998688
South West,2023-06-13,E12000009,62,1998641
South West,2023-06-12,E12000009,47,1998579
South West,2023-06-11,E12000009,64,1998532
South West,2023-06-10,E12000009,42,1998468
South West,2023-06-09,E12000009,42,1998426
South West,2023-06-08,E12000009,77,1998384
South West,2023-06-07,E12000009,75,1998307
South West,2023-06-06,E12000009,72,1998232
South West,2023-06-05,E12000009,89,1998160
South West,2023-06-04,E12000009,65,1998071
South West,2023-06-03,E12000009,55,1998006
South West,2023-06-02,E12000009,50,1997951
South West,2023-06-01,E12000009,52,1997901
South West,2023-05-31,E12000009,83,1997849
South West,2023-05-30,E12000009,87,1997766
South West,2023-05-29,E12000009,80,1997679
South West,2023-05-28,E12000009,67,1997599
South West,2023-05-27,E12000009,72,1997532
South West,2023-05-26,E12000009,83,1997460
South West,2023-05-25,E12000009,88,1997377
South West,2023-05-24,E12000009,97,1997289
South West,2023-05-23,E12000009,97,1997192
South West,2023-05-22,E12000009,113,1997095
South West,2023-05-21,E12000009,93,1996982
South West,2023-05-20,E12000009,100,1996889
South West,2023-05-19,E12000009,111,1996789
South West,2023-05-18,E12000009,120,1996678
South West,2023-05-17,E12000009,114,1996558
South West,2023-05-16,E12000009,113,1996444
South West,2023-05-15,E12000009,123,1996331
South West,2023-05-14,E12000009,120,1996208
South West,2023-05-13,E12000009,85,1996088
South West,2023-05-12,E12000009,89,1996003
South West,2023-05-11,E12000009,138,1995914
South West,2023-05-10,E12000009,143,1995776
South West,2023-05-09,E12000009,160,1995633
South West,2023-05-08,E12000009,143,1995473
South West,2023-05-07,E12000009,119,1995330
South West,2023-05-06,E12000009,85,1995211
South West,2023-05-05,E12000009,130,1995126
South West,2023-05-04,E12000009,171,1994996
South West,2023-05-03,E12000009,159,1994825
South West,2023-05-02,E12000009,202,1994666
South West,2023-05-01,E12000009,195,1994464
South West,2023-04-30,E12000009,137,1994269
South West,2023-04-29,E12000009,139,1994132
South West,2023-04-28,E12000009,183,1993993
South West,2023-04-27,E12000009,157,1993810
South West,2023-04-26,E12000009,183,1993653
South West,2023-04-25,E12000009,200,1993470
South West,2023-04-24,E12000009,203,1993270
South West,2023-04-23,E12000009,153,1993067
South West,2023-04-22,E12000009,131,1992914
South West,2023-04-21,E12000009,141,1992783
South West,2023-04-20,E12000009,140,1992642
South West,2023-04-19,E12000009,180,1992502
South West,2023-04-18,E12000009,197,1992322
South West,2023-04-17,E12000009,197,1992125
South West,2023-04-16,E12000009,181,1991928
South West,2023-04-15,E12000009,142,1991747
South West,2023-04-14,E12000009,160,1991605
South West,2023-04-13,E12000009,193,1991445
South West,2023-04-12,E12000009,216,1991252
South West,2023-04-11,E12000009,266,1991036
South West,2023-04-10,E12000009,230,1990770
South West,2023-04-09,E12000009,162,1990540
South West,2023-04-08,E12000009,167,1990378
South West,2023-04-07,E12000009,186,1990211
South West,2023-04-06,E12000009,192,1990025
South West,2023-04-05,E12000009,255,1989833
South West,2023-04-04,E12000009,215,1989578
South West,2023-04-03,E12000009,266,1989363
South West,2023-04-02,E12000009,224,1989097
South West,2023-04-01,E12000009,196,1988873
South West,2023-03-31,E12000009,254,1988677
South West,2023-03-30,E12000009,334,1988423
South West,2023-03-29,E12000009,345,1988089
South West,2023-03-28,E12000009,380,1987744
South West,2023-03-27,E12000009,440,1987364
South West,2023-03-26,E12000009,329,1986924
South West,2023-03-25,E12000009,269,1986595
South West,2023-03-24,E12000009,408,1986326
South West,2023-03-23,E12000009,407,1985918
South West,2023-03-22,E12000009,484,1985511
South West,2023-03-21,E12000009,434,1985027
South West,2023-03-20,E12000009,548,1984593
South West,2023-03-19,E12000009,427,1984045
South West,2023-03-18,E12000009,389,1983618
South West,2023-03-17,E12000009,381,1983229
South West,2023-03-16,E12000009,478,1982848
South West,2023-03-15,E12000009,468,1982370
South West,2023-03-14,E12000009,556,1981902
South West,2023-03-13,E12000009,579,1981346
South West,2023-03-12,E12000009,427,1980767
South West,2023-03-11,E12000009,304,1980340
South West,2023-03-10,E12000009,380,1980036
South West,2023-03-09,E12000009,465,1979656
South West,2023-03-08,E12000009,440,1979191
South West,2023-03-07,E12000009,456,1978751
South West,2023-03-06,E12000009,516,1978295
South West,2023-03-05,E12000009,323,1977779
South West,2023-03-04,E12000009,275,1977456
South West,2023-03-03,E12000009,359,1977181
South West,2023-03-02,E12000009,375,1976822
South West,2023-03-01,E12000009,385,1976447
South West,2023-02-28,E12000009,371,1976062
South West,2023-02-27,E12000009,455,1975691
South West,2023-02-26,E12000009,293,1975236
South West,2023-02-25,E12000009,305,1974943
South West,2023-02-24,E12000009,304,1974638
South West,2023-02-23,E12000009,365,1974334
South West,2023-02-22,E12000009,421,1973969
South West,2023-02-21,E12000009,384,1973548
South West,2023-02-20,E12000009,419,1973164
South West,2023-02-19,E12000009,315,1972745
South West,2023-02-18,E12000009,278,1972430
South West,2023-02-17,E12000009,387,1972152
South West,2023-02-16,E12000009,425,1971765
South West,2023-02-15,E12000009,422,1971340
South West,2023-02-14,E12000009,454,1970918
South West,2023-02-13,E12000009,482,1970464
South West,2023-02-12,E12000009,364,1969982
South West,2023-02-11,E12000009,270,1969618
South West,2023-02-10,E12000009,325,1969348
South West,2023-02-09,E12000009,339,1969023
South West,2023-02-08,E12000009,377,1968684
South West,2023-02-07,E12000009,384,1968307
South West,2023-02-06,E12000009,418,1967923
South West,2023-02-05,E12000009,308,1967505
South West,2023-02-04,E12000009,298,1967197
South West,2023-02-03,E12000009,335,1966899
South West,2023-02-02,E12000009,323,1966564
South West,2023-02-01,E12000009,384,1966241
South West,2023-01-31,E12000009,395,1965857
South West,2023-01-30,E12000009,380,1965462
South West,2023-01-29,E12000009,249,1965082
South West,2023-01-28,E12000009,257,1964833
South West,2023-01-27,E12000009,289,1964576
South West,2023-01-26,E12000009,262,1964287
South West,2023-01-25,E12000009,241,1964025
South West,2023-01-24,E12000009,266,1963784
South West,2023-01-23,E12000009,257,1963518
South West,2023-01-22,E12000009,208,1963261
South West,2023-01-21,E12000009,166,1963053
South West,2023-01-20,E12000009,200,1962887
South West,2023-01-19,E12000009,199,1962687
South West,2023-01-18,E12000009,168,1962488
South West,2023-01-17,E12000009,220,1962320
South West,2023-01-16,E12000009,268,1962100
South West,2023-01-15,E12000009,164,1961832
South West,2023-01-14,E12000009,144,1961668
South West,2023-01-13,E12000009,206,1961524
South West,2023-01-12,E12000009,218,1961318
South West,2023-01-11,E12000009,279,1961100
South West,2023-01-10,E12000009,302,1960821
South West,2023-01-09,E12000009,400,1960519
South West,2023-01-08,E12000009,266,1960119
South West,2023-01-07,E12000009,264,1959853
South West,2023-01-06,E12000009,405,1959589
South West,2023-01-05,E12000009,526,1959184
South West,2023-01-04,E12000009,638,1958658
South West,2023-01-03,E12000009,715,1958020
South West,2023-01-02,E12000009,648,1957305
South West,2023-01-01,E12000009,448,1956657
South West,2022-12-31,E12000009,518,1956209
South West,2022-12-30,E12000009,762,1955691
South West,2022-12-29,E12000009,1013,1954929
South West,2022-12-28,E12000009,1124,1953916
South West,2022-12-27,E12000009,855,1952792
South West,2022-12-26,E12000009,607,1951937
South West,2022-12-25,E12000009,508,1951330
South West,2022-12-24,E12000009,601,1950822
South West,2022-12-23,E12000009,805,1950221
South West,2022-12-22,E12000009,993,1949416
South West,2022-12-21,E12000009,1147,1948423
South West,2022-12-20,E12000009,1242,1947276
South West,2022-12-19,E12000009,1340,1946034
South West,2022-12-18,E12000009,834,1944694
South West,2022-12-17,E12000009,685,1943860
South West,2022-12-16,E12000009,867,1943175
South West,2022-12-15,E12000009,934,1942308
South West,2022-12-14,E12000009,860,1941374
South West,2022-12-13,E12000009,971,1940514
South West,2022-12-12,E12000009,952,1939543
South West,2022-12-11,E12000009,630,1938591
South West,2022-12-10,E12000009,483,1937961
South West,2022-12-09,E12000009,512,1937478
South West,2022-12-08,E12000009,649,1936966
South West,2022-12-07,E12000009,675,1936317
South West,2022-12-06,E12000009,673,1935642
South West,2022-12-05,E12000009,651,1934969
South West,2022-12-04,E12000009,457,1934318
South West,2022-12-03,E12000009,311,1933861
South West,2022-12-02,E12000009,463,1933550
South West,2022-12-01,E12000009,400,1933087
South West,2022-11-30,E12000009,456,1932687
South West,2022-11-29,E12000009,517,1932231
South West,2022-11-28,E12000009,493,1931714
South West,2022-11-27,E12000009,399,1931221
South West,2022-11-26,E12000009,294,1930822
South West,2022-11-25,E12000009,340,1930528
South West,2022-11-24,E12000009,355,1930188
South West,2022-11-23,E12000009,383,1929833
South West,2022-11-22,E12000009,413,1929450
South West,2022-11-21,E12000009,411,1929037
South West,2022-11-20,E12000009,325,1928626
South West,2022-11-19,E12000009,253,1928301
South West,2022-11-18,E12000009,291,1928048
South West,2022-11-17,E12000009,306,1927757
South West,2022-11-16,E12000009,334,1927451
South West,2022-11-15,E12000009,340,1927117
South West,2022-11-14,E12000009,376,1926777
South West,2022-11-13,E12000009,346,1926401
South West,2022-11-12,E12000009,241,1926055
South West,2022-11-11,E12000009,317,1925814
South West,2022-11-10,E12000009,340,1925497
South West,2022-11-09,E12000009,353,1925157
South West,2022-11-08,E12000009,378,1924804
South West,2022-11-07,E12000009,476,1924426
South West,2022-11-06,E12000009,338,1923950
South West,2022-11-05,E12000009,255,1923612
South West,2022-11-04,E12000009,320,1923357
South West,2022-11-03,E12000009,355,1923037
South West,2022-11-02,E12000009,408,1922682
South West,2022-11-01,E12000009,470,1922274
South West,2022-10-31,E12000009,614,1921804
South West,2022-10-30,E12000009,472,1921190
South West,2022-10-29,E12000009,407,1920718
South West,2022-10-28,E12000009,478,1920311
South West,2022-10-27,E12000009,494,1919833
South West,2022-10-26,E12000009,595,1919339
South West,2022-10-25,E12000009,640,1918744
South West,2022-10-24,E12000009,751,1918104
South West,2022-10-23,E12000009,605,1917353
South West,2022-10-22,E12000009,547,1916748
South West,2022-10-21,E12000009,681,1916201
South West,2022-10-20,E12000009,713,1915520
South West,2022-10-19,E12000009,858,1914807
South West,2022-10-18,E12000009,935,1913949
South West,2022-10-17,E12000009,1174,1913014
South West,2022-10-16,E12000009,963,1911840
South West,2022-10-15,E12000009,738,1910877
South West,2022-10-14,E12000009,855,1910139
South West,2022-10-13,E12000009,903,1909284
South West,2022-10-12,E12000009,1022,1908381
South West,2022-10-11,E12000009,1030,1907359
South West,2022-10-10,E12000009,1163,1906329
South West,2022-10-09,E12000009,950,1905166
South West,2022-10-08,E12000009,805,1904216
South West,2022-10-07,E12000009,941,1903411
South West,2022-10-06,E12000009,1021,1902470
South West,2022-10-05,E12000009,1132,1901449
South West,2022-10-04,E12000009,1263,1900317
South West,2022-10-03,E12000009,1377,1899054
South West,2022-10-02,E12000009,1114,1897677
South West,2022-10-01,E12000009,779,1896563
South West,2022-09-30,E12000009,840,1895784
South West,2022-09-29,E12000009,907,1894944
South West,2022-09-28,E12000009,914,1894037
South West,2022-09-27,E12000009,897,1893123
South West,2022-09-26,E12000009,1016,1892226
South West,2022-09-25,E12000009,835,1891210
South West,2022-09-24,E12000009,585,1890375
South West,2022-09-23,E12000009,766,1889790
South West,2022-09-22,E12000009,774,1889024
South West,2022-09-21,E12000009,816,1888250
South West,2022-09-20,E12000009,834,1887434
South West,2022-09-19,E12000009,714,1886600
South West,2022-09-18,E12000009,525,1885886
South West,2022-09-17,E12000009,354,1885361
South West,2022-09-16,E12000009,446,1885007
South West,2022-09-15,E12000009,490,1884561
South West,2022-09-14,E12000009,527,1884071
South West,2022-09-13,E12000009,520,1883544
South West,2022-09-12,E12000009,536,1883024
South West,2022-09-11,E12000009,415,1882488
South West,2022-09-10,E12000009,366,1882073
South West,2022-09-09,E12000009,302,1881707
South West,2022-09-08,E12000009,351,1881405
South West,2022-09-07,E12000009,405,1881054
South West,2022-09-06,E12000009,435,1880649
South West,2022-09-05,E12000009,476,1880214
South West,2022-09-04,E12000009,397,1879738
South West,2022-09-03,E12000009,337,1879341
South West,2022-09-02,E12000009,360,1879004
South West,2022-09-01,E12000009,371,1878644
South West,2022-08-31,E12000009,384,1878273
South West,2022-08-30,E12000009,462,1877889
South West,2022-08-29,E12000009,419,1877427
South West,2022-08-28,E12000009,295,1877008
South West,2022-08-27,E12000009,304,1876713
South West,2022-08-26,E12000009,314,1876409
South West,2022-08-25,E12000009,356,1876095
South West,2022-08-24,E12000009,401,1875739
South West,2022-08-23,E12000009,448,1875338
South West,2022-08-22,E12000009,465,1874890
South West,2022-08-21,E12000009,394,1874425
South West,2022-08-20,E12000009,313,1874031
South West,2022-08-19,E12000009,390,1873718
South West,2022-08-18,E12000009,419,1873328
South West,2022-08-17,E12000009,458,1872909
South West,2022-08-16,E12000009,484,1872451
South West,2022-08-15,E12000009,548,1871967
South West,2022-08-14,E12000009,464,1871419
South West,2022-08-13,E12000009,374,1870955
South West,2022-08-12,E12000009,442,1870581
South West,2022-08-11,E12000009,545,1870139
South West,2022-08-10,E12000009,542,1869594
South West,2022-08-09,E12000009,634,1869052
South West,2022-08-08,E12000009,748,1868418
South West,2022-08-07,E12000009,600,1867670
South West,2022-08-06,E12000009,487,1867070
South West,2022-08-05,E12000009,612,1866583
South West,2022-08-04,E12000009,627,1865971
South West,2022-08-03,E12000009,748,1865344
South West,2022-08-02,E12000009,839,1864596
South West,2022-08-01,E12000009,953,1863757
South West,2022-07-31,E12000009,809,1862804
South West,2022-07-30,E12000009,668,1861995
South West,2022-07-29,E12000009,709,1861327
South West,2022-07-28,E12000009,846,1860618
South West,2022-07-27,E12000009,920,1859772
South West,2022-07-26,E12000009,1086,1858852
South West,2022-07-25,E12000009,1215,1857766
South West,2022-07-24,E12000009,1043,1856551
South West,2022-07-23,E12000009,960,1855508
South West,2022-07-22,E12000009,1118,1854548
South West,2022-07-21,E12000009,1295,1853430
South West,2022-07-20,E12000009,1564,1852135
South West,2022-07-19,E12000009,1609,1850571
South West,2022-07-18,E12000009,1779,1848962
South West,2022-07-17,E12000009,1723,1847183
South West,2022-07-16,E12000009,1519,1845460
South West,2022-07-15,E12000009,1741,1843941
South West,2022-07-14,E12000009,2113,1842200
South West,2022-07-13,E12000009,2315,1840087
South West,2022-07-12,E12000009,2636,1837772
South West,2022-07-11,E12000009,3017,1835136
South West,2022-07-10,E12000009,2653,1832119
South West,2022-07-09,E12000009,2254,1829466
South West,2022-07-08,E12000009,2642,1827212
South West,2022-07-07,E12000009,2918,1824570
South West,2022-07-06,E12000009,3261,1821652
South West,2022-07-05,E12000009,3462,1818391
South West,2022-07-04,E12000009,3721,1814929
South West,2022-07-03,E12000009,3186,1811208
South West,2022-07-02,E12000009,2532,1808022
South West,2022-07-01,E12000009,2776,1805490
South West,2022-06-30,E12000009,2693,1802714
South West,2022-06-29,E12000009,2702,1800021
South West,2022-06-28,E12000009,2689,1797319
South West,2022-06-27,E12000009,2696,1794630
South West,2022-06-26,E12000009,2126,1791934
South West,2022-06-25,E12000009,1716,1789808
South West,2022-06-24,E12000009,1738,1788092
South West,2022-06-23,E12000009,1835,1786354
South West,2022-06-22,E12000009,1981,1784519
South West,2022-06-21,E12000009,1906,1782538
South West,2022-06-20,E12000009,1841,1780632
South West,2022-06-19,E12000009,1545,1778791
South West,2022-06-18,E12000009,1235,1777246
South West,2022-06-17,E12000009,1237,1776011
South West,2022-06-16,E12000009,1282,1774774
South West,2022-06-15,E12000009,1316,1773492
South West,2022-06-14,E12000009,1271,1772176
South West,2022-06-13,E12000009,1418,1770905
South West,2022-06-12,E12000009,1119,1769487
South West,2022-06-11,E12000009,942,1768368
South West,2022-06-10,E12000009,954,1767426
South West,2022-06-09,E12000009,1003,1766472
South West,2022-06-08,E12000009,1018,1765469
South West,2022-06-07,E12000009,951,1764451
South West,2022-06-06,E12000009,1031,1763500
South West,2022-06-05,E12000009,809,1762469
South West,2022-06-04,E12000009,621,1761660
South West,2022-06-03,E12000009,580,1761039
South West,2022-06-02,E12000009,538,1760459
South West,2022-06-01,E12000009,587,1759921
South West,2022-05-31,E12000009,626,1759334
South West,2022-05-30,E12000009,625,1758708
South West,2022-05-29,E12000009,514,1758083
South West,2022-05-28,E12000009,438,1757569
South West,2022-05-27,E12000009,460,1757131
South West,2022-05-26,E12000009,494,1756671
South West,2022-05-25,E12000009,498,1756177
South West,2022-05-24,E12000009,536,1755679
South West,2022-05-23,E12000009,640,1755143
South West,2022-05-22,E12000009,554,1754503
South West,2022-05-21,E12000009,429,1753949
South West,2022-05-20,E12000009,506,1753520
South West,2022-05-19,E12000009,556,1753014
South West,2022-05-18,E12000009,633,1752458
South West,2022-05-17,E12000009,622,1751825
South West,2022-05-16,E12000009,816,1751203
South West,2022-05-15,E12000009,654,1750387
South West,2022-05-14,E12000009,486,1749733
South West,2022-05-13,E12000009,605,1749247
South West,2022-05-12,E12000009,644,1748642
South West,2022-05-11,E12000009,723,1747998
South West,2022-05-10,E12000009,746,1747275
South West,2022-05-09,E12000009,920,1746529
South West,2022-05-08,E12000009,781,1745609
South West,2022-05-07,E12000009,685,1744828
South West,2022-05-06,E12000009,768,1744143
South West,2022-05-05,E12000009,981,1743375
South West,2022-05-04,E12000009,1036,1742394
South West,2022-05-03,E12000009,1118,1741358
South West,2022-05-02,E12000009,1145,1740240
South West,2022-05-01,E12000009,868,1739095
South West,2022-04-30,E12000009,730,1738227
South West,2022-04-29,E12000009,858,1737497
South West,2022-04-28,E12000009,968,1736639
South West,2022-04-27,E12000009,1052,1735671
South West,2022-04-26,E12000009,1242,1734619
South West,2022-04-25,E12000009,1472,1733377
South West,2022-04-24,E12000009,1356,1731905
South West,2022-04-23,E12000009,1237,1730549
South West,2022-04-22,E12000009,1457,1729312
South West,2022-04-21,E12000009,1590,1727855
South West,2022-04-20,E12000009,2008,1726265
South West,2022-04-19,E12000009,2238,1724257
South West,2022-04-18,E12000009,2456,1722019
South West,2022-04-17,E12000009,1869,1719563
South West,2022-04-16,E12000009,1887,1717694
South West,2022-04-15,E12000009,2066,1715807
South West,2022-04-14,E12000009,2584,1713741
South West,2022-04-13,E12000009,3042,1711157
South West,2022-04-12,E12000009,3197,1708115
South West,2022-04-11,E12000009,3747,1704918
South West,2022-04-10,E12000009,3096,1701171
South West,2022-04-09,E12000009,2695,1698075
South West,2022-04-08,E12000009,3343,1695380
South West,2022-04-07,E12000009,3854,1692037
South West,2022-04-06,E12000009,4561,1688183
South West,2022-04-05,E12000009,4826,1683622
South West,2022-04-04,E12000009,5651,1678796
South West,2022-04-03,E12000009,4418,1673145
South West,2022-04-02,E12000009,3987,1668727
South West,2022-04-01,E12000009,4936,1664740
South West,2022-03-31,E12000009,5836,1659804
South West,2022-03-30,E12000009,7781,1653968
South West,2022-03-29,E12000009,8648,1646187
South West,2022-03-28,E12000009,10265,1637539
South West,2022-03-27,E12000009,7589,1627274
South West,2022-03-26,E12000009,7263,1619685
South West,2022-03-25,E12000009,8117,1612422
South West,2022-03-24,E12000009,9377,1604305
South West,2022-03-23,E12000009,10939,1594928
South West,2022-03-22,E12000009,11974,1583989
South West,2022-03-21,E12000009,12968,1572015
South West,2022-03-20,E12000009,10381,1559047
South West,2022-03-19,E12000009,8291,1548666
South West,2022-03-18,E12000009,9473,1540375
South West,2022-03-17,E12000009,9963,1530902
South West,2022-03-16,E12000009,11140,1520939
South West,2022-03-15,E12000009,11166,1509799
South West,2022-03-14,E12000009,12055,1498633
South West,2022-03-13,E12000009,9177,1486578
South West,2022-03-12,E12000009,7035,1477401
South West,2022-03-11,E12000009,7544,1470366
South West,2022-03-10,E12000009,7692,1462822
South West,2022-03-09,E12000009,7850,1455130
South West,2022-03-08,E12000009,7289,1447280
South West,2022-03-07,E12000009,6976,1439991
South West,2022-03-06,E12000009,4967,1433015
South West,2022-03-05,E12000009,3962,1428048
South West,2022-03-04,E12000009,4006,1424086
South West,2022-03-03,E12000009,4183,1420080
South West,2022-03-02,E12000009,4461,1415897
South West,2022-03-01,E12000009,4204,1411436
South West,2022-02-28,E12000009,4402,1407232
South West,2022-02-27,E12000009,3110,1402830
South West,2022-02-26,E12000009,2503,1399720
South West,2022-02-25,E12000009,2586,1397217
South West,2022-02-24,E12000009,2968,1394631
South West,2022-02-23,E12000009,3419,1391663
South West,2022-02-22,E12000009,3702,1388244
South West,2022-02-21,E12000009,4163,1384542
South West,2022-02-20,E12000009,3610,1380379
South West,2022-02-19,E12000009,3479,1376769
South West,2022-02-18,E12000009,2976,1373290
South West,2022-02-17,E12000009,4636,1370314
South West,2022-02-16,E12000009,5387,1365678
South West,2022-02-15,E12000009,5875,1360291
South West,2022-02-14,E12000009,6071,1354416
South West,2022-02-13,E12000009,4749,1348345
South West,2022-02-12,E12000009,4101,1343596
South West,2022-02-11,E12000009,4620,1339495
South West,2022-02-10,E12000009,5454,1334875
South West,2022-02-09,E12000009,6919,1329421
South West,2022-02-08,E12000009,7409,1322502
South West,2022-02-07,E12000009,8357,1315093
South West,2022-02-06,E12000009,6587,1306736
South West,2022-02-05,E12000009,5521,1300149
South West,2022-02-04,E12000009,6668,1294628
South West,2022-02-03,E12000009,7943,1287960
South West,2022-02-02,E12000009,8982,1280017
South West,2022-02-01,E12000009,9608,1271035
South West,2022-01-31,E12000009,10773,1261427
South West,2022-01-30,E12000009,8758,1250654
South West,2022-01-29,E12000009,7472,1241896
South West,2022-01-28,E12000009,8135,1234424
South West,2022-01-27,E12000009,9120,1226289
South West,2022-01-26,E12000009,10196,1217169
South West,2022-01-25,E12000009,10531,1206973
South West,2022-01-24,E12000009,11435,1196442
South West,2022-01-23,E12000009,9155,1185007
South West,2022-01-22,E12000009,7128,1175852
South West,2022-01-21,E12000009,7810,1168724
South West,2022-01-20,E12000009,8268,1160914
South West,2022-01-19,E12000009,8922,1152646
South West,2022-01-18,E12000009,9182,1143724
South West,2022-01-17,E12000009,10066,1134542
South West,2022-01-16,E12000009,7445,1124476
South West,2022-01-15,E12000009,5769,1117031
South West,2022-01-14,E12000009,6366,1111262
South West,2022-01-13,E12000009,6595,1104896
South West,2022-01-12,E12000009,7141,1098301
South West,2022-01-11,E12000009,7952,1091160
South West,2022-01-10,E12000009,8956,1083208
South West,2022-01-09,E12000009,6413,1074252
South West,2022-01-08,E12000009,6130,1067839
South West,2022-01-07,E12000009,7595,1061709
South West,2022-01-06,E12000009,11010,1054114
South West,2022-01-05,E12000009,12429,1043104
South West,2022-01-04,E12000009,17082,1030675
South West,2022-01-03,E12000009,14074,1013593
South West,2022-01-02,E12000009,11611,999519
South West,2022-01-01,E12000009,7385,987908
South West,2021-12-31,E12000009,11791,980523
South West,2021-12-30,E12000009,13957,968732
South West,2021-12-29,E12000009,14465,954775
South West,2021-12-28,E12000009,11544,940310
South West,2021-12-27,E12000009,10202,928766
South West,2021-12-26,E12000009,7706,918564
South West,2021-12-25,E12000009,4353,910858
South West,2021-12-24,E12000009,8247,906505
South West,2021-12-23,E12000009,9288,898258
South West,2021-12-22,E12000009,9296,888970
South West,2021-12-21,E12000009,8183,879674
South West,2021-12-20,E12000009,7495,871491
South West,2021-12-19,E12000009,5252,863996
South West,2021-12-18,E12000009,5103,858744
South West,2021-12-17,E12000009,5522,853641
South West,2021-12-16,E12000009,6113,848119
South West,2021-12-15,E12000009,6910,842006
South West,2021-12-14,E12000009,6174,835096
South West,2021-12-13,E12000009,5772,828922
South West,2021-12-12,E12000009,3741,823150
South West,2021-12-11,E12000009,3612,819409
South West,2021-12-10,E12000009,4149,815797
South West,2021-12-09,E12000009,4669,811648
South West,2021-12-08,E12000009,4837,806979
South West,2021-12-07,E12000009,4934,802142
South West,2021-12-06,E12000009,5557,797208
South West,2021-12-05,E12000009,3858,791651
South West,2021-12-04,E12000009,3823,787793
South West,2021-12-03,E12000009,4363,783970
South West,2021-12-02,E12000009,4900,779607
South West,2021-12-01,E12000009,5321,774707
South West,2021-11-30,E12000009,5507,769386
South West,2021-11-29,E12000009,5800,763879
South West,2021-11-28,E12000009,4135,758079
South West,2021-11-27,E12000009,3346,753944
South West,2021-11-26,E12000009,4074,750598
South West,2021-11-25,E12000009,4290,746524
South West,2021-11-24,E12000009,4554,742234
South West,2021-11-23,E12000009,4817,737680
South West,2021-11-22,E12000009,5036,732863
South West,2021-11-21,E12000009,3829,727827
South West,2021-11-20,E12000009,3624,723998
South West,2021-11-19,E12000009,3887,720374
South West,2021-11-18,E12000009,4422,716487
South West,2021-11-17,E12000009,4645,712065
South West,2021-11-16,E12000009,4887,707420
South West,2021-11-15,E12000009,5227,702533
South West,2021-11-14,E12000009,3661,697306
South West,2021-11-13,E12000009,3454,693645
South West,2021-11-12,E12000009,3931,690191
South West,2021-11-11,E12000009,4134,686260
South West,2021-11-10,E12000009,4424,682126
South West,2021-11-09,E12000009,4297,677702
South West,2021-11-08,E12000009,4594,673405
South West,2021-11-07,E12000009,3193,668811
South West,2021-11-06,E12000009,2732,665618
South West,2021-11-05,E12000009,3037,662886
South West,2021-11-04,E12000009,3341,659849
South West,2021-11-03,E12000009,3489,656508
South West,2021-11-02,E12000009,3829,653019
South West,2021-11-01,E12000009,4567,649190
South West,2021-10-31,E12000009,3809,644623
South West,2021-10-30,E12000009,3546,640814
South West,2021-10-29,E12000009,4307,637268
South West,2021-10-28,E12000009,4704,632961
South West,2021-10-27,E12000009,4703,628257
South West,2021-10-26,E12000009,4878,623554
South West,2021-10-25,E12000009,5351,618676
South West,2021-10-24,E12000009,4083,613325
South West,2021-10-23,E12000009,4160,609242
South West,2021-10-22,E12000009,4795,605082
South West,2021-10-21,E12000009,5408,600287
South West,2021-10-20,E12000009,6422,594879
South West,2021-10-19,E12000009,6393,588457
South West,2021-10-18,E12000009,7666,582064
South West,2021-10-17,E12000009,6047,574398
South West,2021-10-16,E12000009,5250,568351
South West,2021-10-15,E12000009,6324,563101
South West,2021-10-14,E12000009,5725,556777
South West,2021-10-13,E12000009,5866,551052
South West,2021-10-12,E12000009,5809,545186
South West,2021-10-11,E12000009,4338,539377
South West,2021-10-10,E12000009,3117,535039
South West,2021-10-09,E12000009,2377,531922
South West,2021-10-08,E12000009,2688,529545
South West,2021-10-07,E12000009,2691,526857
South West,2021-10-06,E12000009,2455,524166
South West,2021-10-05,E12000009,2508,521711
South West,2021-10-04,E12000009,3025,519203
South West,2021-10-03,E12000009,2170,516178
South West,2021-10-02,E12000009,1676,514008
South West,2021-10-01,E12000009,2163,512332
South West,2021-09-30,E12000009,2568,510169
South West,2021-09-29,E12000009,2412,507601
South West,2021-09-28,E12000009,2733,505189
South West,2021-09-27,E12000009,2861,502456
South West,2021-09-26,E12000009,2631,499595
South West,2021-09-25,E12000009,2432,496964
South West,2021-09-24,E12000009,2723,494532
South West,2021-09-23,E12000009,2918,491809
South West,2021-09-22,E12000009,2225,488891
South West,2021-09-21,E12000009,2160,486666
South West,2021-09-20,E12000009,2171,484506
South West,2021-09-19,E12000009,2264,482335
South West,2021-09-18,E12000009,2201,480071
South West,2021-09-17,E12000009,2151,477870
South West,2021-09-16,E12000009,1777,475719
South West,2021-09-15,E12000009,1635,473942
South West,2021-09-14,E12000009,1625,472307
South West,2021-09-13,E12000009,1816,470682
South West,2021-09-12,E12000009,1210,468866
South West,2021-09-11,E12000009,1132,467656
South West,2021-09-10,E12000009,1594,466524
South West,2021-09-09,E12000009,2392,464930
South West,2021-09-08,E12000009,1937,462538
South West,2021-09-07,E12000009,2054,460601
South West,2021-09-06,E12000009,3287,458547
South West,2021-09-05,E12000009,2442,455260
South West,2021-09-04,E12000009,2452,452818
South West,2021-09-03,E12000009,3180,450366
South West,2021-09-02,E12000009,3392,447186
South West,2021-09-01,E12000009,3447,443794
South West,2021-08-31,E12000009,3804,440347
South West,2021-08-30,E12000009,2714,436543
South West,2021-08-29,E12000009,2069,433829
South West,2021-08-28,E12000009,2343,431760
South West,2021-08-27,E12000009,2844,429417
South West,2021-08-26,E12000009,3313,426573
South West,2021-08-25,E12000009,3403,423260
South West,2021-08-24,E12000009,3621,419857
South West,2021-08-23,E12000009,3817,416236
South West,2021-08-22,E12000009,2714,412419
South West,2021-08-21,E12000009,3018,409705
South West,2021-08-20,E12000009,3574,406687
South West,2021-08-19,E12000009,4288,403113
South West,2021-08-18,E12000009,5143,398825
South West,2021-08-17,E12000009,5369,393682
South West,2021-08-16,E12000009,4341,388313
South West,2021-08-15,E12000009,2500,383972
South West,2021-08-14,E12000009,2385,381472
South West,2021-08-13,E12000009,2791,379087
South West,2021-08-12,E12000009,3110,376296
South West,2021-08-11,E12000009,3237,373186
South West,2021-08-10,E12000009,3186,369949
South West,2021-08-09,E12000009,3206,366763
South West,2021-08-08,E12000009,2310,363557
South West,2021-08-07,E12000009,2255,361247
South West,2021-08-06,E12000009,2899,358992
South West,2021-08-05,E12000009,3082,356093
South West,2021-08-04,E12000009,3193,353011
South West,2021-08-03,E12000009,3179,349818
South West,2021-08-02,E12000009,2784,346639
South West,2021-08-01,E12000009,2082,343855
South West,2021-07-31,E12000009,2007,341773
South West,2021-07-30,E12000009,2361,339766
South West,2021-07-29,E12000009,2812,337405
South West,2021-07-28,E12000009,3019,334593
South West,2021-07-27,E12000009,2874,331574
South West,2021-07-26,E12000009,2768,328700
South West,2021-07-25,E12000009,2033,325932
South West,2021-07-24,E12000009,1944,323899
South West,2021-07-23,E12000009,2523,321955
South West,2021-07-22,E12000009,2581,319432
South West,2021-07-21,E12000009,3026,316851
South West,2021-07-20,E12000009,3481,313825
South West,2021-07-19,E12000009,4021,310344
South West,2021-07-18,E12000009,3331,306323
South West,2021-07-17,E12000009,3466,302992
South West,2021-07-16,E12000009,5109,299526
South West,2021-07-15,E12000009,5868,294417
South West,2021-07-14,E12000009,4916,288549
South West,2021-07-13,E12000009,4185,283633
South West,2021-07-12,E12000009,3617,279448
South West,2021-07-11,E12000009,2464,275831
South West,2021-07-10,E12000009,2120,273367
South West,2021-07-09,E12000009,2476,271247
South West,2021-07-08,E12000009,2557,268771
South West,2021-07-07,E12000009,2763,266214
South West,2021-07-06,E12000009,2518,263451
South West,2021-07-05,E12000009,2202,260933
South West,2021-07-04,E12000009,1664,258731
South West,2021-07-03,E12000009,1647,257067
South West,2021-07-02,E12000009,1680,255420
South West,2021-07-01,E12000009,1831,253740
South West,2021-06-30,E12000009,1887,251909
South West,2021-06-29,E12000009,1808,250022
South West,2021-06-28,E12000009,1812,248214
South West,2021-06-27,E12000009,1096,246402
South West,2021-06-26,E12000009,1098,245306
South West,2021-06-25,E12000009,1140,244208
South West,2021-06-24,E12000009,1194,243068
South West,2021-06-23,E12000009,1229,241874
South West,2021-06-22,E12000009,1126,240645
South West,2021-06-21,E12000009,958,239519
South West,2021-06-20,E12000009,709,238561
South West,2021-06-19,E12000009,619,237852
South West,2021-06-18,E12000009,781,237233
South West,2021-06-17,E12000009,895,236452
South West,2021-06-16,E12000009,872,235557
South West,2021-06-15,E12000009,721,234685
South West,2021-06-14,E12000009,735,233964
South West,2021-06-13,E12000009,532,233229
South West,2021-06-12,E12000009,422,232697
South West,2021-06-11,E12000009,484,232275
South West,2021-06-10,E12000009,435,231791
South West,2021-06-09,E12000009,472,231356
South West,2021-06-08,E12000009,323,230884
South West,2021-06-07,E12000009,345,230561
South West,2021-06-06,E12000009,224,230216
South West,2021-06-05,E12000009,152,229992
South West,2021-06-04,E12000009,197,229840
South West,2021-06-03,E12000009,197,229643
South West,2021-06-02,E12000009,218,229446
South West,2021-06-01,E12000009,136,229228
South West,2021-05-31,E12000009,115,229092
South West,2021-05-30,E12000009,74,228977
South West,2021-05-29,E12000009,62,228903
South West,2021-05-28,E12000009,93,228841
South West,2021-05-27,E12000009,97,228748
South West,2021-05-26,E12000009,91,228651
South West,2021-05-25,E12000009,81,228560
South West,2021-05-24,E12000009,81,228479
South West,2021-05-23,E12000009,75,228398
South West,2021-05-22,E12000009,53,228323
South West,2021-05-21,E12000009,62,228270
South West,2021-05-20,E12000009,93,228208
South West,2021-05-19,E12000009,95,228115
South West,2021-05-18,E12000009,77,228020
South West,2021-05-17,E12000009,102,227943
South West,2021-05-16,E12000009,70,227841
South West,2021-05-15,E12000009,57,227771
South West,2021-05-14,E12000009,48,227714
South West,2021-05-13,E12000009,72,227666
South West,2021-05-12,E12000009,79,227594
South West,2021-05-11,E12000009,104,227515
South West,2021-05-10,E12000009,106,227411
South West,2021-05-09,E12000009,105,227305
South West,2021-05-08,E12000009,62,227200
South West,2021-05-07,E12000009,83,227138
South West,2021-05-06,E12000009,99,227055
South West,2021-05-05,E12000009,122,226956
South West,2021-05-04,E12000009,116,226834
South West,2021-05-03,E12000009,125,226718
South West,2021-05-02,E12000009,68,226593
South West,2021-05-01,E12000009,44,226525
South West,2021-04-30,E12000009,72,226481
South West,2021-04-29,E12000009,108,226409
South West,2021-04-28,E12000009,137,226301
South West,2021-04-27,E12000009,103,226164
South West,2021-04-26,E12000009,126,226061
South West,2021-04-25,E12000009,123,225935
South West,2021-04-24,E12000009,55,225812
South West,2021-04-23,E12000009,101,225757
South West,2021-04-22,E12000009,137,225656
South West,2021-04-21,E12000009,138,225519
South West,2021-04-20,E12000009,119,225381
South West,2021-04-19,E12000009,138,225262
South West,2021-04-18,E12000009,153,225124
South West,2021-04-17,E12000009,73,224971
South West,2021-04-16,E12000009,105,224898
South West,2021-04-15,E12000009,120,224793
South West,2021-04-14,E12000009,88,224673
South West,2021-04-13,E12000009,125,224585
South West,2021-04-12,E12000009,124,224460
South West,2021-04-11,E12000009,91,224336
South West,2021-04-10,E12000009,86,224245
South West,2021-04-09,E12000009,116,224159
South West,2021-04-08,E12000009,126,224043
South West,2021-04-07,E12000009,140,223917
South West,2021-04-06,E12000009,111,223777
South West,2021-04-05,E12000009,143,223666
South West,2021-04-04,E12000009,101,223523
South West,2021-04-03,E12000009,99,223422
South West,2021-04-02,E12000009,83,223323
South West,2021-04-01,E12000009,138,223240
South West,2021-03-31,E12000009,158,223102
South West,2021-03-30,E12000009,135,222944
South West,2021-03-29,E12000009,199,222809
South West,2021-03-28,E12000009,249,222610
South West,2021-03-27,E12000009,135,222361
South West,2021-03-26,E12000009,207,222226
South West,2021-03-25,E12000009,246,222019
South West,2021-03-24,E12000009,325,221773
South West,2021-03-23,E12000009,220,221448
South West,2021-03-22,E12000009,309,221228
South West,2021-03-21,E12000009,211,220919
South West,2021-03-20,E12000009,158,220708
South West,2021-03-19,E12000009,225,220550
South West,2021-03-18,E12000009,270,220325
South West,2021-03-17,E12000009,248,220055
South West,2021-03-16,E12000009,211,219807
South West,2021-03-15,E12000009,279,219596
South West,2021-03-14,E12000009,203,219317
South West,2021-03-13,E12000009,135,219114
South West,2021-03-12,E12000009,271,218979
South West,2021-03-11,E12000009,251,218708
South West,2021-03-10,E12000009,256,218457
South West,2021-03-09,E12000009,302,218201
South West,2021-03-08,E12000009,306,217899
South West,2021-03-07,E12000009,215,217593
South West,2021-03-06,E12000009,210,217378
South West,2021-03-05,E12000009,247,217168
South West,2021-03-04,E12000009,285,216921
South West,2021-03-03,E12000009,280,216636
South West,2021-03-02,E12000009,293,216356
South West,2021-03-01,E12000009,370,216063
South West,2021-02-28,E12000009,219,215693
South West,2021-02-27,E12000009,210,215474
South West,2021-02-26,E12000009,325,215264
South West,2021-02-25,E12000009,358,214939
South West,2021-02-24,E12000009,400,214581
South West,2021-02-23,E12000009,436,214181
South West,2021-02-22,E12000009,573,213745
South West,2021-02-21,E12000009,337,213172
South West,2021-02-20,E12000009,413,212835
South West,2021-02-19,E12000009,577,212422
South West,2021-02-18,E12000009,667,211845
South West,2021-02-17,E12000009,631,211178
South West,2021-02-16,E12000009,611,210547
South West,2021-02-15,E12000009,735,209936
South West,2021-02-14,E12000009,457,209201
South West,2021-02-13,E12000009,494,208744
South West,2021-02-12,E12000009,748,208250
South West,2021-02-11,E12000009,766,207502
South West,2021-02-10,E12000009,870,206736
South West,2021-02-09,E12000009,777,205866
South West,2021-02-08,E12000009,1031,205089
South West,2021-02-07,E12000009,729,204058
South West,2021-02-06,E12000009,649,203329
South West,2021-02-05,E12000009,970,202680
South West,2021-02-04,E12000009,1056,201710
South West,2021-02-03,E12000009,1161,200654
South West,2021-02-02,E12000009,1222,199493
South West,2021-02-01,E12000009,1322,198271
South West,2021-01-31,E12000009,861,196949
South West,2021-01-30,E12000009,974,196088
South West,2021-01-29,E12000009,1464,195114
South West,2021-01-28,E12000009,1453,193650
South West,2021-01-27,E12000009,1667,192197
South West,2021-01-26,E12000009,1614,190530
South West,2021-01-25,E12000009,2101,188916
South West,2021-01-24,E12000009,1013,186815
South West,2021-01-23,E12000009,1236,185802
South West,2021-01-22,E12000009,1759,184566
South West,2021-01-21,E12000009,2074,182807
South West,2021-01-20,E12000009,2135,180733
South West,2021-01-19,E12000009,2538,178598
South West,2021-01-18,E12000009,2939,176060
South West,2021-01-17,E12000009,1647,173121
South West,2021-01-16,E12000009,1788,171474
South West,2021-01-15,E12000009,2495,169686
South West,2021-01-14,E12000009,2839,167191
South West,2021-01-13,E12000009,2924,164352
South West,2021-01-12,E12000009,3153,161428
South West,2021-01-11,E12000009,3782,158275
South West,2021-01-10,E12000009,2205,154493
South West,2021-01-09,E12000009,2550,152288
South West,2021-01-08,E12000009,2759,149738
South West,2021-01-07,E12000009,2928,146979
South West,2021-01-06,E12000009,3246,144051
South West,2021-01-05,E12000009,3987,140805
South West,2021-01-04,E12000009,4283,136818
South West,2021-01-03,E12000009,2870,132535
South West,2021-01-02,E12000009,3106,129665
South West,2021-01-01,E12000009,1877,126559
South West,2020-12-31,E12000009,2655,124682
South West,2020-12-30,E12000009,3253,122027
South West,2020-12-29,E12000009,4218,118774
South West,2020-12-28,E12000009,2483,114556
South West,2020-12-27,E12000009,2276,112073
South West,2020-12-26,E12000009,1868,109797
South West,2020-12-25,E12000009,577,107929
South West,2020-12-24,E12000009,1147,107352
South West,2020-12-23,E12000009,1809,106205
South West,2020-12-22,E12000009,1844,104396
South West,2020-12-21,E12000009,2005,102552
South West,2020-12-20,E12000009,1301,100547
South West,2020-12-19,E12000009,791,99246
South West,2020-12-18,E12000009,1273,98455
South West,2020-12-17,E12000009,1139,97182
South West,2020-12-16,E12000009,1361,96043
South West,2020-12-15,E12000009,1244,94682
South West,2020-12-14,E12000009,1278,93438
South West,2020-12-13,E12000009,835,92160
South West,2020-12-12,E12000009,671,91325
South West,2020-12-11,E12000009,835,90654
South West,2020-12-10,E12000009,889,89819
South West,2020-12-09,E12000009,829,88930
South West,2020-12-08,E12000009,850,88101
South West,2020-12-07,E12000009,779,87251
South West,2020-12-06,E12000009,490,86472
South West,2020-12-05,E12000009,508,85982
South West,2020-12-04,E12000009,605,85474
South West,2020-12-03,E12000009,686,84869
South West,2020-12-02,E12000009,664,84183
South West,2020-12-01,E12000009,752,83519
South West,2020-11-30,E12000009,817,82767
South West,2020-11-29,E12000009,511,81950
South West,2020-11-28,E12000009,514,81439
South West,2020-11-27,E12000009,717,80925
South West,2020-11-26,E12000009,774,80208
South West,2020-11-25,E12000009,874,79434
South West,2020-11-24,E12000009,842,78560
South West,2020-11-23,E12000009,1021,77718
South West,2020-11-22,E12000009,581,76697
South West,2020-11-21,E12000009,711,76116
South West,2020-11-20,E12000009,906,75405
South West,2020-11-19,E12000009,1013,74499
South West,2020-11-18,E12000009,1201,73486
South West,2020-11-17,E12000009,1328,72285
South West,2020-11-16,E12000009,1767,70957
South West,2020-11-15,E12000009,1074,69190
South West,2020-11-14,E12000009,1274,68116
South West,2020-11-13,E12000009,1756,66842
South West,2020-11-12,E12000009,1589,65086
South West,2020-11-11,E12000009,1626,63497
South West,2020-11-10,E12000009,1806,61871
South West,2020-11-09,E12000009,1938,60065
South West,2020-11-08,E12000009,1320,58127
South West,2020-11-07,E12000009,1190,56807
South West,2020-11-06,E12000009,1512,55617
South West,2020-11-05,E12000009,1591,54105
South West,2020-11-04,E12000009,1645,52514
South West,2020-11-03,E12000009,1564,50869
South West,2020-11-02,E12000009,1829,49305
South West,2020-11-01,E12000009,731,47476
South West,2020-10-31,E12000009,867,46745
South West,2020-10-30,E12000009,1268,45878
South West,2020-10-29,E12000009,1450,44610
South West,2020-10-28,E12000009,1403,43160
South West,2020-10-27,E12000009,1450,41757
South West,2020-10-26,E12000009,1375,40307
South West,2020-10-25,E12000009,930,38932
South West,2020-10-24,E12000009,814,38002
South West,2020-10-23,E12000009,1169,37188
South West,2020-10-22,E12000009,1309,36019
South West,2020-10-21,E12000009,1395,34710
South West,2020-10-20,E12000009,1170,33315
South West,2020-10-19,E12000009,1164,32145
South West,2020-10-18,E12000009,601,30981
South West,2020-10-17,E12000009,666,30380
South West,2020-10-16,E12000009,817,29714
South West,2020-10-15,E12000009,695,28897
South West,2020-10-14,E12000009,879,28202
South West,2020-10-13,E12000009,978,27323
South West,2020-10-12,E12000009,764,26345
South West,2020-10-11,E12000009,488,25581
South West,2020-10-10,E12000009,577,25093
South West,2020-10-09,E12000009,786,24516
South West,2020-10-08,E12000009,866,23730
South West,2020-10-07,E12000009,817,22864
South West,2020-10-06,E12000009,664,22047
South West,2020-10-05,E12000009,659,21383
South West,2020-10-04,E12000009,446,20724
South West,2020-10-03,E12000009,409,20278
South West,2020-10-02,E12000009,429,19869
South West,2020-10-01,E12000009,400,19440
South West,2020-09-30,E12000009,403,19040
South West,2020-09-29,E12000009,275,18637
South West,2020-09-28,E12000009,322,18362
South West,2020-09-27,E12000009,119,18040
South West,2020-09-26,E12000009,132,17921
South West,2020-09-25,E12000009,223,17789
South West,2020-09-24,E12000009,211,17566
South West,2020-09-23,E12000009,169,17355
South West,2020-09-22,E12000009,161,17186
South West,2020-09-21,E12000009,152,17025
South West,2020-09-20,E12000009,148,16873
South West,2020-09-19,E12000009,126,16725
South West,2020-09-18,E12000009,125,16599
South West,2020-09-17,E12000009,111,16474
South West,2020-09-16,E12000009,74,16363
South West,2020-09-15,E12000009,87,16289
South West,2020-09-14,E12000009,79,16202
South West,2020-09-13,E12000009,55,16123
South West,2020-09-12,E12000009,66,16068
South West,2020-09-11,E12000009,98,16002
South West,2020-09-10,E12000009,87,15904
South West,2020-09-09,E12000009,78,15817
South West,2020-09-08,E12000009,79,15739
South West,2020-09-07,E12000009,98,15660
South West,2020-09-06,E12000009,78,15562
South West,2020-09-05,E12000009,85,15484
South West,2020-09-04,E12000009,136,15399
South West,2020-09-03,E12000009,150,15263
South West,2020-09-02,E12000009,133,15113
South West,2020-09-01,E12000009,102,14980
South West,2020-08-31,E12000009,55,14878
South West,2020-08-30,E12000009,34,14823
South West,2020-08-29,E12000009,50,14789
South West,2020-08-28,E12000009,72,14739
South West,2020-08-27,E12000009,59,14667
South West,2020-08-26,E12000009,63,14608
South West,2020-08-25,E12000009,53,14545
South West,2020-08-24,E12000009,51,14492
South West,2020-08-23,E12000009,42,14441
South West,2020-08-22,E12000009,39,14399
South West,2020-08-21,E12000009,63,14360
South West,2020-08-20,E12000009,87,14297
South West,2020-08-19,E12000009,70,14210
South West,2020-08-18,E12000009,62,14140
South West,2020-08-17,E12000009,48,14078
South West,2020-08-16,E12000009,37,14030
South West,2020-08-15,E12000009,27,13993
South West,2020-08-14,E12000009,56,13966
South West,2020-08-13,E12000009,55,13910
South West,2020-08-12,E12000009,42,13855
South West,2020-08-11,E12000009,41,13813
South West,2020-08-10,E12000009,41,13772
South West,2020-08-09,E12000009,15,13731
South West,2020-08-08,E12000009,25,13716
South West,2020-08-07,E12000009,41,13691
South West,2020-08-06,E12000009,47,13650
South West,2020-08-05,E12000009,42,13603
South West,2020-08-04,E12000009,55,13561
South West,2020-08-03,E12000009,44,13506
South West,2020-08-02,E12000009,11,13462
South West,2020-08-01,E12000009,9,13451
South West,2020-07-31,E12000009,29,13442
South West,2020-07-30,E12000009,64,13413
South West,2020-07-29,E12000009,53,13349
South West,2020-07-28,E12000009,35,13296
South West,2020-07-27,E12000009,39,13261
South West,2020-07-26,E12000009,20,13222
South West,2020-07-25,E12000009,17,13202
South West,2020-07-24,E12000009,35,13185
South West,2020-07-23,E12000009,40,13150
South West,2020-07-22,E12000009,30,13110
South West,2020-07-21,E12000009,37,13080
South West,2020-07-20,E12000009,23,13043
South West,2020-07-19,E12000009,9,13020
South West,2020-07-18,E12000009,12,13011
South West,2020-07-17,E12000009,20,12999
South West,2020-07-16,E12000009,27,12979
South West,2020-07-15,E12000009,18,12952
South West,2020-07-14,E12000009,20,12934
South West,2020-07-13,E12000009,17,12914
South West,2020-07-12,E12000009,6,12897
South West,2020-07-11,E12000009,6,12891
South West,2020-07-10,E12000009,13,12885
South West,2020-07-09,E12000009,17,12872
South West,2020-07-08,E12000009,15,12855
South West,2020-07-07,E12000009,16,12840
South West,2020-07-06,E12000009,24,12824
South West,2020-07-05,E12000009,17,12800
South West,2020-07-04,E12000009,9,12783
South West,2020-07-03,E12000009,8,12774
South West,2020-07-02,E12000009,11,12766
South West,2020-07-01,E12000009,24,12755
South West,2020-06-30,E12000009,18,12731
South West,2020-06-29,E12000009,16,12713
South West,2020-06-28,E12000009,11,12697
South West,2020-06-27,E12000009,9,12686
South West,2020-06-26,E12000009,12,12677
South West,2020-06-25,E12000009,8,12665
South West,2020-06-24,E12000009,17,12657
South West,2020-06-23,E12000009,15,12640
South West,2020-06-22,E12000009,18,12625
South West,2020-06-21,E12000009,8,12607
South West,2020-06-20,E12000009,8,12599
South West,2020-06-19,E12000009,24,12591
South West,2020-06-18,E12000009,12,12567
South West,2020-06-17,E12000009,16,12555
South West,2020-06-16,E12000009,15,12539
South West,2020-06-15,E12000009,20,12524
South West,2020-06-14,E12000009,9,12504
South West,2020-06-13,E12000009,14,12495
South West,2020-06-12,E12000009,19,12481
South West,2020-06-11,E12000009,26,12462
South West,2020-06-10,E12000009,31,12436
South West,2020-06-09,E12000009,25,12405
South West,2020-06-08,E12000009,24,12380
South West,2020-06-07,E12000009,18,12356
South West,2020-06-06,E12000009,24,12338
South West,2020-06-05,E12000009,51,12314
South West,2020-06-04,E12000009,64,12263
South West,2020-06-03,E12000009,69,12199
South West,2020-06-02,E12000009,52,12130
South West,2020-06-01,E12000009,52,12078
South West,2020-05-31,E12000009,60,12026
South West,2020-05-30,E12000009,51,11966
South West,2020-05-29,E12000009,75,11915
South West,2020-05-28,E12000009,117,11840
South West,2020-05-27,E12000009,104,11723
South West,2020-05-26,E12000009,82,11619
South West,2020-05-25,E12000009,61,11537
South West,2020-05-24,E12000009,59,11476
South West,2020-05-23,E12000009,41,11417
South West,2020-05-22,E12000009,82,11376
South West,2020-05-21,E12000009,86,11294
South West,2020-05-20,E12000009,138,11208
South West,2020-05-19,E12000009,108,11070
South West,2020-05-18,E12000009,121,10962
South West,2020-05-17,E12000009,100,10841
South West,2020-05-16,E12000009,92,10741
South West,2020-05-15,E12000009,105,10649
South West,2020-05-14,E12000009,95,10544
South West,2020-05-13,E12000009,178,10449
South West,2020-05-12,E12000009,177,10271
South West,2020-05-11,E12000009,256,10094
South West,2020-05-10,E12000009,133,9838
South West,2020-05-09,E12000009,107,9705
South West,2020-05-08,E12000009,178,9598
South West,2020-05-07,E12000009,179,9420
South West,2020-05-06,E12000009,201,9241
South West,2020-05-05,E12000009,172,9040
South West,2020-05-04,E12000009,167,8868
South West,2020-05-03,E12000009,175,8701
South West,2020-05-02,E12000009,208,8526
South West,2020-05-01,E12000009,269,8318
South West,2020-04-30,E12000009,246,8049
South West,2020-04-29,E12000009,347,7803
South West,2020-04-28,E12000009,274,7456
South West,2020-04-27,E12000009,321,7182
South West,2020-04-26,E12000009,251,6861
South West,2020-04-25,E12000009,200,6610
South West,2020-04-24,E12000009,250,6410
South West,2020-04-23,E12000009,282,6160
South West,2020-04-22,E12000009,287,5878
South West,2020-04-21,E12000009,225,5591
South West,2020-04-20,E12000009,181,5366
South West,2020-04-19,E12000009,198,5185
South West,2020-04-18,E12000009,170,4987
South West,2020-04-17,E12000009,240,4817
South West,2020-04-16,E12000009,262,4577
South West,2020-04-15,E12000009,212,4315
South West,2020-04-14,E12000009,185,4103
South West,2020-04-13,E12000009,193,3918
South West,2020-04-12,E12000009,179,3725
South West,2020-04-11,E12000009,173,3546
South West,2020-04-10,E12000009,234,3373
South West,2020-04-09,E12000009,246,3139
South West,2020-04-08,E12000009,237,2893
South West,2020-04-07,E12000009,213,2656
South West,2020-04-06,E12000009,186,2443
South West,2020-04-05,E12000009,153,2257
South West,2020-04-04,E12000009,174,2104
South West,2020-04-03,E12000009,191,1930
South West,2020-04-02,E12000009,183,1739
South West,2020-04-01,E12000009,183,1556
South West,2020-03-31,E12000009,140,1373
South West,2020-03-30,E12000009,163,1233
South West,2020-03-29,E12000009,101,1070
South West,2020-03-28,E12000009,102,969
South West,2020-03-27,E12000009,128,867
South West,2020-03-26,E12000009,118,739
South West,2020-03-25,E12000009,104,621
South West,2020-03-24,E12000009,68,517
South West,2020-03-23,E12000009,63,449
South West,2020-03-22,E12000009,44,386
South West,2020-03-21,E12000009,42,342
South West,2020-03-20,E12000009,43,300
South West,2020-03-19,E12000009,21,257
South West,2020-03-18,E12000009,43,236
South West,2020-03-17,E12000009,21,193
South West,2020-03-16,E12000009,18,172
South West,2020-03-15,E12000009,17,154
South West,2020-03-14,E12000009,10,137
South West,2020-03-13,E12000009,29,127
South West,2020-03-12,E12000009,18,98
South West,2020-03-11,E12000009,14,80
South West,2020-03-10,E12000009,10,66
South West,2020-03-09,E12000009,5,56
South West,2020-03-08,E12000009,3,51
South West,2020-03-07,E12000009,4,48
South West,2020-03-06,E12000009,11,44
South West,2020-03-05,E12000009,4,33
South West,2020-03-04,E12000009,6,29
South West,2020-03-03,E12000009,10,23
South West,2020-03-02,E12000009,8,13
South West,2020-03-01,E12000009,1,5
South West,2020-02-29,E12000009,0,4
South West,2020-02-28,E12000009,0,4
South West,2020-02-27,E12000009,0,4
South West,2020-02-26,E12000009,1,4
South West,2020-02-25,E12000009,0,3
South West,2020-02-24,E12000009,0,3
South West,2020-02-23,E12000009,0,3
South West,2020-02-22,E12000009,0,3
South West,2020-02-21,E12000009,0,3
South West,2020-02-20,E12000009,0,3
South West,2020-02-19,E12000009,0,3
South West,2020-02-18,E12000009,0,3
South West,2020-02-17,E12000009,0,3
South West,2020-02-16,E12000009,0,3
South West,2020-02-15,E12000009,0,3
South West,2020-02-14,E12000009,0,3
South West,2020-02-13,E12000009,0,3
South West,2020-02-12,E12000009,0,3
South West,2020-02-11,E12000009,0,3
South West,2020-02-10,E12000009,0,3
South West,2020-02-09,E12000009,0,3
South West,2020-02-08,E12000009,0,3
South West,2020-02-07,E12000009,0,3
South West,2020-02-06,E12000009,0,3
South West,2020-02-05,E12000009,0,3
South West,2020-02-04,E12000009,0,3
South West,2020-02-03,E12000009,3,3
North East,2023-11-07,E12000001,21,1057819
North East,2023-11-06,E12000001,37,1057798
North East,2023-11-05,E12000001,40,1057761
North East,2023-11-04,E12000001,41,1057721
North East,2023-11-03,E12000001,25,1057680
North East,2023-11-02,E12000001,41,1057655
North East,2023-11-01,E12000001,42,1057614
North East,2023-10-31,E12000001,52,1057572
North East,2023-10-30,E12000001,43,1057520
North East,2023-10-29,E12000001,49,1057477
North East,2023-10-28,E12000001,41,1057428
North East,2023-10-27,E12000001,49,1057387
North East,2023-10-26,E12000001,55,1057338
North East,2023-10-25,E12000001,45,1057283
North East,2023-10-24,E12000001,50,1057238
North East,2023-10-23,E12000001,61,1057188
North East,2023-10-22,E12000001,49,1057127
North East,2023-10-21,E12000001,45,1057078
North East,2023-10-20,E12000001,51,1057033
North East,2023-10-19,E12000001,74,1056982
North East,2023-10-18,E12000001,85,1056908
North East,2023-10-17,E12000001,71,1056823
North East,2023-10-16,E12000001,106,1056752
North East,2023-10-15,E12000001,66,1056646
North East,2023-10-14,E12000001,54,1056580
North East,2023-10-13,E12000001,72,1056526
North East,2023-10-12,E12000001,60,1056454
North East,2023-10-11,E12000001,108,1056394
North East,2023-10-10,E12000001,99,1056286
North East,2023-10-09,E12000001,116,1056187
North East,2023-10-08,E12000001,132,1056071
North East,2023-10-07,E12000001,89,1055939
North East,2023-10-06,E12000001,111,1055850
North East,2023-10-05,E12000001,121,1055739
North East,2023-10-04,E12000001,155,1055618
North East,2023-10-03,E12000001,121,1055463
North East,2023-10-02,E12000001,159,1055342
North East,2023-10-01,E12000001,117,1055183
North East,2023-09-30,E12000001,109,1055066
North East,2023-09-29,E12000001,128,1054957
North East,2023-09-28,E12000001,112,1054829
North East,2023-09-27,E12000001,122,1054717
North East,2023-09-26,E12000001,116,1054595
North East,2023-09-25,E12000001,161,1054479
North East,2023-09-24,E12000001,131,1054318
North East,2023-09-23,E12000001,108,1054187
North East,2023-09-22,E12000001,100,1054079
North East,2023-09-21,E12000001,94,1053979
North East,2023-09-20,E12000001,94,1053885
North East,2023-09-19,E12000001,105,1053791
North East,2023-09-18,E12000001,144,1053686
North East,2023-09-17,E12000001,88,1053542
North East,2023-09-16,E12000001,76,1053454
North East,2023-09-15,E12000001,55,1053378
North East,2023-09-14,E12000001,68,1053323
North East,2023-09-13,E12000001,72,1053255
North East,2023-09-12,E12000001,76,1053183
North East,2023-09-11,E12000001,97,1053107
North East,2023-09-10,E12000001,82,1053010
North East,2023-09-09,E12000001,66,1052928
North East,2023-09-08,E12000001,102,1052862
North East,2023-09-07,E12000001,113,1052760
North East,2023-09-06,E12000001,85,1052647
North East,2023-09-05,E12000001,106,1052562
North East,2023-09-04,E12000001,110,1052456
North East,2023-09-03,E12000001,80,1052346
North East,2023-09-02,E12000001,73,1052266
North East,2023-09-01,E12000001,78,1052193
North East,2023-08-31,E12000001,72,1052115
North East,2023-08-30,E12000001,81,1052043
North East,2023-08-29,E12000001,70,1051962
North East,2023-08-28,E12000001,69,1051892
North East,2023-08-27,E12000001,47,1051823
North East,2023-08-26,E12000001,49,1051776
North East,2023-08-25,E12000001,52,1051727
North East,2023-08-24,E12000001,60,1051675
North East,2023-08-23,E12000001,78,1051615
North East,2023-08-22,E12000001,60,1051537
North East,2023-08-21,E12000001,86,1051477
North East,2023-08-20,E12000001,56,1051391
North East,2023-08-19,E12000001,31,1051335
North East,2023-08-18,E12000001,55,1051304
North East,2023-08-17,E12000001,51,1051249
North East,2023-08-16,E12000001,60,1051198
North East,2023-08-15,E12000001,54,1051138
North East,2023-08-14,E12000001,59,1051084
North East,2023-08-13,E12000001,52,1051025
North East,2023-08-12,E12000001,28,1050973
North East,2023-08-11,E12000001,47,1050945
North East,2023-08-10,E12000001,53,1050898
North East,2023-08-09,E12000001,55,1050845
North East,2023-08-08,E12000001,53,1050790
North East,2023-08-07,E12000001,37,1050737
North East,2023-08-06,E12000001,27,1050700
North East,2023-08-05,E12000001,25,1050673
North East,2023-08-04,E12000001,46,1050648
North East,2023-08-03,E12000001,27,1050602
North East,2023-08-02,E12000001,37,1050575
North East,2023-08-01,E12000001,45,1050538
North East,2023-07-31,E12000001,45,1050493
North East,2023-07-30,E12000001,38,1050448
North East,2023-07-29,E12000001,27,1050410
North East,2023-07-28,E12000001,29,1050383
North East,2023-07-27,E12000001,35,1050354
North East,2023-07-26,E12000001,37,1050319
North East,2023-07-25,E12000001,30,1050282
North East,2023-07-24,E12000001,27,1050252
North East,2023-07-23,E12000001,20,1050225
North East,2023-07-22,E12000001,15,1050205
North East,2023-07-21,E12000001,17,1050190
North East,2023-07-20,E12000001,14,1050173
North East,2023-07-19,E12000001,21,1050159
North East,2023-07-18,E12000001,24,1050138
North East,2023-07-17,E12000001,11,1050114
North East,2023-07-16,E12000001,16,1050103
North East,2023-07-15,E12000001,20,1050087
North East,2023-07-14,E12000001,17,1050067
North East,2023-07-13,E12000001,19,1050050
North East,2023-07-12,E12000001,15,1050031
North East,2023-07-11,E12000001,23,1050016
North East,2023-07-10,E12000001,17,1049993
North East,2023-07-09,E12000001,25,1049976
North East,2023-07-08,E12000001,13,1049951
North East,2023-07-07,E12000001,19,1049938
North East,2023-07-06,E12000001,12,1049919
North East,2023-07-05,E12000001,26,1049907
North East,2023-07-04,E12000001,17,1049881
North East,2023-07-03,E12000001,23,1049864
North East,2023-07-02,E12000001,18,1049841
North East,2023-07-01,E12000001,11,1049823
North East,2023-06-30,E12000001,12,1049812
North East,2023-06-29,E12000001,14,1049800
North East,2023-06-28,E12000001,11,1049786
North East,2023-06-27,E12000001,8,1049775
North East,2023-06-26,E12000001,18,1049767
North East,2023-06-25,E12000001,14,1049749
North East,2023-06-24,E12000001,19,1049735
North East,2023-06-23,E12000001,17,1049716
North East,2023-06-22,E12000001,13,1049699
North East,2023-06-21,E12000001,16,1049686
North East,2023-06-20,E12000001,18,1049670
North East,2023-06-19,E12000001,16,1049652
North East,2023-06-18,E12000001,20,1049636
North East,2023-06-17,E12000001,9,1049616
North East,2023-06-16,E12000001,17,1049607
North East,2023-06-15,E12000001,26,1049590
North East,2023-06-14,E12000001,36,1049564
North East,2023-06-13,E12000001,26,1049528
North East,2023-06-12,E12000001,35,1049502
North East,2023-06-11,E12000001,13,1049467
North East,2023-06-10,E12000001,16,1049454
North East,2023-06-09,E12000001,22,1049438
North East,2023-06-08,E12000001,34,1049416
North East,2023-06-07,E12000001,32,1049382
North East,2023-06-06,E12000001,32,1049350
North East,2023-06-05,E12000001,36,1049318
North East,2023-06-04,E12000001,22,1049282
North East,2023-06-03,E12000001,33,1049260
North East,2023-06-02,E12000001,33,1049227
North East,2023-06-01,E12000001,38,1049194
North East,2023-05-31,E12000001,36,1049156
North East,2023-05-30,E12000001,39,1049120
North East,2023-05-29,E12000001,42,1049081
North East,2023-05-28,E12000001,29,1049039
North East,2023-05-27,E12000001,32,1049010
North East,2023-05-26,E12000001,38,1048978
North East,2023-05-25,E12000001,46,1048940
North East,2023-05-24,E12000001,41,1048894
North East,2023-05-23,E12000001,47,1048853
North East,2023-05-22,E12000001,47,1048806
North East,2023-05-21,E12000001,33,1048759
North East,2023-05-20,E12000001,26,1048726
North East,2023-05-19,E12000001,31,1048700
North East,2023-05-18,E12000001,34,1048669
North East,2023-05-17,E12000001,36,1048635
North East,2023-05-16,E12000001,49,1048599
North East,2023-05-15,E12000001,46,1048550
North East,2023-05-14,E12000001,52,1048504
North East,2023-05-13,E12000001,47,1048452
North East,2023-05-12,E12000001,43,1048405
North East,2023-05-11,E12000001,46,1048362
North East,2023-05-10,E12000001,59,1048316
North East,2023-05-09,E12000001,83,1048257
North East,2023-05-08,E12000001,59,1048174
North East,2023-05-07,E12000001,59,1048115
North East,2023-05-06,E12000001,47,1048056
North East,2023-05-05,E12000001,59,1048009
North East,2023-05-04,E12000001,67,1047950
North East,2023-05-03,E12000001,61,1047883
North East,2023-05-02,E12000001,79,1047822
North East,2023-05-01,E12000001,64,1047743
North East,2023-04-30,E12000001,58,1047679
North East,2023-04-29,E12000001,61,1047621
North East,2023-04-28,E12000001,58,1047560
North East,2023-04-27,E12000001,58,1047502
North East,2023-04-26,E12000001,61,1047444
North East,2023-04-25,E12000001,65,1047383
North East,2023-04-24,E12000001,89,1047318
North East,2023-04-23,E12000001,65,1047229
North East,2023-04-22,E12000001,56,1047164
North East,2023-04-21,E12000001,70,1047108
North East,2023-04-20,E12000001,81,1047038
North East,2023-04-19,E12000001,93,1046957
North East,2023-04-18,E12000001,96,1046864
North East,2023-04-17,E12000001,98,1046768
North East,2023-04-16,E12000001,72,1046670
North East,2023-04-15,E12000001,70,1046598
North East,2023-04-14,E12000001,85,1046528
North East,2023-04-13,E12000001,97,1046443
North East,2023-04-12,E12000001,140,1046346
North East,2023-04-11,E12000001,126,1046206
North East,2023-04-10,E12000001,102,1046080
North East,2023-04-09,E12000001,103,1045978
North East,2023-04-08,E12000001,91,1045875
North East,2023-04-07,E12000001,90,1045784
North East,2023-04-06,E12000001,108,1045694
North East,2023-04-05,E12000001,107,1045586
North East,2023-04-04,E12000001,139,1045479
North East,2023-04-03,E12000001,135,1045340
North East,2023-04-02,E12000001,136,1045205
North East,2023-04-01,E12000001,112,1045069
North East,2023-03-31,E12000001,154,1044957
North East,2023-03-30,E12000001,185,1044803
North East,2023-03-29,E12000001,208,1044618
North East,2023-03-28,E12000001,231,1044410
North East,2023-03-27,E12000001,228,1044179
North East,2023-03-26,E12000001,152,1043951
North East,2023-03-25,E12000001,136,1043799
North East,2023-03-24,E12000001,250,1043663
North East,2023-03-23,E12000001,267,1043413
North East,2023-03-22,E12000001,222,1043146
North East,2023-03-21,E12000001,238,1042924
North East,2023-03-20,E12000001,260,1042686
North East,2023-03-19,E12000001,165,1042426
North East,2023-03-18,E12000001,169,1042261
North East,2023-03-17,E12000001,167,1042092
North East,2023-03-16,E12000001,186,1041925
North East,2023-03-15,E12000001,199,1041739
North East,2023-03-14,E12000001,258,1041540
North East,2023-03-13,E12000001,261,1041282
North East,2023-03-12,E12000001,169,1041021
North East,2023-03-11,E12000001,129,1040852
North East,2023-03-10,E12000001,226,1040723
North East,2023-03-09,E12000001,195,1040497
North East,2023-03-08,E12000001,225,1040302
North East,2023-03-07,E12000001,261,1040077
North East,2023-03-06,E12000001,235,1039816
North East,2023-03-05,E12000001,176,1039581
North East,2023-03-04,E12000001,134,1039405
North East,2023-03-03,E12000001,221,1039271
North East,2023-03-02,E12000001,240,1039050
North East,2023-03-01,E12000001,280,1038810
North East,2023-02-28,E12000001,245,1038530
North East,2023-02-27,E12000001,264,1038285
North East,2023-02-26,E12000001,188,1038021
North East,2023-02-25,E12000001,141,1037833
North East,2023-02-24,E12000001,186,1037692
North East,2023-02-23,E12000001,197,1037506
North East,2023-02-22,E12000001,251,1037309
North East,2023-02-21,E12000001,289,1037058
North East,2023-02-20,E12000001,262,1036769
North East,2023-02-19,E12000001,158,1036507
North East,2023-02-18,E12000001,133,1036349
North East,2023-02-17,E12000001,186,1036216
North East,2023-02-16,E12000001,196,1036030
North East,2023-02-15,E12000001,229,1035834
North East,2023-02-14,E12000001,311,1035605
North East,2023-02-13,E12000001,270,1035294
North East,2023-02-12,E12000001,150,1035024
North East,2023-02-11,E12000001,157,1034874
North East,2023-02-10,E12000001,194,1034717
North East,2023-02-09,E12000001,177,1034523
North East,2023-02-08,E12000001,190,1034346
North East,2023-02-07,E12000001,211,1034156
North East,2023-02-06,E12000001,236,1033945
North East,2023-02-05,E12000001,160,1033709
North East,2023-02-04,E12000001,110,1033549
North East,2023-02-03,E12000001,122,1033439
North East,2023-02-02,E12000001,147,1033317
North East,2023-02-01,E12000001,216,1033170
North East,2023-01-31,E12000001,204,1032954
North East,2023-01-30,E12000001,185,1032750
North East,2023-01-29,E12000001,104,1032565
North East,2023-01-28,E12000001,67,1032461
North East,2023-01-27,E12000001,105,1032394
North East,2023-01-26,E12000001,109,1032289
North East,2023-01-25,E12000001,143,1032180
North East,2023-01-24,E12000001,140,1032037
North East,2023-01-23,E12000001,132,1031897
North East,2023-01-22,E12000001,90,1031765
North East,2023-01-21,E12000001,72,1031675
North East,2023-01-20,E12000001,76,1031603
North East,2023-01-19,E12000001,109,1031527
North East,2023-01-18,E12000001,108,1031418
North East,2023-01-17,E12000001,139,1031310
North East,2023-01-16,E12000001,126,1031171
North East,2023-01-15,E12000001,101,1031045
North East,2023-01-14,E12000001,71,1030944
North East,2023-01-13,E12000001,115,1030873
North East,2023-01-12,E12000001,132,1030758
North East,2023-01-11,E12000001,161,1030626
North East,2023-01-10,E12000001,170,1030465
North East,2023-01-09,E12000001,168,1030295
North East,2023-01-08,E12000001,126,1030127
North East,2023-01-07,E12000001,142,1030001
North East,2023-01-06,E12000001,210,1029859
North East,2023-01-05,E12000001,214,1029649
North East,2023-01-04,E12000001,225,1029435
North East,2023-01-03,E12000001,304,1029210
North East,2023-01-02,E12000001,186,1028906
North East,2023-01-01,E12000001,124,1028720
North East,2022-12-31,E12000001,162,1028596
North East,2022-12-30,E12000001,249,1028434
North East,2022-12-29,E12000001,354,1028185
North East,2022-12-28,E12000001,320,1027831
North East,2022-12-27,E12000001,237,1027511
North East,2022-12-26,E12000001,164,1027274
North East,2022-12-25,E12000001,129,1027110
North East,2022-12-24,E12000001,145,1026981
North East,2022-12-23,E12000001,165,1026836
North East,2022-12-22,E12000001,219,1026671
North East,2022-12-21,E12000001,275,1026452
North East,2022-12-20,E12000001,312,1026177
North East,2022-12-19,E12000001,266,1025865
North East,2022-12-18,E12000001,175,1025599
North East,2022-12-17,E12000001,140,1025424
North East,2022-12-16,E12000001,207,1025284
North East,2022-12-15,E12000001,217,1025077
North East,2022-12-14,E12000001,240,1024860
North East,2022-12-13,E12000001,213,1024620
North East,2022-12-12,E12000001,213,1024407
North East,2022-12-11,E12000001,175,1024194
North East,2022-12-10,E12000001,125,1024019
North East,2022-12-09,E12000001,144,1023894
North East,2022-12-08,E12000001,161,1023750
North East,2022-12-07,E12000001,176,1023589
North East,2022-12-06,E12000001,186,1023413
North East,2022-12-05,E12000001,232,1023227
North East,2022-12-04,E12000001,147,1022995
North East,2022-12-03,E12000001,92,1022848
North East,2022-12-02,E12000001,133,1022756
North East,2022-12-01,E12000001,157,1022623
North East,2022-11-30,E12000001,177,1022466
North East,2022-11-29,E12000001,160,1022289
North East,2022-11-28,E12000001,177,1022129
North East,2022-11-27,E12000001,140,1021952
North East,2022-11-26,E12000001,79,1021812
North East,2022-11-25,E12000001,101,1021733
North East,2022-11-24,E12000001,138,1021632
North East,2022-11-23,E12000001,121,1021494
North East,2022-11-22,E12000001,151,1021373
North East,2022-11-21,E12000001,132,1021222
North East,2022-11-20,E12000001,92,1021090
North East,2022-11-19,E12000001,102,1020998
North East,2022-11-18,E12000001,105,1020896
North East,2022-11-17,E12000001,137,1020791
North East,2022-11-16,E12000001,122,1020654
North East,2022-11-15,E12000001,118,1020532
North East,2022-11-14,E12000001,157,1020414
North East,2022-11-13,E12000001,134,1020257
North East,2022-11-12,E12000001,95,1020123
North East,2022-11-11,E12000001,118,1020028
North East,2022-11-10,E12000001,129,1019910
North East,2022-11-09,E12000001,181,1019781
North East,2022-11-08,E12000001,149,1019600
North East,2022-11-07,E12000001,177,1019451
North East,2022-11-06,E12000001,144,1019274
North East,2022-11-05,E12000001,110,1019130
North East,2022-11-04,E12000001,126,1019020
North East,2022-11-03,E12000001,146,1018894
North East,2022-11-02,E12000001,219,1018748
North East,2022-11-01,E12000001,211,1018529
North East,2022-10-31,E12000001,223,1018318
North East,2022-10-30,E12000001,183,1018095
North East,2022-10-29,E12000001,128,1017912
North East,2022-10-28,E12000001,210,1017784
North East,2022-10-27,E12000001,192,1017574
North East,2022-10-26,E12000001,278,1017382
North East,2022-10-25,E12000001,275,1017104
North East,2022-10-24,E12000001,320,1016829
North East,2022-10-23,E12000001,269,1016509
North East,2022-10-22,E12000001,213,1016240
North East,2022-10-21,E12000001,294,1016027
North East,2022-10-20,E12000001,278,1015733
North East,2022-10-19,E12000001,327,1015455
North East,2022-10-18,E12000001,402,1015128
North East,2022-10-17,E12000001,456,1014726
North East,2022-10-16,E12000001,335,1014270
North East,2022-10-15,E12000001,260,1013935
North East,2022-10-14,E12000001,306,1013675
North East,2022-10-13,E12000001,357,1013369
North East,2022-10-12,E12000001,334,1013012
North East,2022-10-11,E12000001,406,1012678
North East,2022-10-10,E12000001,465,1012272
North East,2022-10-09,E12000001,407,1011807
North East,2022-10-08,E12000001,318,1011400
North East,2022-10-07,E12000001,397,1011082
North East,2022-10-06,E12000001,441,1010685
North East,2022-10-05,E12000001,457,1010244
North East,2022-10-04,E12000001,449,1009787
North East,2022-10-03,E12000001,480,1009338
North East,2022-10-02,E12000001,392,1008858
North East,2022-10-01,E12000001,307,1008466
North East,2022-09-30,E12000001,368,1008159
North East,2022-09-29,E12000001,404,1007791
North East,2022-09-28,E12000001,421,1007387
North East,2022-09-27,E12000001,451,1006966
North East,2022-09-26,E12000001,440,1006515
North East,2022-09-25,E12000001,335,1006075
North East,2022-09-24,E12000001,276,1005740
North East,2022-09-23,E12000001,316,1005464
North East,2022-09-22,E12000001,377,1005148
North East,2022-09-21,E12000001,347,1004771
North East,2022-09-20,E12000001,419,1004424
North East,2022-09-19,E12000001,298,1004005
North East,2022-09-18,E12000001,203,1003707
North East,2022-09-17,E12000001,153,1003504
North East,2022-09-16,E12000001,206,1003351
North East,2022-09-15,E12000001,253,1003145
North East,2022-09-14,E12000001,299,1002892
North East,2022-09-13,E12000001,262,1002593
North East,2022-09-12,E12000001,277,1002331
North East,2022-09-11,E12000001,226,1002054
North East,2022-09-10,E12000001,140,1001828
North East,2022-09-09,E12000001,162,1001688
North East,2022-09-08,E12000001,207,1001526
North East,2022-09-07,E12000001,188,1001319
North East,2022-09-06,E12000001,206,1001131
North East,2022-09-05,E12000001,261,1000925
North East,2022-09-04,E12000001,196,1000664
North East,2022-09-03,E12000001,159,1000468
North East,2022-09-02,E12000001,144,1000309
North East,2022-09-01,E12000001,175,1000165
North East,2022-08-31,E12000001,175,999990
North East,2022-08-30,E12000001,234,999815
North East,2022-08-29,E12000001,214,999581
North East,2022-08-28,E12000001,138,999367
North East,2022-08-27,E12000001,135,999229
North East,2022-08-26,E12000001,157,999094
North East,2022-08-25,E12000001,169,998937
North East,2022-08-24,E12000001,218,998768
North East,2022-08-23,E12000001,210,998550
North East,2022-08-22,E12000001,225,998340
North East,2022-08-21,E12000001,200,998115
North East,2022-08-20,E12000001,128,997915
North East,2022-08-19,E12000001,152,997787
North East,2022-08-18,E12000001,195,997635
North East,2022-08-17,E12000001,217,997440
North East,2022-08-16,E12000001,224,997223
North East,2022-08-15,E12000001,275,996999
North East,2022-08-14,E12000001,251,996724
North East,2022-08-13,E12000001,187,996473
North East,2022-08-12,E12000001,245,996286
North East,2022-08-11,E12000001,223,996041
North East,2022-08-10,E12000001,312,995818
North East,2022-08-09,E12000001,340,995506
North East,2022-08-08,E12000001,319,995166
North East,2022-08-07,E12000001,285,994847
North East,2022-08-06,E12000001,237,994562
North East,2022-08-05,E12000001,328,994325
North East,2022-08-04,E12000001,347,993997
North East,2022-08-03,E12000001,350,993650
North East,2022-08-02,E12000001,371,993300
North East,2022-08-01,E12000001,484,992929
North East,2022-07-31,E12000001,390,992445
North East,2022-07-30,E12000001,298,992055
North East,2022-07-29,E12000001,340,991757
North East,2022-07-28,E12000001,388,991417
North East,2022-07-27,E12000001,451,991029
North East,2022-07-26,E12000001,469,990578
North East,2022-07-25,E12000001,544,990109
North East,2022-07-24,E12000001,503,989565
North East,2022-07-23,E12000001,417,989062
North East,2022-07-22,E12000001,512,988645
North East,2022-07-21,E12000001,575,988133
North East,2022-07-20,E12000001,687,987558
North East,2022-07-19,E12000001,677,986871
North East,2022-07-18,E12000001,825,986194
North East,2022-07-17,E12000001,728,985369
North East,2022-07-16,E12000001,626,984641
North East,2022-07-15,E12000001,734,984015
North East,2022-07-14,E12000001,848,983281
North East,2022-07-13,E12000001,973,982433
North East,2022-07-12,E12000001,1101,981460
North East,2022-07-11,E12000001,1154,980359
North East,2022-07-10,E12000001,976,979205
North East,2022-07-09,E12000001,813,978229
North East,2022-07-08,E12000001,928,977416
North East,2022-07-07,E12000001,985,976488
North East,2022-07-06,E12000001,1097,975503
North East,2022-07-05,E12000001,1153,974406
North East,2022-07-04,E12000001,1242,973253
North East,2022-07-03,E12000001,1022,972011
North East,2022-07-02,E12000001,815,970989
North East,2022-07-01,E12000001,866,970174
North East,2022-06-30,E12000001,888,969308
North East,2022-06-29,E12000001,914,968420
North East,2022-06-28,E12000001,1039,967506
North East,2022-06-27,E12000001,961,966467
North East,2022-06-26,E12000001,907,965506
North East,2022-06-25,E12000001,706,964599
North East,2022-06-24,E12000001,818,963893
North East,2022-06-23,E12000001,786,963075
North East,2022-06-22,E12000001,817,962289
North East,2022-06-21,E12000001,938,961472
North East,2022-06-20,E12000001,895,960534
North East,2022-06-19,E12000001,745,959639
North East,2022-06-18,E12000001,523,958894
North East,2022-06-17,E12000001,622,958371
North East,2022-06-16,E12000001,580,957749
North East,2022-06-15,E12000001,649,957169
North East,2022-06-14,E12000001,678,956520
North East,2022-06-13,E12000001,701,955842
North East,2022-06-12,E12000001,578,955141
North East,2022-06-11,E12000001,415,954563
North East,2022-06-10,E12000001,449,954148
North East,2022-06-09,E12000001,487,953699
North East,2022-06-08,E12000001,539,953212
North East,2022-06-07,E12000001,469,952673
North East,2022-06-06,E12000001,521,952204
North East,2022-06-05,E12000001,420,951683
North East,2022-06-04,E12000001,293,951263
North East,2022-06-03,E12000001,265,950970
North East,2022-06-02,E12000001,231,950705
North East,2022-06-01,E12000001,248,950474
North East,2022-05-31,E12000001,244,950226
North East,2022-05-30,E12000001,286,949982
North East,2022-05-29,E12000001,228,949696
North East,2022-05-28,E12000001,181,949468
North East,2022-05-27,E12000001,222,949287
North East,2022-05-26,E12000001,236,949065
North East,2022-05-25,E12000001,284,948829
North East,2022-05-24,E12000001,273,948545
North East,2022-05-23,E12000001,313,948272
North East,2022-05-22,E12000001,308,947959
North East,2022-05-21,E12000001,205,947651
North East,2022-05-20,E12000001,251,947446
North East,2022-05-19,E12000001,313,947195
North East,2022-05-18,E12000001,329,946882
North East,2022-05-17,E12000001,362,946553
North East,2022-05-16,E12000001,416,946191
North East,2022-05-15,E12000001,392,945775
North East,2022-05-14,E12000001,280,945383
North East,2022-05-13,E12000001,322,945103
North East,2022-05-12,E12000001,332,944781
North East,2022-05-11,E12000001,377,944449
North East,2022-05-10,E12000001,474,944072
North East,2022-05-09,E12000001,548,943598
North East,2022-05-08,E12000001,387,943050
North East,2022-05-07,E12000001,339,942663
North East,2022-05-06,E12000001,406,942324
North East,2022-05-05,E12000001,495,941918
North East,2022-05-04,E12000001,582,941423
North East,2022-05-03,E12000001,658,940841
North East,2022-05-02,E12000001,607,940183
North East,2022-05-01,E12000001,418,939576
North East,2022-04-30,E12000001,408,939158
North East,2022-04-29,E12000001,479,938750
North East,2022-04-28,E12000001,540,938271
North East,2022-04-27,E12000001,577,937731
North East,2022-04-26,E12000001,656,937154
North East,2022-04-25,E12000001,788,936498
North East,2022-04-24,E12000001,782,935710
North East,2022-04-23,E12000001,623,934928
North East,2022-04-22,E12000001,750,934305
North East,2022-04-21,E12000001,889,933555
North East,2022-04-20,E12000001,951,932666
North East,2022-04-19,E12000001,1132,931715
North East,2022-04-18,E12000001,1112,930583
North East,2022-04-17,E12000001,965,929471
North East,2022-04-16,E12000001,953,928506
North East,2022-04-15,E12000001,938,927553
North East,2022-04-14,E12000001,1133,926615
North East,2022-04-13,E12000001,1372,925482
North East,2022-04-12,E12000001,1439,924110
North East,2022-04-11,E12000001,1626,922671
North East,2022-04-10,E12000001,1308,921045
North East,2022-04-09,E12000001,1193,919737
North East,2022-04-08,E12000001,1368,918544
North East,2022-04-07,E12000001,1693,917176
North East,2022-04-06,E12000001,1966,915483
North East,2022-04-05,E12000001,2201,913517
North East,2022-04-04,E12000001,2256,911316
North East,2022-04-03,E12000001,1919,909060
North East,2022-04-02,E12000001,1561,907141
North East,2022-04-01,E12000001,2028,905580
North East,2022-03-31,E12000001,2297,903552
North East,2022-03-30,E12000001,3149,901255
North East,2022-03-29,E12000001,3328,898106
North East,2022-03-28,E12000001,3949,894778
North East,2022-03-27,E12000001,2749,890829
North East,2022-03-26,E12000001,2374,888080
North East,2022-03-25,E12000001,2623,885706
North East,2022-03-24,E12000001,3002,883083
North East,2022-03-23,E12000001,3419,880081
North East,2022-03-22,E12000001,3659,876662
North East,2022-03-21,E12000001,3754,873003
North East,2022-03-20,E12000001,2737,869249
North East,2022-03-19,E12000001,2054,866512
North East,2022-03-18,E12000001,2205,864458
North East,2022-03-17,E12000001,2400,862253
North East,2022-03-16,E12000001,2699,859853
North East,2022-03-15,E12000001,2619,857154
North East,2022-03-14,E12000001,2791,854535
North East,2022-03-13,E12000001,1983,851744
North East,2022-03-12,E12000001,1587,849761
North East,2022-03-11,E12000001,1611,848174
North East,2022-03-10,E12000001,1659,846563
North East,2022-03-09,E12000001,1662,844904
North East,2022-03-08,E12000001,1687,843242
North East,2022-03-07,E12000001,1578,841555
North East,2022-03-06,E12000001,1115,839977
North East,2022-03-05,E12000001,762,838862
North East,2022-03-04,E12000001,917,838100
North East,2022-03-03,E12000001,1060,837183
North East,2022-03-02,E12000001,1101,836123
North East,2022-03-01,E12000001,1076,835022
North East,2022-02-28,E12000001,1112,833946
North East,2022-02-27,E12000001,800,832834
North East,2022-02-26,E12000001,650,832034
North East,2022-02-25,E12000001,684,831384
North East,2022-02-24,E12000001,762,830700
North East,2022-02-23,E12000001,933,829938
North East,2022-02-22,E12000001,923,829005
North East,2022-02-21,E12000001,1036,828082
North East,2022-02-20,E12000001,836,827046
North East,2022-02-19,E12000001,779,826210
North East,2022-02-18,E12000001,990,825431
North East,2022-02-17,E12000001,1243,824441
North East,2022-02-16,E12000001,1479,823198
North East,2022-02-15,E12000001,1473,821719
North East,2022-02-14,E12000001,1651,820246
North East,2022-02-13,E12000001,1274,818595
North East,2022-02-12,E12000001,1103,817321
North East,2022-02-11,E12000001,1375,816218
North East,2022-02-10,E12000001,1521,814843
North East,2022-02-09,E12000001,1897,813322
North East,2022-02-08,E12000001,2146,811425
North East,2022-02-07,E12000001,2336,809279
North East,2022-02-06,E12000001,1870,806943
North East,2022-02-05,E12000001,1635,805073
North East,2022-02-04,E12000001,2110,803438
North East,2022-02-03,E12000001,2556,801328
North East,2022-02-02,E12000001,2947,798772
North East,2022-02-01,E12000001,3390,795825
North East,2022-01-31,E12000001,3728,792435
North East,2022-01-30,E12000001,3137,788707
North East,2022-01-29,E12000001,2311,785570
North East,2022-01-28,E12000001,2958,783259
North East,2022-01-27,E12000001,3689,780301
North East,2022-01-26,E12000001,4361,776612
North East,2022-01-25,E12000001,4796,772251
North East,2022-01-24,E12000001,5348,767455
North East,2022-01-23,E12000001,4490,762107
North East,2022-01-22,E12000001,3571,757617
North East,2022-01-21,E12000001,4351,754046
North East,2022-01-20,E12000001,4979,749695
North East,2022-01-19,E12000001,5807,744716
North East,2022-01-18,E12000001,6317,738909
North East,2022-01-17,E12000001,7272,732592
North East,2022-01-16,E12000001,5549,725320
North East,2022-01-15,E12000001,4514,719771
North East,2022-01-14,E12000001,5230,715257
North East,2022-01-13,E12000001,5805,710027
North East,2022-01-12,E12000001,6533,704222
North East,2022-01-11,E12000001,7489,697689
North East,2022-01-10,E12000001,8437,690200
North East,2022-01-09,E12000001,6138,681763
North East,2022-01-08,E12000001,5986,675625
North East,2022-01-07,E12000001,8552,669639
North East,2022-01-06,E12000001,11564,661087
North East,2022-01-05,E12000001,14771,649523
North East,2022-01-04,E12000001,17129,634752
North East,2022-01-03,E12000001,13569,617623
North East,2022-01-02,E12000001,9516,604054
North East,2022-01-01,E12000001,6250,594538
North East,2021-12-31,E12000001,9700,588288
North East,2021-12-30,E12000001,10875,578588
North East,2021-12-29,E12000001,11217,567713
North East,2021-12-28,E12000001,7867,556496
North East,2021-12-27,E12000001,6167,548629
North East,2021-12-26,E12000001,4080,542462
North East,2021-12-25,E12000001,2180,538382
North East,2021-12-24,E12000001,4101,536202
North East,2021-12-23,E12000001,4450,532101
North East,2021-12-22,E12000001,4180,527651
North East,2021-12-21,E12000001,3365,523471
North East,2021-12-20,E12000001,2891,520106
North East,2021-12-19,E12000001,1879,517215
North East,2021-12-18,E12000001,1756,515336
North East,2021-12-17,E12000001,1871,513580
North East,2021-12-16,E12000001,1982,511709
North East,2021-12-15,E12000001,2197,509727
North East,2021-12-14,E12000001,2063,507530
North East,2021-12-13,E12000001,2065,505467
North East,2021-12-12,E12000001,1382,503402
North East,2021-12-11,E12000001,1252,502020
North East,2021-12-10,E12000001,1373,500768
North East,2021-12-09,E12000001,1643,499395
North East,2021-12-08,E12000001,1740,497752
North East,2021-12-07,E12000001,1524,496012
North East,2021-12-06,E12000001,1782,494488
North East,2021-12-05,E12000001,1250,492706
North East,2021-12-04,E12000001,1148,491456
North East,2021-12-03,E12000001,1355,490308
North East,2021-12-02,E12000001,1520,488953
North East,2021-12-01,E12000001,1733,487433
North East,2021-11-30,E12000001,1767,485700
North East,2021-11-29,E12000001,1805,483933
North East,2021-11-28,E12000001,1468,482128
North East,2021-11-27,E12000001,791,480660
North East,2021-11-26,E12000001,1308,479869
North East,2021-11-25,E12000001,1499,478561
North East,2021-11-24,E12000001,1643,477062
North East,2021-11-23,E12000001,1697,475419
North East,2021-11-22,E12000001,1861,473722
North East,2021-11-21,E12000001,1283,471861
North East,2021-11-20,E12000001,1217,470578
North East,2021-11-19,E12000001,1422,469361
North East,2021-11-18,E12000001,1597,467939
North East,2021-11-17,E12000001,1773,466342
North East,2021-11-16,E12000001,1632,464569
North East,2021-11-15,E12000001,1749,462937
North East,2021-11-14,E12000001,1251,461188
North East,2021-11-13,E12000001,1218,459937
North East,2021-11-12,E12000001,1440,458719
North East,2021-11-11,E12000001,1540,457279
North East,2021-11-10,E12000001,1666,455739
North East,2021-11-09,E12000001,1649,454073
North East,2021-11-08,E12000001,1839,452424
North East,2021-11-07,E12000001,1311,450585
North East,2021-11-06,E12000001,1182,449274
North East,2021-11-05,E12000001,1326,448092
North East,2021-11-04,E12000001,1434,446766
North East,2021-11-03,E12000001,1644,445332
North East,2021-11-02,E12000001,1767,443688
North East,2021-11-01,E12000001,2197,441921
North East,2021-10-31,E12000001,1756,439724
North East,2021-10-30,E12000001,1539,437968
North East,2021-10-29,E12000001,1988,436429
North East,2021-10-28,E12000001,1993,434441
North East,2021-10-27,E12000001,2053,432448
North East,2021-10-26,E12000001,2019,430395
North East,2021-10-25,E12000001,2158,428376
North East,2021-10-24,E12000001,1640,426218
North East,2021-10-23,E12000001,1444,424578
North East,2021-10-22,E12000001,1780,423134
North East,2021-10-21,E12000001,1885,421354
North East,2021-10-20,E12000001,2254,419469
North East,2021-10-19,E12000001,2174,417215
North East,2021-10-18,E12000001,2491,415041
North East,2021-10-17,E12000001,1751,412550
North East,2021-10-16,E12000001,1471,410799
North East,2021-10-15,E12000001,1651,409328
North East,2021-10-14,E12000001,1786,407677
North East,2021-10-13,E12000001,1947,405891
North East,2021-10-12,E12000001,1965,403944
North East,2021-10-11,E12000001,2204,401979
North East,2021-10-10,E12000001,1609,399775
North East,2021-10-09,E12000001,1262,398166
North East,2021-10-08,E12000001,1504,396904
North East,2021-10-07,E12000001,1534,395400
North East,2021-10-06,E12000001,1564,393866
North East,2021-10-05,E12000001,1612,392302
North East,2021-10-04,E12000001,1804,390690
North East,2021-10-03,E12000001,1249,388886
North East,2021-10-02,E12000001,972,387637
North East,2021-10-01,E12000001,1129,386665
North East,2021-09-30,E12000001,1191,385536
North East,2021-09-29,E12000001,1288,384345
North East,2021-09-28,E12000001,1361,383057
North East,2021-09-27,E12000001,1556,381696
North East,2021-09-26,E12000001,1250,380140
North East,2021-09-25,E12000001,1176,378890
North East,2021-09-24,E12000001,1283,377714
North East,2021-09-23,E12000001,1507,376431
North East,2021-09-22,E12000001,1460,374924
North East,2021-09-21,E12000001,1701,373464
North East,2021-09-20,E12000001,1704,371763
North East,2021-09-19,E12000001,1308,370059
North East,2021-09-18,E12000001,1075,368751
North East,2021-09-17,E12000001,1213,367676
North East,2021-09-16,E12000001,1330,366463
North East,2021-09-15,E12000001,1347,365133
North East,2021-09-14,E12000001,1229,363786
North East,2021-09-13,E12000001,1437,362557
North East,2021-09-12,E12000001,1055,361120
North East,2021-09-11,E12000001,1067,360065
North East,2021-09-10,E12000001,1316,358998
North East,2021-09-09,E12000001,1535,357682
North East,2021-09-08,E12000001,1622,356147
North East,2021-09-07,E12000001,1746,354525
North East,2021-09-06,E12000001,1909,352779
North East,2021-09-05,E12000001,1355,350870
North East,2021-09-04,E12000001,1329,349515
North East,2021-09-03,E12000001,1548,348186
North East,2021-09-02,E12000001,1593,346638
North East,2021-09-01,E12000001,1669,345045
North East,2021-08-31,E12000001,1725,343376
North East,2021-08-30,E12000001,1345,341651
North East,2021-08-29,E12000001,987,340306
North East,2021-08-28,E12000001,1003,339319
North East,2021-08-27,E12000001,1194,338316
North East,2021-08-26,E12000001,1333,337122
North East,2021-08-25,E12000001,1411,335789
North East,2021-08-24,E12000001,1418,334378
North East,2021-08-23,E12000001,1436,332960
North East,2021-08-22,E12000001,1093,331524
North East,2021-08-21,E12000001,1025,330431
North East,2021-08-20,E12000001,1142,329406
North East,2021-08-19,E12000001,1253,328264
North East,2021-08-18,E12000001,1283,327011
North East,2021-08-17,E12000001,1256,325728
North East,2021-08-16,E12000001,1335,324472
North East,2021-08-15,E12000001,898,323137
North East,2021-08-14,E12000001,945,322239
North East,2021-08-13,E12000001,1084,321294
North East,2021-08-12,E12000001,1111,320210
North East,2021-08-11,E12000001,1194,319099
North East,2021-08-10,E12000001,1164,317905
North East,2021-08-09,E12000001,1254,316741
North East,2021-08-08,E12000001,896,315487
North East,2021-08-07,E12000001,904,314591
North East,2021-08-06,E12000001,1071,313687
North East,2021-08-05,E12000001,1276,312616
North East,2021-08-04,E12000001,1342,311340
North East,2021-08-03,E12000001,1236,309998
North East,2021-08-02,E12000001,1216,308762
North East,2021-08-01,E12000001,903,307546
North East,2021-07-31,E12000001,892,306643
North East,2021-07-30,E12000001,1176,305751
North East,2021-07-29,E12000001,1274,304575
North East,2021-07-28,E12000001,1443,303301
North East,2021-07-27,E12000001,1530,301858
North East,2021-07-26,E12000001,1720,300328
North East,2021-07-25,E12000001,1266,298608
North East,2021-07-24,E12000001,1370,297342
North East,2021-07-23,E12000001,1639,295972
North East,2021-07-22,E12000001,1899,294333
North East,2021-07-21,E12000001,2152,292434
North East,2021-07-20,E12000001,2607,290282
North East,2021-07-19,E12000001,3465,287675
North East,2021-07-18,E12000001,2474,284210
North East,2021-07-17,E12000001,2679,281736
North East,2021-07-16,E12000001,3953,279057
North East,2021-07-15,E12000001,4636,275104
North East,2021-07-14,E12000001,4330,270468
North East,2021-07-13,E12000001,4173,266138
North East,2021-07-12,E12000001,4058,261965
North East,2021-07-11,E12000001,2931,257907
North East,2021-07-10,E12000001,2883,254976
North East,2021-07-09,E12000001,3142,252093
North East,2021-07-08,E12000001,3268,248951
North East,2021-07-07,E12000001,3793,245683
North East,2021-07-06,E12000001,3591,241890
North East,2021-07-05,E12000001,3466,238299
North East,2021-07-04,E12000001,2471,234833
North East,2021-07-03,E12000001,2303,232362
North East,2021-07-02,E12000001,2334,230059
North East,2021-07-01,E12000001,2611,227725
North East,2021-06-30,E12000001,2552,225114
North East,2021-06-29,E12000001,2441,222562
North East,2021-06-28,E12000001,2339,220121
North East,2021-06-27,E12000001,1636,217782
North East,2021-06-26,E12000001,1371,216146
North East,2021-06-25,E12000001,1547,214775
North East,2021-06-24,E12000001,1400,213228
North East,2021-06-23,E12000001,1358,211828
North East,2021-06-22,E12000001,1205,210470
North East,2021-06-21,E12000001,1103,209265
North East,2021-06-20,E12000001,691,208162
North East,2021-06-19,E12000001,633,207471
North East,2021-06-18,E12000001,731,206838
North East,2021-06-17,E12000001,769,206107
North East,2021-06-16,E12000001,664,205338
North East,2021-06-15,E12000001,668,204674
North East,2021-06-14,E12000001,678,204006
North East,2021-06-13,E12000001,423,203328
North East,2021-06-12,E12000001,374,202905
North East,2021-06-11,E12000001,407,202531
North East,2021-06-10,E12000001,401,202124
North East,2021-06-09,E12000001,375,201723
North East,2021-06-08,E12000001,318,201348
North East,2021-06-07,E12000001,301,201030
North East,2021-06-06,E12000001,219,200729
North East,2021-06-05,E12000001,156,200510
North East,2021-06-04,E12000001,192,200354
North East,2021-06-03,E12000001,220,200162
North East,2021-06-02,E12000001,158,199942
North East,2021-06-01,E12000001,136,199784
North East,2021-05-31,E12000001,96,199648
North East,2021-05-30,E12000001,84,199552
North East,2021-05-29,E12000001,99,199468
North East,2021-05-28,E12000001,103,199369
North East,2021-05-27,E12000001,92,199266
North East,2021-05-26,E12000001,96,199174
North East,2021-05-25,E12000001,98,199078
North East,2021-05-24,E12000001,83,198980
North East,2021-05-23,E12000001,84,198897
North East,2021-05-22,E12000001,54,198813
North East,2021-05-21,E12000001,66,198759
North East,2021-05-20,E12000001,67,198693
North East,2021-05-19,E12000001,79,198626
North East,2021-05-18,E12000001,93,198547
North East,2021-05-17,E12000001,102,198454
North East,2021-05-16,E12000001,76,198352
North East,2021-05-15,E12000001,50,198276
North East,2021-05-14,E12000001,66,198226
North East,2021-05-13,E12000001,79,198160
North East,2021-05-12,E12000001,79,198081
North East,2021-05-11,E12000001,100,198002
North East,2021-05-10,E12000001,68,197902
North East,2021-05-09,E12000001,100,197834
North East,2021-05-08,E12000001,71,197734
North East,2021-05-07,E12000001,77,197663
North East,2021-05-06,E12000001,91,197586
North East,2021-05-05,E12000001,95,197495
North East,2021-05-04,E12000001,119,197400
North East,2021-05-03,E12000001,68,197281
North East,2021-05-02,E12000001,58,197213
North East,2021-05-01,E12000001,57,197155
North East,2021-04-30,E12000001,71,197098
North East,2021-04-29,E12000001,77,197027
North East,2021-04-28,E12000001,85,196950
North East,2021-04-27,E12000001,107,196865
North East,2021-04-26,E12000001,112,196758
North East,2021-04-25,E12000001,91,196646
North East,2021-04-24,E12000001,59,196555
North East,2021-04-23,E12000001,78,196496
North East,2021-04-22,E12000001,61,196418
North East,2021-04-21,E12000001,111,196357
North East,2021-04-20,E12000001,84,196246
North East,2021-04-19,E12000001,103,196162
North East,2021-04-18,E12000001,95,196059
North East,2021-04-17,E12000001,65,195964
North East,2021-04-16,E12000001,95,195899
North East,2021-04-15,E12000001,79,195804
North East,2021-04-14,E12000001,98,195725
North East,2021-04-13,E12000001,66,195627
North East,2021-04-12,E12000001,92,195561
North East,2021-04-11,E12000001,114,195469
North East,2021-04-10,E12000001,82,195355
North East,2021-04-09,E12000001,98,195273
North East,2021-04-08,E12000001,107,195175
North East,2021-04-07,E12000001,126,195068
North East,2021-04-06,E12000001,144,194942
North East,2021-04-05,E12000001,133,194798
North East,2021-04-04,E12000001,104,194665
North East,2021-04-03,E12000001,106,194561
North East,2021-04-02,E12000001,102,194455
North East,2021-04-01,E12000001,164,194353
North East,2021-03-31,E12000001,231,194189
North East,2021-03-30,E12000001,186,193958
North East,2021-03-29,E12000001,232,193772
North East,2021-03-28,E12000001,274,193540
North East,2021-03-27,E12000001,216,193266
North East,2021-03-26,E12000001,205,193050
North East,2021-03-25,E12000001,236,192845
North East,2021-03-24,E12000001,160,192609
North East,2021-03-23,E12000001,167,192449
North East,2021-03-22,E12000001,335,192282
North East,2021-03-21,E12000001,299,191947
North East,2021-03-20,E12000001,219,191648
North East,2021-03-19,E12000001,256,191429
North East,2021-03-18,E12000001,271,191173
North East,2021-03-17,E12000001,315,190902
North East,2021-03-16,E12000001,310,190587
North East,2021-03-15,E12000001,327,190277
North East,2021-03-14,E12000001,212,189950
North East,2021-03-13,E12000001,269,189738
North East,2021-03-12,E12000001,296,189469
North East,2021-03-11,E12000001,311,189173
North East,2021-03-10,E12000001,331,188862
North East,2021-03-09,E12000001,381,188531
North East,2021-03-08,E12000001,347,188150
North East,2021-03-07,E12000001,220,187803
North East,2021-03-06,E12000001,249,187583
North East,2021-03-05,E12000001,285,187334
North East,2021-03-04,E12000001,308,187049
North East,2021-03-03,E12000001,349,186741
North East,2021-03-02,E12000001,333,186392
North East,2021-03-01,E12000001,407,186059
North East,2021-02-28,E12000001,261,185652
North East,2021-02-27,E12000001,290,185391
North East,2021-02-26,E12000001,380,185101
North East,2021-02-25,E12000001,468,184721
North East,2021-02-24,E12000001,444,184253
North East,2021-02-23,E12000001,402,183809
North East,2021-02-22,E12000001,566,183407
North East,2021-02-21,E12000001,417,182841
North East,2021-02-20,E12000001,356,182424
North East,2021-02-19,E12000001,471,182068
North East,2021-02-18,E12000001,597,181597
North East,2021-02-17,E12000001,608,181000
North East,2021-02-16,E12000001,733,180392
North East,2021-02-15,E12000001,746,179659
North East,2021-02-14,E12000001,490,178913
North East,2021-02-13,E12000001,510,178423
North East,2021-02-12,E12000001,583,177913
North East,2021-02-11,E12000001,681,177330
North East,2021-02-10,E12000001,715,176649
North East,2021-02-09,E12000001,704,175934
North East,2021-02-08,E12000001,783,175230
North East,2021-02-07,E12000001,603,174447
North East,2021-02-06,E12000001,594,173844
North East,2021-02-05,E12000001,705,173250
North East,2021-02-04,E12000001,851,172545
North East,2021-02-03,E12000001,891,171694
North East,2021-02-02,E12000001,884,170803
North East,2021-02-01,E12000001,1034,169919
North East,2021-01-31,E12000001,762,168885
North East,2021-01-30,E12000001,781,168123
North East,2021-01-29,E12000001,903,167342
North East,2021-01-28,E12000001,972,166439
North East,2021-01-27,E12000001,1004,165467
North East,2021-01-26,E12000001,1098,164463
North East,2021-01-25,E12000001,1207,163365
North East,2021-01-24,E12000001,741,162158
North East,2021-01-23,E12000001,755,161417
North East,2021-01-22,E12000001,996,160662
North East,2021-01-21,E12000001,1139,159666
North East,2021-01-20,E12000001,1346,158527
North East,2021-01-19,E12000001,1291,157181
North East,2021-01-18,E12000001,1604,155890
North East,2021-01-17,E12000001,976,154286
North East,2021-01-16,E12000001,1042,153310
North East,2021-01-15,E12000001,1244,152268
North East,2021-01-14,E12000001,1274,151024
North East,2021-01-13,E12000001,1437,149750
North East,2021-01-12,E12000001,1466,148313
North East,2021-01-11,E12000001,1733,146847
North East,2021-01-10,E12000001,1091,145114
North East,2021-01-09,E12000001,1031,144023
North East,2021-01-08,E12000001,1183,142992
North East,2021-01-07,E12000001,1525,141809
North East,2021-01-06,E12000001,1540,140284
North East,2021-01-05,E12000001,1775,138744
North East,2021-01-04,E12000001,2337,136969
North East,2021-01-03,E12000001,1721,134632
North East,2021-01-02,E12000001,1812,132911
North East,2021-01-01,E12000001,971,131099
North East,2020-12-31,E12000001,1602,130128
North East,2020-12-30,E12000001,2323,128526
North East,2020-12-29,E12000001,2487,126203
North East,2020-12-28,E12000001,1454,123716
North East,2020-12-27,E12000001,1312,122262
North East,2020-12-26,E12000001,992,120950
North East,2020-12-25,E12000001,317,119958
North East,2020-12-24,E12000001,799,119641
North East,2020-12-23,E12000001,1095,118842
North East,2020-12-22,E12000001,1175,117747
North East,2020-12-21,E12000001,1030,116572
North East,2020-12-20,E12000001,771,115542
North East,2020-12-19,E12000001,620,114771
North East,2020-12-18,E12000001,791,114151
North East,2020-12-17,E12000001,666,113360
North East,2020-12-16,E12000001,829,112694
North East,2020-12-15,E12000001,903,111865
North East,2020-12-14,E12000001,916,110962
North East,2020-12-13,E12000001,581,110046
North East,2020-12-12,E12000001,513,109465
North East,2020-12-11,E12000001,664,108952
North East,2020-12-10,E12000001,653,108288
North East,2020-12-09,E12000001,650,107635
North East,2020-12-08,E12000001,727,106985
North East,2020-12-07,E12000001,765,106258
North East,2020-12-06,E12000001,518,105493
North East,2020-12-05,E12000001,426,104975
North East,2020-12-04,E12000001,563,104549
North East,2020-12-03,E12000001,605,103986
North East,2020-12-02,E12000001,651,103381
North East,2020-12-01,E12000001,653,102730
North East,2020-11-30,E12000001,773,102077
North East,2020-11-29,E12000001,464,101304
North East,2020-11-28,E12000001,507,100840
North East,2020-11-27,E12000001,654,100333
North East,2020-11-26,E12000001,724,99679
North East,2020-11-25,E12000001,819,98955
North East,2020-11-24,E12000001,861,98136
North East,2020-11-23,E12000001,983,97275
North East,2020-11-22,E12000001,636,96292
North East,2020-11-21,E12000001,687,95656
North East,2020-11-20,E12000001,957,94969
North East,2020-11-19,E12000001,1037,94012
North East,2020-11-18,E12000001,1367,92975
North East,2020-11-17,E12000001,1494,91608
North East,2020-11-16,E12000001,1587,90114
North East,2020-11-15,E12000001,1060,88527
North East,2020-11-14,E12000001,1071,87467
North East,2020-11-13,E12000001,1546,86396
North East,2020-11-12,E12000001,1556,84850
North East,2020-11-11,E12000001,1884,83294
North East,2020-11-10,E12000001,1798,81410
North East,2020-11-09,E12000001,2083,79612
North East,2020-11-08,E12000001,1318,77529
North East,2020-11-07,E12000001,1358,76211
North East,2020-11-06,E12000001,1483,74853
North East,2020-11-05,E12000001,1500,73370
North East,2020-11-04,E12000001,1429,71870
North East,2020-11-03,E12000001,1527,70441
North East,2020-11-02,E12000001,1689,68914
North East,2020-11-01,E12000001,1008,67225
North East,2020-10-31,E12000001,887,66217
North East,2020-10-30,E12000001,1222,65330
North East,2020-10-29,E12000001,1138,64108
North East,2020-10-28,E12000001,1186,62970
North East,2020-10-27,E12000001,1195,61784
North East,2020-10-26,E12000001,1329,60589
North East,2020-10-25,E12000001,860,59260
North East,2020-10-24,E12000001,869,58400
North East,2020-10-23,E12000001,1049,57531
North East,2020-10-22,E12000001,1238,56482
North East,2020-10-21,E12000001,1514,55244
North East,2020-10-20,E12000001,1456,53730
North East,2020-10-19,E12000001,1420,52274
North East,2020-10-18,E12000001,836,50854
North East,2020-10-17,E12000001,813,50018
North East,2020-10-16,E12000001,1088,49205
North East,2020-10-15,E12000001,1177,48117
North East,2020-10-14,E12000001,1411,46940
North East,2020-10-13,E12000001,1315,45529
North East,2020-10-12,E12000001,1400,44214
North East,2020-10-11,E12000001,944,42814
North East,2020-10-10,E12000001,850,41870
North East,2020-10-09,E12000001,1187,41020
North East,2020-10-08,E12000001,1391,39833
North East,2020-10-07,E12000001,1490,38442
North East,2020-10-06,E12000001,1457,36952
North East,2020-10-05,E12000001,1387,35495
North East,2020-10-04,E12000001,1215,34108
North East,2020-10-03,E12000001,1179,32893
North East,2020-10-02,E12000001,1227,31714
North East,2020-10-01,E12000001,1201,30487
North East,2020-09-30,E12000001,967,29286
North East,2020-09-29,E12000001,1058,28319
North East,2020-09-28,E12000001,986,27261
North East,2020-09-27,E12000001,666,26275
North East,2020-09-26,E12000001,782,25609
North East,2020-09-25,E12000001,613,24827
North East,2020-09-24,E12000001,729,24214
North East,2020-09-23,E12000001,647,23485
North East,2020-09-22,E12000001,551,22838
North East,2020-09-21,E12000001,613,22287
North East,2020-09-20,E12000001,591,21674
North East,2020-09-19,E12000001,437,21083
North East,2020-09-18,E12000001,469,20646
North East,2020-09-17,E12000001,372,20177
North East,2020-09-16,E12000001,329,19805
North East,2020-09-15,E12000001,268,19476
North East,2020-09-14,E12000001,200,19208
North East,2020-09-13,E12000001,143,19008
North East,2020-09-12,E12000001,153,18865
North East,2020-09-11,E12000001,201,18712
North East,2020-09-10,E12000001,239,18511
North East,2020-09-09,E12000001,241,18272
North East,2020-09-08,E12000001,231,18031
North East,2020-09-07,E12000001,203,17800
North East,2020-09-06,E12000001,171,17597
North East,2020-09-05,E12000001,238,17426
North East,2020-09-04,E12000001,178,17188
North East,2020-09-03,E12000001,207,17010
North East,2020-09-02,E12000001,129,16803
North East,2020-09-01,E12000001,118,16674
North East,2020-08-31,E12000001,93,16556
North East,2020-08-30,E12000001,62,16463
North East,2020-08-29,E12000001,78,16401
North East,2020-08-28,E12000001,68,16323
North East,2020-08-27,E12000001,67,16255
North East,2020-08-26,E12000001,73,16188
North East,2020-08-25,E12000001,51,16115
North East,2020-08-24,E12000001,40,16064
North East,2020-08-23,E12000001,24,16024
North East,2020-08-22,E12000001,33,16000
North East,2020-08-21,E12000001,45,15967
North East,2020-08-20,E12000001,46,15922
North East,2020-08-19,E12000001,48,15876
North East,2020-08-18,E12000001,36,15828
North East,2020-08-17,E12000001,32,15792
North East,2020-08-16,E12000001,12,15760
North East,2020-08-15,E12000001,18,15748
North East,2020-08-14,E12000001,32,15730
North East,2020-08-13,E12000001,55,15698
North East,2020-08-12,E12000001,40,15643
North East,2020-08-11,E12000001,50,15603
North East,2020-08-10,E12000001,24,15553
North East,2020-08-09,E12000001,15,15529
North East,2020-08-08,E12000001,13,15514
North East,2020-08-07,E12000001,16,15501
North East,2020-08-06,E12000001,25,15485
North East,2020-08-05,E12000001,31,15460
North East,2020-08-04,E12000001,22,15429
North East,2020-08-03,E12000001,21,15407
North East,2020-08-02,E12000001,16,15386
North East,2020-08-01,E12000001,9,15370
North East,2020-07-31,E12000001,12,15361
North East,2020-07-30,E12000001,16,15349
North East,2020-07-29,E12000001,23,15333
North East,2020-07-28,E12000001,6,15310
North East,2020-07-27,E12000001,9,15304
North East,2020-07-26,E12000001,6,15295
North East,2020-07-25,E12000001,5,15289
North East,2020-07-24,E12000001,6,15284
North East,2020-07-23,E12000001,10,15278
North East,2020-07-22,E12000001,17,15268
North East,2020-07-21,E12000001,14,15251
North East,2020-07-20,E12000001,11,15237
North East,2020-07-19,E12000001,7,15226
North East,2020-07-18,E12000001,4,15219
North East,2020-07-17,E12000001,10,15215
North East,2020-07-16,E12000001,16,15205
North East,2020-07-15,E12000001,17,15189
North East,2020-07-14,E12000001,12,15172
North East,2020-07-13,E12000001,9,15160
North East,2020-07-12,E12000001,1,15151
North East,2020-07-11,E12000001,7,15150
North East,2020-07-10,E12000001,10,15143
North East,2020-07-09,E12000001,16,15133
North East,2020-07-08,E12000001,12,15117
North East,2020-07-07,E12000001,12,15105
North East,2020-07-06,E12000001,11,15093
North East,2020-07-05,E12000001,4,15082
North East,2020-07-04,E12000001,9,15078
North East,2020-07-03,E12000001,8,15069
North East,2020-07-02,E12000001,9,15061
North East,2020-07-01,E12000001,7,15052
North East,2020-06-30,E12000001,11,15045
North East,2020-06-29,E12000001,10,15034
North East,2020-06-28,E12000001,9,15024
North East,2020-06-27,E12000001,13,15015
North East,2020-06-26,E12000001,9,15002
North East,2020-06-25,E12000001,13,14993
North East,2020-06-24,E12000001,11,14980
North East,2020-06-23,E12000001,26,14969
North East,2020-06-22,E12000001,24,14943
North East,2020-06-21,E12000001,4,14919
North East,2020-06-20,E12000001,16,14915
North East,2020-06-19,E12000001,16,14899
North East,2020-06-18,E12000001,23,14883
North East,2020-06-17,E12000001,19,14860
North East,2020-06-16,E12000001,19,14841
North East,2020-06-15,E12000001,32,14822
North East,2020-06-14,E12000001,32,14790
North East,2020-06-13,E12000001,31,14758
North East,2020-06-12,E12000001,40,14727
North East,2020-06-11,E12000001,23,14687
North East,2020-06-10,E12000001,38,14664
North East,2020-06-09,E12000001,38,14626
North East,2020-06-08,E12000001,34,14588
North East,2020-06-07,E12000001,17,14554
North East,2020-06-06,E12000001,28,14537
North East,2020-06-05,E12000001,43,14509
North East,2020-06-04,E12000001,60,14466
North East,2020-06-03,E12000001,51,14406
North East,2020-06-02,E12000001,59,14355
North East,2020-06-01,E12000001,69,14296
North East,2020-05-31,E12000001,46,14227
North East,2020-05-30,E12000001,47,14181
North East,2020-05-29,E12000001,71,14134
North East,2020-05-28,E12000001,51,14063
North East,2020-05-27,E12000001,116,14012
North East,2020-05-26,E12000001,100,13896
North East,2020-05-25,E12000001,59,13796
North East,2020-05-24,E12000001,76,13737
North East,2020-05-23,E12000001,75,13661
North East,2020-05-22,E12000001,95,13586
North East,2020-05-21,E12000001,130,13491
North East,2020-05-20,E12000001,131,13361
North East,2020-05-19,E12000001,124,13230
North East,2020-05-18,E12000001,147,13106
North East,2020-05-17,E12000001,98,12959
North East,2020-05-16,E12000001,127,12861
North East,2020-05-15,E12000001,138,12734
North East,2020-05-14,E12000001,138,12596
North East,2020-05-13,E12000001,143,12458
North East,2020-05-12,E12000001,219,12315
North East,2020-05-11,E12000001,227,12096
North East,2020-05-10,E12000001,150,11869
North East,2020-05-09,E12000001,150,11719
North East,2020-05-08,E12000001,158,11569
North East,2020-05-07,E12000001,200,11411
North East,2020-05-06,E12000001,243,11211
North East,2020-05-05,E12000001,251,10968
North East,2020-05-04,E12000001,233,10717
North East,2020-05-03,E12000001,163,10484
North East,2020-05-02,E12000001,183,10321
North East,2020-05-01,E12000001,273,10138
North East,2020-04-30,E12000001,383,9865
North East,2020-04-29,E12000001,360,9482
North East,2020-04-28,E12000001,360,9122
North East,2020-04-27,E12000001,287,8762
North East,2020-04-26,E12000001,159,8475
North East,2020-04-25,E12000001,215,8316
North East,2020-04-24,E12000001,331,8101
North East,2020-04-23,E12000001,328,7770
North East,2020-04-22,E12000001,358,7442
North East,2020-04-21,E12000001,288,7084
North East,2020-04-20,E12000001,314,6796
North East,2020-04-19,E12000001,276,6482
North East,2020-04-18,E12000001,374,6206
North East,2020-04-17,E12000001,288,5832
North East,2020-04-16,E12000001,295,5544
North East,2020-04-15,E12000001,286,5249
North East,2020-04-14,E12000001,257,4963
North East,2020-04-13,E12000001,233,4706
North East,2020-04-12,E12000001,202,4473
North East,2020-04-11,E12000001,265,4271
North East,2020-04-10,E12000001,245,4006
North East,2020-04-09,E12000001,316,3761
North East,2020-04-08,E12000001,289,3445
North East,2020-04-07,E12000001,350,3156
North East,2020-04-06,E12000001,376,2806
North East,2020-04-05,E12000001,221,2430
North East,2020-04-04,E12000001,253,2209
North East,2020-04-03,E12000001,259,1956
North East,2020-04-02,E12000001,219,1697
North East,2020-04-01,E12000001,307,1478
North East,2020-03-31,E12000001,206,1171
North East,2020-03-30,E12000001,175,965
North East,2020-03-29,E12000001,107,790
North East,2020-03-28,E12000001,111,683
North East,2020-03-27,E12000001,101,572
North East,2020-03-26,E12000001,97,471
North East,2020-03-25,E12000001,76,374
North East,2020-03-24,E12000001,76,298
North East,2020-03-23,E12000001,59,222
North East,2020-03-22,E12000001,20,163
North East,2020-03-21,E12000001,23,143
North East,2020-03-20,E12000001,26,120
North East,2020-03-19,E12000001,19,94
North East,2020-03-18,E12000001,13,75
North East,2020-03-17,E12000001,16,62
North East,2020-03-16,E12000001,7,46
North East,2020-03-15,E12000001,10,39
North East,2020-03-14,E12000001,6,29
North East,2020-03-13,E12000001,6,23
North East,2020-03-12,E12000001,2,17
North East,2020-03-11,E12000001,1,15
North East,2020-03-10,E12000001,4,14
North East,2020-03-09,E12000001,3,10
North East,2020-03-08,E12000001,0,7
North East,2020-03-07,E12000001,2,7
North East,2020-03-06,E12000001,1,5
North East,2020-03-05,E12000001,2,4
North East,2020-03-04,E12000001,1,2
North East,2020-03-03,E12000001,0,1
North East,2020-03-02,E12000001,1,1
West Midlands,2023-11-07,E12000005,39,2144229
West Midlands,2023-11-06,E12000005,77,2144190
West Midlands,2023-11-05,E12000005,64,2144113
West Midlands,2023-11-04,E12000005,53,2144049
West Midlands,2023-11-03,E12000005,71,2143996
West Midlands,2023-11-02,E12000005,93,2143925
West Midlands,2023-11-01,E12000005,86,2143832
West Midlands,2023-10-31,E12000005,80,2143746
West Midlands,2023-10-30,E12000005,102,2143666
West Midlands,2023-10-29,E12000005,78,2143564
West Midlands,2023-10-28,E12000005,66,2143486
West Midlands,2023-10-27,E12000005,87,2143420
West Midlands,2023-10-26,E12000005,106,2143333
West Midlands,2023-10-25,E12000005,124,2143227
West Midlands,2023-10-24,E12000005,117,2143103
West Midlands,2023-10-23,E12000005,152,2142986
West Midlands,2023-10-22,E12000005,111,2142834
West Midlands,2023-10-21,E12000005,94,2142723
West Midlands,2023-10-20,E12000005,126,2142629
West Midlands,2023-10-19,E12000005,141,2142503
West Midlands,2023-10-18,E12000005,160,2142362
West Midlands,2023-10-17,E12000005,137,2142202
West Midlands,2023-10-16,E12000005,173,2142065
West Midlands,2023-10-15,E12000005,151,2141892
West Midlands,2023-10-14,E12000005,126,2141741
West Midlands,2023-10-13,E12000005,154,2141615
West Midlands,2023-10-12,E12000005,189,2141461
West Midlands,2023-10-11,E12000005,179,2141272
West Midlands,2023-10-10,E12000005,217,2141093
West Midlands,2023-10-09,E12000005,251,2140876
West Midlands,2023-10-08,E12000005,219,2140625
West Midlands,2023-10-07,E12000005,154,2140406
West Midlands,2023-10-06,E12000005,260,2140252
West Midlands,2023-10-05,E12000005,272,2139992
West Midlands,2023-10-04,E12000005,309,2139720
West Midlands,2023-10-03,E12000005,339,2139411
West Midlands,2023-10-02,E12000005,319,2139072
West Midlands,2023-10-01,E12000005,275,2138753
West Midlands,2023-09-30,E12000005,205,2138478
West Midlands,2023-09-29,E12000005,270,2138273
West Midlands,2023-09-28,E12000005,250,2138003
West Midlands,2023-09-27,E12000005,302,2137753
West Midlands,2023-09-26,E12000005,319,2137451
West Midlands,2023-09-25,E12000005,327,2137132
West Midlands,2023-09-24,E12000005,226,2136805
West Midlands,2023-09-23,E12000005,181,2136579
West Midlands,2023-09-22,E12000005,182,2136398
West Midlands,2023-09-21,E12000005,230,2136216
West Midlands,2023-09-20,E12000005,189,2135986
West Midlands,2023-09-19,E12000005,242,2135797
West Midlands,2023-09-18,E12000005,228,2135555
West Midlands,2023-09-17,E12000005,173,2135327
West Midlands,2023-09-16,E12000005,130,2135154
West Midlands,2023-09-15,E12000005,133,2135024
West Midlands,2023-09-14,E12000005,167,2134891
West Midlands,2023-09-13,E12000005,162,2134724
West Midlands,2023-09-12,E12000005,181,2134562
West Midlands,2023-09-11,E12000005,202,2134381
West Midlands,2023-09-10,E12000005,173,2134179
West Midlands,2023-09-09,E12000005,161,2134006
West Midlands,2023-09-08,E12000005,158,2133845
West Midlands,2023-09-07,E12000005,189,2133687
West Midlands,2023-09-06,E12000005,162,2133498
West Midlands,2023-09-05,E12000005,204,2133336
West Midlands,2023-09-04,E12000005,209,2133132
West Midlands,2023-09-03,E12000005,168,2132923
West Midlands,2023-09-02,E12000005,130,2132755
West Midlands,2023-09-01,E12000005,173,2132625
West Midlands,2023-08-31,E12000005,150,2132452
West Midlands,2023-08-30,E12000005,160,2132302
West Midlands,2023-08-29,E12000005,136,2132142
West Midlands,2023-08-28,E12000005,126,2132006
West Midlands,2023-08-27,E12000005,94,2131880
West Midlands,2023-08-26,E12000005,73,2131786
West Midlands,2023-08-25,E12000005,88,2131713
West Midlands,2023-08-24,E12000005,112,2131625
West Midlands,2023-08-23,E12000005,105,2131513
West Midlands,2023-08-22,E12000005,126,2131408
West Midlands,2023-08-21,E12000005,114,2131282
West Midlands,2023-08-20,E12000005,98,2131168
West Midlands,2023-08-19,E12000005,84,2131070
West Midlands,2023-08-18,E12000005,100,2130986
West Midlands,2023-08-17,E12000005,117,2130886
West Midlands,2023-08-16,E12000005,93,2130769
West Midlands,2023-08-15,E12000005,111,2130676
West Midlands,2023-08-14,E12000005,108,2130565
West Midlands,2023-08-13,E12000005,103,2130457
West Midlands,2023-08-12,E12000005,91,2130354
West Midlands,2023-08-11,E12000005,87,2130263
West Midlands,2023-08-10,E12000005,91,2130176
West Midlands,2023-08-09,E12000005,95,2130085
West Midlands,2023-08-08,E12000005,110,2129990
West Midlands,2023-08-07,E12000005,110,2129880
West Midlands,2023-08-06,E12000005,80,2129770
West Midlands,2023-08-05,E12000005,62,2129690
West Midlands,2023-08-04,E12000005,81,2129628
West Midlands,2023-08-03,E12000005,98,2129547
West Midlands,2023-08-02,E12000005,84,2129449
West Midlands,2023-08-01,E12000005,109,2129365
West Midlands,2023-07-31,E12000005,99,2129256
West Midlands,2023-07-30,E12000005,75,2129157
West Midlands,2023-07-29,E12000005,67,2129082
West Midlands,2023-07-28,E12000005,79,2129015
West Midlands,2023-07-27,E12000005,74,2128936
West Midlands,2023-07-26,E12000005,67,2128862
West Midlands,2023-07-25,E12000005,71,2128795
West Midlands,2023-07-24,E12000005,82,2128724
West Midlands,2023-07-23,E12000005,59,2128642
West Midlands,2023-07-22,E12000005,45,2128583
West Midlands,2023-07-21,E12000005,38,2128538
West Midlands,2023-07-20,E12000005,54,2128500
West Midlands,2023-07-19,E12000005,53,2128446
West Midlands,2023-07-18,E12000005,56,2128393
West Midlands,2023-07-17,E12000005,59,2128337
West Midlands,2023-07-16,E12000005,46,2128278
West Midlands,2023-07-15,E12000005,40,2128232
West Midlands,2023-07-14,E12000005,29,2128192
West Midlands,2023-07-13,E12000005,48,2128163
West Midlands,2023-07-12,E12000005,50,2128115
West Midlands,2023-07-11,E12000005,51,2128065
West Midlands,2023-07-10,E12000005,53,2128014
West Midlands,2023-07-09,E12000005,44,2127961
West Midlands,2023-07-08,E12000005,41,2127917
West Midlands,2023-07-07,E12000005,33,2127876
West Midlands,2023-07-06,E12000005,35,2127843
West Midlands,2023-07-05,E12000005,34,2127808
West Midlands,2023-07-04,E12000005,36,2127774
West Midlands,2023-07-03,E12000005,34,2127738
West Midlands,2023-07-02,E12000005,21,2127704
West Midlands,2023-07-01,E12000005,20,2127683
West Midlands,2023-06-30,E12000005,23,2127663
West Midlands,2023-06-29,E12000005,24,2127640
West Midlands,2023-06-28,E12000005,32,2127616
West Midlands,2023-06-27,E12000005,22,2127584
West Midlands,2023-06-26,E12000005,27,2127562
West Midlands,2023-06-25,E12000005,27,2127535
West Midlands,2023-06-24,E12000005,24,2127508
West Midlands,2023-06-23,E12000005,25,2127484
West Midlands,2023-06-22,E12000005,34,2127459
West Midlands,2023-06-21,E12000005,34,2127425
West Midlands,2023-06-20,E12000005,46,2127391
West Midlands,2023-06-19,E12000005,33,2127345
West Midlands,2023-06-18,E12000005,25,2127312
West Midlands,2023-06-17,E12000005,24,2127287
West Midlands,2023-06-16,E12000005,25,2127263
West Midlands,2023-06-15,E12000005,33,2127238
West Midlands,2023-06-14,E12000005,34,2127205
West Midlands,2023-06-13,E12000005,56,2127171
West Midlands,2023-06-12,E12000005,70,2127115
West Midlands,2023-06-11,E12000005,41,2127045
West Midlands,2023-06-10,E12000005,38,2127004
West Midlands,2023-06-09,E12000005,37,2126966
West Midlands,2023-06-08,E12000005,43,2126929
West Midlands,2023-06-07,E12000005,59,2126886
West Midlands,2023-06-06,E12000005,73,2126827
West Midlands,2023-06-05,E12000005,72,2126754
West Midlands,2023-06-04,E12000005,75,2126682
West Midlands,2023-06-03,E12000005,37,2126607
West Midlands,2023-06-02,E12000005,57,2126570
West Midlands,2023-06-01,E12000005,71,2126513
West Midlands,2023-05-31,E12000005,73,2126442
West Midlands,2023-05-30,E12000005,63,2126369
West Midlands,2023-05-29,E12000005,78,2126306
West Midlands,2023-05-28,E12000005,61,2126228
West Midlands,2023-05-27,E12000005,47,2126167
West Midlands,2023-05-26,E12000005,55,2126120
West Midlands,2023-05-25,E12000005,81,2126065
West Midlands,2023-05-24,E12000005,86,2125984
West Midlands,2023-05-23,E12000005,113,2125898
West Midlands,2023-05-22,E12000005,108,2125785
West Midlands,2023-05-21,E12000005,105,2125677
West Midlands,2023-05-20,E12000005,80,2125572
West Midlands,2023-05-19,E12000005,89,2125492
West Midlands,2023-05-18,E12000005,95,2125403
West Midlands,2023-05-17,E12000005,91,2125308
West Midlands,2023-05-16,E12000005,110,2125217
West Midlands,2023-05-15,E12000005,138,2125107
West Midlands,2023-05-14,E12000005,107,2124969
West Midlands,2023-05-13,E12000005,84,2124862
West Midlands,2023-05-12,E12000005,127,2124778
West Midlands,2023-05-11,E12000005,124,2124651
West Midlands,2023-05-10,E12000005,147,2124527
West Midlands,2023-05-09,E12000005,151,2124380
West Midlands,2023-05-08,E12000005,137,2124229
West Midlands,2023-05-07,E12000005,122,2124092
West Midlands,2023-05-06,E12000005,125,2123970
West Midlands,2023-05-05,E12000005,151,2123845
West Midlands,2023-05-04,E12000005,138,2123694
West Midlands,2023-05-03,E12000005,189,2123556
West Midlands,2023-05-02,E12000005,184,2123367
West Midlands,2023-05-01,E12000005,193,2123183
West Midlands,2023-04-30,E12000005,131,2122990
West Midlands,2023-04-29,E12000005,118,2122859
West Midlands,2023-04-28,E12000005,169,2122741
West Midlands,2023-04-27,E12000005,170,2122572
West Midlands,2023-04-26,E12000005,202,2122402
West Midlands,2023-04-25,E12000005,180,2122200
West Midlands,2023-04-24,E12000005,184,2122020
West Midlands,2023-04-23,E12000005,155,2121836
West Midlands,2023-04-22,E12000005,131,2121681
West Midlands,2023-04-21,E12000005,159,2121550
West Midlands,2023-04-20,E12000005,164,2121391
West Midlands,2023-04-19,E12000005,236,2121227
West Midlands,2023-04-18,E12000005,210,2120991
West Midlands,2023-04-17,E12000005,272,2120781
West Midlands,2023-04-16,E12000005,185,2120509
West Midlands,2023-04-15,E12000005,133,2120324
West Midlands,2023-04-14,E12000005,181,2120191
West Midlands,2023-04-13,E12000005,216,2120010
West Midlands,2023-04-12,E12000005,230,2119794
West Midlands,2023-04-11,E12000005,274,2119564
West Midlands,2023-04-10,E12000005,255,2119290
West Midlands,2023-04-09,E12000005,181,2119035
West Midlands,2023-04-08,E12000005,161,2118854
West Midlands,2023-04-07,E12000005,158,2118693
West Midlands,2023-04-06,E12000005,224,2118535
West Midlands,2023-04-05,E12000005,269,2118311
West Midlands,2023-04-04,E12000005,245,2118042
West Midlands,2023-04-03,E12000005,268,2117797
West Midlands,2023-04-02,E12000005,243,2117529
West Midlands,2023-04-01,E12000005,229,2117286
West Midlands,2023-03-31,E12000005,260,2117057
West Midlands,2023-03-30,E12000005,304,2116797
West Midlands,2023-03-29,E12000005,346,2116493
West Midlands,2023-03-28,E12000005,351,2116147
West Midlands,2023-03-27,E12000005,422,2115796
West Midlands,2023-03-26,E12000005,377,2115374
West Midlands,2023-03-25,E12000005,296,2114997
West Midlands,2023-03-24,E12000005,347,2114701
West Midlands,2023-03-23,E12000005,422,2114354
West Midlands,2023-03-22,E12000005,439,2113932
West Midlands,2023-03-21,E12000005,537,2113493
West Midlands,2023-03-20,E12000005,505,2112956
West Midlands,2023-03-19,E12000005,379,2112451
West Midlands,2023-03-18,E12000005,322,2112072
West Midlands,2023-03-17,E12000005,396,2111750
West Midlands,2023-03-16,E12000005,433,2111354
West Midlands,2023-03-15,E12000005,455,2110921
West Midlands,2023-03-14,E12000005,434,2110466
West Midlands,2023-03-13,E12000005,507,2110032
West Midlands,2023-03-12,E12000005,436,2109525
West Midlands,2023-03-11,E12000005,333,2109089
West Midlands,2023-03-10,E12000005,332,2108756
West Midlands,2023-03-09,E12000005,404,2108424
West Midlands,2023-03-08,E12000005,473,2108020
West Midlands,2023-03-07,E12000005,441,2107547
West Midlands,2023-03-06,E12000005,452,2107106
West Midlands,2023-03-05,E12000005,297,2106654
West Midlands,2023-03-04,E12000005,215,2106357
West Midlands,2023-03-03,E12000005,297,2106142
West Midlands,2023-03-02,E12000005,336,2105845
West Midlands,2023-03-01,E12000005,400,2105509
West Midlands,2023-02-28,E12000005,412,2105109
West Midlands,2023-02-27,E12000005,449,2104697
West Midlands,2023-02-26,E12000005,283,2104248
West Midlands,2023-02-25,E12000005,237,2103965
West Midlands,2023-02-24,E12000005,313,2103728
West Midlands,2023-02-23,E12000005,319,2103415
West Midlands,2023-02-22,E12000005,359,2103096
West Midlands,2023-02-21,E12000005,381,2102737
West Midlands,2023-02-20,E12000005,434,2102356
West Midlands,2023-02-19,E12000005,289,2101922
West Midlands,2023-02-18,E12000005,244,2101633
West Midlands,2023-02-17,E12000005,384,2101389
West Midlands,2023-02-16,E12000005,391,2101005
West Midlands,2023-02-15,E12000005,392,2100614
West Midlands,2023-02-14,E12000005,432,2100222
West Midlands,2023-02-13,E12000005,485,2099790
West Midlands,2023-02-12,E12000005,331,2099305
West Midlands,2023-02-11,E12000005,256,2098974
West Midlands,2023-02-10,E12000005,327,2098718
West Midlands,2023-02-09,E12000005,334,2098391
West Midlands,2023-02-08,E12000005,339,2098057
West Midlands,2023-02-07,E12000005,352,2097718
West Midlands,2023-02-06,E12000005,369,2097366
West Midlands,2023-02-05,E12000005,266,2096997
West Midlands,2023-02-04,E12000005,210,2096731
West Midlands,2023-02-03,E12000005,208,2096521
West Midlands,2023-02-02,E12000005,289,2096313
West Midlands,2023-02-01,E12000005,301,2096024
West Midlands,2023-01-31,E12000005,324,2095723
West Midlands,2023-01-30,E12000005,302,2095399
West Midlands,2023-01-29,E12000005,203,2095097
West Midlands,2023-01-28,E12000005,180,2094894
West Midlands,2023-01-27,E12000005,235,2094714
West Midlands,2023-01-26,E12000005,239,2094479
West Midlands,2023-01-25,E12000005,280,2094240
West Midlands,2023-01-24,E12000005,263,2093960
West Midlands,2023-01-23,E12000005,258,2093697
West Midlands,2023-01-22,E12000005,217,2093439
West Midlands,2023-01-21,E12000005,152,2093222
West Midlands,2023-01-20,E12000005,174,2093070
West Midlands,2023-01-19,E12000005,207,2092896
West Midlands,2023-01-18,E12000005,181,2092689
West Midlands,2023-01-17,E12000005,204,2092508
West Midlands,2023-01-16,E12000005,263,2092304
West Midlands,2023-01-15,E12000005,187,2092041
West Midlands,2023-01-14,E12000005,142,2091854
West Midlands,2023-01-13,E12000005,217,2091712
West Midlands,2023-01-12,E12000005,270,2091495
West Midlands,2023-01-11,E12000005,242,2091225
West Midlands,2023-01-10,E12000005,335,2090983
West Midlands,2023-01-09,E12000005,325,2090648
West Midlands,2023-01-08,E12000005,231,2090323
West Midlands,2023-01-07,E12000005,219,2090092
West Midlands,2023-01-06,E12000005,348,2089873
West Midlands,2023-01-05,E12000005,410,2089525
West Midlands,2023-01-04,E12000005,497,2089115
West Midlands,2023-01-03,E12000005,546,2088618
West Midlands,2023-01-02,E12000005,476,2088072
West Midlands,2023-01-01,E12000005,343,2087596
West Midlands,2022-12-31,E12000005,412,2087253
West Midlands,2022-12-30,E12000005,602,2086841
West Midlands,2022-12-29,E12000005,669,2086239
West Midlands,2022-12-28,E12000005,799,2085570
West Midlands,2022-12-27,E12000005,585,2084771
West Midlands,2022-12-26,E12000005,500,2084186
West Midlands,2022-12-25,E12000005,360,2083686
West Midlands,2022-12-24,E12000005,360,2083326
West Midlands,2022-12-23,E12000005,512,2082966
West Midlands,2022-12-22,E12000005,573,2082454
West Midlands,2022-12-21,E12000005,666,2081881
West Midlands,2022-12-20,E12000005,773,2081215
West Midlands,2022-12-19,E12000005,759,2080442
West Midlands,2022-12-18,E12000005,448,2079683
West Midlands,2022-12-17,E12000005,403,2079235
West Midlands,2022-12-16,E12000005,510,2078832
West Midlands,2022-12-15,E12000005,554,2078322
West Midlands,2022-12-14,E12000005,535,2077768
West Midlands,2022-12-13,E12000005,654,2077233
West Midlands,2022-12-12,E12000005,692,2076579
West Midlands,2022-12-11,E12000005,433,2075887
West Midlands,2022-12-10,E12000005,333,2075454
West Midlands,2022-12-09,E12000005,384,2075121
West Midlands,2022-12-08,E12000005,410,2074737
West Midlands,2022-12-07,E12000005,491,2074327
West Midlands,2022-12-06,E12000005,480,2073836
West Midlands,2022-12-05,E12000005,439,2073356
West Midlands,2022-12-04,E12000005,335,2072917
West Midlands,2022-12-03,E12000005,215,2072582
West Midlands,2022-12-02,E12000005,330,2072367
West Midlands,2022-12-01,E12000005,314,2072037
West Midlands,2022-11-30,E12000005,381,2071723
West Midlands,2022-11-29,E12000005,385,2071342
West Midlands,2022-11-28,E12000005,411,2070957
West Midlands,2022-11-27,E12000005,322,2070546
West Midlands,2022-11-26,E12000005,228,2070224
West Midlands,2022-11-25,E12000005,249,2069996
West Midlands,2022-11-24,E12000005,274,2069747
West Midlands,2022-11-23,E12000005,312,2069473
West Midlands,2022-11-22,E12000005,378,2069161
West Midlands,2022-11-21,E12000005,371,2068783
West Midlands,2022-11-20,E12000005,279,2068412
West Midlands,2022-11-19,E12000005,239,2068133
West Midlands,2022-11-18,E12000005,264,2067894
West Midlands,2022-11-17,E12000005,271,2067630
West Midlands,2022-11-16,E12000005,317,2067359
West Midlands,2022-11-15,E12000005,358,2067042
West Midlands,2022-11-14,E12000005,355,2066684
West Midlands,2022-11-13,E12000005,276,2066329
West Midlands,2022-11-12,E12000005,209,2066053
West Midlands,2022-11-11,E12000005,261,2065844
West Midlands,2022-11-10,E12000005,283,2065583
West Midlands,2022-11-09,E12000005,346,2065300
West Midlands,2022-11-08,E12000005,348,2064954
West Midlands,2022-11-07,E12000005,363,2064606
West Midlands,2022-11-06,E12000005,310,2064243
West Midlands,2022-11-05,E12000005,271,2063933
West Midlands,2022-11-04,E12000005,250,2063662
West Midlands,2022-11-03,E12000005,342,2063412
West Midlands,2022-11-02,E12000005,327,2063070
West Midlands,2022-11-01,E12000005,416,2062743
West Midlands,2022-10-31,E12000005,477,2062327
West Midlands,2022-10-30,E12000005,375,2061850
West Midlands,2022-10-29,E12000005,331,2061475
West Midlands,2022-10-28,E12000005,377,2061144
West Midlands,2022-10-27,E12000005,424,2060767
West Midlands,2022-10-26,E12000005,501,2060343
West Midlands,2022-10-25,E12000005,540,2059842
West Midlands,2022-10-24,E12000005,650,2059302
West Midlands,2022-10-23,E12000005,488,2058652
West Midlands,2022-10-22,E12000005,466,2058164
West Midlands,2022-10-21,E12000005,714,2057698
West Midlands,2022-10-20,E12000005,618,2056984
West Midlands,2022-10-19,E12000005,751,2056366
West Midlands,2022-10-18,E12000005,754,2055615
West Midlands,2022-10-17,E12000005,924,2054861
West Midlands,2022-10-16,E12000005,686,2053937
West Midlands,2022-10-15,E12000005,589,2053251
West Midlands,2022-10-14,E12000005,752,2052662
West Midlands,2022-10-13,E12000005,781,2051910
West Midlands,2022-10-12,E12000005,813,2051129
West Midlands,2022-10-11,E12000005,927,2050316
West Midlands,2022-10-10,E12000005,1047,2049389
West Midlands,2022-10-09,E12000005,829,2048342
West Midlands,2022-10-08,E12000005,696,2047513
West Midlands,2022-10-07,E12000005,914,2046817
West Midlands,2022-10-06,E12000005,859,2045903
West Midlands,2022-10-05,E12000005,1056,2045044
West Midlands,2022-10-04,E12000005,1088,2043988
West Midlands,2022-10-03,E12000005,1223,2042900
West Midlands,2022-10-02,E12000005,910,2041677
West Midlands,2022-10-01,E12000005,707,2040767
West Midlands,2022-09-30,E12000005,768,2040060
West Midlands,2022-09-29,E12000005,797,2039292
West Midlands,2022-09-28,E12000005,877,2038495
West Midlands,2022-09-27,E12000005,796,2037618
West Midlands,2022-09-26,E12000005,805,2036822
West Midlands,2022-09-25,E12000005,686,2036017
West Midlands,2022-09-24,E12000005,515,2035331
West Midlands,2022-09-23,E12000005,674,2034816
West Midlands,2022-09-22,E12000005,701,2034142
West Midlands,2022-09-21,E12000005,747,2033441
West Midlands,2022-09-20,E12000005,776,2032694
West Midlands,2022-09-19,E12000005,591,2031918
West Midlands,2022-09-18,E12000005,360,2031327
West Midlands,2022-09-17,E12000005,333,2030967
West Midlands,2022-09-16,E12000005,409,2030634
West Midlands,2022-09-15,E12000005,376,2030225
West Midlands,2022-09-14,E12000005,449,2029849
West Midlands,2022-09-13,E12000005,463,2029400
West Midlands,2022-09-12,E12000005,530,2028937
West Midlands,2022-09-11,E12000005,383,2028407
West Midlands,2022-09-10,E12000005,321,2028024
West Midlands,2022-09-09,E12000005,354,2027703
West Midlands,2022-09-08,E12000005,381,2027349
West Midlands,2022-09-07,E12000005,409,2026968
West Midlands,2022-09-06,E12000005,457,2026559
West Midlands,2022-09-05,E12000005,436,2026102
West Midlands,2022-09-04,E12000005,404,2025666
West Midlands,2022-09-03,E12000005,284,2025262
West Midlands,2022-09-02,E12000005,329,2024978
West Midlands,2022-09-01,E12000005,404,2024649
West Midlands,2022-08-31,E12000005,427,2024245
West Midlands,2022-08-30,E12000005,453,2023818
West Midlands,2022-08-29,E12000005,433,2023365
West Midlands,2022-08-28,E12000005,321,2022932
West Midlands,2022-08-27,E12000005,288,2022611
West Midlands,2022-08-26,E12000005,322,2022323
West Midlands,2022-08-25,E12000005,322,2022001
West Midlands,2022-08-24,E12000005,399,2021679
West Midlands,2022-08-23,E12000005,448,2021280
West Midlands,2022-08-22,E12000005,494,2020832
West Midlands,2022-08-21,E12000005,393,2020338
West Midlands,2022-08-20,E12000005,328,2019945
West Midlands,2022-08-19,E12000005,368,2019617
West Midlands,2022-08-18,E12000005,475,2019249
West Midlands,2022-08-17,E12000005,471,2018774
West Midlands,2022-08-16,E12000005,508,2018303
West Midlands,2022-08-15,E12000005,638,2017795
West Midlands,2022-08-14,E12000005,510,2017157
West Midlands,2022-08-13,E12000005,456,2016647
West Midlands,2022-08-12,E12000005,514,2016191
West Midlands,2022-08-11,E12000005,546,2015677
West Midlands,2022-08-10,E12000005,648,2015131
West Midlands,2022-08-09,E12000005,758,2014483
West Midlands,2022-08-08,E12000005,820,2013725
West Midlands,2022-08-07,E12000005,646,2012905
West Midlands,2022-08-06,E12000005,522,2012259
West Midlands,2022-08-05,E12000005,673,2011737
West Midlands,2022-08-04,E12000005,674,2011064
West Midlands,2022-08-03,E12000005,715,2010390
West Midlands,2022-08-02,E12000005,902,2009675
West Midlands,2022-08-01,E12000005,863,2008773
West Midlands,2022-07-31,E12000005,831,2007910
West Midlands,2022-07-30,E12000005,688,2007079
West Midlands,2022-07-29,E12000005,815,2006391
West Midlands,2022-07-28,E12000005,848,2005576
West Midlands,2022-07-27,E12000005,977,2004728
West Midlands,2022-07-26,E12000005,1127,2003751
West Midlands,2022-07-25,E12000005,1263,2002624
West Midlands,2022-07-24,E12000005,1095,2001361
West Midlands,2022-07-23,E12000005,966,2000266
West Midlands,2022-07-22,E12000005,1163,1999300
West Midlands,2022-07-21,E12000005,1350,1998137
West Midlands,2022-07-20,E12000005,1433,1996787
West Midlands,2022-07-19,E12000005,1503,1995354
West Midlands,2022-07-18,E12000005,1761,1993851
West Midlands,2022-07-17,E12000005,1569,1992090
West Midlands,2022-07-16,E12000005,1304,1990521
West Midlands,2022-07-15,E12000005,1627,1989217
West Midlands,2022-07-14,E12000005,1966,1987590
West Midlands,2022-07-13,E12000005,2095,1985624
West Midlands,2022-07-12,E12000005,2296,1983529
West Midlands,2022-07-11,E12000005,2700,1981233
West Midlands,2022-07-10,E12000005,2281,1978533
West Midlands,2022-07-09,E12000005,1898,1976252
West Midlands,2022-07-08,E12000005,2109,1974354
West Midlands,2022-07-07,E12000005,2242,1972245
West Midlands,2022-07-06,E12000005,2517,1970003
West Midlands,2022-07-05,E12000005,2596,1967486
West Midlands,2022-07-04,E12000005,2735,1964890
West Midlands,2022-07-03,E12000005,2383,1962155
West Midlands,2022-07-02,E12000005,1795,1959772
West Midlands,2022-07-01,E12000005,1989,1957977
West Midlands,2022-06-30,E12000005,1959,1955988
West Midlands,2022-06-29,E12000005,1923,1954029
West Midlands,2022-06-28,E12000005,2031,1952106
West Midlands,2022-06-27,E12000005,1959,1950075
West Midlands,2022-06-26,E12000005,1606,1948116
West Midlands,2022-06-25,E12000005,1270,1946510
West Midlands,2022-06-24,E12000005,1411,1945240
West Midlands,2022-06-23,E12000005,1492,1943829
West Midlands,2022-06-22,E12000005,1592,1942337
West Midlands,2022-06-21,E12000005,1641,1940745
West Midlands,2022-06-20,E12000005,1581,1939104
West Midlands,2022-06-19,E12000005,1434,1937523
West Midlands,2022-06-18,E12000005,1146,1936089
West Midlands,2022-06-17,E12000005,1088,1934943
West Midlands,2022-06-16,E12000005,1042,1933855
West Midlands,2022-06-15,E12000005,1171,1932813
West Midlands,2022-06-14,E12000005,1088,1931642
West Midlands,2022-06-13,E12000005,1137,1930554
West Midlands,2022-06-12,E12000005,925,1929417
West Midlands,2022-06-11,E12000005,677,1928492
West Midlands,2022-06-10,E12000005,773,1927815
West Midlands,2022-06-09,E12000005,744,1927042
West Midlands,2022-06-08,E12000005,867,1926298
West Midlands,2022-06-07,E12000005,762,1925431
West Midlands,2022-06-06,E12000005,770,1924669
West Midlands,2022-06-05,E12000005,710,1923899
West Midlands,2022-06-04,E12000005,516,1923189
West Midlands,2022-06-03,E12000005,452,1922673
West Midlands,2022-06-02,E12000005,408,1922221
West Midlands,2022-06-01,E12000005,484,1921813
West Midlands,2022-05-31,E12000005,444,1921329
West Midlands,2022-05-30,E12000005,489,1920885
West Midlands,2022-05-29,E12000005,355,1920396
West Midlands,2022-05-28,E12000005,313,1920041
West Midlands,2022-05-27,E12000005,388,1919728
West Midlands,2022-05-26,E12000005,398,1919340
West Midlands,2022-05-25,E12000005,451,1918942
West Midlands,2022-05-24,E12000005,495,1918491
West Midlands,2022-05-23,E12000005,546,1917996
West Midlands,2022-05-22,E12000005,450,1917450
West Midlands,2022-05-21,E12000005,383,1917000
West Midlands,2022-05-20,E12000005,463,1916617
West Midlands,2022-05-19,E12000005,552,1916154
West Midlands,2022-05-18,E12000005,600,1915602
West Midlands,2022-05-17,E12000005,636,1915002
West Midlands,2022-05-16,E12000005,754,1914366
West Midlands,2022-05-15,E12000005,628,1913612
West Midlands,2022-05-14,E12000005,492,1912984
West Midlands,2022-05-13,E12000005,519,1912492
West Midlands,2022-05-12,E12000005,565,1911973
West Midlands,2022-05-11,E12000005,662,1911408
West Midlands,2022-05-10,E12000005,729,1910746
West Midlands,2022-05-09,E12000005,841,1910017
West Midlands,2022-05-08,E12000005,680,1909176
West Midlands,2022-05-07,E12000005,544,1908496
West Midlands,2022-05-06,E12000005,674,1907952
West Midlands,2022-05-05,E12000005,740,1907278
West Midlands,2022-05-04,E12000005,852,1906538
West Midlands,2022-05-03,E12000005,981,1905686
West Midlands,2022-05-02,E12000005,928,1904705
West Midlands,2022-05-01,E12000005,689,1903777
West Midlands,2022-04-30,E12000005,593,1903088
West Midlands,2022-04-29,E12000005,699,1902495
West Midlands,2022-04-28,E12000005,865,1901796
West Midlands,2022-04-27,E12000005,944,1900931
West Midlands,2022-04-26,E12000005,1127,1899987
West Midlands,2022-04-25,E12000005,1272,1898860
West Midlands,2022-04-24,E12000005,1218,1897588
West Midlands,2022-04-23,E12000005,1016,1896370
West Midlands,2022-04-22,E12000005,1244,1895354
West Midlands,2022-04-21,E12000005,1367,1894110
West Midlands,2022-04-20,E12000005,1637,1892743
West Midlands,2022-04-19,E12000005,1963,1891106
West Midlands,2022-04-18,E12000005,2032,1889143
West Midlands,2022-04-17,E12000005,1675,1887111
West Midlands,2022-04-16,E12000005,1685,1885436
West Midlands,2022-04-15,E12000005,1806,1883751
West Midlands,2022-04-14,E12000005,2229,1881945
West Midlands,2022-04-13,E12000005,2654,1879716
West Midlands,2022-04-12,E12000005,2808,1877062
West Midlands,2022-04-11,E12000005,3080,1874254
West Midlands,2022-04-10,E12000005,2670,1871174
West Midlands,2022-04-09,E12000005,2316,1868504
West Midlands,2022-04-08,E12000005,2767,1866188
West Midlands,2022-04-07,E12000005,3207,1863421
West Midlands,2022-04-06,E12000005,3850,1860214
West Midlands,2022-04-05,E12000005,4208,1856364
West Midlands,2022-04-04,E12000005,4749,1852156
West Midlands,2022-04-03,E12000005,3805,1847407
West Midlands,2022-04-02,E12000005,3271,1843602
West Midlands,2022-04-01,E12000005,3979,1840331
West Midlands,2022-03-31,E12000005,4427,1836352
West Midlands,2022-03-30,E12000005,6161,1831925
West Midlands,2022-03-29,E12000005,6789,1825764
West Midlands,2022-03-28,E12000005,7616,1818975
West Midlands,2022-03-27,E12000005,5814,1811359
West Midlands,2022-03-26,E12000005,4992,1805545
West Midlands,2022-03-25,E12000005,5683,1800553
West Midlands,2022-03-24,E12000005,6397,1794870
West Midlands,2022-03-23,E12000005,7222,1788473
West Midlands,2022-03-22,E12000005,7540,1781251
West Midlands,2022-03-21,E12000005,8026,1773711
West Midlands,2022-03-20,E12000005,5857,1765685
West Midlands,2022-03-19,E12000005,4952,1759828
West Midlands,2022-03-18,E12000005,5199,1754876
West Midlands,2022-03-17,E12000005,5847,1749677
West Midlands,2022-03-16,E12000005,6058,1743830
West Midlands,2022-03-15,E12000005,6103,1737772
West Midlands,2022-03-14,E12000005,6362,1731669
West Midlands,2022-03-13,E12000005,4865,1725307
West Midlands,2022-03-12,E12000005,3818,1720442
West Midlands,2022-03-11,E12000005,4094,1716624
West Midlands,2022-03-10,E12000005,4282,1712530
West Midlands,2022-03-09,E12000005,4138,1708248
West Midlands,2022-03-08,E12000005,4056,1704110
West Midlands,2022-03-07,E12000005,3891,1700054
West Midlands,2022-03-06,E12000005,2769,1696163
West Midlands,2022-03-05,E12000005,2151,1693394
West Midlands,2022-03-04,E12000005,2400,1691243
West Midlands,2022-03-03,E12000005,2403,1688843
West Midlands,2022-03-02,E12000005,2607,1686440
West Midlands,2022-03-01,E12000005,2565,1683833
West Midlands,2022-02-28,E12000005,2719,1681268
West Midlands,2022-02-27,E12000005,1860,1678549
West Midlands,2022-02-26,E12000005,1489,1676689
West Midlands,2022-02-25,E12000005,1682,1675200
West Midlands,2022-02-24,E12000005,1863,1673518
West Midlands,2022-02-23,E12000005,2192,1671655
West Midlands,2022-02-22,E12000005,2212,1669463
West Midlands,2022-02-21,E12000005,2625,1667251
West Midlands,2022-02-20,E12000005,2113,1664626
West Midlands,2022-02-19,E12000005,1901,1662513
West Midlands,2022-02-18,E12000005,2326,1660612
West Midlands,2022-02-17,E12000005,2925,1658286
West Midlands,2022-02-16,E12000005,3423,1655361
West Midlands,2022-02-15,E12000005,3604,1651938
West Midlands,2022-02-14,E12000005,3922,1648334
West Midlands,2022-02-13,E12000005,3114,1644412
West Midlands,2022-02-12,E12000005,2519,1641298
West Midlands,2022-02-11,E12000005,3185,1638779
West Midlands,2022-02-10,E12000005,3533,1635594
West Midlands,2022-02-09,E12000005,4547,1632061
West Midlands,2022-02-08,E12000005,5022,1627514
West Midlands,2022-02-07,E12000005,5852,1622492
West Midlands,2022-02-06,E12000005,4701,1616640
West Midlands,2022-02-05,E12000005,3935,1611939
West Midlands,2022-02-04,E12000005,4876,1608004
West Midlands,2022-02-03,E12000005,6321,1603128
West Midlands,2022-02-02,E12000005,7106,1596807
West Midlands,2022-02-01,E12000005,7795,1589701
West Midlands,2022-01-31,E12000005,8835,1581906
West Midlands,2022-01-30,E12000005,7735,1573071
West Midlands,2022-01-29,E12000005,6230,1565336
West Midlands,2022-01-28,E12000005,7310,1559106
West Midlands,2022-01-27,E12000005,8697,1551796
West Midlands,2022-01-26,E12000005,10040,1543099
West Midlands,2022-01-25,E12000005,10830,1533059
West Midlands,2022-01-24,E12000005,12238,1522229
West Midlands,2022-01-23,E12000005,10140,1509991
West Midlands,2022-01-22,E12000005,8015,1499851
West Midlands,2022-01-21,E12000005,8796,1491836
West Midlands,2022-01-20,E12000005,10047,1483040
West Midlands,2022-01-19,E12000005,11599,1472993
West Midlands,2022-01-18,E12000005,12259,1461394
West Midlands,2022-01-17,E12000005,13962,1449135
West Midlands,2022-01-16,E12000005,10537,1435173
West Midlands,2022-01-15,E12000005,8069,1424636
West Midlands,2022-01-14,E12000005,8779,1416567
West Midlands,2022-01-13,E12000005,10297,1407788
West Midlands,2022-01-12,E12000005,10718,1397491
West Midlands,2022-01-11,E12000005,11915,1386773
West Midlands,2022-01-10,E12000005,13583,1374858
West Midlands,2022-01-09,E12000005,9519,1361275
West Midlands,2022-01-08,E12000005,9232,1351756
West Midlands,2022-01-07,E12000005,12231,1342524
West Midlands,2022-01-06,E12000005,18100,1330293
West Midlands,2022-01-05,E12000005,21156,1312193
West Midlands,2022-01-04,E12000005,25390,1291037
West Midlands,2022-01-03,E12000005,20782,1265647
West Midlands,2022-01-02,E12000005,15907,1244865
West Midlands,2022-01-01,E12000005,10889,1228958
West Midlands,2021-12-31,E12000005,15642,1218069
West Midlands,2021-12-30,E12000005,19850,1202427
West Midlands,2021-12-29,E12000005,22524,1182577
West Midlands,2021-12-28,E12000005,17572,1160053
West Midlands,2021-12-27,E12000005,15891,1142481
West Midlands,2021-12-26,E12000005,9256,1126590
West Midlands,2021-12-25,E12000005,5730,1117334
West Midlands,2021-12-24,E12000005,10556,1111604
West Midlands,2021-12-23,E12000005,11646,1101048
West Midlands,2021-12-22,E12000005,11457,1089402
West Midlands,2021-12-21,E12000005,9965,1077945
West Midlands,2021-12-20,E12000005,8590,1067980
West Midlands,2021-12-19,E12000005,5521,1059390
West Midlands,2021-12-18,E12000005,5179,1053869
West Midlands,2021-12-17,E12000005,5873,1048690
West Midlands,2021-12-16,E12000005,6376,1042817
West Midlands,2021-12-15,E12000005,6983,1036441
West Midlands,2021-12-14,E12000005,5798,1029458
West Midlands,2021-12-13,E12000005,5488,1023660
West Midlands,2021-12-12,E12000005,3471,1018172
West Midlands,2021-12-11,E12000005,3361,1014701
West Midlands,2021-12-10,E12000005,3896,1011340
West Midlands,2021-12-09,E12000005,4288,1007444
West Midlands,2021-12-08,E12000005,4432,1003156
West Midlands,2021-12-07,E12000005,4421,998724
West Midlands,2021-12-06,E12000005,4877,994303
West Midlands,2021-12-05,E12000005,3252,989426
West Midlands,2021-12-04,E12000005,3165,986174
West Midlands,2021-12-03,E12000005,3586,983009
West Midlands,2021-12-02,E12000005,3779,979423
West Midlands,2021-12-01,E12000005,4099,975644
West Midlands,2021-11-30,E12000005,4381,971545
West Midlands,2021-11-29,E12000005,4409,967164
West Midlands,2021-11-28,E12000005,3134,962755
West Midlands,2021-11-27,E12000005,2409,959621
West Midlands,2021-11-26,E12000005,3183,957212
West Midlands,2021-11-25,E12000005,3509,954029
West Midlands,2021-11-24,E12000005,3846,950520
West Midlands,2021-11-23,E12000005,3800,946674
West Midlands,2021-11-22,E12000005,4200,942874
West Midlands,2021-11-21,E12000005,3170,938674
West Midlands,2021-11-20,E12000005,3022,935504
West Midlands,2021-11-19,E12000005,3510,932482
West Midlands,2021-11-18,E12000005,3777,928972
West Midlands,2021-11-17,E12000005,3966,925195
West Midlands,2021-11-16,E12000005,4101,921229
West Midlands,2021-11-15,E12000005,4234,917128
West Midlands,2021-11-14,E12000005,3022,912894
West Midlands,2021-11-13,E12000005,2588,909872
West Midlands,2021-11-12,E12000005,3080,907284
West Midlands,2021-11-11,E12000005,3303,904204
West Midlands,2021-11-10,E12000005,3617,900901
West Midlands,2021-11-09,E12000005,3363,897284
West Midlands,2021-11-08,E12000005,3789,893921
West Midlands,2021-11-07,E12000005,2752,890132
West Midlands,2021-11-06,E12000005,2464,887380
West Midlands,2021-11-05,E12000005,2407,884916
West Midlands,2021-11-04,E12000005,2887,882509
West Midlands,2021-11-03,E12000005,3003,879622
West Midlands,2021-11-02,E12000005,3096,876619
West Midlands,2021-11-01,E12000005,4019,873523
West Midlands,2021-10-31,E12000005,2983,869504
West Midlands,2021-10-30,E12000005,2941,866521
West Midlands,2021-10-29,E12000005,3291,863580
West Midlands,2021-10-28,E12000005,3567,860289
West Midlands,2021-10-27,E12000005,3824,856722
West Midlands,2021-10-26,E12000005,3311,852898
West Midlands,2021-10-25,E12000005,3832,849587
West Midlands,2021-10-24,E12000005,2950,845755
West Midlands,2021-10-23,E12000005,2840,842805
West Midlands,2021-10-22,E12000005,3454,839965
West Midlands,2021-10-21,E12000005,3736,836511
West Midlands,2021-10-20,E12000005,4492,832775
West Midlands,2021-10-19,E12000005,4649,828283
West Midlands,2021-10-18,E12000005,5053,823634
West Midlands,2021-10-17,E12000005,3870,818581
West Midlands,2021-10-16,E12000005,3251,814711
West Midlands,2021-10-15,E12000005,3705,811460
West Midlands,2021-10-14,E12000005,4296,807755
West Midlands,2021-10-13,E12000005,4200,803459
West Midlands,2021-10-12,E12000005,4372,799259
West Midlands,2021-10-11,E12000005,4621,794887
West Midlands,2021-10-10,E12000005,3524,790266
West Midlands,2021-10-09,E12000005,2987,786742
West Midlands,2021-10-08,E12000005,3478,783755
West Midlands,2021-10-07,E12000005,4010,780277
West Midlands,2021-10-06,E12000005,4052,776267
West Midlands,2021-10-05,E12000005,3956,772215
West Midlands,2021-10-04,E12000005,4112,768259
West Midlands,2021-10-03,E12000005,3450,764147
West Midlands,2021-10-02,E12000005,2787,760697
West Midlands,2021-10-01,E12000005,3000,757910
West Midlands,2021-09-30,E12000005,3544,754910
West Midlands,2021-09-29,E12000005,3560,751366
West Midlands,2021-09-28,E12000005,3636,747806
West Midlands,2021-09-27,E12000005,4236,744170
West Midlands,2021-09-26,E12000005,3390,739934
West Midlands,2021-09-25,E12000005,3030,736544
West Midlands,2021-09-24,E12000005,3345,733514
West Midlands,2021-09-23,E12000005,3770,730169
West Midlands,2021-09-22,E12000005,3757,726399
West Midlands,2021-09-21,E12000005,3888,722642
West Midlands,2021-09-20,E12000005,4198,718754
West Midlands,2021-09-19,E12000005,3227,714556
West Midlands,2021-09-18,E12000005,2625,711329
West Midlands,2021-09-17,E12000005,2808,708704
West Midlands,2021-09-16,E12000005,2863,705896
West Midlands,2021-09-15,E12000005,2787,703033
West Midlands,2021-09-14,E12000005,2892,700246
West Midlands,2021-09-13,E12000005,3071,697354
West Midlands,2021-09-12,E12000005,2082,694283
West Midlands,2021-09-11,E12000005,2078,692201
West Midlands,2021-09-10,E12000005,2619,690123
West Midlands,2021-09-09,E12000005,2968,687504
West Midlands,2021-09-08,E12000005,3012,684536
West Midlands,2021-09-07,E12000005,3357,681524
West Midlands,2021-09-06,E12000005,3700,678167
West Midlands,2021-09-05,E12000005,2649,674467
West Midlands,2021-09-04,E12000005,2658,671818
West Midlands,2021-09-03,E12000005,3165,669160
West Midlands,2021-09-02,E12000005,3182,665995
West Midlands,2021-09-01,E12000005,3354,662813
West Midlands,2021-08-31,E12000005,3589,659459
West Midlands,2021-08-30,E12000005,2790,655870
West Midlands,2021-08-29,E12000005,2173,653080
West Midlands,2021-08-28,E12000005,2211,650907
West Midlands,2021-08-27,E12000005,2667,648696
West Midlands,2021-08-26,E12000005,2928,646029
West Midlands,2021-08-25,E12000005,3057,643101
West Midlands,2021-08-24,E12000005,3078,640044
West Midlands,2021-08-23,E12000005,3281,636966
West Midlands,2021-08-22,E12000005,2486,633685
West Midlands,2021-08-21,E12000005,2577,631199
West Midlands,2021-08-20,E12000005,2737,628622
West Midlands,2021-08-19,E12000005,3047,625885
West Midlands,2021-08-18,E12000005,3240,622838
West Midlands,2021-08-17,E12000005,3178,619598
West Midlands,2021-08-16,E12000005,3149,616420
West Midlands,2021-08-15,E12000005,2411,613271
West Midlands,2021-08-14,E12000005,2326,610860
West Midlands,2021-08-13,E12000005,2471,608534
West Midlands,2021-08-12,E12000005,2940,606063
West Midlands,2021-08-11,E12000005,3065,603123
West Midlands,2021-08-10,E12000005,2853,600058
West Midlands,2021-08-09,E12000005,3144,597205
West Midlands,2021-08-08,E12000005,2083,594061
West Midlands,2021-08-07,E12000005,1976,591978
West Midlands,2021-08-06,E12000005,2454,590002
West Midlands,2021-08-05,E12000005,2918,587548
West Midlands,2021-08-04,E12000005,2873,584630
West Midlands,2021-08-03,E12000005,2600,581757
West Midlands,2021-08-02,E12000005,2681,579157
West Midlands,2021-08-01,E12000005,1900,576476
West Midlands,2021-07-31,E12000005,1855,574576
West Midlands,2021-07-30,E12000005,2028,572721
West Midlands,2021-07-29,E12000005,2338,570693
West Midlands,2021-07-28,E12000005,2542,568355
West Midlands,2021-07-27,E12000005,2445,565813
West Midlands,2021-07-26,E12000005,2586,563368
West Midlands,2021-07-25,E12000005,2018,560782
West Midlands,2021-07-24,E12000005,2005,558764
West Midlands,2021-07-23,E12000005,2538,556759
West Midlands,2021-07-22,E12000005,2872,554221
West Midlands,2021-07-21,E12000005,3338,551349
West Midlands,2021-07-20,E12000005,3667,548011
West Midlands,2021-07-19,E12000005,4519,544344
West Midlands,2021-07-18,E12000005,3635,539825
West Midlands,2021-07-17,E12000005,3879,536190
West Midlands,2021-07-16,E12000005,5656,532311
West Midlands,2021-07-15,E12000005,6470,526655
West Midlands,2021-07-14,E12000005,5440,520185
West Midlands,2021-07-13,E12000005,4794,514745
West Midlands,2021-07-12,E12000005,4613,509951
West Midlands,2021-07-11,E12000005,3036,505338
West Midlands,2021-07-10,E12000005,2795,502302
West Midlands,2021-07-09,E12000005,3050,499507
West Midlands,2021-07-08,E12000005,3214,496457
West Midlands,2021-07-07,E12000005,3504,493243
West Midlands,2021-07-06,E12000005,3333,489739
West Midlands,2021-07-05,E12000005,3114,486406
West Midlands,2021-07-04,E12000005,2276,483292
West Midlands,2021-07-03,E12000005,2204,481016
West Midlands,2021-07-02,E12000005,2397,478812
West Midlands,2021-07-01,E12000005,2529,476415
West Midlands,2021-06-30,E12000005,2508,473886
West Midlands,2021-06-29,E12000005,2319,471378
West Midlands,2021-06-28,E12000005,2379,469059
West Midlands,2021-06-27,E12000005,1515,466680
West Midlands,2021-06-26,E12000005,1355,465165
West Midlands,2021-06-25,E12000005,1374,463810
West Midlands,2021-06-24,E12000005,1505,462436
West Midlands,2021-06-23,E12000005,1417,460931
West Midlands,2021-06-22,E12000005,1293,459514
West Midlands,2021-06-21,E12000005,1174,458221
West Midlands,2021-06-20,E12000005,700,457047
West Midlands,2021-06-19,E12000005,641,456347
West Midlands,2021-06-18,E12000005,725,455706
West Midlands,2021-06-17,E12000005,734,454981
West Midlands,2021-06-16,E12000005,768,454247
West Midlands,2021-06-15,E12000005,739,453479
West Midlands,2021-06-14,E12000005,701,452740
West Midlands,2021-06-13,E12000005,482,452039
West Midlands,2021-06-12,E12000005,403,451557
West Midlands,2021-06-11,E12000005,482,451154
West Midlands,2021-06-10,E12000005,502,450672
West Midlands,2021-06-09,E12000005,543,450170
West Midlands,2021-06-08,E12000005,511,449627
West Midlands,2021-06-07,E12000005,511,449116
West Midlands,2021-06-06,E12000005,330,448605
West Midlands,2021-06-05,E12000005,301,448275
West Midlands,2021-06-04,E12000005,378,447974
West Midlands,2021-06-03,E12000005,366,447596
West Midlands,2021-06-02,E12000005,401,447230
West Midlands,2021-06-01,E12000005,339,446829
West Midlands,2021-05-31,E12000005,258,446490
West Midlands,2021-05-30,E12000005,202,446232
West Midlands,2021-05-29,E12000005,192,446030
West Midlands,2021-05-28,E12000005,240,445838
West Midlands,2021-05-27,E12000005,179,445598
West Midlands,2021-05-26,E12000005,239,445419
West Midlands,2021-05-25,E12000005,231,445180
West Midlands,2021-05-24,E12000005,219,444949
West Midlands,2021-05-23,E12000005,128,444730
West Midlands,2021-05-22,E12000005,111,444602
West Midlands,2021-05-21,E12000005,141,444491
West Midlands,2021-05-20,E12000005,138,444350
West Midlands,2021-05-19,E12000005,162,444212
West Midlands,2021-05-18,E12000005,169,444050
West Midlands,2021-05-17,E12000005,192,443881
West Midlands,2021-05-16,E12000005,101,443689
West Midlands,2021-05-15,E12000005,108,443588
West Midlands,2021-05-14,E12000005,116,443480
West Midlands,2021-05-13,E12000005,142,443364
West Midlands,2021-05-12,E12000005,146,443222
West Midlands,2021-05-11,E12000005,137,443076
West Midlands,2021-05-10,E12000005,182,442939
West Midlands,2021-05-09,E12000005,163,442757
West Midlands,2021-05-08,E12000005,103,442594
West Midlands,2021-05-07,E12000005,108,442491
West Midlands,2021-05-06,E12000005,147,442383
West Midlands,2021-05-05,E12000005,189,442236
West Midlands,2021-05-04,E12000005,199,442047
West Midlands,2021-05-03,E12000005,164,441848
West Midlands,2021-05-02,E12000005,108,441684
West Midlands,2021-05-01,E12000005,96,441576
West Midlands,2021-04-30,E12000005,167,441480
West Midlands,2021-04-29,E12000005,171,441313
West Midlands,2021-04-28,E12000005,204,441142
West Midlands,2021-04-27,E12000005,155,440938
West Midlands,2021-04-26,E12000005,231,440783
West Midlands,2021-04-25,E12000005,181,440552
West Midlands,2021-04-24,E12000005,118,440371
West Midlands,2021-04-23,E12000005,156,440253
West Midlands,2021-04-22,E12000005,188,440097
West Midlands,2021-04-21,E12000005,244,439909
West Midlands,2021-04-20,E12000005,195,439665
West Midlands,2021-04-19,E12000005,222,439470
West Midlands,2021-04-18,E12000005,245,439248
West Midlands,2021-04-17,E12000005,160,439003
West Midlands,2021-04-16,E12000005,188,438843
West Midlands,2021-04-15,E12000005,194,438655
West Midlands,2021-04-14,E12000005,199,438461
West Midlands,2021-04-13,E12000005,226,438262
West Midlands,2021-04-12,E12000005,229,438036
West Midlands,2021-04-11,E12000005,177,437807
West Midlands,2021-04-10,E12000005,183,437630
West Midlands,2021-04-09,E12000005,266,437447
West Midlands,2021-04-08,E12000005,262,437181
West Midlands,2021-04-07,E12000005,266,436919
West Midlands,2021-04-06,E12000005,276,436653
West Midlands,2021-04-05,E12000005,232,436377
West Midlands,2021-04-04,E12000005,227,436145
West Midlands,2021-04-03,E12000005,209,435918
West Midlands,2021-04-02,E12000005,230,435709
West Midlands,2021-04-01,E12000005,335,435479
West Midlands,2021-03-31,E12000005,414,435144
West Midlands,2021-03-30,E12000005,387,434730
West Midlands,2021-03-29,E12000005,387,434343
West Midlands,2021-03-28,E12000005,533,433956
West Midlands,2021-03-27,E12000005,343,433423
West Midlands,2021-03-26,E12000005,420,433080
West Midlands,2021-03-25,E12000005,555,432660
West Midlands,2021-03-24,E12000005,638,432105
West Midlands,2021-03-23,E12000005,543,431467
West Midlands,2021-03-22,E12000005,659,430924
West Midlands,2021-03-21,E12000005,588,430265
West Midlands,2021-03-20,E12000005,417,429677
West Midlands,2021-03-19,E12000005,503,429260
West Midlands,2021-03-18,E12000005,515,428757
West Midlands,2021-03-17,E12000005,635,428242
West Midlands,2021-03-16,E12000005,637,427607
West Midlands,2021-03-15,E12000005,752,426970
West Midlands,2021-03-14,E12000005,482,426218
West Midlands,2021-03-13,E12000005,416,425736
West Midlands,2021-03-12,E12000005,579,425320
West Midlands,2021-03-11,E12000005,563,424741
West Midlands,2021-03-10,E12000005,657,424178
West Midlands,2021-03-09,E12000005,609,423521
West Midlands,2021-03-08,E12000005,738,422912
West Midlands,2021-03-07,E12000005,470,422174
West Midlands,2021-03-06,E12000005,450,421704
West Midlands,2021-03-05,E12000005,582,421254
West Midlands,2021-03-04,E12000005,650,420672
West Midlands,2021-03-03,E12000005,659,420022
West Midlands,2021-03-02,E12000005,834,419363
West Midlands,2021-03-01,E12000005,873,418529
West Midlands,2021-02-28,E12000005,540,417656
West Midlands,2021-02-27,E12000005,534,417116
West Midlands,2021-02-26,E12000005,795,416582
West Midlands,2021-02-25,E12000005,918,415787
West Midlands,2021-02-24,E12000005,1065,414869
West Midlands,2021-02-23,E12000005,1206,413804
West Midlands,2021-02-22,E12000005,1525,412598
West Midlands,2021-02-21,E12000005,974,411073
West Midlands,2021-02-20,E12000005,977,410099
West Midlands,2021-02-19,E12000005,1329,409122
West Midlands,2021-02-18,E12000005,1458,407793
West Midlands,2021-02-17,E12000005,1489,406335
West Midlands,2021-02-16,E12000005,1674,404846
West Midlands,2021-02-15,E12000005,1843,403172
West Midlands,2021-02-14,E12000005,1039,401329
West Midlands,2021-02-13,E12000005,1129,400290
West Midlands,2021-02-12,E12000005,1543,399161
West Midlands,2021-02-11,E12000005,1569,397618
West Midlands,2021-02-10,E12000005,1708,396049
West Midlands,2021-02-09,E12000005,1757,394341
West Midlands,2021-02-08,E12000005,2050,392584
West Midlands,2021-02-07,E12000005,1401,390534
West Midlands,2021-02-06,E12000005,1583,389133
West Midlands,2021-02-05,E12000005,1995,387550
West Midlands,2021-02-04,E12000005,2290,385555
West Midlands,2021-02-03,E12000005,2394,383265
West Midlands,2021-02-02,E12000005,2510,380871
West Midlands,2021-02-01,E12000005,2795,378361
West Midlands,2021-01-31,E12000005,1924,375566
West Midlands,2021-01-30,E12000005,2024,373642
West Midlands,2021-01-29,E12000005,2811,371618
West Midlands,2021-01-28,E12000005,3195,368807
West Midlands,2021-01-27,E12000005,3217,365612
West Midlands,2021-01-26,E12000005,3592,362395
West Midlands,2021-01-25,E12000005,3356,358803
West Midlands,2021-01-24,E12000005,1375,355447
West Midlands,2021-01-23,E12000005,2606,354072
West Midlands,2021-01-22,E12000005,3733,351466
West Midlands,2021-01-21,E12000005,3749,347733
West Midlands,2021-01-20,E12000005,4441,343984
West Midlands,2021-01-19,E12000005,4901,339543
West Midlands,2021-01-18,E12000005,5452,334642
West Midlands,2021-01-17,E12000005,3729,329190
West Midlands,2021-01-16,E12000005,3684,325461
West Midlands,2021-01-15,E12000005,5058,321777
West Midlands,2021-01-14,E12000005,5168,316719
West Midlands,2021-01-13,E12000005,5386,311551
West Midlands,2021-01-12,E12000005,5629,306165
West Midlands,2021-01-11,E12000005,6062,300536
West Midlands,2021-01-10,E12000005,3936,294474
West Midlands,2021-01-09,E12000005,4075,290538
West Midlands,2021-01-08,E12000005,4754,286463
West Midlands,2021-01-07,E12000005,4938,281709
West Midlands,2021-01-06,E12000005,5756,276771
West Midlands,2021-01-05,E12000005,6069,271015
West Midlands,2021-01-04,E12000005,7369,264946
West Midlands,2021-01-03,E12000005,4984,257577
West Midlands,2021-01-02,E12000005,5790,252593
West Midlands,2021-01-01,E12000005,3074,246803
West Midlands,2020-12-31,E12000005,4700,243729
West Midlands,2020-12-30,E12000005,6026,239029
West Midlands,2020-12-29,E12000005,6234,233003
West Midlands,2020-12-28,E12000005,3193,226769
West Midlands,2020-12-27,E12000005,3234,223576
West Midlands,2020-12-26,E12000005,2660,220342
West Midlands,2020-12-25,E12000005,1035,217682
West Midlands,2020-12-24,E12000005,2172,216647
West Midlands,2020-12-23,E12000005,2797,214475
West Midlands,2020-12-22,E12000005,2879,211678
West Midlands,2020-12-21,E12000005,3046,208799
West Midlands,2020-12-20,E12000005,2276,205753
West Midlands,2020-12-19,E12000005,1668,203477
West Midlands,2020-12-18,E12000005,2117,201809
West Midlands,2020-12-17,E12000005,2174,199692
West Midlands,2020-12-16,E12000005,2094,197518
West Midlands,2020-12-15,E12000005,2299,195424
West Midlands,2020-12-14,E12000005,2434,193125
West Midlands,2020-12-13,E12000005,1355,190691
West Midlands,2020-12-12,E12000005,1358,189336
West Midlands,2020-12-11,E12000005,1777,187978
West Midlands,2020-12-10,E12000005,1696,186201
West Midlands,2020-12-09,E12000005,1690,184505
West Midlands,2020-12-08,E12000005,1762,182815
West Midlands,2020-12-07,E12000005,1780,181053
West Midlands,2020-12-06,E12000005,1154,179273
West Midlands,2020-12-05,E12000005,1124,178119
West Midlands,2020-12-04,E12000005,1419,176995
West Midlands,2020-12-03,E12000005,1385,175576
West Midlands,2020-12-02,E12000005,1502,174191
West Midlands,2020-12-01,E12000005,1563,172689
West Midlands,2020-11-30,E12000005,1739,171126
West Midlands,2020-11-29,E12000005,1145,169387
West Midlands,2020-11-28,E12000005,1157,168242
West Midlands,2020-11-27,E12000005,1580,167085
West Midlands,2020-11-26,E12000005,1728,165505
West Midlands,2020-11-25,E12000005,1951,163777
West Midlands,2020-11-24,E12000005,2060,161826
West Midlands,2020-11-23,E12000005,2298,159766
West Midlands,2020-11-22,E12000005,1504,157468
West Midlands,2020-11-21,E12000005,1623,155964
West Midlands,2020-11-20,E12000005,2349,154341
West Midlands,2020-11-19,E12000005,2416,151992
West Midlands,2020-11-18,E12000005,2664,149576
West Midlands,2020-11-17,E12000005,3081,146912
West Midlands,2020-11-16,E12000005,3459,143831
West Midlands,2020-11-15,E12000005,2048,140372
West Midlands,2020-11-14,E12000005,2391,138324
West Midlands,2020-11-13,E12000005,3094,135933
West Midlands,2020-11-12,E12000005,3163,132839
West Midlands,2020-11-11,E12000005,3613,129676
West Midlands,2020-11-10,E12000005,3685,126063
West Midlands,2020-11-09,E12000005,4001,122378
West Midlands,2020-11-08,E12000005,2488,118377
West Midlands,2020-11-07,E12000005,2320,115889
West Midlands,2020-11-06,E12000005,2834,113569
West Midlands,2020-11-05,E12000005,2886,110735
West Midlands,2020-11-04,E12000005,2785,107849
West Midlands,2020-11-03,E12000005,3155,105064
West Midlands,2020-11-02,E12000005,3716,101909
West Midlands,2020-11-01,E12000005,1645,98193
West Midlands,2020-10-31,E12000005,1976,96548
West Midlands,2020-10-30,E12000005,2613,94572
West Midlands,2020-10-29,E12000005,2533,91959
West Midlands,2020-10-28,E12000005,2591,89426
West Midlands,2020-10-27,E12000005,2465,86835
West Midlands,2020-10-26,E12000005,2654,84370
West Midlands,2020-10-25,E12000005,1607,81716
West Midlands,2020-10-24,E12000005,1564,80109
West Midlands,2020-10-23,E12000005,2053,78545
West Midlands,2020-10-22,E12000005,2135,76492
West Midlands,2020-10-21,E12000005,2258,74357
West Midlands,2020-10-20,E12000005,2312,72099
West Midlands,2020-10-19,E12000005,2230,69787
West Midlands,2020-10-18,E12000005,1204,67557
West Midlands,2020-10-17,E12000005,1255,66353
West Midlands,2020-10-16,E12000005,1646,65098
West Midlands,2020-10-15,E12000005,1610,63452
West Midlands,2020-10-14,E12000005,1598,61842
West Midlands,2020-10-13,E12000005,1509,60244
West Midlands,2020-10-12,E12000005,1528,58735
West Midlands,2020-10-11,E12000005,928,57207
West Midlands,2020-10-10,E12000005,926,56279
West Midlands,2020-10-09,E12000005,1202,55353
West Midlands,2020-10-08,E12000005,1287,54151
West Midlands,2020-10-07,E12000005,1226,52864
West Midlands,2020-10-06,E12000005,1228,51638
West Midlands,2020-10-05,E12000005,1176,50410
West Midlands,2020-10-04,E12000005,695,49234
West Midlands,2020-10-03,E12000005,758,48539
West Midlands,2020-10-02,E12000005,952,47781
West Midlands,2020-10-01,E12000005,898,46829
West Midlands,2020-09-30,E12000005,943,45931
West Midlands,2020-09-29,E12000005,767,44988
West Midlands,2020-09-28,E12000005,700,44221
West Midlands,2020-09-27,E12000005,500,43521
West Midlands,2020-09-26,E12000005,570,43021
West Midlands,2020-09-25,E12000005,605,42451
West Midlands,2020-09-24,E12000005,695,41846
West Midlands,2020-09-23,E12000005,693,41151
West Midlands,2020-09-22,E12000005,612,40458
West Midlands,2020-09-21,E12000005,650,39846
West Midlands,2020-09-20,E12000005,609,39196
West Midlands,2020-09-19,E12000005,588,38587
West Midlands,2020-09-18,E12000005,586,37999
West Midlands,2020-09-17,E12000005,513,37413
West Midlands,2020-09-16,E12000005,467,36900
West Midlands,2020-09-15,E12000005,357,36433
West Midlands,2020-09-14,E12000005,328,36076
West Midlands,2020-09-13,E12000005,222,35748
West Midlands,2020-09-12,E12000005,291,35526
West Midlands,2020-09-11,E12000005,363,35235
West Midlands,2020-09-10,E12000005,392,34872
West Midlands,2020-09-09,E12000005,393,34480
West Midlands,2020-09-08,E12000005,435,34087
West Midlands,2020-09-07,E12000005,497,33652
West Midlands,2020-09-06,E12000005,323,33155
West Midlands,2020-09-05,E12000005,310,32832
West Midlands,2020-09-04,E12000005,435,32522
West Midlands,2020-09-03,E12000005,370,32087
West Midlands,2020-09-02,E12000005,354,31717
West Midlands,2020-09-01,E12000005,262,31363
West Midlands,2020-08-31,E12000005,126,31101
West Midlands,2020-08-30,E12000005,95,30975
West Midlands,2020-08-29,E12000005,113,30880
West Midlands,2020-08-28,E12000005,156,30767
West Midlands,2020-08-27,E12000005,145,30611
West Midlands,2020-08-26,E12000005,134,30466
West Midlands,2020-08-25,E12000005,145,30332
West Midlands,2020-08-24,E12000005,139,30187
West Midlands,2020-08-23,E12000005,83,30048
West Midlands,2020-08-22,E12000005,76,29965
West Midlands,2020-08-21,E12000005,105,29889
West Midlands,2020-08-20,E12000005,173,29784
West Midlands,2020-08-19,E12000005,123,29611
West Midlands,2020-08-18,E12000005,112,29488
West Midlands,2020-08-17,E12000005,146,29376
West Midlands,2020-08-16,E12000005,73,29230
West Midlands,2020-08-15,E12000005,97,29157
West Midlands,2020-08-14,E12000005,175,29060
West Midlands,2020-08-13,E12000005,117,28885
West Midlands,2020-08-12,E12000005,137,28768
West Midlands,2020-08-11,E12000005,168,28631
West Midlands,2020-08-10,E12000005,160,28463
West Midlands,2020-08-09,E12000005,78,28303
West Midlands,2020-08-08,E12000005,74,28225
West Midlands,2020-08-07,E12000005,105,28151
West Midlands,2020-08-06,E12000005,115,28046
West Midlands,2020-08-05,E12000005,95,27931
West Midlands,2020-08-04,E12000005,101,27836
West Midlands,2020-08-03,E12000005,91,27735
West Midlands,2020-08-02,E12000005,43,27644
West Midlands,2020-08-01,E12000005,56,27601
West Midlands,2020-07-31,E12000005,81,27545
West Midlands,2020-07-30,E12000005,84,27464
West Midlands,2020-07-29,E12000005,95,27380
West Midlands,2020-07-28,E12000005,89,27285
West Midlands,2020-07-27,E12000005,77,27196
West Midlands,2020-07-26,E12000005,66,27119
West Midlands,2020-07-25,E12000005,67,27053
West Midlands,2020-07-24,E12000005,80,26986
West Midlands,2020-07-23,E12000005,90,26906
West Midlands,2020-07-22,E12000005,80,26816
West Midlands,2020-07-21,E12000005,79,26736
West Midlands,2020-07-20,E12000005,84,26657
West Midlands,2020-07-19,E12000005,42,26573
West Midlands,2020-07-18,E12000005,52,26531
West Midlands,2020-07-17,E12000005,68,26479
West Midlands,2020-07-16,E12000005,67,26411
West Midlands,2020-07-15,E12000005,108,26344
West Midlands,2020-07-14,E12000005,72,26236
West Midlands,2020-07-13,E12000005,79,26164
West Midlands,2020-07-12,E12000005,38,26085
West Midlands,2020-07-11,E12000005,41,26047
West Midlands,2020-07-10,E12000005,44,26006
West Midlands,2020-07-09,E12000005,123,25962
West Midlands,2020-07-08,E12000005,67,25839
West Midlands,2020-07-07,E12000005,60,25772
West Midlands,2020-07-06,E12000005,54,25712
West Midlands,2020-07-05,E12000005,36,25658
West Midlands,2020-07-04,E12000005,23,25622
West Midlands,2020-07-03,E12000005,39,25599
West Midlands,2020-07-02,E12000005,55,25560
West Midlands,2020-07-01,E12000005,50,25505
West Midlands,2020-06-30,E12000005,52,25455
West Midlands,2020-06-29,E12000005,56,25403
West Midlands,2020-06-28,E12000005,27,25347
West Midlands,2020-06-27,E12000005,44,25320
West Midlands,2020-06-26,E12000005,68,25276
West Midlands,2020-06-25,E12000005,56,25208
West Midlands,2020-06-24,E12000005,52,25152
West Midlands,2020-06-23,E12000005,52,25100
West Midlands,2020-06-22,E12000005,68,25048
West Midlands,2020-06-21,E12000005,36,24980
West Midlands,2020-06-20,E12000005,48,24944
West Midlands,2020-06-19,E12000005,53,24896
West Midlands,2020-06-18,E12000005,82,24843
West Midlands,2020-06-17,E12000005,79,24761
West Midlands,2020-06-16,E12000005,106,24682
West Midlands,2020-06-15,E12000005,103,24576
West Midlands,2020-06-14,E12000005,76,24473
West Midlands,2020-06-13,E12000005,85,24397
West Midlands,2020-06-12,E12000005,79,24312
West Midlands,2020-06-11,E12000005,92,24233
West Midlands,2020-06-10,E12000005,92,24141
West Midlands,2020-06-09,E12000005,102,24049
West Midlands,2020-06-08,E12000005,118,23947
West Midlands,2020-06-07,E12000005,65,23829
West Midlands,2020-06-06,E12000005,78,23764
West Midlands,2020-06-05,E12000005,101,23686
West Midlands,2020-06-04,E12000005,136,23585
West Midlands,2020-06-03,E12000005,127,23449
West Midlands,2020-06-02,E12000005,126,23322
West Midlands,2020-06-01,E12000005,123,23196
West Midlands,2020-05-31,E12000005,78,23073
West Midlands,2020-05-30,E12000005,114,22995
West Midlands,2020-05-29,E12000005,156,22881
West Midlands,2020-05-28,E12000005,155,22725
West Midlands,2020-05-27,E12000005,194,22570
West Midlands,2020-05-26,E12000005,151,22376
West Midlands,2020-05-25,E12000005,141,22225
West Midlands,2020-05-24,E12000005,137,22084
West Midlands,2020-05-23,E12000005,150,21947
West Midlands,2020-05-22,E12000005,197,21797
West Midlands,2020-05-21,E12000005,228,21600
West Midlands,2020-05-20,E12000005,259,21372
West Midlands,2020-05-19,E12000005,293,21113
West Midlands,2020-05-18,E12000005,221,20820
West Midlands,2020-05-17,E12000005,176,20599
West Midlands,2020-05-16,E12000005,181,20423
West Midlands,2020-05-15,E12000005,269,20242
West Midlands,2020-05-14,E12000005,260,19973
West Midlands,2020-05-13,E12000005,244,19713
West Midlands,2020-05-12,E12000005,314,19469
West Midlands,2020-05-11,E12000005,253,19155
West Midlands,2020-05-10,E12000005,219,18902
West Midlands,2020-05-09,E12000005,165,18683
West Midlands,2020-05-08,E12000005,341,18518
West Midlands,2020-05-07,E12000005,369,18177
West Midlands,2020-05-06,E12000005,317,17808
West Midlands,2020-05-05,E12000005,323,17491
West Midlands,2020-05-04,E12000005,243,17168
West Midlands,2020-05-03,E12000005,298,16925
West Midlands,2020-05-02,E12000005,323,16627
West Midlands,2020-05-01,E12000005,470,16304
West Midlands,2020-04-30,E12000005,455,15834
West Midlands,2020-04-29,E12000005,447,15379
West Midlands,2020-04-28,E12000005,378,14932
West Midlands,2020-04-27,E12000005,420,14554
West Midlands,2020-04-26,E12000005,315,14134
West Midlands,2020-04-25,E12000005,386,13819
West Midlands,2020-04-24,E12000005,484,13433
West Midlands,2020-04-23,E12000005,551,12949
West Midlands,2020-04-22,E12000005,579,12398
West Midlands,2020-04-21,E12000005,496,11819
West Midlands,2020-04-20,E12000005,408,11323
West Midlands,2020-04-19,E12000005,344,10915
West Midlands,2020-04-18,E12000005,552,10571
West Midlands,2020-04-17,E12000005,451,10019
West Midlands,2020-04-16,E12000005,514,9568
West Midlands,2020-04-15,E12000005,394,9054
West Midlands,2020-04-14,E12000005,330,8660
West Midlands,2020-04-13,E12000005,290,8330
West Midlands,2020-04-12,E12000005,245,8040
West Midlands,2020-04-11,E12000005,254,7795
West Midlands,2020-04-10,E12000005,361,7541
West Midlands,2020-04-09,E12000005,351,7180
West Midlands,2020-04-08,E12000005,375,6829
West Midlands,2020-04-07,E12000005,401,6454
West Midlands,2020-04-06,E12000005,361,6053
West Midlands,2020-04-05,E12000005,290,5692
West Midlands,2020-04-04,E12000005,347,5402
West Midlands,2020-04-03,E12000005,372,5055
West Midlands,2020-04-02,E12000005,449,4683
West Midlands,2020-04-01,E12000005,411,4234
West Midlands,2020-03-31,E12000005,413,3823
West Midlands,2020-03-30,E12000005,429,3410
West Midlands,2020-03-29,E12000005,364,2981
West Midlands,2020-03-28,E12000005,323,2617
West Midlands,2020-03-27,E12000005,278,2294
West Midlands,2020-03-26,E12000005,312,2016
West Midlands,2020-03-25,E12000005,240,1704
West Midlands,2020-03-24,E12000005,251,1464
West Midlands,2020-03-23,E12000005,239,1213
West Midlands,2020-03-22,E12000005,109,974
West Midlands,2020-03-21,E12000005,124,865
West Midlands,2020-03-20,E12000005,152,741
West Midlands,2020-03-19,E12000005,123,589
West Midlands,2020-03-18,E12000005,98,466
West Midlands,2020-03-17,E12000005,68,368
West Midlands,2020-03-16,E12000005,56,300
West Midlands,2020-03-15,E12000005,44,244
West Midlands,2020-03-14,E12000005,31,200
West Midlands,2020-03-13,E12000005,39,169
West Midlands,2020-03-12,E12000005,46,130
West Midlands,2020-03-11,E12000005,29,84
West Midlands,2020-03-10,E12000005,17,55
West Midlands,2020-03-09,E12000005,8,38
West Midlands,2020-03-08,E12000005,4,30
West Midlands,2020-03-07,E12000005,6,26
West Midlands,2020-03-06,E12000005,2,20
West Midlands,2020-03-05,E12000005,6,18
West Midlands,2020-03-04,E12000005,3,12
West Midlands,2020-03-03,E12000005,1,9
West Midlands,2020-03-02,E12000005,4,8
West Midlands,2020-03-01,E12000005,2,4
West Midlands,2020-02-29,E12000005,0,2
West Midlands,2020-02-28,E12000005,0,2
West Midlands,2020-02-27,E12000005,0,2
West Midlands,2020-02-26,E12000005,0,2
West Midlands,2020-02-25,E12000005,0,2
West Midlands,2020-02-24,E12000005,0,2
West Midlands,2020-02-23,E12000005,1,2
West Midlands,2020-02-22,E12000005,0,1
West Midlands,2020-02-21,E12000005,0,1
West Midlands,2020-02-20,E12000005,0,1
West Midlands,2020-02-19,E12000005,0,1
West Midlands,2020-02-18,E12000005,0,1
West Midlands,2020-02-17,E12000005,0,1
West Midlands,2020-02-16,E12000005,0,1
West Midlands,2020-02-15,E12000005,0,1
West Midlands,2020-02-14,E12000005,0,1
West Midlands,2020-02-13,E12000005,0,1
West Midlands,2020-02-12,E12000005,1,1
East of England,2023-11-07,E12000006,54,2304883
East of England,2023-11-06,E12000006,68,2304829
East of England,2023-11-05,E12000006,83,2304761
East of England,2023-11-04,E12000006,69,2304678
East of England,2023-11-03,E12000006,76,2304609
East of England,2023-11-02,E12000006,91,2304533
East of England,2023-11-01,E12000006,89,2304442
East of England,2023-10-31,E12000006,116,2304353
East of England,2023-10-30,E12000006,122,2304237
East of England,2023-10-29,E12000006,109,2304115
East of England,2023-10-28,E12000006,89,2304006
East of England,2023-10-27,E12000006,92,2303917
East of England,2023-10-26,E12000006,101,2303825
East of England,2023-10-25,E12000006,102,2303724
East of England,2023-10-24,E12000006,123,2303622
East of England,2023-10-23,E12000006,139,2303499
East of England,2023-10-22,E12000006,118,2303360
East of England,2023-10-21,E12000006,86,2303242
East of England,2023-10-20,E12000006,132,2303156
East of England,2023-10-19,E12000006,134,2303024
East of England,2023-10-18,E12000006,168,2302890
East of England,2023-10-17,E12000006,134,2302722
East of England,2023-10-16,E12000006,147,2302588
East of England,2023-10-15,E12000006,125,2302441
East of England,2023-10-14,E12000006,87,2302316
East of England,2023-10-13,E12000006,151,2302229
East of England,2023-10-12,E12000006,145,2302078
East of England,2023-10-11,E12000006,179,2301933
East of England,2023-10-10,E12000006,210,2301754
East of England,2023-10-09,E12000006,244,2301544
East of England,2023-10-08,E12000006,205,2301300
East of England,2023-10-07,E12000006,173,2301095
East of England,2023-10-06,E12000006,191,2300922
East of England,2023-10-05,E12000006,217,2300731
East of England,2023-10-04,E12000006,229,2300514
East of England,2023-10-03,E12000006,276,2300285
East of England,2023-10-02,E12000006,244,2300009
East of England,2023-10-01,E12000006,245,2299765
East of England,2023-09-30,E12000006,180,2299520
East of England,2023-09-29,E12000006,238,2299340
East of England,2023-09-28,E12000006,227,2299102
East of England,2023-09-27,E12000006,250,2298875
East of England,2023-09-26,E12000006,272,2298625
East of England,2023-09-25,E12000006,243,2298353
East of England,2023-09-24,E12000006,209,2298110
East of England,2023-09-23,E12000006,134,2297901
East of England,2023-09-22,E12000006,165,2297767
East of England,2023-09-21,E12000006,167,2297602
East of England,2023-09-20,E12000006,213,2297435
East of England,2023-09-19,E12000006,162,2297222
East of England,2023-09-18,E12000006,211,2297060
East of England,2023-09-17,E12000006,165,2296849
East of England,2023-09-16,E12000006,121,2296684
East of England,2023-09-15,E12000006,146,2296563
East of England,2023-09-14,E12000006,178,2296417
East of England,2023-09-13,E12000006,143,2296239
East of England,2023-09-12,E12000006,185,2296096
East of England,2023-09-11,E12000006,172,2295911
East of England,2023-09-10,E12000006,182,2295739
East of England,2023-09-09,E12000006,152,2295557
East of England,2023-09-08,E12000006,172,2295405
East of England,2023-09-07,E12000006,160,2295233
East of England,2023-09-06,E12000006,192,2295073
East of England,2023-09-05,E12000006,185,2294881
East of England,2023-09-04,E12000006,209,2294696
East of England,2023-09-03,E12000006,181,2294487
East of England,2023-09-02,E12000006,153,2294306
East of England,2023-09-01,E12000006,173,2294153
East of England,2023-08-31,E12000006,152,2293980
East of England,2023-08-30,E12000006,161,2293828
East of England,2023-08-29,E12000006,137,2293667
East of England,2023-08-28,E12000006,80,2293530
East of England,2023-08-27,E12000006,94,2293450
East of England,2023-08-26,E12000006,114,2293356
East of England,2023-08-25,E12000006,111,2293242
East of England,2023-08-24,E12000006,95,2293131
East of England,2023-08-23,E12000006,112,2293036
East of England,2023-08-22,E12000006,117,2292924
East of England,2023-08-21,E12000006,128,2292807
East of England,2023-08-20,E12000006,92,2292679
East of England,2023-08-19,E12000006,84,2292587
East of England,2023-08-18,E12000006,95,2292503
East of England,2023-08-17,E12000006,98,2292408
East of England,2023-08-16,E12000006,100,2292310
East of England,2023-08-15,E12000006,121,2292210
East of England,2023-08-14,E12000006,117,2292089
East of England,2023-08-13,E12000006,88,2291972
East of England,2023-08-12,E12000006,97,2291884
East of England,2023-08-11,E12000006,87,2291787
East of England,2023-08-10,E12000006,85,2291700
East of England,2023-08-09,E12000006,119,2291615
East of England,2023-08-08,E12000006,97,2291496
East of England,2023-08-07,E12000006,91,2291399
East of England,2023-08-06,E12000006,88,2291308
East of England,2023-08-05,E12000006,69,2291220
East of England,2023-08-04,E12000006,76,2291151
East of England,2023-08-03,E12000006,70,2291075
East of England,2023-08-02,E12000006,80,2291005
East of England,2023-08-01,E12000006,90,2290925
East of England,2023-07-31,E12000006,98,2290835
East of England,2023-07-30,E12000006,68,2290737
East of England,2023-07-29,E12000006,52,2290669
East of England,2023-07-28,E12000006,67,2290617
East of England,2023-07-27,E12000006,61,2290550
East of England,2023-07-26,E12000006,45,2290489
East of England,2023-07-25,E12000006,60,2290444
East of England,2023-07-24,E12000006,50,2290384
East of England,2023-07-23,E12000006,47,2290334
East of England,2023-07-22,E12000006,29,2290287
East of England,2023-07-21,E12000006,36,2290258
East of England,2023-07-20,E12000006,47,2290222
East of England,2023-07-19,E12000006,31,2290175
East of England,2023-07-18,E12000006,56,2290144
East of England,2023-07-17,E12000006,51,2290088
East of England,2023-07-16,E12000006,36,2290037
East of England,2023-07-15,E12000006,38,2290001
East of England,2023-07-14,E12000006,39,2289963
East of England,2023-07-13,E12000006,44,2289924
East of England,2023-07-12,E12000006,37,2289880
East of England,2023-07-11,E12000006,43,2289843
East of England,2023-07-10,E12000006,58,2289800
East of England,2023-07-09,E12000006,35,2289742
East of England,2023-07-08,E12000006,29,2289707
East of England,2023-07-07,E12000006,30,2289678
East of England,2023-07-06,E12000006,31,2289648
East of England,2023-07-05,E12000006,26,2289617
East of England,2023-07-04,E12000006,18,2289591
East of England,2023-07-03,E12000006,37,2289573
East of England,2023-07-02,E12000006,28,2289536
East of England,2023-07-01,E12000006,24,2289508
East of England,2023-06-30,E12000006,19,2289484
East of England,2023-06-29,E12000006,25,2289465
East of England,2023-06-28,E12000006,28,2289440
East of England,2023-06-27,E12000006,31,2289412
East of England,2023-06-26,E12000006,44,2289381
East of England,2023-06-25,E12000006,26,2289337
East of England,2023-06-24,E12000006,34,2289311
East of England,2023-06-23,E12000006,31,2289277
East of England,2023-06-22,E12000006,40,2289246
East of England,2023-06-21,E12000006,44,2289206
East of England,2023-06-20,E12000006,41,2289162
East of England,2023-06-19,E12000006,47,2289121
East of England,2023-06-18,E12000006,54,2289074
East of England,2023-06-17,E12000006,36,2289020
East of England,2023-06-16,E12000006,47,2288984
East of England,2023-06-15,E12000006,49,2288937
East of England,2023-06-14,E12000006,53,2288888
East of England,2023-06-13,E12000006,60,2288835
East of England,2023-06-12,E12000006,63,2288775
East of England,2023-06-11,E12000006,72,2288712
East of England,2023-06-10,E12000006,41,2288640
East of England,2023-06-09,E12000006,67,2288599
East of England,2023-06-08,E12000006,51,2288532
East of England,2023-06-07,E12000006,53,2288481
East of England,2023-06-06,E12000006,99,2288428
East of England,2023-06-05,E12000006,102,2288329
East of England,2023-06-04,E12000006,66,2288227
East of England,2023-06-03,E12000006,51,2288161
East of England,2023-06-02,E12000006,66,2288110
East of England,2023-06-01,E12000006,80,2288044
East of England,2023-05-31,E12000006,94,2287964
East of England,2023-05-30,E12000006,107,2287870
East of England,2023-05-29,E12000006,83,2287763
East of England,2023-05-28,E12000006,72,2287680
East of England,2023-05-27,E12000006,51,2287608
East of England,2023-05-26,E12000006,82,2287557
East of England,2023-05-25,E12000006,81,2287475
East of England,2023-05-24,E12000006,103,2287394
East of England,2023-05-23,E12000006,119,2287291
East of England,2023-05-22,E12000006,153,2287172
East of England,2023-05-21,E12000006,94,2287019
East of England,2023-05-20,E12000006,76,2286925
East of England,2023-05-19,E12000006,93,2286849
East of England,2023-05-18,E12000006,110,2286756
East of England,2023-05-17,E12000006,118,2286646
East of England,2023-05-16,E12000006,119,2286528
East of England,2023-05-15,E12000006,119,2286409
East of England,2023-05-14,E12000006,125,2286290
East of England,2023-05-13,E12000006,81,2286165
East of England,2023-05-12,E12000006,105,2286084
East of England,2023-05-11,E12000006,126,2285979
East of England,2023-05-10,E12000006,166,2285853
East of England,2023-05-09,E12000006,178,2285687
East of England,2023-05-08,E12000006,177,2285509
East of England,2023-05-07,E12000006,116,2285332
East of England,2023-05-06,E12000006,105,2285216
East of England,2023-05-05,E12000006,141,2285111
East of England,2023-05-04,E12000006,158,2284970
East of England,2023-05-03,E12000006,178,2284812
East of England,2023-05-02,E12000006,210,2284634
East of England,2023-05-01,E12000006,178,2284424
East of England,2023-04-30,E12000006,139,2284246
East of England,2023-04-29,E12000006,121,2284107
East of England,2023-04-28,E12000006,130,2283986
East of England,2023-04-27,E12000006,146,2283856
East of England,2023-04-26,E12000006,159,2283710
East of England,2023-04-25,E12000006,173,2283551
East of England,2023-04-24,E12000006,183,2283378
East of England,2023-04-23,E12000006,153,2283195
East of England,2023-04-22,E12000006,139,2283042
East of England,2023-04-21,E12000006,163,2282903
East of England,2023-04-20,E12000006,134,2282740
East of England,2023-04-19,E12000006,167,2282606
East of England,2023-04-18,E12000006,181,2282439
East of England,2023-04-17,E12000006,216,2282258
East of England,2023-04-16,E12000006,205,2282042
East of England,2023-04-15,E12000006,141,2281837
East of England,2023-04-14,E12000006,176,2281696
East of England,2023-04-13,E12000006,219,2281520
East of England,2023-04-12,E12000006,211,2281301
East of England,2023-04-11,E12000006,238,2281090
East of England,2023-04-10,E12000006,242,2280852
East of England,2023-04-09,E12000006,163,2280610
East of England,2023-04-08,E12000006,153,2280447
East of England,2023-04-07,E12000006,164,2280294
East of England,2023-04-06,E12000006,221,2280130
East of England,2023-04-05,E12000006,222,2279909
East of England,2023-04-04,E12000006,257,2279687
East of England,2023-04-03,E12000006,225,2279430
East of England,2023-04-02,E12000006,232,2279205
East of England,2023-04-01,E12000006,245,2278973
East of England,2023-03-31,E12000006,299,2278728
East of England,2023-03-30,E12000006,338,2278429
East of England,2023-03-29,E12000006,364,2278091
East of England,2023-03-28,E12000006,367,2277727
East of England,2023-03-27,E12000006,410,2277360
East of England,2023-03-26,E12000006,332,2276950
East of England,2023-03-25,E12000006,305,2276618
East of England,2023-03-24,E12000006,402,2276313
East of England,2023-03-23,E12000006,409,2275911
East of England,2023-03-22,E12000006,464,2275502
East of England,2023-03-21,E12000006,553,2275038
East of England,2023-03-20,E12000006,487,2274485
East of England,2023-03-19,E12000006,379,2273998
East of England,2023-03-18,E12000006,317,2273619
East of England,2023-03-17,E12000006,383,2273302
East of England,2023-03-16,E12000006,459,2272919
East of England,2023-03-15,E12000006,520,2272460
East of England,2023-03-14,E12000006,522,2271940
East of England,2023-03-13,E12000006,524,2271418
East of England,2023-03-12,E12000006,470,2270894
East of England,2023-03-11,E12000006,328,2270424
East of England,2023-03-10,E12000006,403,2270096
East of England,2023-03-09,E12000006,417,2269693
East of England,2023-03-08,E12000006,391,2269276
East of England,2023-03-07,E12000006,450,2268885
East of England,2023-03-06,E12000006,405,2268435
East of England,2023-03-05,E12000006,353,2268030
East of England,2023-03-04,E12000006,286,2267677
East of England,2023-03-03,E12000006,356,2267391
East of England,2023-03-02,E12000006,376,2267035
East of England,2023-03-01,E12000006,449,2266659
East of England,2023-02-28,E12000006,481,2266210
East of England,2023-02-27,E12000006,431,2265729
East of England,2023-02-26,E12000006,302,2265298
East of England,2023-02-25,E12000006,311,2264996
East of England,2023-02-24,E12000006,323,2264685
East of England,2023-02-23,E12000006,373,2264362
East of England,2023-02-22,E12000006,420,2263989
East of England,2023-02-21,E12000006,491,2263569
East of England,2023-02-20,E12000006,550,2263078
East of England,2023-02-19,E12000006,419,2262528
East of England,2023-02-18,E12000006,375,2262109
East of England,2023-02-17,E12000006,413,2261734
East of England,2023-02-16,E12000006,475,2261321
East of England,2023-02-15,E12000006,533,2260846
East of England,2023-02-14,E12000006,515,2260313
East of England,2023-02-13,E12000006,593,2259798
East of England,2023-02-12,E12000006,315,2259205
East of England,2023-02-11,E12000006,290,2258890
East of England,2023-02-10,E12000006,383,2258600
East of England,2023-02-09,E12000006,368,2258217
East of England,2023-02-08,E12000006,417,2257849
East of England,2023-02-07,E12000006,415,2257432
East of England,2023-02-06,E12000006,511,2257017
East of England,2023-02-05,E12000006,339,2256506
East of England,2023-02-04,E12000006,300,2256167
East of England,2023-02-03,E12000006,349,2255867
East of England,2023-02-02,E12000006,388,2255518
East of England,2023-02-01,E12000006,458,2255130
East of England,2023-01-31,E12000006,423,2254672
East of England,2023-01-30,E12000006,437,2254249
East of England,2023-01-29,E12000006,294,2253812
East of England,2023-01-28,E12000006,247,2253518
East of England,2023-01-27,E12000006,256,2253271
East of England,2023-01-26,E12000006,285,2253015
East of England,2023-01-25,E12000006,295,2252730
East of England,2023-01-24,E12000006,320,2252435
East of England,2023-01-23,E12000006,253,2252115
East of England,2023-01-22,E12000006,216,2251862
East of England,2023-01-21,E12000006,131,2251646
East of England,2023-01-20,E12000006,248,2251515
East of England,2023-01-19,E12000006,184,2251267
East of England,2023-01-18,E12000006,236,2251083
East of England,2023-01-17,E12000006,220,2250847
East of England,2023-01-16,E12000006,285,2250627
East of England,2023-01-15,E12000006,227,2250342
East of England,2023-01-14,E12000006,174,2250115
East of England,2023-01-13,E12000006,206,2249941
East of England,2023-01-12,E12000006,243,2249735
East of England,2023-01-11,E12000006,255,2249492
East of England,2023-01-10,E12000006,301,2249237
East of England,2023-01-09,E12000006,342,2248936
East of England,2023-01-08,E12000006,256,2248594
East of England,2023-01-07,E12000006,277,2248338
East of England,2023-01-06,E12000006,416,2248061
East of England,2023-01-05,E12000006,456,2247645
East of England,2023-01-04,E12000006,590,2247189
East of England,2023-01-03,E12000006,654,2246599
East of England,2023-01-02,E12000006,615,2245945
East of England,2023-01-01,E12000006,428,2245330
East of England,2022-12-31,E12000006,526,2244902
East of England,2022-12-30,E12000006,734,2244376
East of England,2022-12-29,E12000006,949,2243642
East of England,2022-12-28,E12000006,985,2242693
East of England,2022-12-27,E12000006,781,2241708
East of England,2022-12-26,E12000006,642,2240927
East of England,2022-12-25,E12000006,438,2240285
East of England,2022-12-24,E12000006,506,2239847
East of England,2022-12-23,E12000006,665,2239341
East of England,2022-12-22,E12000006,804,2238676
East of England,2022-12-21,E12000006,915,2237872
East of England,2022-12-20,E12000006,995,2236957
East of England,2022-12-19,E12000006,1026,2235962
East of England,2022-12-18,E12000006,660,2234936
East of England,2022-12-17,E12000006,539,2234276
East of England,2022-12-16,E12000006,601,2233737
East of England,2022-12-15,E12000006,616,2233136
East of England,2022-12-14,E12000006,698,2232520
East of England,2022-12-13,E12000006,667,2231822
East of England,2022-12-12,E12000006,681,2231155
East of England,2022-12-11,E12000006,467,2230474
East of England,2022-12-10,E12000006,346,2230007
East of England,2022-12-09,E12000006,460,2229661
East of England,2022-12-08,E12000006,439,2229201
East of England,2022-12-07,E12000006,512,2228762
East of England,2022-12-06,E12000006,476,2228250
East of England,2022-12-05,E12000006,553,2227774
East of England,2022-12-04,E12000006,373,2227221
East of England,2022-12-03,E12000006,285,2226848
East of England,2022-12-02,E12000006,389,2226563
East of England,2022-12-01,E12000006,355,2226174
East of England,2022-11-30,E12000006,376,2225819
East of England,2022-11-29,E12000006,454,2225443
East of England,2022-11-28,E12000006,452,2224989
East of England,2022-11-27,E12000006,343,2224537
East of England,2022-11-26,E12000006,264,2224194
East of England,2022-11-25,E12000006,279,2223930
East of England,2022-11-24,E12000006,343,2223651
East of England,2022-11-23,E12000006,308,2223308
East of England,2022-11-22,E12000006,326,2223000
East of England,2022-11-21,E12000006,370,2222674
East of England,2022-11-20,E12000006,281,2222304
East of England,2022-11-19,E12000006,224,2222023
East of England,2022-11-18,E12000006,283,2221799
East of England,2022-11-17,E12000006,298,2221516
East of England,2022-11-16,E12000006,324,2221218
East of England,2022-11-15,E12000006,311,2220894
East of England,2022-11-14,E12000006,350,2220583
East of England,2022-11-13,E12000006,284,2220233
East of England,2022-11-12,E12000006,244,2219949
East of England,2022-11-11,E12000006,267,2219705
East of England,2022-11-10,E12000006,282,2219438
East of England,2022-11-09,E12000006,358,2219156
East of England,2022-11-08,E12000006,372,2218798
East of England,2022-11-07,E12000006,427,2218426
East of England,2022-11-06,E12000006,356,2217999
East of England,2022-11-05,E12000006,273,2217643
East of England,2022-11-04,E12000006,333,2217370
East of England,2022-11-03,E12000006,373,2217037
East of England,2022-11-02,E12000006,396,2216664
East of England,2022-11-01,E12000006,476,2216268
East of England,2022-10-31,E12000006,543,2215792
East of England,2022-10-30,E12000006,467,2215249
East of England,2022-10-29,E12000006,357,2214782
East of England,2022-10-28,E12000006,442,2214425
East of England,2022-10-27,E12000006,495,2213983
East of England,2022-10-26,E12000006,566,2213488
East of England,2022-10-25,E12000006,605,2212922
East of England,2022-10-24,E12000006,662,2212317
East of England,2022-10-23,E12000006,615,2211655
East of England,2022-10-22,E12000006,571,2211040
East of England,2022-10-21,E12000006,624,2210469
East of England,2022-10-20,E12000006,724,2209845
East of England,2022-10-19,E12000006,825,2209121
East of England,2022-10-18,E12000006,926,2208296
East of England,2022-10-17,E12000006,1152,2207370
East of England,2022-10-16,E12000006,901,2206218
East of England,2022-10-15,E12000006,783,2205317
East of England,2022-10-14,E12000006,875,2204534
East of England,2022-10-13,E12000006,967,2203659
East of England,2022-10-12,E12000006,925,2202692
East of England,2022-10-11,E12000006,1007,2201767
East of England,2022-10-10,E12000006,1200,2200760
East of England,2022-10-09,E12000006,1004,2199560
East of England,2022-10-08,E12000006,799,2198556
East of England,2022-10-07,E12000006,1066,2197757
East of England,2022-10-06,E12000006,1088,2196691
East of England,2022-10-05,E12000006,1171,2195603
East of England,2022-10-04,E12000006,1271,2194432
East of England,2022-10-03,E12000006,1256,2193161
East of England,2022-10-02,E12000006,1024,2191905
East of England,2022-10-01,E12000006,784,2190881
East of England,2022-09-30,E12000006,879,2190097
East of England,2022-09-29,E12000006,821,2189218
East of England,2022-09-28,E12000006,956,2188397
East of England,2022-09-27,E12000006,985,2187441
East of England,2022-09-26,E12000006,908,2186456
East of England,2022-09-25,E12000006,787,2185548
East of England,2022-09-24,E12000006,671,2184761
East of England,2022-09-23,E12000006,666,2184090
East of England,2022-09-22,E12000006,667,2183424
East of England,2022-09-21,E12000006,781,2182757
East of England,2022-09-20,E12000006,797,2181976
East of England,2022-09-19,E12000006,687,2181179
East of England,2022-09-18,E12000006,435,2180492
East of England,2022-09-17,E12000006,348,2180057
East of England,2022-09-16,E12000006,425,2179709
East of England,2022-09-15,E12000006,442,2179284
East of England,2022-09-14,E12000006,490,2178842
East of England,2022-09-13,E12000006,524,2178352
East of England,2022-09-12,E12000006,529,2177828
East of England,2022-09-11,E12000006,445,2177299
East of England,2022-09-10,E12000006,310,2176854
East of England,2022-09-09,E12000006,317,2176544
East of England,2022-09-08,E12000006,336,2176227
East of England,2022-09-07,E12000006,372,2175891
East of England,2022-09-06,E12000006,456,2175519
East of England,2022-09-05,E12000006,490,2175063
East of England,2022-09-04,E12000006,415,2174573
East of England,2022-09-03,E12000006,356,2174158
East of England,2022-09-02,E12000006,361,2173802
East of England,2022-09-01,E12000006,500,2173441
East of England,2022-08-31,E12000006,440,2172941
East of England,2022-08-30,E12000006,496,2172501
East of England,2022-08-29,E12000006,456,2172005
East of England,2022-08-28,E12000006,327,2171549
East of England,2022-08-27,E12000006,271,2171222
East of England,2022-08-26,E12000006,337,2170951
East of England,2022-08-25,E12000006,359,2170614
East of England,2022-08-24,E12000006,420,2170255
East of England,2022-08-23,E12000006,482,2169835
East of England,2022-08-22,E12000006,509,2169353
East of England,2022-08-21,E12000006,425,2168844
East of England,2022-08-20,E12000006,379,2168419
East of England,2022-08-19,E12000006,407,2168040
East of England,2022-08-18,E12000006,456,2167633
East of England,2022-08-17,E12000006,558,2167177
East of England,2022-08-16,E12000006,564,2166619
East of England,2022-08-15,E12000006,614,2166055
East of England,2022-08-14,E12000006,522,2165441
East of England,2022-08-13,E12000006,453,2164919
East of England,2022-08-12,E12000006,524,2164466
East of England,2022-08-11,E12000006,582,2163942
East of England,2022-08-10,E12000006,691,2163360
East of England,2022-08-09,E12000006,689,2162669
East of England,2022-08-08,E12000006,829,2161980
East of England,2022-08-07,E12000006,646,2161151
East of England,2022-08-06,E12000006,531,2160505
East of England,2022-08-05,E12000006,614,2159974
East of England,2022-08-04,E12000006,693,2159360
East of England,2022-08-03,E12000006,867,2158667
East of England,2022-08-02,E12000006,888,2157800
East of England,2022-08-01,E12000006,1038,2156912
East of England,2022-07-31,E12000006,855,2155874
East of England,2022-07-30,E12000006,740,2155019
East of England,2022-07-29,E12000006,856,2154279
East of England,2022-07-28,E12000006,918,2153423
East of England,2022-07-27,E12000006,1053,2152505
East of England,2022-07-26,E12000006,1137,2151452
East of England,2022-07-25,E12000006,1361,2150315
East of England,2022-07-24,E12000006,1188,2148954
East of England,2022-07-23,E12000006,1005,2147766
East of England,2022-07-22,E12000006,1318,2146761
East of England,2022-07-21,E12000006,1498,2145443
East of England,2022-07-20,E12000006,1629,2143945
East of England,2022-07-19,E12000006,1740,2142316
East of England,2022-07-18,E12000006,1966,2140576
East of England,2022-07-17,E12000006,1885,2138610
East of England,2022-07-16,E12000006,1630,2136725
East of England,2022-07-15,E12000006,2036,2135095
East of England,2022-07-14,E12000006,2280,2133059
East of England,2022-07-13,E12000006,2714,2130779
East of England,2022-07-12,E12000006,2954,2128065
East of England,2022-07-11,E12000006,3282,2125111
East of England,2022-07-10,E12000006,2817,2121829
East of England,2022-07-09,E12000006,2366,2119012
East of England,2022-07-08,E12000006,2700,2116646
East of England,2022-07-07,E12000006,2817,2113946
East of England,2022-07-06,E12000006,3193,2111129
East of England,2022-07-05,E12000006,3411,2107936
East of England,2022-07-04,E12000006,3684,2104525
East of England,2022-07-03,E12000006,3160,2100841
East of England,2022-07-02,E12000006,2265,2097681
East of England,2022-07-01,E12000006,2362,2095416
East of England,2022-06-30,E12000006,2510,2093054
East of England,2022-06-29,E12000006,2471,2090544
East of England,2022-06-28,E12000006,2506,2088073
East of England,2022-06-27,E12000006,2520,2085567
East of England,2022-06-26,E12000006,2171,2083047
East of England,2022-06-25,E12000006,1795,2080876
East of England,2022-06-24,E12000006,1839,2079081
East of England,2022-06-23,E12000006,2033,2077242
East of England,2022-06-22,E12000006,2136,2075209
East of England,2022-06-21,E12000006,2083,2073073
East of England,2022-06-20,E12000006,1925,2070990
East of England,2022-06-19,E12000006,1710,2069065
East of England,2022-06-18,E12000006,1360,2067355
East of England,2022-06-17,E12000006,1297,2065995
East of England,2022-06-16,E12000006,1384,2064698
East of England,2022-06-15,E12000006,1361,2063314
East of England,2022-06-14,E12000006,1417,2061953
East of England,2022-06-13,E12000006,1478,2060536
East of England,2022-06-12,E12000006,1244,2059058
East of England,2022-06-11,E12000006,940,2057814
East of England,2022-06-10,E12000006,1002,2056874
East of England,2022-06-09,E12000006,1078,2055872
East of England,2022-06-08,E12000006,1079,2054794
East of England,2022-06-07,E12000006,1012,2053715
East of England,2022-06-06,E12000006,1055,2052703
East of England,2022-06-05,E12000006,945,2051648
East of England,2022-06-04,E12000006,698,2050703
East of England,2022-06-03,E12000006,614,2050005
East of England,2022-06-02,E12000006,585,2049391
East of England,2022-06-01,E12000006,624,2048806
East of England,2022-05-31,E12000006,597,2048182
East of England,2022-05-30,E12000006,604,2047585
East of England,2022-05-29,E12000006,494,2046981
East of England,2022-05-28,E12000006,419,2046487
East of England,2022-05-27,E12000006,468,2046068
East of England,2022-05-26,E12000006,520,2045600
East of England,2022-05-25,E12000006,575,2045080
East of England,2022-05-24,E12000006,606,2044505
East of England,2022-05-23,E12000006,719,2043899
East of England,2022-05-22,E12000006,567,2043180
East of England,2022-05-21,E12000006,438,2042613
East of England,2022-05-20,E12000006,537,2042175
East of England,2022-05-19,E12000006,624,2041638
East of England,2022-05-18,E12000006,684,2041014
East of England,2022-05-17,E12000006,777,2040330
East of England,2022-05-16,E12000006,879,2039553
East of England,2022-05-15,E12000006,731,2038674
East of England,2022-05-14,E12000006,537,2037943
East of England,2022-05-13,E12000006,602,2037406
East of England,2022-05-12,E12000006,725,2036804
East of England,2022-05-11,E12000006,878,2036079
East of England,2022-05-10,E12000006,936,2035201
East of England,2022-05-09,E12000006,957,2034265
East of England,2022-05-08,E12000006,893,2033308
East of England,2022-05-07,E12000006,718,2032415
East of England,2022-05-06,E12000006,885,2031697
East of England,2022-05-05,E12000006,935,2030812
East of England,2022-05-04,E12000006,1163,2029877
East of England,2022-05-03,E12000006,1361,2028714
East of England,2022-05-02,E12000006,1228,2027353
East of England,2022-05-01,E12000006,907,2026125
East of England,2022-04-30,E12000006,747,2025218
East of England,2022-04-29,E12000006,1021,2024471
East of England,2022-04-28,E12000006,1113,2023450
East of England,2022-04-27,E12000006,1180,2022337
East of England,2022-04-26,E12000006,1290,2021157
East of England,2022-04-25,E12000006,1560,2019867
East of England,2022-04-24,E12000006,1391,2018307
East of England,2022-04-23,E12000006,1177,2016916
East of England,2022-04-22,E12000006,1418,2015739
East of England,2022-04-21,E12000006,1786,2014321
East of England,2022-04-20,E12000006,2046,2012535
East of England,2022-04-19,E12000006,2542,2010489
East of England,2022-04-18,E12000006,2412,2007947
East of England,2022-04-17,E12000006,1876,2005535
East of England,2022-04-16,E12000006,1776,2003659
East of England,2022-04-15,E12000006,2061,2001883
East of England,2022-04-14,E12000006,2527,1999822
East of England,2022-04-13,E12000006,3044,1997295
East of England,2022-04-12,E12000006,3297,1994251
East of England,2022-04-11,E12000006,3627,1990954
East of England,2022-04-10,E12000006,2967,1987327
East of England,2022-04-09,E12000006,2713,1984360
East of England,2022-04-08,E12000006,3199,1981647
East of England,2022-04-07,E12000006,3725,1978448
East of England,2022-04-06,E12000006,4299,1974723
East of England,2022-04-05,E12000006,4723,1970424
East of England,2022-04-04,E12000006,5197,1965701
East of England,2022-04-03,E12000006,4126,1960504
East of England,2022-04-02,E12000006,3730,1956378
East of England,2022-04-01,E12000006,4792,1952648
East of England,2022-03-31,E12000006,5624,1947856
East of England,2022-03-30,E12000006,7209,1942232
East of England,2022-03-29,E12000006,7965,1935023
East of England,2022-03-28,E12000006,9310,1927058
East of England,2022-03-27,E12000006,7084,1917748
East of England,2022-03-26,E12000006,6226,1910664
East of England,2022-03-25,E12000006,7259,1904438
East of England,2022-03-24,E12000006,8451,1897179
East of England,2022-03-23,E12000006,9558,1888728
East of England,2022-03-22,E12000006,9917,1879170
East of England,2022-03-21,E12000006,10967,1869253
East of England,2022-03-20,E12000006,8405,1858286
East of England,2022-03-19,E12000006,6934,1849881
East of England,2022-03-18,E12000006,7875,1842947
East of England,2022-03-17,E12000006,8911,1835072
East of England,2022-03-16,E12000006,9929,1826161
East of England,2022-03-15,E12000006,9862,1816232
East of England,2022-03-14,E12000006,10603,1806370
East of England,2022-03-13,E12000006,8587,1795767
East of England,2022-03-12,E12000006,6967,1787180
East of England,2022-03-11,E12000006,7118,1780213
East of England,2022-03-10,E12000006,7413,1773095
East of England,2022-03-09,E12000006,7664,1765682
East of England,2022-03-08,E12000006,7152,1758018
East of England,2022-03-07,E12000006,7162,1750866
East of England,2022-03-06,E12000006,5211,1743704
East of England,2022-03-05,E12000006,3951,1738493
East of England,2022-03-04,E12000006,4201,1734542
East of England,2022-03-03,E12000006,4274,1730341
East of England,2022-03-02,E12000006,4445,1726067
East of England,2022-03-01,E12000006,4252,1721622
East of England,2022-02-28,E12000006,3985,1717370
East of England,2022-02-27,E12000006,2873,1713385
East of England,2022-02-26,E12000006,2179,1710512
East of England,2022-02-25,E12000006,2375,1708333
East of England,2022-02-24,E12000006,2802,1705958
East of England,2022-02-23,E12000006,3399,1703156
East of England,2022-02-22,E12000006,3647,1699757
East of England,2022-02-21,E12000006,4427,1696110
East of England,2022-02-20,E12000006,4139,1691683
East of England,2022-02-19,E12000006,3785,1687544
East of England,2022-02-18,E12000006,3269,1683759
East of England,2022-02-17,E12000006,4294,1680490
East of England,2022-02-16,E12000006,4961,1676196
East of England,2022-02-15,E12000006,4925,1671235
East of England,2022-02-14,E12000006,4999,1666310
East of England,2022-02-13,E12000006,3873,1661311
East of England,2022-02-12,E12000006,3527,1657438
East of England,2022-02-11,E12000006,4379,1653911
East of England,2022-02-10,E12000006,5117,1649532
East of England,2022-02-09,E12000006,6220,1644415
East of England,2022-02-08,E12000006,6738,1638195
East of England,2022-02-07,E12000006,7706,1631457
East of England,2022-02-06,E12000006,6386,1623751
East of England,2022-02-05,E12000006,5508,1617365
East of England,2022-02-04,E12000006,6624,1611857
East of England,2022-02-03,E12000006,7930,1605233
East of England,2022-02-02,E12000006,9144,1597303
East of England,2022-02-01,E12000006,9585,1588159
East of England,2022-01-31,E12000006,10852,1578574
East of England,2022-01-30,E12000006,9579,1567722
East of England,2022-01-29,E12000006,8069,1558143
East of England,2022-01-28,E12000006,8813,1550074
East of England,2022-01-27,E12000006,10026,1541261
East of England,2022-01-26,E12000006,11062,1531235
East of England,2022-01-25,E12000006,11568,1520173
East of England,2022-01-24,E12000006,13174,1508605
East of England,2022-01-23,E12000006,10773,1495431
East of England,2022-01-22,E12000006,8666,1484658
East of England,2022-01-21,E12000006,9534,1475992
East of England,2022-01-20,E12000006,10073,1466458
East of England,2022-01-19,E12000006,11382,1456385
East of England,2022-01-18,E12000006,11609,1445003
East of England,2022-01-17,E12000006,12802,1433394
East of England,2022-01-16,E12000006,9621,1420592
East of England,2022-01-15,E12000006,7360,1410971
East of England,2022-01-14,E12000006,7864,1403611
East of England,2022-01-13,E12000006,8688,1395747
East of England,2022-01-12,E12000006,8866,1387059
East of England,2022-01-11,E12000006,9645,1378193
East of England,2022-01-10,E12000006,10896,1368548
East of England,2022-01-09,E12000006,7945,1357652
East of England,2022-01-08,E12000006,7590,1349707
East of England,2022-01-07,E12000006,9615,1342117
East of England,2022-01-06,E12000006,14005,1332502
East of England,2022-01-05,E12000006,16395,1318497
East of England,2022-01-04,E12000006,21969,1302102
East of England,2022-01-03,E12000006,18316,1280133
East of England,2022-01-02,E12000006,14371,1261817
East of England,2022-01-01,E12000006,9616,1247446
East of England,2021-12-31,E12000006,15439,1237830
East of England,2021-12-30,E12000006,19867,1222391
East of England,2021-12-29,E12000006,23993,1202524
East of England,2021-12-28,E12000006,18525,1178531
East of England,2021-12-27,E12000006,17913,1160006
East of England,2021-12-26,E12000006,11099,1142093
East of England,2021-12-25,E12000006,6938,1130994
East of England,2021-12-24,E12000006,13719,1124056
East of England,2021-12-23,E12000006,16140,1110337
East of England,2021-12-22,E12000006,16364,1094197
East of England,2021-12-21,E12000006,15678,1077833
East of England,2021-12-20,E12000006,14374,1062155
East of England,2021-12-19,E12000006,9810,1047781
East of England,2021-12-18,E12000006,9632,1037971
East of England,2021-12-17,E12000006,10097,1028339
East of England,2021-12-16,E12000006,11255,1018242
East of England,2021-12-15,E12000006,11940,1006987
East of England,2021-12-14,E12000006,11052,995047
East of England,2021-12-13,E12000006,9134,983995
East of England,2021-12-12,E12000006,5817,974861
East of England,2021-12-11,E12000006,5408,969044
East of England,2021-12-10,E12000006,5502,963636
East of England,2021-12-09,E12000006,5988,958134
East of England,2021-12-08,E12000006,5970,952146
East of England,2021-12-07,E12000006,5900,946176
East of England,2021-12-06,E12000006,6056,940276
East of England,2021-12-05,E12000006,4178,934220
East of England,2021-12-04,E12000006,3974,930042
East of England,2021-12-03,E12000006,4776,926068
East of England,2021-12-02,E12000006,5220,921292
East of England,2021-12-01,E12000006,5829,916072
East of England,2021-11-30,E12000006,5954,910243
East of England,2021-11-29,E12000006,5763,904289
East of England,2021-11-28,E12000006,4272,898526
East of England,2021-11-27,E12000006,3565,894254
East of England,2021-11-26,E12000006,4022,890689
East of England,2021-11-25,E12000006,4336,886667
East of England,2021-11-24,E12000006,4801,882331
East of England,2021-11-23,E12000006,4927,877530
East of England,2021-11-22,E12000006,5062,872603
East of England,2021-11-21,E12000006,3795,867541
East of England,2021-11-20,E12000006,3624,863746
East of England,2021-11-19,E12000006,3755,860122
East of England,2021-11-18,E12000006,4197,856367
East of England,2021-11-17,E12000006,4468,852170
East of England,2021-11-16,E12000006,4503,847702
East of England,2021-11-15,E12000006,4931,843199
East of England,2021-11-14,E12000006,3617,838268
East of England,2021-11-13,E12000006,3243,834651
East of England,2021-11-12,E12000006,3611,831408
East of England,2021-11-11,E12000006,3968,827797
East of England,2021-11-10,E12000006,4101,823829
East of England,2021-11-09,E12000006,4087,819728
East of England,2021-11-08,E12000006,4072,815641
East of England,2021-11-07,E12000006,2823,811569
East of England,2021-11-06,E12000006,2605,808746
East of England,2021-11-05,E12000006,2645,806141
East of England,2021-11-04,E12000006,3139,803496
East of England,2021-11-03,E12000006,3353,800357
East of England,2021-11-02,E12000006,3724,797004
East of England,2021-11-01,E12000006,4401,793280
East of England,2021-10-31,E12000006,3636,788879
East of England,2021-10-30,E12000006,3402,785243
East of England,2021-10-29,E12000006,4038,781841
East of England,2021-10-28,E12000006,4011,777803
East of England,2021-10-27,E12000006,4328,773792
East of England,2021-10-26,E12000006,4288,769464
East of England,2021-10-25,E12000006,4891,765176
East of England,2021-10-24,E12000006,3703,760285
East of England,2021-10-23,E12000006,3551,756582
East of England,2021-10-22,E12000006,4059,753031
East of England,2021-10-21,E12000006,4516,748972
East of England,2021-10-20,E12000006,5340,744456
East of England,2021-10-19,E12000006,5512,739116
East of England,2021-10-18,E12000006,5935,733604
East of England,2021-10-17,E12000006,4671,727669
East of England,2021-10-16,E12000006,3541,722998
East of England,2021-10-15,E12000006,3997,719457
East of England,2021-10-14,E12000006,4526,715460
East of England,2021-10-13,E12000006,4831,710934
East of England,2021-10-12,E12000006,4622,706103
East of England,2021-10-11,E12000006,5302,701481
East of England,2021-10-10,E12000006,3949,696179
East of England,2021-10-09,E12000006,3228,692230
East of England,2021-10-08,E12000006,3430,689002
East of England,2021-10-07,E12000006,3836,685572
East of England,2021-10-06,E12000006,3878,681736
East of England,2021-10-05,E12000006,3634,677858
East of England,2021-10-04,E12000006,4349,674224
East of England,2021-10-03,E12000006,3178,669875
East of England,2021-10-02,E12000006,2374,666697
East of England,2021-10-01,E12000006,2598,664323
East of England,2021-09-30,E12000006,2795,661725
East of England,2021-09-29,E12000006,3216,658930
East of England,2021-09-28,E12000006,3525,655714
East of England,2021-09-27,E12000006,3894,652189
East of England,2021-09-26,E12000006,3039,648295
East of England,2021-09-25,E12000006,2472,645256
East of England,2021-09-24,E12000006,2734,642784
East of England,2021-09-23,E12000006,2828,640050
East of England,2021-09-22,E12000006,2989,637222
East of England,2021-09-21,E12000006,3320,634233
East of England,2021-09-20,E12000006,3436,630913
East of England,2021-09-19,E12000006,2521,627477
East of England,2021-09-18,E12000006,2081,624956
East of England,2021-09-17,E12000006,2236,622875
East of England,2021-09-16,E12000006,2258,620639
East of England,2021-09-15,E12000006,2386,618381
East of England,2021-09-14,E12000006,2307,615995
East of England,2021-09-13,E12000006,2641,613688
East of England,2021-09-12,E12000006,1905,611047
East of England,2021-09-11,E12000006,1744,609142
East of England,2021-09-10,E12000006,2091,607398
East of England,2021-09-09,E12000006,2372,605307
East of England,2021-09-08,E12000006,2508,602935
East of England,2021-09-07,E12000006,2975,600427
East of England,2021-09-06,E12000006,3392,597452
East of England,2021-09-05,E12000006,2364,594060
East of England,2021-09-04,E12000006,2422,591696
East of England,2021-09-03,E12000006,2885,589274
East of England,2021-09-02,E12000006,3061,586389
East of England,2021-09-01,E12000006,3167,583328
East of England,2021-08-31,E12000006,3331,580161
East of England,2021-08-30,E12000006,2412,576830
East of England,2021-08-29,E12000006,1869,574418
East of England,2021-08-28,E12000006,1973,572549
East of England,2021-08-27,E12000006,2387,570576
East of England,2021-08-26,E12000006,2567,568189
East of England,2021-08-25,E12000006,2648,565622
East of England,2021-08-24,E12000006,2638,562974
East of England,2021-08-23,E12000006,2875,560336
East of England,2021-08-22,E12000006,2165,557461
East of England,2021-08-21,E12000006,2146,555296
East of England,2021-08-20,E12000006,2435,553150
East of England,2021-08-19,E12000006,2799,550715
East of England,2021-08-18,E12000006,2893,547916
East of England,2021-08-17,E12000006,2747,545023
East of England,2021-08-16,E12000006,2870,542276
East of England,2021-08-15,E12000006,2026,539406
East of England,2021-08-14,E12000006,2027,537380
East of England,2021-08-13,E12000006,2456,535353
East of England,2021-08-12,E12000006,2754,532897
East of England,2021-08-11,E12000006,2780,530143
East of England,2021-08-10,E12000006,2532,527363
East of England,2021-08-09,E12000006,2705,524831
East of England,2021-08-08,E12000006,1932,522126
East of England,2021-08-07,E12000006,1940,520194
East of England,2021-08-06,E12000006,2373,518254
East of England,2021-08-05,E12000006,2738,515881
East of England,2021-08-04,E12000006,2800,513143
East of England,2021-08-03,E12000006,2652,510343
East of England,2021-08-02,E12000006,2548,507691
East of England,2021-08-01,E12000006,1777,505143
East of England,2021-07-31,E12000006,1913,503366
East of England,2021-07-30,E12000006,2209,501453
East of England,2021-07-29,E12000006,2421,499244
East of England,2021-07-28,E12000006,2631,496823
East of England,2021-07-27,E12000006,2467,494192
East of England,2021-07-26,E12000006,2444,491725
East of England,2021-07-25,E12000006,1860,489281
East of England,2021-07-24,E12000006,1965,487421
East of England,2021-07-23,E12000006,2313,485456
East of England,2021-07-22,E12000006,2756,483143
East of England,2021-07-21,E12000006,3055,480387
East of England,2021-07-20,E12000006,3479,477332
East of England,2021-07-19,E12000006,4051,473853
East of England,2021-07-18,E12000006,3203,469802
East of England,2021-07-17,E12000006,3380,466599
East of England,2021-07-16,E12000006,4763,463219
East of England,2021-07-15,E12000006,5499,458456
East of England,2021-07-14,E12000006,4750,452957
East of England,2021-07-13,E12000006,3762,448207
East of England,2021-07-12,E12000006,3348,444445
East of England,2021-07-11,E12000006,2302,441097
East of England,2021-07-10,E12000006,1923,438795
East of England,2021-07-09,E12000006,2277,436872
East of England,2021-07-08,E12000006,2337,434595
East of England,2021-07-07,E12000006,2587,432258
East of England,2021-07-06,E12000006,2389,429671
East of England,2021-07-05,E12000006,2317,427282
East of England,2021-07-04,E12000006,1713,424965
East of England,2021-07-03,E12000006,1563,423252
East of England,2021-07-02,E12000006,1572,421689
East of England,2021-07-01,E12000006,1657,420117
East of England,2021-06-30,E12000006,1521,418460
East of England,2021-06-29,E12000006,1422,416939
East of England,2021-06-28,E12000006,1428,415517
East of England,2021-06-27,E12000006,979,414089
East of England,2021-06-26,E12000006,804,413110
East of England,2021-06-25,E12000006,806,412306
East of England,2021-06-24,E12000006,828,411500
East of England,2021-06-23,E12000006,827,410672
East of England,2021-06-22,E12000006,718,409845
East of England,2021-06-21,E12000006,654,409127
East of England,2021-06-20,E12000006,432,408473
East of England,2021-06-19,E12000006,340,408041
East of England,2021-06-18,E12000006,448,407701
East of England,2021-06-17,E12000006,474,407253
East of England,2021-06-16,E12000006,448,406779
East of England,2021-06-15,E12000006,445,406331
East of England,2021-06-14,E12000006,435,405886
East of England,2021-06-13,E12000006,331,405451
East of England,2021-06-12,E12000006,295,405120
East of England,2021-06-11,E12000006,336,404825
East of England,2021-06-10,E12000006,308,404489
East of England,2021-06-09,E12000006,333,404181
East of England,2021-06-08,E12000006,398,403848
East of England,2021-06-07,E12000006,345,403450
East of England,2021-06-06,E12000006,284,403105
East of England,2021-06-05,E12000006,226,402821
East of England,2021-06-04,E12000006,280,402595
East of England,2021-06-03,E12000006,286,402315
East of England,2021-06-02,E12000006,287,402029
East of England,2021-06-01,E12000006,254,401742
East of England,2021-05-31,E12000006,178,401488
East of England,2021-05-30,E12000006,152,401310
East of England,2021-05-29,E12000006,148,401158
East of England,2021-05-28,E12000006,205,401010
East of England,2021-05-27,E12000006,204,400805
East of England,2021-05-26,E12000006,231,400601
East of England,2021-05-25,E12000006,209,400370
East of England,2021-05-24,E12000006,192,400161
East of England,2021-05-23,E12000006,161,399969
East of England,2021-05-22,E12000006,140,399808
East of England,2021-05-21,E12000006,151,399668
East of England,2021-05-20,E12000006,172,399517
East of England,2021-05-19,E12000006,215,399345
East of England,2021-05-18,E12000006,185,399130
East of England,2021-05-17,E12000006,217,398945
East of England,2021-05-16,E12000006,138,398728
East of England,2021-05-15,E12000006,92,398590
East of England,2021-05-14,E12000006,124,398498
East of England,2021-05-13,E12000006,173,398374
East of England,2021-05-12,E12000006,184,398201
East of England,2021-05-11,E12000006,163,398017
East of England,2021-05-10,E12000006,218,397854
East of England,2021-05-09,E12000006,212,397636
East of England,2021-05-08,E12000006,109,397424
East of England,2021-05-07,E12000006,130,397315
East of England,2021-05-06,E12000006,162,397185
East of England,2021-05-05,E12000006,184,397023
East of England,2021-05-04,E12000006,216,396839
East of England,2021-05-03,E12000006,163,396623
East of England,2021-05-02,E12000006,141,396460
East of England,2021-05-01,E12000006,116,396319
East of England,2021-04-30,E12000006,128,396203
East of England,2021-04-29,E12000006,186,396075
East of England,2021-04-28,E12000006,159,395889
East of England,2021-04-27,E12000006,156,395730
East of England,2021-04-26,E12000006,219,395574
East of England,2021-04-25,E12000006,201,395355
East of England,2021-04-24,E12000006,128,395154
East of England,2021-04-23,E12000006,172,395026
East of England,2021-04-22,E12000006,213,394854
East of England,2021-04-21,E12000006,207,394641
East of England,2021-04-20,E12000006,194,394434
East of England,2021-04-19,E12000006,199,394240
East of England,2021-04-18,E12000006,211,394041
East of England,2021-04-17,E12000006,123,393830
East of England,2021-04-16,E12000006,170,393707
East of England,2021-04-15,E12000006,170,393537
East of England,2021-04-14,E12000006,206,393367
East of England,2021-04-13,E12000006,153,393161
East of England,2021-04-12,E12000006,244,393008
East of England,2021-04-11,E12000006,205,392764
East of England,2021-04-10,E12000006,181,392559
East of England,2021-04-09,E12000006,230,392378
East of England,2021-04-08,E12000006,232,392148
East of England,2021-04-07,E12000006,220,391916
East of England,2021-04-06,E12000006,246,391696
East of England,2021-04-05,E12000006,172,391450
East of England,2021-04-04,E12000006,160,391278
East of England,2021-04-03,E12000006,176,391118
East of England,2021-04-02,E12000006,210,390942
East of England,2021-04-01,E12000006,293,390732
East of England,2021-03-31,E12000006,275,390439
East of England,2021-03-30,E12000006,224,390164
East of England,2021-03-29,E12000006,257,389940
East of England,2021-03-28,E12000006,354,389683
East of England,2021-03-27,E12000006,259,389329
East of England,2021-03-26,E12000006,311,389070
East of England,2021-03-25,E12000006,399,388759
East of England,2021-03-24,E12000006,487,388360
East of England,2021-03-23,E12000006,329,387873
East of England,2021-03-22,E12000006,470,387544
East of England,2021-03-21,E12000006,450,387074
East of England,2021-03-20,E12000006,259,386624
East of England,2021-03-19,E12000006,373,386365
East of England,2021-03-18,E12000006,378,385992
East of England,2021-03-17,E12000006,467,385614
East of England,2021-03-16,E12000006,378,385147
East of England,2021-03-15,E12000006,482,384769
East of England,2021-03-14,E12000006,322,384287
East of England,2021-03-13,E12000006,311,383965
East of England,2021-03-12,E12000006,399,383654
East of England,2021-03-11,E12000006,419,383255
East of England,2021-03-10,E12000006,422,382836
East of England,2021-03-09,E12000006,416,382414
East of England,2021-03-08,E12000006,505,381998
East of England,2021-03-07,E12000006,298,381493
East of England,2021-03-06,E12000006,287,381195
East of England,2021-03-05,E12000006,402,380908
East of England,2021-03-04,E12000006,450,380506
East of England,2021-03-03,E12000006,475,380056
East of England,2021-03-02,E12000006,560,379581
East of England,2021-03-01,E12000006,536,379021
East of England,2021-02-28,E12000006,360,378485
East of England,2021-02-27,E12000006,347,378125
East of England,2021-02-26,E12000006,530,377778
East of England,2021-02-25,E12000006,604,377248
East of England,2021-02-24,E12000006,637,376644
East of England,2021-02-23,E12000006,887,376007
East of England,2021-02-22,E12000006,885,375120
East of England,2021-02-21,E12000006,604,374235
East of England,2021-02-20,E12000006,677,373631
East of England,2021-02-19,E12000006,759,372954
East of England,2021-02-18,E12000006,943,372195
East of England,2021-02-17,E12000006,904,371252
East of England,2021-02-16,E12000006,1027,370348
East of England,2021-02-15,E12000006,1178,369321
East of England,2021-02-14,E12000006,697,368143
East of England,2021-02-13,E12000006,778,367446
East of England,2021-02-12,E12000006,1021,366668
East of England,2021-02-11,E12000006,1097,365647
East of England,2021-02-10,E12000006,1284,364550
East of England,2021-02-09,E12000006,1193,363266
East of England,2021-02-08,E12000006,1269,362073
East of England,2021-02-07,E12000006,972,360804
East of England,2021-02-06,E12000006,1091,359832
East of England,2021-02-05,E12000006,1508,358741
East of England,2021-02-04,E12000006,1662,357233
East of England,2021-02-03,E12000006,1860,355571
East of England,2021-02-02,E12000006,2019,353711
East of England,2021-02-01,E12000006,2211,351692
East of England,2021-01-31,E12000006,1544,349481
East of England,2021-01-30,E12000006,1649,347937
East of England,2021-01-29,E12000006,2193,346288
East of England,2021-01-28,E12000006,2496,344095
East of England,2021-01-27,E12000006,2594,341599
East of England,2021-01-26,E12000006,2936,339005
East of England,2021-01-25,E12000006,3253,336069
East of England,2021-01-24,E12000006,1827,332816
East of England,2021-01-23,E12000006,2332,330989
East of England,2021-01-22,E12000006,3184,328657
East of England,2021-01-21,E12000006,3397,325473
East of England,2021-01-20,E12000006,3754,322076
East of England,2021-01-19,E12000006,4104,318322
East of England,2021-01-18,E12000006,4754,314218
East of England,2021-01-17,E12000006,3092,309464
East of England,2021-01-16,E12000006,3065,306372
East of England,2021-01-15,E12000006,4566,303307
East of England,2021-01-14,E12000006,4711,298741
East of England,2021-01-13,E12000006,5023,294030
East of England,2021-01-12,E12000006,5329,289007
East of England,2021-01-11,E12000006,6267,283678
East of England,2021-01-10,E12000006,3816,277411
East of England,2021-01-09,E12000006,4147,273595
East of England,2021-01-08,E12000006,5332,269448
East of England,2021-01-07,E12000006,5924,264116
East of England,2021-01-06,E12000006,6396,258192
East of England,2021-01-05,E12000006,7372,251796
East of England,2021-01-04,E12000006,9547,244424
East of England,2021-01-03,E12000006,6618,234877
East of England,2021-01-02,E12000006,7402,228259
East of England,2021-01-01,E12000006,4114,220857
East of England,2020-12-31,E12000006,6603,216743
East of England,2020-12-30,E12000006,8896,210140
East of England,2020-12-29,E12000006,11306,201244
East of England,2020-12-28,E12000006,6066,189938
East of England,2020-12-27,E12000006,6664,183872
East of England,2020-12-26,E12000006,5846,177208
East of England,2020-12-25,E12000006,1769,171362
East of England,2020-12-24,E12000006,4403,169593
East of England,2020-12-23,E12000006,5975,165190
East of England,2020-12-22,E12000006,6464,159215
East of England,2020-12-21,E12000006,6813,152751
East of England,2020-12-20,E12000006,4683,145938
East of England,2020-12-19,E12000006,3453,141255
East of England,2020-12-18,E12000006,5206,137802
East of England,2020-12-17,E12000006,4688,132596
East of England,2020-12-16,E12000006,4780,127908
East of England,2020-12-15,E12000006,4407,123128
East of England,2020-12-14,E12000006,4492,118721
East of England,2020-12-13,E12000006,2791,114229
East of England,2020-12-12,E12000006,2264,111438
East of England,2020-12-11,E12000006,2722,109174
East of England,2020-12-10,E12000006,2343,106452
East of England,2020-12-09,E12000006,2283,104109
East of England,2020-12-08,E12000006,2115,101826
East of England,2020-12-07,E12000006,2223,99711
East of England,2020-12-06,E12000006,1318,97488
East of England,2020-12-05,E12000006,1211,96170
East of England,2020-12-04,E12000006,1399,94959
East of England,2020-12-03,E12000006,1353,93560
East of England,2020-12-02,E12000006,1459,92207
East of England,2020-12-01,E12000006,1303,90748
East of England,2020-11-30,E12000006,1535,89445
East of England,2020-11-29,E12000006,776,87910
East of England,2020-11-28,E12000006,815,87134
East of England,2020-11-27,E12000006,1143,86319
East of England,2020-11-26,E12000006,1041,85176
East of England,2020-11-25,E12000006,1218,84135
East of England,2020-11-24,E12000006,1051,82917
East of England,2020-11-23,E12000006,1257,81866
East of England,2020-11-22,E12000006,813,80609
East of England,2020-11-21,E12000006,805,79796
East of England,2020-11-20,E12000006,1079,78991
East of England,2020-11-19,E12000006,1198,77912
East of England,2020-11-18,E12000006,1270,76714
East of England,2020-11-17,E12000006,1335,75444
East of England,2020-11-16,E12000006,1615,74109
East of England,2020-11-15,E12000006,928,72494
East of England,2020-11-14,E12000006,1012,71566
East of England,2020-11-13,E12000006,1377,70554
East of England,2020-11-12,E12000006,1389,69177
East of England,2020-11-11,E12000006,1629,67788
East of England,2020-11-10,E12000006,1473,66159
East of England,2020-11-09,E12000006,1827,64686
East of England,2020-11-08,E12000006,1094,62859
East of England,2020-11-07,E12000006,1016,61765
East of England,2020-11-06,E12000006,1125,60749
East of England,2020-11-05,E12000006,1132,59624
East of England,2020-11-04,E12000006,1056,58492
East of England,2020-11-03,E12000006,1162,57436
East of England,2020-11-02,E12000006,1395,56274
East of England,2020-11-01,E12000006,637,54879
East of England,2020-10-31,E12000006,733,54242
East of England,2020-10-30,E12000006,1000,53509
East of England,2020-10-29,E12000006,986,52509
East of England,2020-10-28,E12000006,1028,51523
East of England,2020-10-27,E12000006,940,50495
East of England,2020-10-26,E12000006,1156,49555
East of England,2020-10-25,E12000006,576,48399
East of England,2020-10-24,E12000006,600,47823
East of England,2020-10-23,E12000006,1007,47223
East of England,2020-10-22,E12000006,1002,46216
East of England,2020-10-21,E12000006,1055,45214
East of England,2020-10-20,E12000006,1106,44159
East of England,2020-10-19,E12000006,1054,43053
East of England,2020-10-18,E12000006,586,41999
East of England,2020-10-17,E12000006,512,41413
East of England,2020-10-16,E12000006,662,40901
East of England,2020-10-15,E12000006,852,40239
East of England,2020-10-14,E12000006,684,39387
East of England,2020-10-13,E12000006,735,38703
East of England,2020-10-12,E12000006,711,37968
East of England,2020-10-11,E12000006,379,37257
East of England,2020-10-10,E12000006,336,36878
East of England,2020-10-09,E12000006,570,36542
East of England,2020-10-08,E12000006,581,35972
East of England,2020-10-07,E12000006,553,35391
East of England,2020-10-06,E12000006,570,34838
East of England,2020-10-05,E12000006,538,34268
East of England,2020-10-04,E12000006,360,33730
East of England,2020-10-03,E12000006,366,33370
East of England,2020-10-02,E12000006,423,33004
East of England,2020-10-01,E12000006,363,32581
East of England,2020-09-30,E12000006,366,32218
East of England,2020-09-29,E12000006,335,31852
East of England,2020-09-28,E12000006,311,31517
East of England,2020-09-27,E12000006,210,31206
East of England,2020-09-26,E12000006,168,30996
East of England,2020-09-25,E12000006,217,30828
East of England,2020-09-24,E12000006,227,30611
East of England,2020-09-23,E12000006,197,30384
East of England,2020-09-22,E12000006,219,30187
East of England,2020-09-21,E12000006,167,29968
East of England,2020-09-20,E12000006,163,29801
East of England,2020-09-19,E12000006,147,29638
East of England,2020-09-18,E12000006,212,29491
East of England,2020-09-17,E12000006,148,29279
East of England,2020-09-16,E12000006,142,29131
East of England,2020-09-15,E12000006,151,28989
East of England,2020-09-14,E12000006,146,28838
East of England,2020-09-13,E12000006,58,28692
East of England,2020-09-12,E12000006,85,28634
East of England,2020-09-11,E12000006,131,28549
East of England,2020-09-10,E12000006,167,28418
East of England,2020-09-09,E12000006,129,28251
East of England,2020-09-08,E12000006,170,28122
East of England,2020-09-07,E12000006,156,27952
East of England,2020-09-06,E12000006,80,27796
East of England,2020-09-05,E12000006,98,27716
East of England,2020-09-04,E12000006,122,27618
East of England,2020-09-03,E12000006,158,27496
East of England,2020-09-02,E12000006,177,27338
East of England,2020-09-01,E12000006,130,27161
East of England,2020-08-31,E12000006,103,27031
East of England,2020-08-30,E12000006,88,26928
East of England,2020-08-29,E12000006,80,26840
East of England,2020-08-28,E12000006,102,26760
East of England,2020-08-27,E12000006,125,26658
East of England,2020-08-26,E12000006,95,26533
East of England,2020-08-25,E12000006,100,26438
East of England,2020-08-24,E12000006,101,26338
East of England,2020-08-23,E12000006,52,26237
East of England,2020-08-22,E12000006,50,26185
East of England,2020-08-21,E12000006,67,26135
East of England,2020-08-20,E12000006,81,26068
East of England,2020-08-19,E12000006,65,25987
East of England,2020-08-18,E12000006,62,25922
East of England,2020-08-17,E12000006,64,25860
East of England,2020-08-16,E12000006,27,25796
East of England,2020-08-15,E12000006,31,25769
East of England,2020-08-14,E12000006,69,25738
East of England,2020-08-13,E12000006,63,25669
East of England,2020-08-12,E12000006,67,25606
East of England,2020-08-11,E12000006,48,25539
East of England,2020-08-10,E12000006,69,25491
East of England,2020-08-09,E12000006,23,25422
East of England,2020-08-08,E12000006,44,25399
East of England,2020-08-07,E12000006,72,25355
East of England,2020-08-06,E12000006,45,25283
East of England,2020-08-05,E12000006,56,25238
East of England,2020-08-04,E12000006,59,25182
East of England,2020-08-03,E12000006,71,25123
East of England,2020-08-02,E12000006,37,25052
East of England,2020-08-01,E12000006,26,25015
East of England,2020-07-31,E12000006,33,24989
East of England,2020-07-30,E12000006,52,24956
East of England,2020-07-29,E12000006,70,24904
East of England,2020-07-28,E12000006,56,24834
East of England,2020-07-27,E12000006,67,24778
East of England,2020-07-26,E12000006,27,24711
East of England,2020-07-25,E12000006,28,24684
East of England,2020-07-24,E12000006,81,24656
East of England,2020-07-23,E12000006,50,24575
East of England,2020-07-22,E12000006,54,24525
East of England,2020-07-21,E12000006,66,24471
East of England,2020-07-20,E12000006,83,24405
East of England,2020-07-19,E12000006,22,24322
East of England,2020-07-18,E12000006,28,24300
East of England,2020-07-17,E12000006,52,24272
East of England,2020-07-16,E12000006,60,24220
East of England,2020-07-15,E12000006,56,24160
East of England,2020-07-14,E12000006,82,24104
East of England,2020-07-13,E12000006,64,24022
East of England,2020-07-12,E12000006,35,23958
East of England,2020-07-11,E12000006,45,23923
East of England,2020-07-10,E12000006,50,23878
East of England,2020-07-09,E12000006,55,23828
East of England,2020-07-08,E12000006,76,23773
East of England,2020-07-07,E12000006,39,23697
East of England,2020-07-06,E12000006,57,23658
East of England,2020-07-05,E12000006,37,23601
East of England,2020-07-04,E12000006,42,23564
East of England,2020-07-03,E12000006,59,23522
East of England,2020-07-02,E12000006,64,23463
East of England,2020-07-01,E12000006,39,23399
East of England,2020-06-30,E12000006,34,23360
East of England,2020-06-29,E12000006,48,23326
East of England,2020-06-28,E12000006,25,23278
East of England,2020-06-27,E12000006,20,23253
East of England,2020-06-26,E12000006,59,23233
East of England,2020-06-25,E12000006,38,23174
East of England,2020-06-24,E12000006,61,23136
East of England,2020-06-23,E12000006,44,23075
East of England,2020-06-22,E12000006,74,23031
East of England,2020-06-21,E12000006,56,22957
East of England,2020-06-20,E12000006,31,22901
East of England,2020-06-19,E12000006,75,22870
East of England,2020-06-18,E12000006,82,22795
East of England,2020-06-17,E12000006,77,22713
East of England,2020-06-16,E12000006,106,22636
East of England,2020-06-15,E12000006,113,22530
East of England,2020-06-14,E12000006,74,22417
East of England,2020-06-13,E12000006,90,22343
East of England,2020-06-12,E12000006,66,22253
East of England,2020-06-11,E12000006,71,22187
East of England,2020-06-10,E12000006,118,22116
East of England,2020-06-09,E12000006,133,21998
East of England,2020-06-08,E12000006,96,21865
East of England,2020-06-07,E12000006,46,21769
East of England,2020-06-06,E12000006,93,21723
East of England,2020-06-05,E12000006,110,21630
East of England,2020-06-04,E12000006,94,21520
East of England,2020-06-03,E12000006,124,21426
East of England,2020-06-02,E12000006,132,21302
East of England,2020-06-01,E12000006,139,21170
East of England,2020-05-31,E12000006,61,21031
East of England,2020-05-30,E12000006,83,20970
East of England,2020-05-29,E12000006,161,20887
East of England,2020-05-28,E12000006,163,20726
East of England,2020-05-27,E12000006,151,20563
East of England,2020-05-26,E12000006,149,20412
East of England,2020-05-25,E12000006,148,20263
East of England,2020-05-24,E12000006,103,20115
East of England,2020-05-23,E12000006,152,20012
East of England,2020-05-22,E12000006,190,19860
East of England,2020-05-21,E12000006,245,19670
East of England,2020-05-20,E12000006,243,19425
East of England,2020-05-19,E12000006,256,19182
East of England,2020-05-18,E12000006,283,18926
East of England,2020-05-17,E12000006,153,18643
East of England,2020-05-16,E12000006,172,18490
East of England,2020-05-15,E12000006,212,18318
East of England,2020-05-14,E12000006,220,18106
East of England,2020-05-13,E12000006,333,17886
East of England,2020-05-12,E12000006,316,17553
East of England,2020-05-11,E12000006,390,17237
East of England,2020-05-10,E12000006,208,16847
East of England,2020-05-09,E12000006,203,16639
East of England,2020-05-08,E12000006,232,16436
East of England,2020-05-07,E12000006,396,16204
East of England,2020-05-06,E12000006,388,15808
East of England,2020-05-05,E12000006,332,15420
East of England,2020-05-04,E12000006,392,15088
East of England,2020-05-03,E12000006,317,14696
East of England,2020-05-02,E12000006,303,14379
East of England,2020-05-01,E12000006,492,14076
East of England,2020-04-30,E12000006,425,13584
East of England,2020-04-29,E12000006,476,13159
East of England,2020-04-28,E12000006,463,12683
East of England,2020-04-27,E12000006,513,12220
East of England,2020-04-26,E12000006,357,11707
East of England,2020-04-25,E12000006,375,11350
East of England,2020-04-24,E12000006,424,10975
East of England,2020-04-23,E12000006,476,10551
East of England,2020-04-22,E12000006,522,10075
East of England,2020-04-21,E12000006,406,9553
East of England,2020-04-20,E12000006,362,9147
East of England,2020-04-19,E12000006,318,8785
East of England,2020-04-18,E12000006,328,8467
East of England,2020-04-17,E12000006,366,8139
East of England,2020-04-16,E12000006,336,7773
East of England,2020-04-15,E12000006,296,7437
East of England,2020-04-14,E12000006,289,7141
East of England,2020-04-13,E12000006,292,6852
East of England,2020-04-12,E12000006,259,6560
East of England,2020-04-11,E12000006,271,6301
East of England,2020-04-10,E12000006,319,6030
East of England,2020-04-09,E12000006,323,5711
East of England,2020-04-08,E12000006,409,5388
East of England,2020-04-07,E12000006,386,4979
East of England,2020-04-06,E12000006,384,4593
East of England,2020-04-05,E12000006,281,4209
East of England,2020-04-04,E12000006,268,3928
East of England,2020-04-03,E12000006,350,3660
East of England,2020-04-02,E12000006,372,3310
East of England,2020-04-01,E12000006,334,2938
East of England,2020-03-31,E12000006,324,2604
East of England,2020-03-30,E12000006,302,2280
East of England,2020-03-29,E12000006,210,1978
East of England,2020-03-28,E12000006,183,1768
East of England,2020-03-27,E12000006,243,1585
East of England,2020-03-26,E12000006,216,1342
East of England,2020-03-25,E12000006,172,1126
East of England,2020-03-24,E12000006,155,954
East of England,2020-03-23,E12000006,191,799
East of England,2020-03-22,E12000006,91,608
East of England,2020-03-21,E12000006,76,517
East of England,2020-03-20,E12000006,75,441
East of England,2020-03-19,E12000006,56,366
East of England,2020-03-18,E12000006,73,310
East of England,2020-03-17,E12000006,40,237
East of England,2020-03-16,E12000006,24,197
East of England,2020-03-15,E12000006,35,173
East of England,2020-03-14,E12000006,16,138
East of England,2020-03-13,E12000006,38,122
East of England,2020-03-12,E12000006,18,84
East of England,2020-03-11,E12000006,15,66
East of England,2020-03-10,E12000006,16,51
East of England,2020-03-09,E12000006,4,35
East of England,2020-03-08,E12000006,2,31
East of England,2020-03-07,E12000006,3,29
East of England,2020-03-06,E12000006,5,26
East of England,2020-03-05,E12000006,1,21
East of England,2020-03-04,E12000006,7,20
East of England,2020-03-03,E12000006,7,13
East of England,2020-03-02,E12000006,1,6
East of England,2020-03-01,E12000006,1,5
East of England,2020-02-29,E12000006,0,4
East of England,2020-02-28,E12000006,1,4
East of England,2020-02-27,E12000006,0,3
East of England,2020-02-26,E12000006,0,3
East of England,2020-02-25,E12000006,0,3
East of England,2020-02-24,E12000006,0,3
East of England,2020-02-23,E12000006,0,3
East of England,2020-02-22,E12000006,0,3
East of England,2020-02-21,E12000006,0,3
East of England,2020-02-20,E12000006,0,3
East of England,2020-02-19,E12000006,0,3
East of England,2020-02-18,E12000006,0,3
East of England,2020-02-17,E12000006,0,3
East of England,2020-02-16,E12000006,0,3
East of England,2020-02-15,E12000006,0,3
East of England,2020-02-14,E12000006,0,3
East of England,2020-02-13,E12000006,0,3
East of England,2020-02-12,E12000006,0,3
East of England,2020-02-11,E12000006,0,3
East of England,2020-02-10,E12000006,0,3
East of England,2020-02-09,E12000006,0,3
East of England,2020-02-08,E12000006,0,3
East of England,2020-02-07,E12000006,0,3
East of England,2020-02-06,E12000006,0,3
East of England,2020-02-05,E12000006,0,3
East of England,2020-02-04,E12000006,0,3
East of England,2020-02-03,E12000006,3,3
London,2021-10-01,E12000007,2231,1111769
London,2021-09-30,E12000007,2651,1109538
London,2021-09-29,E12000007,2830,1106887
London,2021-09-28,E12000007,2844,1104057
London,2021-09-27,E12000007,3521,1101213
London,2021-09-26,E12000007,2558,1097692
London,2021-09-25,E12000007,2337,1095134
London,2021-09-24,E12000007,2437,1092797
London,2021-09-23,E12000007,2795,1090360
London,2021-09-22,E12000007,2871,1087565
London,2021-09-21,E12000007,2969,1084694
London,2021-09-20,E12000007,3178,1081725
London,2021-09-19,E12000007,2379,1078547
London,2021-09-18,E12000007,2165,1076168
London,2021-09-17,E12000007,2417,1074003
London,2021-09-16,E12000007,2443,1071586
London,2021-09-15,E12000007,2490,1069143
London,2021-09-14,E12000007,2643,1066653
London,2021-09-13,E12000007,2860,1064010
London,2021-09-12,E12000007,2064,1061150
London,2021-09-11,E12000007,2227,1059086
London,2021-09-10,E12000007,2572,1056859
London,2021-09-09,E12000007,2808,1054287
London,2021-09-08,E12000007,3215,1051479
London,2021-09-07,E12000007,3463,1048264
London,2021-09-06,E12000007,3892,1044801
London,2021-09-05,E12000007,2705,1040909
London,2021-09-04,E12000007,2758,1038204
London,2021-09-03,E12000007,3531,1035446
London,2021-09-02,E12000007,3812,1031915
London,2021-09-01,E12000007,3677,1028103
London,2021-08-31,E12000007,3811,1024426
London,2021-08-30,E12000007,2873,1020615
London,2021-08-29,E12000007,2286,1017742
London,2021-08-28,E12000007,2648,1015456
London,2021-08-27,E12000007,3145,1012808
London,2021-08-26,E12000007,3246,1009663
London,2021-08-25,E12000007,3529,1006417
London,2021-08-24,E12000007,3515,1002888
London,2021-08-23,E12000007,3657,999373
London,2021-08-22,E12000007,2723,995716
London,2021-08-21,E12000007,2729,992993
London,2021-08-20,E12000007,3168,990264
London,2021-08-19,E12000007,3631,987096
London,2021-08-18,E12000007,3804,983465
London,2021-08-17,E12000007,3826,979661
London,2021-08-16,E12000007,3927,975835
London,2021-08-15,E12000007,2760,971908
London,2021-08-14,E12000007,2948,969148
London,2021-08-13,E12000007,3763,966200
London,2021-08-12,E12000007,4018,962437
London,2021-08-11,E12000007,4372,958419
London,2021-08-10,E12000007,3929,954047
London,2021-08-09,E12000007,3877,950118
London,2021-08-08,E12000007,2917,946241
London,2021-08-07,E12000007,3014,943324
London,2021-08-06,E12000007,3726,940310
London,2021-08-05,E12000007,4290,936584
London,2021-08-04,E12000007,4294,932294
London,2021-08-03,E12000007,4033,928000
London,2021-08-02,E12000007,3988,923967
London,2021-08-01,E12000007,2703,919979
London,2021-07-31,E12000007,2671,917276
London,2021-07-30,E12000007,3357,914605
London,2021-07-29,E12000007,3902,911248
London,2021-07-28,E12000007,3964,907346
London,2021-07-27,E12000007,3907,903382
London,2021-07-26,E12000007,4043,899475
London,2021-07-25,E12000007,2882,895432
London,2021-07-24,E12000007,3118,892550
London,2021-07-23,E12000007,3934,889432
London,2021-07-22,E12000007,4314,885498
London,2021-07-21,E12000007,4785,881184
London,2021-07-20,E12000007,5160,876399
London,2021-07-19,E12000007,6138,871239
London,2021-07-18,E12000007,4523,865101
London,2021-07-17,E12000007,5082,860578
London,2021-07-16,E12000007,7137,855496
London,2021-07-15,E12000007,7818,848359
London,2021-07-14,E12000007,6574,840541
London,2021-07-13,E12000007,5310,833967
London,2021-07-12,E12000007,4969,828657
London,2021-07-11,E12000007,3283,823688
London,2021-07-10,E12000007,3251,820405
London,2021-07-09,E12000007,3654,817154
London,2021-07-08,E12000007,3690,813500
London,2021-07-07,E12000007,4503,809810
London,2021-07-06,E12000007,4025,805307
London,2021-07-05,E12000007,3863,801282
London,2021-07-04,E12000007,2639,797419
London,2021-07-03,E12000007,2683,794780
London,2021-07-02,E12000007,2943,792097
London,2021-07-01,E12000007,3098,789154
London,2021-06-30,E12000007,3083,786056
London,2021-06-29,E12000007,2996,782973
London,2021-06-28,E12000007,2873,779977
London,2021-06-27,E12000007,1890,777104
London,2021-06-26,E12000007,1723,775214
London,2021-06-25,E12000007,2057,773491
London,2021-06-24,E12000007,1959,771434
London,2021-06-23,E12000007,1971,769475
London,2021-06-22,E12000007,1787,767504
London,2021-06-21,E12000007,1654,765717
London,2021-06-20,E12000007,971,764063
London,2021-06-19,E12000007,924,763092
London,2021-06-18,E12000007,1038,762168
London,2021-06-17,E12000007,1300,761130
London,2021-06-16,E12000007,1163,759830
London,2021-06-15,E12000007,1301,758667
London,2021-06-14,E12000007,1208,757366
London,2021-06-13,E12000007,767,756158
London,2021-06-12,E12000007,772,755391
London,2021-06-11,E12000007,938,754619
London,2021-06-10,E12000007,997,753681
London,2021-06-09,E12000007,1077,752684
London,2021-06-08,E12000007,1095,751607
London,2021-06-07,E12000007,1017,750512
London,2021-06-06,E12000007,667,749495
London,2021-06-05,E12000007,598,748828
London,2021-06-04,E12000007,703,748230
London,2021-06-03,E12000007,798,747527
London,2021-06-02,E12000007,814,746729
London,2021-06-01,E12000007,713,745915
London,2021-05-31,E12000007,515,745202
London,2021-05-30,E12000007,401,744687
London,2021-05-29,E12000007,386,744286
London,2021-05-28,E12000007,430,743900
London,2021-05-27,E12000007,520,743470
London,2021-05-26,E12000007,485,742950
London,2021-05-25,E12000007,424,742465
London,2021-05-24,E12000007,380,742041
London,2021-05-23,E12000007,281,741661
London,2021-05-22,E12000007,249,741380
London,2021-05-21,E12000007,273,741131
London,2021-05-20,E12000007,329,740858
London,2021-05-19,E12000007,360,740529
London,2021-05-18,E12000007,329,740169
London,2021-05-17,E12000007,340,739840
London,2021-05-16,E12000007,224,739500
London,2021-05-15,E12000007,194,739276
London,2021-05-14,E12000007,251,739082
London,2021-05-13,E12000007,263,738831
London,2021-05-12,E12000007,233,738568
London,2021-05-11,E12000007,298,738335
London,2021-05-10,E12000007,362,738037
London,2021-05-09,E12000007,287,737675
London,2021-05-08,E12000007,191,737388
London,2021-05-07,E12000007,237,737197
London,2021-05-06,E12000007,300,736960
London,2021-05-05,E12000007,283,736660
London,2021-05-04,E12000007,316,736377
London,2021-05-03,E12000007,250,736061
London,2021-05-02,E12000007,183,735811
London,2021-05-01,E12000007,187,735628
London,2021-04-30,E12000007,240,735441
London,2021-04-29,E12000007,216,735201
London,2021-04-28,E12000007,307,734985
London,2021-04-27,E12000007,286,734678
London,2021-04-26,E12000007,325,734392
London,2021-04-25,E12000007,281,734067
London,2021-04-24,E12000007,247,733786
London,2021-04-23,E12000007,250,733539
London,2021-04-22,E12000007,327,733289
London,2021-04-21,E12000007,389,732962
London,2021-04-20,E12000007,377,732573
London,2021-04-19,E12000007,395,732196
London,2021-04-18,E12000007,395,731801
London,2021-04-17,E12000007,231,731406
London,2021-04-16,E12000007,332,731175
London,2021-04-15,E12000007,321,730843
London,2021-04-14,E12000007,295,730522
London,2021-04-13,E12000007,303,730227
London,2021-04-12,E12000007,353,729924
London,2021-04-11,E12000007,312,729571
London,2021-04-10,E12000007,293,729259
London,2021-04-09,E12000007,376,728966
London,2021-04-08,E12000007,330,728590
London,2021-04-07,E12000007,372,728260
London,2021-04-06,E12000007,359,727888
London,2021-04-05,E12000007,262,727529
London,2021-04-04,E12000007,221,727267
London,2021-04-03,E12000007,252,727046
London,2021-04-02,E12000007,271,726794
London,2021-04-01,E12000007,370,726523
London,2021-03-31,E12000007,322,726153
London,2021-03-30,E12000007,384,725831
London,2021-03-29,E12000007,428,725447
London,2021-03-28,E12000007,530,725019
London,2021-03-27,E12000007,322,724489
London,2021-03-26,E12000007,457,724167
London,2021-03-25,E12000007,471,723710
London,2021-03-24,E12000007,636,723239
London,2021-03-23,E12000007,489,722603
London,2021-03-22,E12000007,553,722114
London,2021-03-21,E12000007,479,721561
London,2021-03-20,E12000007,387,721082
London,2021-03-19,E12000007,452,720695
London,2021-03-18,E12000007,485,720243
London,2021-03-17,E12000007,477,719758
London,2021-03-16,E12000007,522,719281
London,2021-03-15,E12000007,617,718759
London,2021-03-14,E12000007,372,718142
London,2021-03-13,E12000007,383,717770
London,2021-03-12,E12000007,528,717387
London,2021-03-11,E12000007,472,716859
London,2021-03-10,E12000007,545,716387
London,2021-03-09,E12000007,616,715842
London,2021-03-08,E12000007,581,715226
London,2021-03-07,E12000007,425,714645
London,2021-03-06,E12000007,416,714220
London,2021-03-05,E12000007,515,713804
London,2021-03-04,E12000007,534,713289
London,2021-03-03,E12000007,596,712755
London,2021-03-02,E12000007,678,712159
London,2021-03-01,E12000007,576,711481
London,2021-02-28,E12000007,499,710905
London,2021-02-27,E12000007,528,710406
London,2021-02-26,E12000007,642,709878
London,2021-02-25,E12000007,665,709236
London,2021-02-24,E12000007,763,708571
London,2021-02-23,E12000007,957,707808
London,2021-02-22,E12000007,1046,706851
London,2021-02-21,E12000007,763,705805
London,2021-02-20,E12000007,823,705042
London,2021-02-19,E12000007,1060,704219
London,2021-02-18,E12000007,1144,703159
London,2021-02-17,E12000007,1129,702015
London,2021-02-16,E12000007,1230,700886
London,2021-02-15,E12000007,1427,699656
London,2021-02-14,E12000007,915,698229
London,2021-02-13,E12000007,897,697314
London,2021-02-12,E12000007,1315,696417
London,2021-02-11,E12000007,1485,695102
London,2021-02-10,E12000007,1575,693617
London,2021-02-09,E12000007,1704,692042
London,2021-02-08,E12000007,1860,690338
London,2021-02-07,E12000007,1383,688478
London,2021-02-06,E12000007,1591,687095
London,2021-02-05,E12000007,2186,685504
London,2021-02-04,E12000007,2538,683318
London,2021-02-03,E12000007,2779,680780
London,2021-02-02,E12000007,3020,678001
London,2021-02-01,E12000007,3376,674981
London,2021-01-31,E12000007,2288,671605
London,2021-01-30,E12000007,2715,669317
London,2021-01-29,E12000007,3498,666602
London,2021-01-28,E12000007,3972,663104
London,2021-01-27,E12000007,4314,659132
London,2021-01-26,E12000007,4293,654818
London,2021-01-25,E12000007,5104,650525
London,2021-01-24,E12000007,3199,645421
London,2021-01-23,E12000007,4259,642222
London,2021-01-22,E12000007,5740,637963
London,2021-01-21,E12000007,5944,632223
London,2021-01-20,E12000007,6377,626279
London,2021-01-19,E12000007,7213,619902
London,2021-01-18,E12000007,8516,612689
London,2021-01-17,E12000007,5523,604173
London,2021-01-16,E12000007,6311,598650
London,2021-01-15,E12000007,8397,592339
London,2021-01-14,E12000007,9158,583942
London,2021-01-13,E12000007,9510,574784
London,2021-01-12,E12000007,10081,565274
London,2021-01-11,E12000007,11844,555193
London,2021-01-10,E12000007,7641,543349
London,2021-01-09,E12000007,8960,535708
London,2021-01-08,E12000007,10770,526748
London,2021-01-07,E12000007,12354,515978
London,2021-01-06,E12000007,13885,503624
London,2021-01-05,E12000007,14895,489739
London,2021-01-04,E12000007,17652,474844
London,2021-01-03,E12000007,13397,457192
London,2021-01-02,E12000007,13941,443795
London,2021-01-01,E12000007,6889,429854
London,2020-12-31,E12000007,12667,422965
London,2020-12-30,E12000007,17658,410298
London,2020-12-29,E12000007,20265,392640
London,2020-12-28,E12000007,10880,372375
London,2020-12-27,E12000007,13364,361495
London,2020-12-26,E12000007,12085,348131
London,2020-12-25,E12000007,4413,336046
London,2020-12-24,E12000007,9594,331633
London,2020-12-23,E12000007,12532,322039
London,2020-12-22,E12000007,13569,309507
London,2020-12-21,E12000007,13495,295938
London,2020-12-20,E12000007,9078,282443
London,2020-12-19,E12000007,7288,273365
London,2020-12-18,E12000007,11002,266077
London,2020-12-17,E12000007,10317,255075
London,2020-12-16,E12000007,10165,244758
London,2020-12-15,E12000007,8974,234593
London,2020-12-14,E12000007,8438,225619
London,2020-12-13,E12000007,5571,217181
London,2020-12-12,E12000007,4749,211610
London,2020-12-11,E12000007,5538,206861
London,2020-12-10,E12000007,5080,201323
London,2020-12-09,E12000007,4462,196243
London,2020-12-08,E12000007,3759,191781
London,2020-12-07,E12000007,3749,188022
London,2020-12-06,E12000007,2445,184273
London,2020-12-05,E12000007,2277,181828
London,2020-12-04,E12000007,2964,179551
London,2020-12-03,E12000007,2487,176587
London,2020-12-02,E12000007,2839,174100
London,2020-12-01,E12000007,2489,171261
London,2020-11-30,E12000007,2720,168772
London,2020-11-29,E12000007,1670,166052
London,2020-11-28,E12000007,1654,164382
London,2020-11-27,E12000007,2234,162728
London,2020-11-26,E12000007,2092,160494
London,2020-11-25,E12000007,2265,158402
London,2020-11-24,E12000007,2179,156137
London,2020-11-23,E12000007,2430,153958
London,2020-11-22,E12000007,1508,151528
London,2020-11-21,E12000007,1514,150020
London,2020-11-20,E12000007,2152,148506
London,2020-11-19,E12000007,2212,146354
London,2020-11-18,E12000007,2488,144142
London,2020-11-17,E12000007,2597,141654
London,2020-11-16,E12000007,3117,139057
London,2020-11-15,E12000007,1830,135940
London,2020-11-14,E12000007,1960,134110
London,2020-11-13,E12000007,2744,132150
London,2020-11-12,E12000007,2890,129406
London,2020-11-11,E12000007,2961,126516
London,2020-11-10,E12000007,2776,123555
London,2020-11-09,E12000007,3128,120779
London,2020-11-08,E12000007,1792,117651
London,2020-11-07,E12000007,1667,115859
London,2020-11-06,E12000007,2145,114192
London,2020-11-05,E12000007,2115,112047
London,2020-11-04,E12000007,2084,109932
London,2020-11-03,E12000007,2162,107848
London,2020-11-02,E12000007,2965,105686
London,2020-11-01,E12000007,1226,102721
London,2020-10-31,E12000007,1403,101495
London,2020-10-30,E12000007,1895,100092
London,2020-10-29,E12000007,2030,98197
London,2020-10-28,E12000007,1996,96167
London,2020-10-27,E12000007,2111,94171
London,2020-10-26,E12000007,2561,92060
London,2020-10-25,E12000007,1302,89499
London,2020-10-24,E12000007,1458,88197
London,2020-10-23,E12000007,2043,86739
London,2020-10-22,E12000007,2200,84696
London,2020-10-21,E12000007,2376,82496
London,2020-10-20,E12000007,2336,80120
London,2020-10-19,E12000007,2359,77784
London,2020-10-18,E12000007,1308,75425
London,2020-10-17,E12000007,1117,74117
London,2020-10-16,E12000007,1685,73000
London,2020-10-15,E12000007,1740,71315
London,2020-10-14,E12000007,1638,69575
London,2020-10-13,E12000007,1440,67937
London,2020-10-12,E12000007,1590,66497
London,2020-10-11,E12000007,745,64907
London,2020-10-10,E12000007,881,64162
London,2020-10-09,E12000007,1362,63281
London,2020-10-08,E12000007,1481,61919
London,2020-10-07,E12000007,1425,60438
London,2020-10-06,E12000007,1168,59013
London,2020-10-05,E12000007,1298,57845
London,2020-10-04,E12000007,834,56547
London,2020-10-03,E12000007,800,55713
London,2020-10-02,E12000007,1040,54913
London,2020-10-01,E12000007,1076,53873
London,2020-09-30,E12000007,1006,52797
London,2020-09-29,E12000007,705,51791
London,2020-09-28,E12000007,744,51086
London,2020-09-27,E12000007,535,50342
London,2020-09-26,E12000007,552,49807
London,2020-09-25,E12000007,607,49255
London,2020-09-24,E12000007,602,48648
London,2020-09-23,E12000007,658,48046
London,2020-09-22,E12000007,525,47388
London,2020-09-21,E12000007,434,46863
London,2020-09-20,E12000007,415,46429
London,2020-09-19,E12000007,342,46014
London,2020-09-18,E12000007,386,45672
London,2020-09-17,E12000007,328,45286
London,2020-09-16,E12000007,294,44958
London,2020-09-15,E12000007,272,44664
London,2020-09-14,E12000007,304,44392
London,2020-09-13,E12000007,112,44088
London,2020-09-12,E12000007,232,43976
London,2020-09-11,E12000007,335,43744
London,2020-09-10,E12000007,397,43409
London,2020-09-09,E12000007,347,43012
London,2020-09-08,E12000007,351,42665
London,2020-09-07,E12000007,464,42314
London,2020-09-06,E12000007,209,41850
London,2020-09-05,E12000007,271,41641
London,2020-09-04,E12000007,359,41370
London,2020-09-03,E12000007,348,41011
London,2020-09-02,E12000007,343,40663
London,2020-09-01,E12000007,316,40320
London,2020-08-31,E12000007,217,40004
London,2020-08-30,E12000007,132,39787
London,2020-08-29,E12000007,139,39655
London,2020-08-28,E12000007,223,39516
London,2020-08-27,E12000007,232,39293
London,2020-08-26,E12000007,165,39061
London,2020-08-25,E12000007,170,38896
London,2020-08-24,E12000007,198,38726
London,2020-08-23,E12000007,141,38528
London,2020-08-22,E12000007,120,38387
London,2020-08-21,E12000007,170,38267
London,2020-08-20,E12000007,208,38097
London,2020-08-19,E12000007,154,37889
London,2020-08-18,E12000007,184,37735
London,2020-08-17,E12000007,190,37551
London,2020-08-16,E12000007,88,37361
London,2020-08-15,E12000007,106,37273
London,2020-08-14,E12000007,131,37167
London,2020-08-13,E12000007,126,37036
London,2020-08-12,E12000007,165,36910
London,2020-08-11,E12000007,150,36745
London,2020-08-10,E12000007,147,36595
London,2020-08-09,E12000007,69,36448
London,2020-08-08,E12000007,56,36379
London,2020-08-07,E12000007,126,36323
London,2020-08-06,E12000007,108,36197
London,2020-08-05,E12000007,119,36089
London,2020-08-04,E12000007,106,35970
London,2020-08-03,E12000007,89,35864
London,2020-08-02,E12000007,76,35775
London,2020-08-01,E12000007,59,35699
London,2020-07-31,E12000007,77,35640
London,2020-07-30,E12000007,104,35563
London,2020-07-29,E12000007,103,35459
London,2020-07-28,E12000007,100,35356
London,2020-07-27,E12000007,101,35256
London,2020-07-26,E12000007,64,35155
London,2020-07-25,E12000007,57,35091
London,2020-07-24,E12000007,84,35034
London,2020-07-23,E12000007,70,34950
London,2020-07-22,E12000007,85,34880
London,2020-07-21,E12000007,81,34795
London,2020-07-20,E12000007,102,34714
London,2020-07-19,E12000007,42,34612
London,2020-07-18,E12000007,48,34570
London,2020-07-17,E12000007,48,34522
London,2020-07-16,E12000007,70,34474
London,2020-07-15,E12000007,76,34404
London,2020-07-14,E12000007,63,34328
London,2020-07-13,E12000007,85,34265
London,2020-07-12,E12000007,38,34180
London,2020-07-11,E12000007,20,34142
London,2020-07-10,E12000007,39,34122
London,2020-07-09,E12000007,54,34083
London,2020-07-08,E12000007,59,34029
London,2020-07-07,E12000007,60,33970
London,2020-07-06,E12000007,55,33910
London,2020-07-05,E12000007,52,33855
London,2020-07-04,E12000007,32,33803
London,2020-07-03,E12000007,38,33771
London,2020-07-02,E12000007,43,33733
London,2020-07-01,E12000007,43,33690
London,2020-06-30,E12000007,52,33647
London,2020-06-29,E12000007,59,33595
London,2020-06-28,E12000007,22,33536
London,2020-06-27,E12000007,32,33514
London,2020-06-26,E12000007,48,33482
London,2020-06-25,E12000007,58,33434
London,2020-06-24,E12000007,46,33376
London,2020-06-23,E12000007,50,33330
London,2020-06-22,E12000007,53,33280
London,2020-06-21,E12000007,26,33227
London,2020-06-20,E12000007,29,33201
London,2020-06-19,E12000007,38,33172
London,2020-06-18,E12000007,47,33134
London,2020-06-17,E12000007,42,33087
London,2020-06-16,E12000007,47,33045
London,2020-06-15,E12000007,40,32998
London,2020-06-14,E12000007,30,32958
London,2020-06-13,E12000007,39,32928
London,2020-06-12,E12000007,53,32889
London,2020-06-11,E12000007,46,32836
London,2020-06-10,E12000007,52,32790
London,2020-06-09,E12000007,71,32738
London,2020-06-08,E12000007,55,32667
London,2020-06-07,E12000007,45,32612
London,2020-06-06,E12000007,46,32567
London,2020-06-05,E12000007,46,32521
London,2020-06-04,E12000007,57,32475
London,2020-06-03,E12000007,78,32418
London,2020-06-02,E12000007,50,32340
London,2020-06-01,E12000007,50,32290
London,2020-05-31,E12000007,37,32240
London,2020-05-30,E12000007,38,32203
London,2020-05-29,E12000007,57,32165
London,2020-05-28,E12000007,74,32108
London,2020-05-27,E12000007,83,32034
London,2020-05-26,E12000007,64,31951
London,2020-05-25,E12000007,58,31887
London,2020-05-24,E12000007,51,31829
London,2020-05-23,E12000007,64,31778
London,2020-05-22,E12000007,86,31714
London,2020-05-21,E12000007,157,31628
London,2020-05-20,E12000007,141,31471
London,2020-05-19,E12000007,128,31330
London,2020-05-18,E12000007,113,31202
London,2020-05-17,E12000007,79,31089
London,2020-05-16,E12000007,74,31010
London,2020-05-15,E12000007,132,30936
London,2020-05-14,E12000007,159,30804
London,2020-05-13,E12000007,203,30645
London,2020-05-12,E12000007,191,30442
London,2020-05-11,E12000007,160,30251
London,2020-05-10,E12000007,123,30091
London,2020-05-09,E12000007,128,29968
London,2020-05-08,E12000007,208,29840
London,2020-05-07,E12000007,273,29632
London,2020-05-06,E12000007,267,29359
London,2020-05-05,E12000007,216,29092
London,2020-05-04,E12000007,245,28876
London,2020-05-03,E12000007,170,28631
London,2020-05-02,E12000007,248,28461
London,2020-05-01,E12000007,355,28213
London,2020-04-30,E12000007,426,27858
London,2020-04-29,E12000007,432,27432
London,2020-04-28,E12000007,311,27000
London,2020-04-27,E12000007,418,26689
London,2020-04-26,E12000007,310,26271
London,2020-04-25,E12000007,332,25961
London,2020-04-24,E12000007,375,25629
London,2020-04-23,E12000007,520,25254
London,2020-04-22,E12000007,399,24734
London,2020-04-21,E12000007,463,24335
London,2020-04-20,E12000007,425,23872
London,2020-04-19,E12000007,398,23447
London,2020-04-18,E12000007,401,23049
London,2020-04-17,E12000007,577,22648
London,2020-04-16,E12000007,574,22071
London,2020-04-15,E12000007,657,21497
London,2020-04-14,E12000007,600,20840
London,2020-04-13,E12000007,601,20240
London,2020-04-12,E12000007,502,19639
London,2020-04-11,E12000007,518,19137
London,2020-04-10,E12000007,622,18619
London,2020-04-09,E12000007,791,17997
London,2020-04-08,E12000007,867,17206
London,2020-04-07,E12000007,946,16339
London,2020-04-06,E12000007,858,15393
London,2020-04-05,E12000007,636,14535
London,2020-04-04,E12000007,765,13899
London,2020-04-03,E12000007,985,13134
London,2020-04-02,E12000007,1063,12149
London,2020-04-01,E12000007,977,11086
London,2020-03-31,E12000007,935,10109
London,2020-03-30,E12000007,848,9174
London,2020-03-29,E12000007,596,8326
London,2020-03-28,E12000007,577,7730
London,2020-03-27,E12000007,818,7153
London,2020-03-26,E12000007,740,6335
London,2020-03-25,E12000007,752,5595
London,2020-03-24,E12000007,636,4843
London,2020-03-23,E12000007,685,4207
London,2020-03-22,E12000007,439,3522
London,2020-03-21,E12000007,348,3083
London,2020-03-20,E12000007,424,2735
London,2020-03-19,E12000007,332,2311
London,2020-03-18,E12000007,357,1979
London,2020-03-17,E12000007,310,1622
London,2020-03-16,E12000007,237,1312
London,2020-03-15,E12000007,165,1075
London,2020-03-14,E12000007,149,910
London,2020-03-13,E12000007,138,761
London,2020-03-12,E12000007,167,623
London,2020-03-11,E12000007,183,456
London,2020-03-10,E12000007,95,273
London,2020-03-09,E12000007,54,178
London,2020-03-08,E12000007,22,124
London,2020-03-07,E12000007,14,102
London,2020-03-06,E12000007,23,88
London,2020-03-05,E12000007,13,65
London,2020-03-04,E12000007,15,52
London,2020-03-03,E12000007,6,37
London,2020-03-02,E12000007,12,31
London,2020-03-01,E12000007,3,19
London,2020-02-29,E12000007,1,16
London,2020-02-28,E12000007,0,15
London,2020-02-27,E12000007,1,15
London,2020-02-26,E12000007,0,14
London,2020-02-25,E12000007,1,14
London,2020-02-24,E12000007,1,13
London,2020-02-23,E12000007,3,12
London,2020-02-22,E12000007,0,9
London,2020-02-21,E12000007,1,9
London,2020-02-20,E12000007,0,8
London,2020-02-19,E12000007,0,8
London,2020-02-18,E12000007,0,8
London,2020-02-17,E12000007,1,8
London,2020-02-16,E12000007,0,7
London,2020-02-15,E12000007,0,7
London,2020-02-14,E12000007,0,7
London,2020-02-13,E12000007,1,7
London,2020-02-12,E12000007,0,6
London,2020-02-11,E12000007,4,6
London,2020-02-10,E12000007,1,2
London,2020-02-09,E12000007,0,1
London,2020-02-08,E12000007,0,1
London,2020-02-07,E12000007,0,1
London,2020-02-06,E12000007,0,1
London,2020-02-05,E12000007,0,1
London,2020-02-04,E12000007,0,1
London,2020-02-03,E12000007,1,1
South East,2023-11-07,E12000008,86,3424676
South East,2023-11-06,E12000008,103,3424590
South East,2023-11-05,E12000008,110,3424487
South East,2023-11-04,E12000008,98,3424377
South East,2023-11-03,E12000008,123,3424279
South East,2023-11-02,E12000008,151,3424156
South East,2023-11-01,E12000008,155,3424005
South East,2023-10-31,E12000008,161,3423850
South East,2023-10-30,E12000008,197,3423689
South East,2023-10-29,E12000008,147,3423492
South East,2023-10-28,E12000008,135,3423345
South East,2023-10-27,E12000008,152,3423210
South East,2023-10-26,E12000008,159,3423058
South East,2023-10-25,E12000008,143,3422899
South East,2023-10-24,E12000008,184,3422756
South East,2023-10-23,E12000008,208,3422572
South East,2023-10-22,E12000008,165,3422364
South East,2023-10-21,E12000008,125,3422199
South East,2023-10-20,E12000008,195,3422074
South East,2023-10-19,E12000008,222,3421879
South East,2023-10-18,E12000008,206,3421657
South East,2023-10-17,E12000008,217,3421451
South East,2023-10-16,E12000008,198,3421234
South East,2023-10-15,E12000008,196,3421036
South East,2023-10-14,E12000008,168,3420840
South East,2023-10-13,E12000008,228,3420672
South East,2023-10-12,E12000008,277,3420444
South East,2023-10-11,E12000008,272,3420167
South East,2023-10-10,E12000008,312,3419895
South East,2023-10-09,E12000008,323,3419583
South East,2023-10-08,E12000008,327,3419260
South East,2023-10-07,E12000008,288,3418933
South East,2023-10-06,E12000008,302,3418645
South East,2023-10-05,E12000008,353,3418343
South East,2023-10-04,E12000008,349,3417990
South East,2023-10-03,E12000008,395,3417641
South East,2023-10-02,E12000008,435,3417246
South East,2023-10-01,E12000008,405,3416811
South East,2023-09-30,E12000008,304,3416406
South East,2023-09-29,E12000008,331,3416102
South East,2023-09-28,E12000008,376,3415771
South East,2023-09-27,E12000008,471,3415395
South East,2023-09-26,E12000008,440,3414924
South East,2023-09-25,E12000008,409,3414484
South East,2023-09-24,E12000008,337,3414075
South East,2023-09-23,E12000008,262,3413738
South East,2023-09-22,E12000008,265,3413476
South East,2023-09-21,E12000008,294,3413211
South East,2023-09-20,E12000008,327,3412917
South East,2023-09-19,E12000008,301,3412590
South East,2023-09-18,E12000008,315,3412289
South East,2023-09-17,E12000008,280,3411974
South East,2023-09-16,E12000008,226,3411694
South East,2023-09-15,E12000008,247,3411468
South East,2023-09-14,E12000008,253,3411221
South East,2023-09-13,E12000008,252,3410968
South East,2023-09-12,E12000008,291,3410716
South East,2023-09-11,E12000008,323,3410425
South East,2023-09-10,E12000008,276,3410102
South East,2023-09-09,E12000008,238,3409826
South East,2023-09-08,E12000008,264,3409588
South East,2023-09-07,E12000008,291,3409324
South East,2023-09-06,E12000008,341,3409033
South East,2023-09-05,E12000008,318,3408692
South East,2023-09-04,E12000008,294,3408374
South East,2023-09-03,E12000008,279,3408080
South East,2023-09-02,E12000008,206,3407801
South East,2023-09-01,E12000008,261,3407595
South East,2023-08-31,E12000008,261,3407334
South East,2023-08-30,E12000008,242,3407073
South East,2023-08-29,E12000008,229,3406831
South East,2023-08-28,E12000008,190,3406602
South East,2023-08-27,E12000008,135,3406412
South East,2023-08-26,E12000008,134,3406277
South East,2023-08-25,E12000008,159,3406143
South East,2023-08-24,E12000008,174,3405984
South East,2023-08-23,E12000008,170,3405810
South East,2023-08-22,E12000008,193,3405640
South East,2023-08-21,E12000008,178,3405447
South East,2023-08-20,E12000008,204,3405269
South East,2023-08-19,E12000008,153,3405065
South East,2023-08-18,E12000008,179,3404912
South East,2023-08-17,E12000008,157,3404733
South East,2023-08-16,E12000008,190,3404576
South East,2023-08-15,E12000008,172,3404386
South East,2023-08-14,E12000008,170,3404214
South East,2023-08-13,E12000008,156,3404044
South East,2023-08-12,E12000008,153,3403888
South East,2023-08-11,E12000008,174,3403735
South East,2023-08-10,E12000008,164,3403561
South East,2023-08-09,E12000008,171,3403397
South East,2023-08-08,E12000008,192,3403226
South East,2023-08-07,E12000008,169,3403034
South East,2023-08-06,E12000008,141,3402865
South East,2023-08-05,E12000008,101,3402724
South East,2023-08-04,E12000008,118,3402623
South East,2023-08-03,E12000008,138,3402505
South East,2023-08-02,E12000008,152,3402367
South East,2023-08-01,E12000008,120,3402215
South East,2023-07-31,E12000008,132,3402095
South East,2023-07-30,E12000008,122,3401963
South East,2023-07-29,E12000008,103,3401841
South East,2023-07-28,E12000008,107,3401738
South East,2023-07-27,E12000008,94,3401631
South East,2023-07-26,E12000008,110,3401537
South East,2023-07-25,E12000008,91,3401427
South East,2023-07-24,E12000008,107,3401336
South East,2023-07-23,E12000008,82,3401229
South East,2023-07-22,E12000008,69,3401147
South East,2023-07-21,E12000008,84,3401078
South East,2023-07-20,E12000008,93,3400994
South East,2023-07-19,E12000008,58,3400901
South East,2023-07-18,E12000008,75,3400843
South East,2023-07-17,E12000008,80,3400768
South East,2023-07-16,E12000008,42,3400688
South East,2023-07-15,E12000008,47,3400646
South East,2023-07-14,E12000008,51,3400599
South East,2023-07-13,E12000008,62,3400548
South East,2023-07-12,E12000008,71,3400486
South East,2023-07-11,E12000008,78,3400415
South East,2023-07-10,E12000008,88,3400337
South East,2023-07-09,E12000008,72,3400249
South East,2023-07-08,E12000008,40,3400177
South East,2023-07-07,E12000008,56,3400137
South East,2023-07-06,E12000008,57,3400081
South East,2023-07-05,E12000008,57,3400024
South East,2023-07-04,E12000008,47,3399967
South East,2023-07-03,E12000008,61,3399920
South East,2023-07-02,E12000008,47,3399859
South East,2023-07-01,E12000008,39,3399812
South East,2023-06-30,E12000008,39,3399773
South East,2023-06-29,E12000008,38,3399734
South East,2023-06-28,E12000008,50,3399696
South East,2023-06-27,E12000008,56,3399646
South East,2023-06-26,E12000008,47,3399590
South East,2023-06-25,E12000008,51,3399543
South East,2023-06-24,E12000008,55,3399492
South East,2023-06-23,E12000008,49,3399437
South East,2023-06-22,E12000008,66,3399388
South East,2023-06-21,E12000008,48,3399322
South East,2023-06-20,E12000008,61,3399274
South East,2023-06-19,E12000008,66,3399213
South East,2023-06-18,E12000008,61,3399147
South East,2023-06-17,E12000008,62,3399086
South East,2023-06-16,E12000008,62,3399024
South East,2023-06-15,E12000008,73,3398962
South East,2023-06-14,E12000008,85,3398889
South East,2023-06-13,E12000008,87,3398804
South East,2023-06-12,E12000008,94,3398717
South East,2023-06-11,E12000008,94,3398623
South East,2023-06-10,E12000008,83,3398529
South East,2023-06-09,E12000008,90,3398446
South East,2023-06-08,E12000008,113,3398356
South East,2023-06-07,E12000008,118,3398243
South East,2023-06-06,E12000008,146,3398125
South East,2023-06-05,E12000008,143,3397979
South East,2023-06-04,E12000008,123,3397836
South East,2023-06-03,E12000008,96,3397713
South East,2023-06-02,E12000008,104,3397617
South East,2023-06-01,E12000008,123,3397513
South East,2023-05-31,E12000008,152,3397390
South East,2023-05-30,E12000008,139,3397238
South East,2023-05-29,E12000008,136,3397099
South East,2023-05-28,E12000008,113,3396963
South East,2023-05-27,E12000008,107,3396850
South East,2023-05-26,E12000008,142,3396743
South East,2023-05-25,E12000008,148,3396601
South East,2023-05-24,E12000008,176,3396453
South East,2023-05-23,E12000008,212,3396277
South East,2023-05-22,E12000008,210,3396065
South East,2023-05-21,E12000008,177,3395855
South East,2023-05-20,E12000008,142,3395678
South East,2023-05-19,E12000008,163,3395536
South East,2023-05-18,E12000008,167,3395373
South East,2023-05-17,E12000008,177,3395206
South East,2023-05-16,E12000008,184,3395029
South East,2023-05-15,E12000008,226,3394845
South East,2023-05-14,E12000008,175,3394619
South East,2023-05-13,E12000008,167,3394444
South East,2023-05-12,E12000008,168,3394277
South East,2023-05-11,E12000008,226,3394109
South East,2023-05-10,E12000008,205,3393883
South East,2023-05-09,E12000008,265,3393678
South East,2023-05-08,E12000008,246,3393413
South East,2023-05-07,E12000008,208,3393167
South East,2023-05-06,E12000008,197,3392959
South East,2023-05-05,E12000008,235,3392762
South East,2023-05-04,E12000008,294,3392527
South East,2023-05-03,E12000008,278,3392233
South East,2023-05-02,E12000008,341,3391955
South East,2023-05-01,E12000008,312,3391614
South East,2023-04-30,E12000008,244,3391302
South East,2023-04-29,E12000008,237,3391058
South East,2023-04-28,E12000008,266,3390821
South East,2023-04-27,E12000008,268,3390555
South East,2023-04-26,E12000008,275,3390287
South East,2023-04-25,E12000008,272,3390012
South East,2023-04-24,E12000008,305,3389740
South East,2023-04-23,E12000008,222,3389435
South East,2023-04-22,E12000008,208,3389213
South East,2023-04-21,E12000008,208,3389005
South East,2023-04-20,E12000008,275,3388797
South East,2023-04-19,E12000008,268,3388522
South East,2023-04-18,E12000008,299,3388254
South East,2023-04-17,E12000008,331,3387955
South East,2023-04-16,E12000008,306,3387624
South East,2023-04-15,E12000008,200,3387318
South East,2023-04-14,E12000008,261,3387118
South East,2023-04-13,E12000008,343,3386857
South East,2023-04-12,E12000008,371,3386514
South East,2023-04-11,E12000008,368,3386143
South East,2023-04-10,E12000008,348,3385775
South East,2023-04-09,E12000008,291,3385427
South East,2023-04-08,E12000008,278,3385136
South East,2023-04-07,E12000008,278,3384858
South East,2023-04-06,E12000008,342,3384580
South East,2023-04-05,E12000008,396,3384238
South East,2023-04-04,E12000008,331,3383842
South East,2023-04-03,E12000008,434,3383511
South East,2023-04-02,E12000008,365,3383077
South East,2023-04-01,E12000008,358,3382712
South East,2023-03-31,E12000008,394,3382354
South East,2023-03-30,E12000008,493,3381960
South East,2023-03-29,E12000008,560,3381467
South East,2023-03-28,E12000008,562,3380907
South East,2023-03-27,E12000008,694,3380345
South East,2023-03-26,E12000008,551,3379651
South East,2023-03-25,E12000008,479,3379100
South East,2023-03-24,E12000008,695,3378621
South East,2023-03-23,E12000008,711,3377926
South East,2023-03-22,E12000008,768,3377215
South East,2023-03-21,E12000008,836,3376447
South East,2023-03-20,E12000008,873,3375611
South East,2023-03-19,E12000008,664,3374738
South East,2023-03-18,E12000008,560,3374074
South East,2023-03-17,E12000008,710,3373514
South East,2023-03-16,E12000008,850,3372804
South East,2023-03-15,E12000008,816,3371954
South East,2023-03-14,E12000008,941,3371138
South East,2023-03-13,E12000008,1004,3370197
South East,2023-03-12,E12000008,728,3369193
South East,2023-03-11,E12000008,595,3368465
South East,2023-03-10,E12000008,714,3367870
South East,2023-03-09,E12000008,721,3367156
South East,2023-03-08,E12000008,783,3366435
South East,2023-03-07,E12000008,755,3365652
South East,2023-03-06,E12000008,747,3364897
South East,2023-03-05,E12000008,546,3364150
South East,2023-03-04,E12000008,474,3363604
South East,2023-03-03,E12000008,653,3363130
South East,2023-03-02,E12000008,591,3362477
South East,2023-03-01,E12000008,682,3361886
South East,2023-02-28,E12000008,661,3361204
South East,2023-02-27,E12000008,691,3360543
South East,2023-02-26,E12000008,481,3359852
South East,2023-02-25,E12000008,439,3359371
South East,2023-02-24,E12000008,508,3358932
South East,2023-02-23,E12000008,663,3358424
South East,2023-02-22,E12000008,708,3357761
South East,2023-02-21,E12000008,714,3357053
South East,2023-02-20,E12000008,844,3356339
South East,2023-02-19,E12000008,640,3355495
South East,2023-02-18,E12000008,540,3354855
South East,2023-02-17,E12000008,758,3354315
South East,2023-02-16,E12000008,766,3353557
South East,2023-02-15,E12000008,715,3352791
South East,2023-02-14,E12000008,798,3352076
South East,2023-02-13,E12000008,759,3351278
South East,2023-02-12,E12000008,533,3350519
South East,2023-02-11,E12000008,441,3349986
South East,2023-02-10,E12000008,573,3349545
South East,2023-02-09,E12000008,542,3348972
South East,2023-02-08,E12000008,607,3348430
South East,2023-02-07,E12000008,582,3347823
South East,2023-02-06,E12000008,576,3347241
South East,2023-02-05,E12000008,463,3346665
South East,2023-02-04,E12000008,386,3346202
South East,2023-02-03,E12000008,516,3345816
South East,2023-02-02,E12000008,535,3345300
South East,2023-02-01,E12000008,521,3344765
South East,2023-01-31,E12000008,544,3344244
South East,2023-01-30,E12000008,602,3343700
South East,2023-01-29,E12000008,434,3343098
South East,2023-01-28,E12000008,302,3342664
South East,2023-01-27,E12000008,377,3342362
South East,2023-01-26,E12000008,416,3341985
South East,2023-01-25,E12000008,386,3341569
South East,2023-01-24,E12000008,420,3341183
South East,2023-01-23,E12000008,392,3340763
South East,2023-01-22,E12000008,280,3340371
South East,2023-01-21,E12000008,251,3340091
South East,2023-01-20,E12000008,278,3339840
South East,2023-01-19,E12000008,247,3339562
South East,2023-01-18,E12000008,271,3339315
South East,2023-01-17,E12000008,308,3339044
South East,2023-01-16,E12000008,320,3338736
South East,2023-01-15,E12000008,234,3338416
South East,2023-01-14,E12000008,205,3338182
South East,2023-01-13,E12000008,308,3337977
South East,2023-01-12,E12000008,352,3337669
South East,2023-01-11,E12000008,339,3337317
South East,2023-01-10,E12000008,399,3336978
South East,2023-01-09,E12000008,453,3336579
South East,2023-01-08,E12000008,418,3336126
South East,2023-01-07,E12000008,363,3335708
South East,2023-01-06,E12000008,551,3335345
South East,2023-01-05,E12000008,705,3334794
South East,2023-01-04,E12000008,923,3334089
South East,2023-01-03,E12000008,1037,3333166
South East,2023-01-02,E12000008,863,3332129
South East,2023-01-01,E12000008,621,3331266
South East,2022-12-31,E12000008,678,3330645
South East,2022-12-30,E12000008,949,3329967
South East,2022-12-29,E12000008,1230,3329018
South East,2022-12-28,E12000008,1432,3327788
South East,2022-12-27,E12000008,1219,3326356
South East,2022-12-26,E12000008,865,3325137
South East,2022-12-25,E12000008,633,3324272
South East,2022-12-24,E12000008,736,3323639
South East,2022-12-23,E12000008,1034,3322903
South East,2022-12-22,E12000008,1123,3321869
South East,2022-12-21,E12000008,1341,3320746
South East,2022-12-20,E12000008,1515,3319405
South East,2022-12-19,E12000008,1614,3317890
South East,2022-12-18,E12000008,1038,3316276
South East,2022-12-17,E12000008,839,3315238
South East,2022-12-16,E12000008,1228,3314399
South East,2022-12-15,E12000008,1072,3313171
South East,2022-12-14,E12000008,1187,3312099
South East,2022-12-13,E12000008,1222,3310912
South East,2022-12-12,E12000008,1179,3309690
South East,2022-12-11,E12000008,798,3308511
South East,2022-12-10,E12000008,681,3307713
South East,2022-12-09,E12000008,687,3307032
South East,2022-12-08,E12000008,746,3306345
South East,2022-12-07,E12000008,786,3305599
South East,2022-12-06,E12000008,914,3304813
South East,2022-12-05,E12000008,820,3303899
South East,2022-12-04,E12000008,634,3303079
South East,2022-12-03,E12000008,506,3302445
South East,2022-12-02,E12000008,588,3301939
South East,2022-12-01,E12000008,555,3301351
South East,2022-11-30,E12000008,632,3300796
South East,2022-11-29,E12000008,687,3300164
South East,2022-11-28,E12000008,726,3299477
South East,2022-11-27,E12000008,580,3298751
South East,2022-11-26,E12000008,419,3298171
South East,2022-11-25,E12000008,442,3297752
South East,2022-11-24,E12000008,518,3297310
South East,2022-11-23,E12000008,549,3296792
South East,2022-11-22,E12000008,589,3296243
South East,2022-11-21,E12000008,605,3295654
South East,2022-11-20,E12000008,494,3295049
South East,2022-11-19,E12000008,370,3294555
South East,2022-11-18,E12000008,426,3294185
South East,2022-11-17,E12000008,474,3293759
South East,2022-11-16,E12000008,505,3293285
South East,2022-11-15,E12000008,602,3292780
South East,2022-11-14,E12000008,605,3292178
South East,2022-11-13,E12000008,437,3291573
South East,2022-11-12,E12000008,419,3291136
South East,2022-11-11,E12000008,412,3290717
South East,2022-11-10,E12000008,471,3290305
South East,2022-11-09,E12000008,532,3289834
South East,2022-11-08,E12000008,559,3289302
South East,2022-11-07,E12000008,594,3288743
South East,2022-11-06,E12000008,477,3288149
South East,2022-11-05,E12000008,432,3287672
South East,2022-11-04,E12000008,476,3287240
South East,2022-11-03,E12000008,554,3286764
South East,2022-11-02,E12000008,591,3286210
South East,2022-11-01,E12000008,710,3285619
South East,2022-10-31,E12000008,737,3284909
South East,2022-10-30,E12000008,617,3284172
South East,2022-10-29,E12000008,551,3283555
South East,2022-10-28,E12000008,696,3283004
South East,2022-10-27,E12000008,762,3282308
South East,2022-10-26,E12000008,806,3281546
South East,2022-10-25,E12000008,883,3280740
South East,2022-10-24,E12000008,1001,3279857
South East,2022-10-23,E12000008,891,3278856
South East,2022-10-22,E12000008,802,3277965
South East,2022-10-21,E12000008,977,3277163
South East,2022-10-20,E12000008,1164,3276186
South East,2022-10-19,E12000008,1274,3275022
South East,2022-10-18,E12000008,1353,3273748
South East,2022-10-17,E12000008,1657,3272395
South East,2022-10-16,E12000008,1357,3270738
South East,2022-10-15,E12000008,1138,3269381
South East,2022-10-14,E12000008,1417,3268243
South East,2022-10-13,E12000008,1458,3266826
South East,2022-10-12,E12000008,1498,3265368
South East,2022-10-11,E12000008,1605,3263870
South East,2022-10-10,E12000008,1799,3262265
South East,2022-10-09,E12000008,1527,3260466
South East,2022-10-08,E12000008,1260,3258939
South East,2022-10-07,E12000008,1568,3257679
South East,2022-10-06,E12000008,1597,3256111
South East,2022-10-05,E12000008,1759,3254514
South East,2022-10-04,E12000008,1829,3252755
South East,2022-10-03,E12000008,2046,3250926
South East,2022-10-02,E12000008,1591,3248880
South East,2022-10-01,E12000008,1257,3247289
South East,2022-09-30,E12000008,1241,3246032
South East,2022-09-29,E12000008,1308,3244791
South East,2022-09-28,E12000008,1393,3243483
South East,2022-09-27,E12000008,1327,3242090
South East,2022-09-26,E12000008,1441,3240763
South East,2022-09-25,E12000008,1249,3239322
South East,2022-09-24,E12000008,1064,3238073
South East,2022-09-23,E12000008,1131,3237009
South East,2022-09-22,E12000008,1137,3235878
South East,2022-09-21,E12000008,1231,3234741
South East,2022-09-20,E12000008,1265,3233510
South East,2022-09-19,E12000008,992,3232245
South East,2022-09-18,E12000008,667,3231253
South East,2022-09-17,E12000008,601,3230586
South East,2022-09-16,E12000008,695,3229985
South East,2022-09-15,E12000008,763,3229290
South East,2022-09-14,E12000008,770,3228527
South East,2022-09-13,E12000008,822,3227757
South East,2022-09-12,E12000008,839,3226935
South East,2022-09-11,E12000008,684,3226096
South East,2022-09-10,E12000008,531,3225412
South East,2022-09-09,E12000008,584,3224881
South East,2022-09-08,E12000008,545,3224297
South East,2022-09-07,E12000008,626,3223752
South East,2022-09-06,E12000008,605,3223126
South East,2022-09-05,E12000008,696,3222521
South East,2022-09-04,E12000008,624,3221825
South East,2022-09-03,E12000008,498,3221201
South East,2022-09-02,E12000008,527,3220703
South East,2022-09-01,E12000008,625,3220176
South East,2022-08-31,E12000008,656,3219551
South East,2022-08-30,E12000008,787,3218895
South East,2022-08-29,E12000008,682,3218108
South East,2022-08-28,E12000008,546,3217426
South East,2022-08-27,E12000008,467,3216880
South East,2022-08-26,E12000008,562,3216413
South East,2022-08-25,E12000008,586,3215851
South East,2022-08-24,E12000008,643,3215265
South East,2022-08-23,E12000008,683,3214622
South East,2022-08-22,E12000008,769,3213939
South East,2022-08-21,E12000008,603,3213170
South East,2022-08-20,E12000008,539,3212567
South East,2022-08-19,E12000008,561,3212028
South East,2022-08-18,E12000008,630,3211467
South East,2022-08-17,E12000008,733,3210837
South East,2022-08-16,E12000008,862,3210104
South East,2022-08-15,E12000008,946,3209242
South East,2022-08-14,E12000008,840,3208296
South East,2022-08-13,E12000008,693,3207456
South East,2022-08-12,E12000008,829,3206763
South East,2022-08-11,E12000008,932,3205934
South East,2022-08-10,E12000008,930,3205002
South East,2022-08-09,E12000008,1021,3204072
South East,2022-08-08,E12000008,1127,3203051
South East,2022-08-07,E12000008,992,3201924
South East,2022-08-06,E12000008,816,3200932
South East,2022-08-05,E12000008,943,3200116
South East,2022-08-04,E12000008,1048,3199173
South East,2022-08-03,E12000008,1165,3198125
South East,2022-08-02,E12000008,1244,3196960
South East,2022-08-01,E12000008,1383,3195716
South East,2022-07-31,E12000008,1240,3194333
South East,2022-07-30,E12000008,1082,3193093
South East,2022-07-29,E12000008,1205,3192011
South East,2022-07-28,E12000008,1341,3190806
South East,2022-07-27,E12000008,1452,3189465
South East,2022-07-26,E12000008,1606,3188013
South East,2022-07-25,E12000008,1922,3186407
South East,2022-07-24,E12000008,1610,3184485
South East,2022-07-23,E12000008,1485,3182875
South East,2022-07-22,E12000008,1899,3181390
South East,2022-07-21,E12000008,2052,3179491
South East,2022-07-20,E12000008,2444,3177439
South East,2022-07-19,E12000008,2452,3174995
South East,2022-07-18,E12000008,2784,3172543
South East,2022-07-17,E12000008,2645,3169759
South East,2022-07-16,E12000008,2342,3167114
South East,2022-07-15,E12000008,2797,3164772
South East,2022-07-14,E12000008,3280,3161975
South East,2022-07-13,E12000008,3624,3158695
South East,2022-07-12,E12000008,4166,3155071
South East,2022-07-11,E12000008,4665,3150905
South East,2022-07-10,E12000008,4025,3146240
South East,2022-07-09,E12000008,3505,3142215
South East,2022-07-08,E12000008,4015,3138710
South East,2022-07-07,E12000008,4330,3134695
South East,2022-07-06,E12000008,4750,3130365
South East,2022-07-05,E12000008,4990,3125615
South East,2022-07-04,E12000008,5483,3120625
South East,2022-07-03,E12000008,4643,3115142
South East,2022-07-02,E12000008,3743,3110499
South East,2022-07-01,E12000008,3818,3106756
South East,2022-06-30,E12000008,3813,3102938
South East,2022-06-29,E12000008,3963,3099125
South East,2022-06-28,E12000008,3982,3095162
South East,2022-06-27,E12000008,4054,3091180
South East,2022-06-26,E12000008,3472,3087126
South East,2022-06-25,E12000008,2725,3083654
South East,2022-06-24,E12000008,2937,3080929
South East,2022-06-23,E12000008,3215,3077992
South East,2022-06-22,E12000008,3311,3074777
South East,2022-06-21,E12000008,3155,3071466
South East,2022-06-20,E12000008,3110,3068311
South East,2022-06-19,E12000008,2667,3065201
South East,2022-06-18,E12000008,2285,3062534
South East,2022-06-17,E12000008,2162,3060249
South East,2022-06-16,E12000008,2253,3058087
South East,2022-06-15,E12000008,2298,3055834
South East,2022-06-14,E12000008,2424,3053536
South East,2022-06-13,E12000008,2511,3051112
South East,2022-06-12,E12000008,2044,3048601
South East,2022-06-11,E12000008,1658,3046557
South East,2022-06-10,E12000008,1735,3044899
South East,2022-06-09,E12000008,1695,3043164
South East,2022-06-08,E12000008,1793,3041469
South East,2022-06-07,E12000008,1829,3039676
South East,2022-06-06,E12000008,1874,3037847
South East,2022-06-05,E12000008,1613,3035973
South East,2022-06-04,E12000008,1222,3034360
South East,2022-06-03,E12000008,1101,3033138
South East,2022-06-02,E12000008,934,3032037
South East,2022-06-01,E12000008,1134,3031103
South East,2022-05-31,E12000008,1048,3029969
South East,2022-05-30,E12000008,1084,3028921
South East,2022-05-29,E12000008,871,3027837
South East,2022-05-28,E12000008,759,3026966
South East,2022-05-27,E12000008,830,3026207
South East,2022-05-26,E12000008,884,3025377
South East,2022-05-25,E12000008,903,3024493
South East,2022-05-24,E12000008,978,3023590
South East,2022-05-23,E12000008,1051,3022612
South East,2022-05-22,E12000008,919,3021561
South East,2022-05-21,E12000008,744,3020642
South East,2022-05-20,E12000008,860,3019898
South East,2022-05-19,E12000008,996,3019038
South East,2022-05-18,E12000008,1116,3018042
South East,2022-05-17,E12000008,1155,3016926
South East,2022-05-16,E12000008,1228,3015771
South East,2022-05-15,E12000008,1167,3014543
South East,2022-05-14,E12000008,900,3013376
South East,2022-05-13,E12000008,999,3012476
South East,2022-05-12,E12000008,1115,3011477
South East,2022-05-11,E12000008,1197,3010362
South East,2022-05-10,E12000008,1373,3009165
South East,2022-05-09,E12000008,1397,3007792
South East,2022-05-08,E12000008,1244,3006395
South East,2022-05-07,E12000008,1132,3005151
South East,2022-05-06,E12000008,1277,3004019
South East,2022-05-05,E12000008,1412,3002742
South East,2022-05-04,E12000008,1627,3001330
South East,2022-05-03,E12000008,1800,2999703
South East,2022-05-02,E12000008,1716,2997903
South East,2022-05-01,E12000008,1314,2996187
South East,2022-04-30,E12000008,1156,2994873
South East,2022-04-29,E12000008,1193,2993717
South East,2022-04-28,E12000008,1486,2992524
South East,2022-04-27,E12000008,1655,2991038
South East,2022-04-26,E12000008,1913,2989383
South East,2022-04-25,E12000008,2227,2987470
South East,2022-04-24,E12000008,1947,2985243
South East,2022-04-23,E12000008,1824,2983296
South East,2022-04-22,E12000008,2038,2981472
South East,2022-04-21,E12000008,2474,2979434
South East,2022-04-20,E12000008,2856,2976960
South East,2022-04-19,E12000008,3401,2974104
South East,2022-04-18,E12000008,3416,2970703
South East,2022-04-17,E12000008,2769,2967287
South East,2022-04-16,E12000008,2824,2964518
South East,2022-04-15,E12000008,2952,2961694
South East,2022-04-14,E12000008,3735,2958742
South East,2022-04-13,E12000008,4506,2955007
South East,2022-04-12,E12000008,4965,2950501
South East,2022-04-11,E12000008,5618,2945536
South East,2022-04-10,E12000008,4607,2939918
South East,2022-04-09,E12000008,4267,2935311
South East,2022-04-08,E12000008,5234,2931044
South East,2022-04-07,E12000008,5881,2925810
South East,2022-04-06,E12000008,6711,2919929
South East,2022-04-05,E12000008,7316,2913218
South East,2022-04-04,E12000008,8150,2905902
South East,2022-04-03,E12000008,6569,2897752
South East,2022-04-02,E12000008,5764,2891183
South East,2022-04-01,E12000008,7497,2885419
South East,2022-03-31,E12000008,8480,2877922
South East,2022-03-30,E12000008,11451,2869442
South East,2022-03-29,E12000008,12114,2857991
South East,2022-03-28,E12000008,14493,2845877
South East,2022-03-27,E12000008,10649,2831384
South East,2022-03-26,E12000008,9682,2820735
South East,2022-03-25,E12000008,11315,2811053
South East,2022-03-24,E12000008,12783,2799738
South East,2022-03-23,E12000008,14548,2786955
South East,2022-03-22,E12000008,15575,2772407
South East,2022-03-21,E12000008,17534,2756832
South East,2022-03-20,E12000008,13164,2739298
South East,2022-03-19,E12000008,11141,2726134
South East,2022-03-18,E12000008,12324,2714993
South East,2022-03-17,E12000008,13726,2702669
South East,2022-03-16,E12000008,14942,2688943
South East,2022-03-15,E12000008,15180,2674001
South East,2022-03-14,E12000008,16852,2658821
South East,2022-03-13,E12000008,12625,2641969
South East,2022-03-12,E12000008,10509,2629344
South East,2022-03-11,E12000008,11387,2618835
South East,2022-03-10,E12000008,11731,2607448
South East,2022-03-09,E12000008,12048,2595717
South East,2022-03-08,E12000008,11106,2583669
South East,2022-03-07,E12000008,10981,2572563
South East,2022-03-06,E12000008,7607,2561582
South East,2022-03-05,E12000008,6210,2553975
South East,2022-03-04,E12000008,6573,2547765
South East,2022-03-03,E12000008,6479,2541192
South East,2022-03-02,E12000008,6987,2534713
South East,2022-03-01,E12000008,6647,2527726
South East,2022-02-28,E12000008,6652,2521079
South East,2022-02-27,E12000008,4635,2514427
South East,2022-02-26,E12000008,3717,2509792
South East,2022-02-25,E12000008,4144,2506075
South East,2022-02-24,E12000008,4447,2501931
South East,2022-02-23,E12000008,5261,2497484
South East,2022-02-22,E12000008,5934,2492223
South East,2022-02-21,E12000008,7046,2486289
South East,2022-02-20,E12000008,6020,2479243
South East,2022-02-19,E12000008,5912,2473223
South East,2022-02-18,E12000008,4878,2467311
South East,2022-02-17,E12000008,7387,2462433
South East,2022-02-16,E12000008,8560,2455046
South East,2022-02-15,E12000008,8557,2446486
South East,2022-02-14,E12000008,9157,2437929
South East,2022-02-13,E12000008,6811,2428772
South East,2022-02-12,E12000008,6253,2421961
South East,2022-02-11,E12000008,7514,2415708
South East,2022-02-10,E12000008,8786,2408194
South East,2022-02-09,E12000008,10789,2399408
South East,2022-02-08,E12000008,11583,2388619
South East,2022-02-07,E12000008,13318,2377036
South East,2022-02-06,E12000008,10682,2363718
South East,2022-02-05,E12000008,9210,2353036
South East,2022-02-04,E12000008,11053,2343826
South East,2022-02-03,E12000008,13334,2332773
South East,2022-02-02,E12000008,15342,2319439
South East,2022-02-01,E12000008,16275,2304097
South East,2022-01-31,E12000008,18144,2287822
South East,2022-01-30,E12000008,15654,2269678
South East,2022-01-29,E12000008,13414,2254024
South East,2022-01-28,E12000008,14796,2240610
South East,2022-01-27,E12000008,16414,2225814
South East,2022-01-26,E12000008,18307,2209400
South East,2022-01-25,E12000008,18781,2191093
South East,2022-01-24,E12000008,20666,2172312
South East,2022-01-23,E12000008,16724,2151646
South East,2022-01-22,E12000008,13166,2134922
South East,2022-01-21,E12000008,14575,2121756
South East,2022-01-20,E12000008,15380,2107181
South East,2022-01-19,E12000008,16437,2091801
South East,2022-01-18,E12000008,17223,2075364
South East,2022-01-17,E12000008,18610,2058141
South East,2022-01-16,E12000008,13756,2039531
South East,2022-01-15,E12000008,10793,2025775
South East,2022-01-14,E12000008,11498,2014982
South East,2022-01-13,E12000008,12216,2003484
South East,2022-01-12,E12000008,12928,1991268
South East,2022-01-11,E12000008,14229,1978340
South East,2022-01-10,E12000008,15809,1964111
South East,2022-01-09,E12000008,11240,1948302
South East,2022-01-08,E12000008,10838,1937062
South East,2022-01-07,E12000008,13628,1926224
South East,2022-01-06,E12000008,18786,1912596
South East,2022-01-05,E12000008,22926,1893810
South East,2022-01-04,E12000008,31863,1870884
South East,2022-01-03,E12000008,24839,1839021
South East,2022-01-02,E12000008,18275,1814182
South East,2022-01-01,E12000008,13153,1795907
South East,2021-12-31,E12000008,20071,1782754
South East,2021-12-30,E12000008,26112,1762683
South East,2021-12-29,E12000008,31301,1736571
South East,2021-12-28,E12000008,23415,1705270
South East,2021-12-27,E12000008,22000,1681855
South East,2021-12-26,E12000008,14304,1659855
South East,2021-12-25,E12000008,9526,1645551
South East,2021-12-24,E12000008,17951,1636025
South East,2021-12-23,E12000008,20785,1618074
South East,2021-12-22,E12000008,21242,1597289
South East,2021-12-21,E12000008,20565,1576047
South East,2021-12-20,E12000008,19219,1555482
South East,2021-12-19,E12000008,13292,1536263
South East,2021-12-18,E12000008,13371,1522971
South East,2021-12-17,E12000008,14313,1509600
South East,2021-12-16,E12000008,15484,1495287
South East,2021-12-15,E12000008,16689,1479803
South East,2021-12-14,E12000008,15683,1463114
South East,2021-12-13,E12000008,13344,1447431
South East,2021-12-12,E12000008,8568,1434087
South East,2021-12-11,E12000008,7987,1425519
South East,2021-12-10,E12000008,8692,1417532
South East,2021-12-09,E12000008,9338,1408840
South East,2021-12-08,E12000008,9772,1399502
South East,2021-12-07,E12000008,9619,1389730
South East,2021-12-06,E12000008,10123,1380111
South East,2021-12-05,E12000008,7305,1369988
South East,2021-12-04,E12000008,7166,1362683
South East,2021-12-03,E12000008,8355,1355517
South East,2021-12-02,E12000008,9198,1347162
South East,2021-12-01,E12000008,10266,1337964
South East,2021-11-30,E12000008,10139,1327698
South East,2021-11-29,E12000008,10331,1317559
South East,2021-11-28,E12000008,7353,1307228
South East,2021-11-27,E12000008,6599,1299875
South East,2021-11-26,E12000008,7204,1293276
South East,2021-11-25,E12000008,8005,1286072
South East,2021-11-24,E12000008,8554,1278067
South East,2021-11-23,E12000008,8815,1269513
South East,2021-11-22,E12000008,9096,1260698
South East,2021-11-21,E12000008,6934,1251602
South East,2021-11-20,E12000008,6243,1244668
South East,2021-11-19,E12000008,6894,1238425
South East,2021-11-18,E12000008,7483,1231531
South East,2021-11-17,E12000008,7371,1224048
South East,2021-11-16,E12000008,7374,1216677
South East,2021-11-15,E12000008,8356,1209303
South East,2021-11-14,E12000008,5770,1200947
South East,2021-11-13,E12000008,5454,1195177
South East,2021-11-12,E12000008,5763,1189723
South East,2021-11-11,E12000008,6410,1183960
South East,2021-11-10,E12000008,6643,1177550
South East,2021-11-09,E12000008,6127,1170907
South East,2021-11-08,E12000008,6215,1164780
South East,2021-11-07,E12000008,4451,1158565
South East,2021-11-06,E12000008,3847,1154114
South East,2021-11-05,E12000008,4291,1150267
South East,2021-11-04,E12000008,4662,1145976
South East,2021-11-03,E12000008,4942,1141314
South East,2021-11-02,E12000008,5345,1136372
South East,2021-11-01,E12000008,6477,1131027
South East,2021-10-31,E12000008,5111,1124550
South East,2021-10-30,E12000008,5076,1119439
South East,2021-10-29,E12000008,6173,1114363
South East,2021-10-28,E12000008,6012,1108190
South East,2021-10-27,E12000008,6448,1102178
South East,2021-10-26,E12000008,6215,1095730
South East,2021-10-25,E12000008,6944,1089515
South East,2021-10-24,E12000008,5277,1082571
South East,2021-10-23,E12000008,5620,1077294
South East,2021-10-22,E12000008,6580,1071674
South East,2021-10-21,E12000008,7205,1065094
South East,2021-10-20,E12000008,7699,1057889
South East,2021-10-19,E12000008,8139,1050190
South East,2021-10-18,E12000008,8639,1042051
South East,2021-10-17,E12000008,6520,1033412
South East,2021-10-16,E12000008,5673,1026892
South East,2021-10-15,E12000008,6437,1021219
South East,2021-10-14,E12000008,6385,1014782
South East,2021-10-13,E12000008,6494,1008397
South East,2021-10-12,E12000008,6533,1001903
South East,2021-10-11,E12000008,6818,995370
South East,2021-10-10,E12000008,5135,988552
South East,2021-10-09,E12000008,4539,983417
South East,2021-10-08,E12000008,4810,978878
South East,2021-10-07,E12000008,4784,974068
South East,2021-10-06,E12000008,4914,969284
South East,2021-10-05,E12000008,4940,964370
South East,2021-10-04,E12000008,5674,959430
South East,2021-10-03,E12000008,4276,953756
South East,2021-10-02,E12000008,3528,949480
South East,2021-10-01,E12000008,3544,945952
South East,2021-09-30,E12000008,3826,942408
South East,2021-09-29,E12000008,4201,938582
South East,2021-09-28,E12000008,4180,934381
South East,2021-09-27,E12000008,5461,930201
South East,2021-09-26,E12000008,4422,924740
South East,2021-09-25,E12000008,3437,920318
South East,2021-09-24,E12000008,3506,916881
South East,2021-09-23,E12000008,3787,913375
South East,2021-09-22,E12000008,4058,909588
South East,2021-09-21,E12000008,4456,905530
South East,2021-09-20,E12000008,4593,901074
South East,2021-09-19,E12000008,3525,896481
South East,2021-09-18,E12000008,2883,892956
South East,2021-09-17,E12000008,3117,890073
South East,2021-09-16,E12000008,2858,886956
South East,2021-09-15,E12000008,3168,884098
South East,2021-09-14,E12000008,3187,880930
South East,2021-09-13,E12000008,3384,877743
South East,2021-09-12,E12000008,2473,874359
South East,2021-09-11,E12000008,2286,871886
South East,2021-09-10,E12000008,2870,869600
South East,2021-09-09,E12000008,3214,866730
South East,2021-09-08,E12000008,3365,863516
South East,2021-09-07,E12000008,3744,860151
South East,2021-09-06,E12000008,4534,856407
South East,2021-09-05,E12000008,3370,851873
South East,2021-09-04,E12000008,3468,848503
South East,2021-09-03,E12000008,4234,845035
South East,2021-09-02,E12000008,4742,840801
South East,2021-09-01,E12000008,5084,836059
South East,2021-08-31,E12000008,5406,830975
South East,2021-08-30,E12000008,3729,825569
South East,2021-08-29,E12000008,2792,821840
South East,2021-08-28,E12000008,3028,819048
South East,2021-08-27,E12000008,3551,816020
South East,2021-08-26,E12000008,3703,812469
South East,2021-08-25,E12000008,4073,808766
South East,2021-08-24,E12000008,4171,804693
South East,2021-08-23,E12000008,4582,800522
South East,2021-08-22,E12000008,3347,795940
South East,2021-08-21,E12000008,3459,792593
South East,2021-08-20,E12000008,4059,789134
South East,2021-08-19,E12000008,4502,785075
South East,2021-08-18,E12000008,5019,780573
South East,2021-08-17,E12000008,5195,775554
South East,2021-08-16,E12000008,4741,770359
South East,2021-08-15,E12000008,3124,765618
South East,2021-08-14,E12000008,3354,762494
South East,2021-08-13,E12000008,3872,759140
South East,2021-08-12,E12000008,4095,755268
South East,2021-08-11,E12000008,4546,751173
South East,2021-08-10,E12000008,4070,746627
South East,2021-08-09,E12000008,3914,742557
South East,2021-08-08,E12000008,2938,738643
South East,2021-08-07,E12000008,2893,735705
South East,2021-08-06,E12000008,3502,732812
South East,2021-08-05,E12000008,3856,729310
South East,2021-08-04,E12000008,4064,725454
South East,2021-08-03,E12000008,3755,721390
South East,2021-08-02,E12000008,3657,717635
South East,2021-08-01,E12000008,2611,713978
South East,2021-07-31,E12000008,2496,711367
South East,2021-07-30,E12000008,3091,708871
South East,2021-07-29,E12000008,3430,705780
South East,2021-07-28,E12000008,3665,702350
South East,2021-07-27,E12000008,3514,698685
South East,2021-07-26,E12000008,3415,695171
South East,2021-07-25,E12000008,2649,691756
South East,2021-07-24,E12000008,2739,689107
South East,2021-07-23,E12000008,3234,686368
South East,2021-07-22,E12000008,3625,683134
South East,2021-07-21,E12000008,4285,679509
South East,2021-07-20,E12000008,4913,675224
South East,2021-07-19,E12000008,5731,670311
South East,2021-07-18,E12000008,4604,664580
South East,2021-07-17,E12000008,4806,659976
South East,2021-07-16,E12000008,6982,655170
South East,2021-07-15,E12000008,7940,648188
South East,2021-07-14,E12000008,6600,640248
South East,2021-07-13,E12000008,5285,633648
South East,2021-07-12,E12000008,4945,628363
South East,2021-07-11,E12000008,3414,623418
South East,2021-07-10,E12000008,3067,620004
South East,2021-07-09,E12000008,3465,616937
South East,2021-07-08,E12000008,3432,613472
South East,2021-07-07,E12000008,3827,610040
South East,2021-07-06,E12000008,3562,606213
South East,2021-07-05,E12000008,3525,602651
South East,2021-07-04,E12000008,2508,599126
South East,2021-07-03,E12000008,2516,596618
South East,2021-07-02,E12000008,2559,594102
South East,2021-07-01,E12000008,2759,591543
South East,2021-06-30,E12000008,2653,588784
South East,2021-06-29,E12000008,2612,586131
South East,2021-06-28,E12000008,2606,583519
South East,2021-06-27,E12000008,1873,580913
South East,2021-06-26,E12000008,1536,579040
South East,2021-06-25,E12000008,1602,577504
South East,2021-06-24,E12000008,1555,575902
South East,2021-06-23,E12000008,1432,574347
South East,2021-06-22,E12000008,1269,572915
South East,2021-06-21,E12000008,1106,571646
South East,2021-06-20,E12000008,763,570540
South East,2021-06-19,E12000008,614,569777
South East,2021-06-18,E12000008,856,569163
South East,2021-06-17,E12000008,844,568307
South East,2021-06-16,E12000008,963,567463
South East,2021-06-15,E12000008,867,566500
South East,2021-06-14,E12000008,856,565633
South East,2021-06-13,E12000008,576,564777
South East,2021-06-12,E12000008,520,564201
South East,2021-06-11,E12000008,613,563681
South East,2021-06-10,E12000008,689,563068
South East,2021-06-09,E12000008,648,562379
South East,2021-06-08,E12000008,580,561731
South East,2021-06-07,E12000008,615,561151
South East,2021-06-06,E12000008,477,560536
South East,2021-06-05,E12000008,408,560059
South East,2021-06-04,E12000008,493,559651
South East,2021-06-03,E12000008,531,559158
South East,2021-06-02,E12000008,562,558627
South East,2021-06-01,E12000008,475,558065
South East,2021-05-31,E12000008,368,557590
South East,2021-05-30,E12000008,317,557222
South East,2021-05-29,E12000008,286,556905
South East,2021-05-28,E12000008,331,556619
South East,2021-05-27,E12000008,350,556288
South East,2021-05-26,E12000008,349,555938
South East,2021-05-25,E12000008,287,555589
South East,2021-05-24,E12000008,306,555302
South East,2021-05-23,E12000008,222,554996
South East,2021-05-22,E12000008,149,554774
South East,2021-05-21,E12000008,185,554625
South East,2021-05-20,E12000008,166,554440
South East,2021-05-19,E12000008,190,554274
South East,2021-05-18,E12000008,177,554084
South East,2021-05-17,E12000008,203,553907
South East,2021-05-16,E12000008,144,553704
South East,2021-05-15,E12000008,130,553560
South East,2021-05-14,E12000008,138,553430
South East,2021-05-13,E12000008,184,553292
South East,2021-05-12,E12000008,185,553108
South East,2021-05-11,E12000008,155,552923
South East,2021-05-10,E12000008,216,552768
South East,2021-05-09,E12000008,181,552552
South East,2021-05-08,E12000008,124,552371
South East,2021-05-07,E12000008,174,552247
South East,2021-05-06,E12000008,203,552073
South East,2021-05-05,E12000008,222,551870
South East,2021-05-04,E12000008,201,551648
South East,2021-05-03,E12000008,203,551447
South East,2021-05-02,E12000008,150,551244
South East,2021-05-01,E12000008,135,551094
South East,2021-04-30,E12000008,154,550959
South East,2021-04-29,E12000008,198,550805
South East,2021-04-28,E12000008,269,550607
South East,2021-04-27,E12000008,211,550338
South East,2021-04-26,E12000008,266,550127
South East,2021-04-25,E12000008,240,549861
South East,2021-04-24,E12000008,143,549621
South East,2021-04-23,E12000008,214,549478
South East,2021-04-22,E12000008,254,549264
South East,2021-04-21,E12000008,291,549010
South East,2021-04-20,E12000008,224,548719
South East,2021-04-19,E12000008,268,548495
South East,2021-04-18,E12000008,295,548227
South East,2021-04-17,E12000008,169,547932
South East,2021-04-16,E12000008,214,547763
South East,2021-04-15,E12000008,209,547549
South East,2021-04-14,E12000008,244,547340
South East,2021-04-13,E12000008,237,547096
South East,2021-04-12,E12000008,253,546859
South East,2021-04-11,E12000008,198,546606
South East,2021-04-10,E12000008,228,546408
South East,2021-04-09,E12000008,253,546180
South East,2021-04-08,E12000008,312,545927
South East,2021-04-07,E12000008,325,545615
South East,2021-04-06,E12000008,324,545290
South East,2021-04-05,E12000008,205,544966
South East,2021-04-04,E12000008,207,544761
South East,2021-04-03,E12000008,214,544554
South East,2021-04-02,E12000008,223,544340
South East,2021-04-01,E12000008,304,544117
South East,2021-03-31,E12000008,360,543813
South East,2021-03-30,E12000008,310,543453
South East,2021-03-29,E12000008,358,543143
South East,2021-03-28,E12000008,498,542785
South East,2021-03-27,E12000008,327,542287
South East,2021-03-26,E12000008,374,541960
South East,2021-03-25,E12000008,484,541586
South East,2021-03-24,E12000008,624,541102
South East,2021-03-23,E12000008,440,540478
South East,2021-03-22,E12000008,500,540038
South East,2021-03-21,E12000008,510,539538
South East,2021-03-20,E12000008,339,539028
South East,2021-03-19,E12000008,423,538689
South East,2021-03-18,E12000008,451,538266
South East,2021-03-17,E12000008,482,537815
South East,2021-03-16,E12000008,458,537333
South East,2021-03-15,E12000008,573,536875
South East,2021-03-14,E12000008,373,536302
South East,2021-03-13,E12000008,348,535929
South East,2021-03-12,E12000008,463,535581
South East,2021-03-11,E12000008,504,535118
South East,2021-03-10,E12000008,520,534614
South East,2021-03-09,E12000008,548,534094
South East,2021-03-08,E12000008,583,533546
South East,2021-03-07,E12000008,372,532963
South East,2021-03-06,E12000008,416,532591
South East,2021-03-05,E12000008,466,532175
South East,2021-03-04,E12000008,466,531709
South East,2021-03-03,E12000008,538,531243
South East,2021-03-02,E12000008,593,530705
South East,2021-03-01,E12000008,566,530112
South East,2021-02-28,E12000008,453,529546
South East,2021-02-27,E12000008,455,529093
South East,2021-02-26,E12000008,614,528638
South East,2021-02-25,E12000008,758,528024
South East,2021-02-24,E12000008,810,527266
South East,2021-02-23,E12000008,853,526456
South East,2021-02-22,E12000008,1093,525603
South East,2021-02-21,E12000008,776,524510
South East,2021-02-20,E12000008,827,523734
South East,2021-02-19,E12000008,1035,522907
South East,2021-02-18,E12000008,1135,521872
South East,2021-02-17,E12000008,1128,520737
South East,2021-02-16,E12000008,1211,519609
South East,2021-02-15,E12000008,1387,518398
South East,2021-02-14,E12000008,833,517011
South East,2021-02-13,E12000008,942,516178
South East,2021-02-12,E12000008,1293,515236
South East,2021-02-11,E12000008,1295,513943
South East,2021-02-10,E12000008,1435,512648
South East,2021-02-09,E12000008,1515,511213
South East,2021-02-08,E12000008,1691,509698
South East,2021-02-07,E12000008,1238,508007
South East,2021-02-06,E12000008,1236,506769
South East,2021-02-05,E12000008,1854,505533
South East,2021-02-04,E12000008,2159,503679
South East,2021-02-03,E12000008,2376,501520
South East,2021-02-02,E12000008,2548,499144
South East,2021-02-01,E12000008,2861,496596
South East,2021-01-31,E12000008,1716,493735
South East,2021-01-30,E12000008,2158,492019
South East,2021-01-29,E12000008,2856,489861
South East,2021-01-28,E12000008,3185,487005
South East,2021-01-27,E12000008,3336,483820
South East,2021-01-26,E12000008,3726,480484
South East,2021-01-25,E12000008,4514,476758
South East,2021-01-24,E12000008,2257,472244
South East,2021-01-23,E12000008,3202,469987
South East,2021-01-22,E12000008,4231,466785
South East,2021-01-21,E12000008,4553,462554
South East,2021-01-20,E12000008,4915,458001
South East,2021-01-19,E12000008,5756,453086
South East,2021-01-18,E12000008,6750,447330
South East,2021-01-17,E12000008,4121,440580
South East,2021-01-16,E12000008,4402,436459
South East,2021-01-15,E12000008,6178,432057
South East,2021-01-14,E12000008,6732,425879
South East,2021-01-13,E12000008,6902,419147
South East,2021-01-12,E12000008,7389,412245
South East,2021-01-11,E12000008,9101,404856
South East,2021-01-10,E12000008,5506,395755
South East,2021-01-09,E12000008,6011,390249
South East,2021-01-08,E12000008,7507,384238
South East,2021-01-07,E12000008,8120,376731
South East,2021-01-06,E12000008,8725,368611
South East,2021-01-05,E12000008,10614,359886
South East,2021-01-04,E12000008,12814,349272
South East,2021-01-03,E12000008,8545,336458
South East,2021-01-02,E12000008,9747,327913
South East,2021-01-01,E12000008,5639,318166
South East,2020-12-31,E12000008,8654,312527
South East,2020-12-30,E12000008,12370,303873
South East,2020-12-29,E12000008,14954,291503
South East,2020-12-28,E12000008,8068,276549
South East,2020-12-27,E12000008,8160,268481
South East,2020-12-26,E12000008,7503,260321
South East,2020-12-25,E12000008,2514,252818
South East,2020-12-24,E12000008,5823,250304
South East,2020-12-23,E12000008,7153,244481
South East,2020-12-22,E12000008,8532,237328
South East,2020-12-21,E12000008,9038,228796
South East,2020-12-20,E12000008,6111,219758
South East,2020-12-19,E12000008,4028,213647
South East,2020-12-18,E12000008,6344,209619
South East,2020-12-17,E12000008,6018,203275
South East,2020-12-16,E12000008,6134,197257
South East,2020-12-15,E12000008,6135,191123
South East,2020-12-14,E12000008,6088,184988
South East,2020-12-13,E12000008,3726,178900
South East,2020-12-12,E12000008,3344,175174
South East,2020-12-11,E12000008,4134,171830
South East,2020-12-10,E12000008,3644,167696
South East,2020-12-09,E12000008,3286,164052
South East,2020-12-08,E12000008,3186,160766
South East,2020-12-07,E12000008,3332,157580
South East,2020-12-06,E12000008,2062,154248
South East,2020-12-05,E12000008,1901,152186
South East,2020-12-04,E12000008,2354,150285
South East,2020-12-03,E12000008,2309,147931
South East,2020-12-02,E12000008,2298,145622
South East,2020-12-01,E12000008,2304,143324
South East,2020-11-30,E12000008,2442,141020
South East,2020-11-29,E12000008,1495,138578
South East,2020-11-28,E12000008,1482,137083
South East,2020-11-27,E12000008,2086,135601
South East,2020-11-26,E12000008,1776,133515
South East,2020-11-25,E12000008,2077,131739
South East,2020-11-24,E12000008,1985,129662
South East,2020-11-23,E12000008,2400,127677
South East,2020-11-22,E12000008,1308,125277
South East,2020-11-21,E12000008,1498,123969
South East,2020-11-20,E12000008,1915,122471
South East,2020-11-19,E12000008,1930,120556
South East,2020-11-18,E12000008,2308,118626
South East,2020-11-17,E12000008,2311,116318
South East,2020-11-16,E12000008,3058,114007
South East,2020-11-15,E12000008,1719,110949
South East,2020-11-14,E12000008,1823,109230
South East,2020-11-13,E12000008,2761,107407
South East,2020-11-12,E12000008,2671,104646
South East,2020-11-11,E12000008,2751,101975
South East,2020-11-10,E12000008,2645,99224
South East,2020-11-09,E12000008,3030,96579
South East,2020-11-08,E12000008,1983,93549
South East,2020-11-07,E12000008,1734,91566
South East,2020-11-06,E12000008,1957,89832
South East,2020-11-05,E12000008,1957,87875
South East,2020-11-04,E12000008,1975,85918
South East,2020-11-03,E12000008,2002,83943
South East,2020-11-02,E12000008,2579,81941
South East,2020-11-01,E12000008,1030,79362
South East,2020-10-31,E12000008,1228,78332
South East,2020-10-30,E12000008,1730,77104
South East,2020-10-29,E12000008,1727,75374
South East,2020-10-28,E12000008,1644,73647
South East,2020-10-27,E12000008,1718,72003
South East,2020-10-26,E12000008,1883,70285
South East,2020-10-25,E12000008,984,68402
South East,2020-10-24,E12000008,1109,67418
South East,2020-10-23,E12000008,1444,66309
South East,2020-10-22,E12000008,1453,64865
South East,2020-10-21,E12000008,1663,63412
South East,2020-10-20,E12000008,1629,61749
South East,2020-10-19,E12000008,1425,60120
South East,2020-10-18,E12000008,776,58695
South East,2020-10-17,E12000008,791,57919
South East,2020-10-16,E12000008,970,57128
South East,2020-10-15,E12000008,979,56158
South East,2020-10-14,E12000008,1090,55179
South East,2020-10-13,E12000008,1045,54089
South East,2020-10-12,E12000008,876,53044
South East,2020-10-11,E12000008,492,52168
South East,2020-10-10,E12000008,569,51676
South East,2020-10-09,E12000008,785,51107
South East,2020-10-08,E12000008,978,50322
South East,2020-10-07,E12000008,913,49344
South East,2020-10-06,E12000008,688,48431
South East,2020-10-05,E12000008,750,47743
South East,2020-10-04,E12000008,563,46993
South East,2020-10-03,E12000008,546,46430
South East,2020-10-02,E12000008,642,45884
South East,2020-10-01,E12000008,525,45242
South East,2020-09-30,E12000008,493,44717
South East,2020-09-29,E12000008,351,44224
South East,2020-09-28,E12000008,376,43873
South East,2020-09-27,E12000008,269,43497
South East,2020-09-26,E12000008,218,43228
South East,2020-09-25,E12000008,321,43010
South East,2020-09-24,E12000008,294,42689
South East,2020-09-23,E12000008,259,42395
South East,2020-09-22,E12000008,267,42136
South East,2020-09-21,E12000008,228,41869
South East,2020-09-20,E12000008,175,41641
South East,2020-09-19,E12000008,175,41466
South East,2020-09-18,E12000008,201,41291
South East,2020-09-17,E12000008,166,41090
South East,2020-09-16,E12000008,149,40924
South East,2020-09-15,E12000008,138,40775
South East,2020-09-14,E12000008,153,40637
South East,2020-09-13,E12000008,62,40484
South East,2020-09-12,E12000008,140,40422
South East,2020-09-11,E12000008,166,40282
South East,2020-09-10,E12000008,217,40116
South East,2020-09-09,E12000008,171,39899
South East,2020-09-08,E12000008,198,39728
South East,2020-09-07,E12000008,208,39530
South East,2020-09-06,E12000008,181,39322
South East,2020-09-05,E12000008,161,39141
South East,2020-09-04,E12000008,236,38980
South East,2020-09-03,E12000008,231,38744
South East,2020-09-02,E12000008,208,38513
South East,2020-09-01,E12000008,129,38305
South East,2020-08-31,E12000008,123,38176
South East,2020-08-30,E12000008,103,38053
South East,2020-08-29,E12000008,107,37950
South East,2020-08-28,E12000008,118,37843
South East,2020-08-27,E12000008,131,37725
South East,2020-08-26,E12000008,121,37594
South East,2020-08-25,E12000008,95,37473
South East,2020-08-24,E12000008,94,37378
South East,2020-08-23,E12000008,86,37284
South East,2020-08-22,E12000008,83,37198
South East,2020-08-21,E12000008,115,37115
South East,2020-08-20,E12000008,132,37000
South East,2020-08-19,E12000008,118,36868
South East,2020-08-18,E12000008,81,36750
South East,2020-08-17,E12000008,110,36669
South East,2020-08-16,E12000008,37,36559
South East,2020-08-15,E12000008,47,36522
South East,2020-08-14,E12000008,99,36475
South East,2020-08-13,E12000008,76,36376
South East,2020-08-12,E12000008,86,36300
South East,2020-08-11,E12000008,80,36214
South East,2020-08-10,E12000008,119,36134
South East,2020-08-09,E12000008,31,36015
South East,2020-08-08,E12000008,32,35984
South East,2020-08-07,E12000008,56,35952
South East,2020-08-06,E12000008,64,35896
South East,2020-08-05,E12000008,73,35832
South East,2020-08-04,E12000008,74,35759
South East,2020-08-03,E12000008,77,35685
South East,2020-08-02,E12000008,21,35608
South East,2020-08-01,E12000008,30,35587
South East,2020-07-31,E12000008,42,35557
South East,2020-07-30,E12000008,66,35515
South East,2020-07-29,E12000008,81,35449
South East,2020-07-28,E12000008,66,35368
South East,2020-07-27,E12000008,88,35302
South East,2020-07-26,E12000008,37,35214
South East,2020-07-25,E12000008,49,35177
South East,2020-07-24,E12000008,65,35128
South East,2020-07-23,E12000008,78,35063
South East,2020-07-22,E12000008,79,34985
South East,2020-07-21,E12000008,80,34906
South East,2020-07-20,E12000008,88,34826
South East,2020-07-19,E12000008,49,34738
South East,2020-07-18,E12000008,55,34689
South East,2020-07-17,E12000008,49,34634
South East,2020-07-16,E12000008,64,34585
South East,2020-07-15,E12000008,64,34521
South East,2020-07-14,E12000008,64,34457
South East,2020-07-13,E12000008,68,34393
South East,2020-07-12,E12000008,31,34325
South East,2020-07-11,E12000008,35,34294
South East,2020-07-10,E12000008,76,34259
South East,2020-07-09,E12000008,85,34183
South East,2020-07-08,E12000008,82,34098
South East,2020-07-07,E12000008,56,34016
South East,2020-07-06,E12000008,45,33960
South East,2020-07-05,E12000008,58,33915
South East,2020-07-04,E12000008,29,33857
South East,2020-07-03,E12000008,60,33828
South East,2020-07-02,E12000008,60,33768
South East,2020-07-01,E12000008,68,33708
South East,2020-06-30,E12000008,59,33640
South East,2020-06-29,E12000008,78,33581
South East,2020-06-28,E12000008,44,33503
South East,2020-06-27,E12000008,55,33459
South East,2020-06-26,E12000008,67,33404
South East,2020-06-25,E12000008,64,33337
South East,2020-06-24,E12000008,45,33273
South East,2020-06-23,E12000008,60,33228
South East,2020-06-22,E12000008,79,33168
South East,2020-06-21,E12000008,68,33089
South East,2020-06-20,E12000008,64,33021
South East,2020-06-19,E12000008,79,32957
South East,2020-06-18,E12000008,74,32878
South East,2020-06-17,E12000008,86,32804
South East,2020-06-16,E12000008,98,32718
South East,2020-06-15,E12000008,98,32620
South East,2020-06-14,E12000008,73,32522
South East,2020-06-13,E12000008,67,32449
South East,2020-06-12,E12000008,83,32382
South East,2020-06-11,E12000008,94,32299
South East,2020-06-10,E12000008,124,32205
South East,2020-06-09,E12000008,114,32081
South East,2020-06-08,E12000008,122,31967
South East,2020-06-07,E12000008,62,31845
South East,2020-06-06,E12000008,85,31783
South East,2020-06-05,E12000008,141,31698
South East,2020-06-04,E12000008,157,31557
South East,2020-06-03,E12000008,138,31400
South East,2020-06-02,E12000008,221,31262
South East,2020-06-01,E12000008,185,31041
South East,2020-05-31,E12000008,137,30856
South East,2020-05-30,E12000008,133,30719
South East,2020-05-29,E12000008,165,30586
South East,2020-05-28,E12000008,200,30421
South East,2020-05-27,E12000008,203,30221
South East,2020-05-26,E12000008,181,30018
South East,2020-05-25,E12000008,187,29837
South East,2020-05-24,E12000008,150,29650
South East,2020-05-23,E12000008,122,29500
South East,2020-05-22,E12000008,247,29378
South East,2020-05-21,E12000008,306,29131
South East,2020-05-20,E12000008,341,28825
South East,2020-05-19,E12000008,385,28484
South East,2020-05-18,E12000008,359,28099
South East,2020-05-17,E12000008,222,27740
South East,2020-05-16,E12000008,192,27518
South East,2020-05-15,E12000008,263,27326
South East,2020-05-14,E12000008,294,27063
South East,2020-05-13,E12000008,490,26769
South East,2020-05-12,E12000008,415,26279
South East,2020-05-11,E12000008,481,25864
South East,2020-05-10,E12000008,311,25383
South East,2020-05-09,E12000008,248,25072
South East,2020-05-08,E12000008,352,24824
South East,2020-05-07,E12000008,419,24472
South East,2020-05-06,E12000008,447,24053
South East,2020-05-05,E12000008,474,23606
South East,2020-05-04,E12000008,490,23132
South East,2020-05-03,E12000008,365,22642
South East,2020-05-02,E12000008,421,22277
South East,2020-05-01,E12000008,524,21856
South East,2020-04-30,E12000008,647,21332
South East,2020-04-29,E12000008,693,20685
South East,2020-04-28,E12000008,660,19992
South East,2020-04-27,E12000008,554,19332
South East,2020-04-26,E12000008,498,18778
South East,2020-04-25,E12000008,516,18280
South East,2020-04-24,E12000008,657,17764
South East,2020-04-23,E12000008,680,17107
South East,2020-04-22,E12000008,694,16427
South East,2020-04-21,E12000008,632,15733
South East,2020-04-20,E12000008,485,15101
South East,2020-04-19,E12000008,414,14616
South East,2020-04-18,E12000008,519,14202
South East,2020-04-17,E12000008,699,13683
South East,2020-04-16,E12000008,656,12984
South East,2020-04-15,E12000008,711,12328
South East,2020-04-14,E12000008,549,11617
South East,2020-04-13,E12000008,578,11068
South East,2020-04-12,E12000008,474,10490
South East,2020-04-11,E12000008,381,10016
South East,2020-04-10,E12000008,574,9635
South East,2020-04-09,E12000008,522,9061
South East,2020-04-08,E12000008,558,8539
South East,2020-04-07,E12000008,702,7981
South East,2020-04-06,E12000008,587,7279
South East,2020-04-05,E12000008,422,6692
South East,2020-04-04,E12000008,456,6270
South East,2020-04-03,E12000008,511,5814
South East,2020-04-02,E12000008,477,5303
South East,2020-04-01,E12000008,539,4826
South East,2020-03-31,E12000008,470,4287
South East,2020-03-30,E12000008,473,3817
South East,2020-03-29,E12000008,294,3344
South East,2020-03-28,E12000008,337,3050
South East,2020-03-27,E12000008,326,2713
South East,2020-03-26,E12000008,320,2387
South East,2020-03-25,E12000008,303,2067
South East,2020-03-24,E12000008,235,1764
South East,2020-03-23,E12000008,280,1529
South East,2020-03-22,E12000008,169,1249
South East,2020-03-21,E12000008,130,1080
South East,2020-03-20,E12000008,125,950
South East,2020-03-19,E12000008,126,825
South East,2020-03-18,E12000008,123,699
South East,2020-03-17,E12000008,89,576
South East,2020-03-16,E12000008,78,487
South East,2020-03-15,E12000008,53,409
South East,2020-03-14,E12000008,41,356
South East,2020-03-13,E12000008,55,315
South East,2020-03-12,E12000008,86,260
South East,2020-03-11,E12000008,49,174
South East,2020-03-10,E12000008,34,125
South East,2020-03-09,E12000008,23,91
South East,2020-03-08,E12000008,9,68
South East,2020-03-07,E12000008,5,59
South East,2020-03-06,E12000008,16,54
South East,2020-03-05,E12000008,4,38
South East,2020-03-04,E12000008,7,34
South East,2020-03-03,E12000008,10,27
South East,2020-03-02,E12000008,1,17
South East,2020-03-01,E12000008,0,16
South East,2020-02-29,E12000008,0,16
South East,2020-02-28,E12000008,1,16
South East,2020-02-27,E12000008,3,15
South East,2020-02-26,E12000008,0,12
South East,2020-02-25,E12000008,0,12
South East,2020-02-24,E12000008,1,12
South East,2020-02-23,E12000008,1,11
South East,2020-02-22,E12000008,0,10
South East,2020-02-21,E12000008,0,10
South East,2020-02-20,E12000008,0,10
South East,2020-02-19,E12000008,0,10
South East,2020-02-18,E12000008,0,10
South East,2020-02-17,E12000008,0,10
South East,2020-02-16,E12000008,0,10
South East,2020-02-15,E12000008,0,10
South East,2020-02-14,E12000008,0,10
South East,2020-02-13,E12000008,0,10
South East,2020-02-12,E12000008,0,10
South East,2020-02-11,E12000008,0,10
South East,2020-02-10,E12000008,0,10
South East,2020-02-09,E12000008,1,10
South East,2020-02-08,E12000008,3,9
South East,2020-02-07,E12000008,0,6
South East,2020-02-06,E12000008,0,6
South East,2020-02-05,E12000008,1,6
South East,2020-02-04,E12000008,0,5
South East,2020-02-03,E12000008,5,5
