,date,totalAdmissions,totalBeds,newHospAdmission,mecVent,dailyCases,cumulativeCases,Vax_index,totalAdmissions_ewma_3,totalAdmissions_ewma_7,totalAdmissions_ewma_14,totalBeds_ewma_3,totalBeds_ewma_7,totalBeds_ewma_14,newHospAdmission_ewma_3,newHospAdmission_ewma_7,newHospAdmission_ewma_14,dailyCases_ewma_3,dailyCases_ewma_7,dailyCases_ewma_14,cumulativeCases_ewma_3,cumulativeCases_ewma_7,cumulativeCases_ewma_14
0,2020-08-01,50,879,36,74,508,265203,0.32999999999999996,50.0,50.0,50.0,879.0,879.0,879.0,36.0,36.0,36.0,508.0,508.0,508.0,265203.0,265203.0,265203.0
1,2020-08-02,57,847,45,72,518,265721,0.32999999999999996,54.666666666666664,54.0,53.75000000000001,857.6666666666666,860.7142857142857,861.8571428571429,42.0,41.142857142857146,40.82142857142857,514.6666666666666,513.7142857142857,513.3571428571429,265548.3333333333,265499.0,265480.5
2,2020-08-03,74,842,66,67,963,266684,0.32999999999999996,65.71428571428571,62.648648648648646,61.48556876061122,848.7142857142857,852.6216216216217,854.2716468590831,55.714285714285715,51.891891891891895,50.43972835314092,770.8571428571429,708.0,685.1222410865876,266197.28571428574,266011.4324324324,265940.2410865875
3,2020-08-04,58,807,47,65,965,267649,0.32999999999999996,61.6,60.94857142857143,60.41923495286441,826.4666666666667,835.9371428571428,839.8099166062364,51.06666666666667,50.10285714285714,49.38741841914431,874.4,801.9885714285714,770.7447425670777,266971.5333333333,266610.3142857143,266462.9986403191
4,2020-08-05,60,805,52,63,973,268622,0.32999999999999996,60.774193548387096,60.63764404609475,60.30985719512888,815.3870967741935,825.7964148527528,830.7280626259399,51.54838709677419,50.7247119078105,50.06903695610722,925.2903225806451,858.0435339308578,823.5128297627821,267823.3870967742,267269.71446863,267026.2787915956
5,2020-08-06,52,756,43,61,1005,269627,0.32999999999999996,56.317460317460316,58.01069201069201,58.38710439171361,785.2222222222222,804.5693495693496,813.4373212168044,47.20634920634921,48.37540837540838,48.43338783415014,965.7777777777778,902.7371547371547,865.5057253280713,268739.50793650793,267986.6317196317,267628.0393124975
6,2020-08-07,60,711,48,57,892,270519,0.32999999999999996,58.173228346456696,58.58463055575122,58.72697569378277,747.8188976377953,777.5735014439671,791.8516057101314,47.60629921259842,48.26709868282031,48.342063828593425,928.5984251968504,899.6393604282595,871.0886307460439,269636.2598425197,268717.2494893287,268237.2260249197
7,2020-08-08,78,650,49,55,648,271167,0.32999999999999996,68.12549019607843,63.97846545146248,62.496495449565906,698.7176470588236,742.1319711742264,764.1075204218972,48.305882352941175,48.47070792708775,48.47074645550016,787.7490196078431,829.7307672742687,827.4557795895937,270404.63137254905,269397.8211275964,268810.24667303264
8,2020-08-09,53,611,46,56,569,271736,0.32999999999999996,60.54794520547945,61.01104095091582,60.74796988808105,654.7729941291585,706.6876528596351,735.916866876595,47.15068493150685,47.802887887124115,48.015824599713085,678.160469667319,759.2565402270881,779.8680626759234,271071.6183953033,270029.8192245351,269348.94587064406
9,2020-08-10,50,714,39,60,1375,273111,0.32999999999999996,55.26881720430107,58.09401259389587,58.864671358132085,684.4154447702834,708.6248288323613,732.076513433146,43.0713587487781,45.47084010845586,46.436038892111995,1026.9208211143696,922.3783686549231,884.1492538552025,272092.30596285436,270846.0809871787,270008.14673231205
10,2020-08-11,63,672,58,63,1247,274358,0.32999999999999996,59.13629702002931,59.37459501831768,59.560145125504086,678.2046897899365,699.0648548214571,721.9729297167495,50.53932584269663,48.74125656527738,48.380849642101964,1137.0141670737664,1007.1125355568628,945.1729831085748,273225.70639960916,271762.7775441687,270739.69895018556
11,2020-08-12,51,642,46,68,1126,275484,0.32999999999999996,55.06715506715507,57.21245763898614,58.16898719606952,660.0979242979244,684.3319566471898,708.976073508775,48.26910866910867,48.03352403932715,47.99392420919856,1131.5057387057386,1037.80668019839,974.5602113291584,274355.12893772894,272723.51584267296,271510.7223298488
12,2020-08-13,60,652,41,64,1036,276520,0.32999999999999996,57.533878647295815,57.9263022235018,58.45811799404919,656.0484678305457,676.0522646567882,699.9791197114132,44.63411060920522,46.23235211248752,46.889530573460945,1083.7470394335246,1037.3440185744414,984.2620195786528,275437.6966182395,273695.7341285044,272301.7252365262
13,2020-08-14,55,642,43,63,1059,277579,0.32999999999999996,56.26686199108833,57.181455018855935,57.92515218797176,649.0238051638894,667.384761369613,691.0433667018779,43.817005432460476,45.40960440854859,46.2900753782031,1071.3727644509552,1042.8562302315775,995.7806514033645,276508.4136605017,274684.1623592081,273115.059831542
14,2020-08-15,38,630,33,68,656,278235,0.32999999999999996,47.13315225684378,52.32114064247609,54.91681774529703,639.5116122928556,657.9119819082196,681.8269320762522,38.408337656788845,42.26518295288923,44.2835164757257,863.6800439466537,944.8322328060269,944.4799723958407,277371.73317667167,275583.89531568956,273888.07738282095
15,2020-08-16,39,634,33,69,534,278769,0.32999999999999996,43.0665140764477,48.95713945785547,52.55534493820097,636.7557640955215,651.8734648153676,674.7311669960577,35.70412756542306,39.92543688565961,42.60945588445457,698.837506675822,841.084351529779,883.5797781370521,278070.3772487984,276388.23303861666,274612.22753761016
16,2020-08-17,46,626,37,67,1159,279928,0.32999999999999996,44.53326822866996,48.21225533908507,51.59717319755389,631.3778410174638,645.3561079868504,667.6083035091532,36.352068726110275,39.18853843780173,41.78954142387916,928.9205087319086,921.1652273318947,923.8369844137137,278999.19571072166,277279.8772208612,275389.21532409417
17,2020-08-18,56,597,48,64,955,280883,0.32999999999999996,50.26665598547358,50.17022999784981,52.23256484545613,614.1888549379537,633.1985401469694,657.4185031069804,42.17605657980568,41.40389335718566,42.68580050604829,941.9603041088261,929.6718785324276,928.3342587139366,279941.1014484461,278185.76504861424,276182.0479870789
18,2020-08-19,58,571,47,63,1109,281992,0.32999999999999996,54.13333536784242,52.1359842629132,53.055848636485464,592.5943862807966,617.5828776765463,645.0825251641783,44.58803289038256,42.80886061648458,43.30163933552158,1025.4803113561848,974.6942763198313,954.1237426716247,280966.55268011603,279141.3643302617,277011.4009300639
19,2020-08-20,45,551,34,64,1254,283246,0.32999999999999996,49.56666332880338,50.34631276957847,51.916625012395784,571.7971733066304,600.8842032216138,631.7777772577175,39.29401139641895,40.59963955415483,41.9862413244672,1139.7402646448752,1044.7428461006677,996.5309591012925,282106.2774269842,280170.78776759095,277893.0712378985
20,2020-08-21,49,528,37,64,1031,284277,0.32999999999999996,49.28333152929856,50.00893214809273,51.50747529595011,549.8985762112504,582.6197119867134,617.2196328415181,38.14700515127428,39.697584209106274,41.28676188663585,1085.3701063967258,1041.298943566877,1001.3663418638768,283191.639231033,281199.7882095583,278788.6209337703
21,2020-08-22,25,594,22,66,732,285009,0.32999999999999996,37.14166286984989,43.745526405843684,47.81461623288772,571.9492933629258,585.469868117682,613.9848158465974,30.073500650763666,35.26528178600158,38.59984837884241,908.6850110733535,963.8360288075963,963.8398733590487,284100.3198321628,282153.7929171729,279655.20603680046
22,2020-08-23,44,522,42,65,704,285713,0.32999999999999996,40.57083184371374,43.809230030598,47.28634660692823,546.9746437042527,569.5811442790467,601.2462384132261,36.036751036256675,36.95121687625329,39.07072060174876,806.3424933364979,898.7899994476983,927.855778412534,284906.66001220467,283044.78670841095,280494.1235990677
23,2020-08-24,41,522,31,62,1156,286869,0.32999999999999996,40.78541593464708,43.10621712593195,46.42024024041837,534.487321107824,557.6739105948666,590.3280253551028,33.51837536802145,35.4619183079969,37.95877069943301,981.1712570888553,963.1570849579363,959.2885286496218,285887.8300645846,284001.80029038887,281372.4272278361
24,2020-08-25,60,500,49,62,1085,287954,0.32999999999999996,50.392708253643164,47.33284356452543,48.282927455593736,517.2436600400108,543.244574243473,577.938052264285,41.25918791470492,38.84898764787175,39.473256744996114,1033.0856300915966,993.6407540041738,976.5319228355913,286920.91506308067,284990.59432827635,282275.19809238
25,2020-08-26,52,485,38,55,1181,289135,0.32999999999999996,51.196354138796835,48.50029158992477,48.790838167213074,501.1218297797714,528.675207621449,565.2387487941106,39.629593933069614,38.63662087448428,39.27194701191731,1107.0428161478462,1040.5070171779505,1004.4709865302982,288027.95754803653,286027.2808599579,283212.53973068355
26,2020-08-27,69,492,59,62,1356,290491,0.32999999999999996,60.09817713572217,53.6273890219865,51.54316360151789,496.56091485590423,519.5025228663895,555.2642197784808,49.3147970386952,43.729621552055775,41.95874928791874,1231.521409001361,1119.4136645166718,1052.3464131647197,289259.4787831938,287143.68322444754,284203.8075273181
27,2020-08-28,44,469,35,52,1395,291886,0.32999999999999996,52.049088537875896,51.21977739970619,50.51877369036397,482.7804573766159,506.8728825007707,543.5492151593502,42.15739849268421,41.54652307552808,41.01372503266343,1313.260704805183,1188.3321285712589,1098.8800555351609,290572.73939648917,288329.63893469045,285247.0780806671
28,2020-08-29,52,478,49,56,1051,292937,0.32999999999999996,52.02454426889223,51.41487950543542,50.71943406430213,480.3902286838558,499.65294273966674,534.6693229108391,45.57869925271478,43.41033609814641,42.0956184009445,1182.1303521583422,1153.9909194619086,1092.3937881867057,291754.8697004465,289481.7535303947,286288.8247724793
29,2020-08-30,38,479,33,52,987,293924,0.32999999999999996,45.01227212791543,48.06056060779673,49.000016211315376,479.69511434128054,494.48878482863637,527.1439230233377,39.289349620499976,40.80728721569956,40.866069304382805,1084.5651759883065,1112.235732867934,1078.1466164897574,292839.4348512333,290592.5135096348,287320.95061475446
30,2020-08-31,52,495,43,54,1279,295203,0.32999999999999996,48.50613606558467,49.045552382264965,49.404807475754374,487.3475571742037,494.61660574137164,522.8067065044605,41.14467481111394,41.35553884271579,41.15400302847897,1181.7825880394237,1153.9323843573327,1105.2479946320743,294021.217426167,291745.28953108966,288384.4846075241
31,2020-09-01,58,496,51,59,1962,297165,0.32999999999999996,53.25306803389757,51.28438918328618,50.562716565667294,491.67377858810914,494.9624890508462,519.1954169324603,46.07233740670428,43.7668963587486,42.480415364260814,1571.8912941105411,1355.9695833947287,1220.6661114477547,295593.10871344944,293100.35326775664,289567.3596342776
32,2020-09-02,79,451,70,59,2696,299861,0.32999999999999996,66.12653401844746,58.2138139456093,54.388381541123515,471.33688929168704,483.97103869974717,510.02109412319476,58.03616870474492,50.32566640233192,46.18262240957034,2133.9456471207022,1691.0024286925513,1419.1426360275857,297727.05435697315,294790.64229604224,290952.16207182483
33,2020-09-03,69,468,58,58,2716,302577,0.32999999999999996,67.56326700930735,60.91051283480096,56.35173186671211,469.6684446457464,479.97805340321474,504.37475665136986,58.0180843523714,52.244358216450344,47.77051304639973,2424.9728235772914,1947.26630157872,1593.4002198101957,300152.02717862773,296737.3417192887,292514.18132352055
34,2020-09-04,67,474,56,54,2637,305214,0.32999999999999996,67.28163350464548,62.43294914446554,57.78104982407507,471.8342223229362,478.4834767146915,500.2975504250718,57.009042176156335,53.18330845351559,48.87515779570819,2530.986411791731,2119.707033940699,1733.4827090426256,302683.0135893875,298856.59610000666,294218.8790886717
35,2020-09-05,94,471,79,50,2200,307414,0.32999999999999996,80.64081675251714,70.32496269633477,62.638366838723385,471.41711116146206,476.612548070843,496.3684611092304,68.00452108823818,59.637686484637904,52.91519506602549,2365.4932058934573,2139.7809134792014,1796.0472605823093,305048.50679472816,300996.01507381693,295988.47442485957
36,2020-09-06,85,483,67,52,2079,309493,0.32999999999999996,82.82040837627443,73.99380947960248,65.6349546937231,477.2085555807732,478.2094491197904,494.5770101936807,67.50226054411543,61.478308739921594,54.80264018690675,2222.2466029456864,2124.585322879473,1833.9645601088143,307270.7533973803,303120.31194399355,297798.15876384045
37,2020-09-07,84,555,71,62,3530,313023,0.32999999999999996,83.41020418813936,76.49540183410461,68.09432295084636,516.104277790528,497.407430068519,502.66859835215666,69.25113027206407,63.85877411379054,56.97172128140917,2876.123301475222,2475.9452739040844,2061.090366457837,310146.8766987006,305596.0282197757,299837.0043333177
38,2020-09-08,99,535,86,64,3071,316094,0.32999999999999996,91.20510209408386,82.12162681639269,72.23066998009831,525.5521388952812,506.80569857070594,506.99576118845084,77.62556513604727,69.39415480804604,60.85680149663872,2973.561650737788,2624.71095019432,2196.254424047361,313120.4383493557,308220.55635655276,302012.8044500242
39,2020-09-09,136,557,124,64,2893,318987,0.32999999999999996,113.6025510470623,95.59135557176884,80.76111207367694,541.2760694476549,519.3544001251153,513.6848429693363,100.81278256804472,83.0457533944983,69.30348579249318,2933.2808253688577,2691.783887170443,2289.458285335635,316053.71917468053,310912.1943361011,304283.4475974268
40,2020-09-10,143,572,124,62,3143,322130,0.32999999999999996,128.30127552353784,107.44360607370153,89.08319004710422,556.6380347238345,532.51589936364,521.4822715547623,112.40639128402763,93.28439227018157,76.61705888602896,3038.1404126844764,2804.5887662017367,2403.586942509239,319091.85958734166,313716.66690463875,306669.7434584147
41,2020-09-11,135,622,119,129,2893,325023,0.32999999999999996,131.65063776176967,114.33274352594972,95.22048930216937,589.3190173619247,554.8870510725131,534.9175990642443,115.70319564201456,99.71333057004178,82.28201673464885,2965.570206342222,2826.6916996838213,2469.0025146327935,322057.4297936715,316543.2661680682,309122.86308532784
42,2020-09-12,143,663,131,70,2224,327247,0.32999999999999996,137.32531888088548,121.49958805067358,101.6046658867898,626.1595086809665,581.9154029754617,552.0316434111478,123.35159782100816,107.53503111204907,88.7915896346222,2594.785103171069,2676.0181355119084,2436.2659023434003,324652.214896836,319219.21097907313,311544.5641202938
43,2020-09-13,153,691,136,74,1722,328969,0.32999999999999996,145.16265944044318,129.374716096398,108.47002899793954,658.579754340485,609.186639007753,570.5949672109434,129.67579891050443,114.65129597775248,95.09766555864618,2158.39255158551,2437.512842718104,2340.854619157675,326810.6074484181,321656.6659902048,313872.11157932243
44,2020-09-14,172,812,156,88,2941,331910,0.32999999999999996,158.581329720222,140.03106250340065,116.95424231241077,735.2898771702447,659.8901002583472,602.8337949809553,142.8378994552526,124.98849665278327,103.23096687453936,2549.696275792766,2563.384932429148,2421.0020102307126,329360.30372420914,324220.005609999,316281.0107286499
45,2020-09-15,194,891,165,101,3057,334967,0.32999999999999996,176.29066486011124,153.5233210267517,127.24124919523412,813.1449385851236,717.6676786073115,641.3092130104351,153.91894972762645,134.9913903933278,111.47825378530604,2803.348137896387,2686.788920197241,2505.919283998692,332163.6518621046,326906.75901640125,318775.9294109501
46,2020-09-16,183,929,167,107,3778,338745,0.32999999999999996,179.64533243005565,160.8925006623921,134.68467868575036,871.0724692925621,770.5008298782872,679.7140563241938,160.45947486381328,142.99355353703623,118.89004470914588,3290.6740689481967,2959.592056356699,2675.7337611729517,335454.3259310523,329866.32323519647,321441.67006646044
47,2020-09-17,199,984,181,108,3979,342724,0.32999999999999996,189.32266621502788,170.41938508840468,143.2689798033302,927.5362346462813,823.8756761461933,720.327740792895,170.72973743190667,152.4951747189529,127.17999098821369,3634.8370344740997,3214.444298851247,2849.6834453516794,339089.16296552616,333080.74566265877,324282.2673751566
48,2020-09-18,205,1020,179,115,4290,347014,0.32999999999999996,197.16133310751394,179.06454534422548,151.50720561245544,973.7681173231407,872.9067941328236,760.320077420632,174.86486871595335,159.1213860426373,134.09555684651178,3962.4185172370503,3483.333427175417,3041.898849795202,343051.58148276305,336564.0618772306,327315.898534977
49,2020-09-19,204,1081,185,123,4215,351229,0.32999999999999996,200.58066655375697,185.29841253854312,158.51171480172707,1027.3840586615704,924.9301250615567,803.1108164302335,179.9324343579767,165.5910431958849,140.88812035934257,4088.7092586185254,3666.2501739712775,3198.434577839894,347140.2907413815,340230.2984841921,330506.8038946559
50,2020-09-20,237,1174,221,142,4652,355881,0.32999999999999996,218.7903332768785,198.22381489385882,168.98390701586408,1100.6920293307853,987.1976202437409,852.5961990026177,200.46621717898833,179.44328828053347,151.57693844363973,4370.354629309262,3912.687735150654,3392.3745582870492,351510.6453706908,344142.9755250194,333892.3213412801
51,2020-09-21,275,1299,259,154,4727,360608,0.32999999999999996,246.89516663843926,217.41786728477337,183.12768218451959,1199.8460146653927,1065.148240014438,912.1516383516702,229.73310858949418,199.33247254621773,165.90841952179224,4548.677314654631,4116.265866214011,3570.4290559639276,356059.32268534537,348259.2329550228,337456.50241785997
52,2020-09-22,268,1378,247,179,5400,366008,0.32999999999999996,257.44758331921963,230.06340348481294,194.44974677312828,1288.9230073326964,1143.36119869723,974.2963443622547,238.3665542947471,211.24935725680902,176.72612941116637,4974.338657327316,4437.199476336988,3814.4959193533937,361033.6613426727,352696.4257763876,341265.3049585104
53,2020-09-23,314,1439,290,192,5933,371941,0.32999999999999996,285.7237916596098,251.04755637371204,210.396806302224,1363.961503666348,1217.2709122666352,1036.2841416258893,264.18327714737353,230.93702147039426,191.8359690695,5453.669328663657,4811.149674260021,4097.087630996125,366487.3306713363,357507.5701943887,345357.2003892518
54,2020-09-24,288,1546,259,209,6361,378302,0.32999999999999996,286.8618958298049,260.2856685218012,220.74785108992955,1454.980751833174,1299.4531952445177,1104.2722156680713,261.59163857368674,237.95276704564725,200.79459382651655,5907.334664331829,5198.612307766422,4399.057913537103,372394.66533566813,362706.1783444365,349751.51820071856
55,2020-09-25,274,1686,247,227,6105,384407,0.32999999999999996,280.43094791490245,263.7142517369284,227.8504879845187,1570.490375916587,1396.0899061737007,1181.8615957808088,254.29581928684337,240.2145755122101,206.95735400303965,6006.167332165915,5425.209253664223,4626.592153024899,378400.83266783407,368131.38430515066,354373.7786853239
56,2020-09-26,245,1689,215,223,5704,390111,0.32999999999999996,262.7154739574512,259.0356884490212,230.1377455572045,1629.7451879582936,1469.3174351658972,1249.499447773508,234.64790964342168,233.91093115763476,208.03001443468185,5855.083666082957,5494.906945516951,4770.2877435839955,384255.91633391706,373626.28864424926,359140.10847971996
57,2020-09-27,241,1793,223,233,6084,396195,0.32999999999999996,251.8577369787256,254.52676608112756,231.58640622052022,1711.3725939791468,1550.238080962309,1321.984204473634,228.82395482171086,231.1831982135742,210.0265087474499,5969.541833041479,5642.180217487536,4945.492925787022,390225.45816695853,379268.4668030765,364081.98900844064
58,2020-09-28,308,1955,280,245,8641,404836,0.32999999999999996,279.9288684893628,267.89507512929407,241.77708060290902,1833.1862969895733,1651.428565024562,1406.4044958387333,254.41197741085543,243.3873991791287,219.35831778147494,7305.27091652074,6391.885194994669,5438.333366976061,397530.72908347927,385660.3503741036,369517.02792298
59,2020-09-29,310,1954,287,259,8832,413668,0.32999999999999996,294.9644342446814,278.42130668266856,250.875168395618,1893.5931484947866,1727.0714261807905,1479.4308631619174,270.7059887054277,254.29054973206502,228.3788928126998,8068.63545826037,7001.913915700771,5890.906743185985,405599.36454173963,392662.26300387963,375404.92342261615
60,2020-09-30,328,2036,302,282,10663,424331,0.32999999999999996,311.48221712234067,290.8159803084655,261.16014338197874,1964.7965742473934,1804.3035714828832,1553.6520903786366,286.35299435271384,266.2179125843354,238.1966289443472,9365.817729130185,7917.185458667658,6527.2888105164775,414965.18227086985,400579.44744227827,381929.4559669513
61,2020-10-01,368,2069,333,285,11444,435775,0.32999999999999996,339.74110856117034,310.1119855775002,275.4074554469814,2016.8982871236967,1870.47767979926,1622.374781730357,309.6764971763569,282.9134347377526,250.83885119173547,10404.908864565092,8798.889109817628,7182.942242367361,425370.0911354349,409378.335739552,389109.86872144847
62,2020-10-02,371,2180,332,311,11719,447494,0.32999999999999996,355.37055428058517,325.33398938792584,288.15467721812274,2098.4491435618484,1947.8582608905429,1696.7338476564846,320.83824858817843,295.18507621842025,261.66165298969094,11061.954432282546,9528.916842185197,7787.823454324004,436432.04556771746,418907.25193286844,396895.3657265036
63,2020-10-03,386,2290,353,307,9820,457314,0.32999999999999996,370.68527714029256,340.5004921939849,301.20209448284135,2194.224571780924,2033.3936965310186,1775.8443336621954,336.9191242940892,309.6388073096633,273.8413820950856,10440.977216141273,9601.687632373207,8058.808868783898,446873.0227838587,428508.93904653896,404952.0322029184
64,2020-10-04,478,2435,451,310,9966,467280,0.32999999999999996,424.3426385701463,374.8753694056383,324.77730054828675,2314.612285890462,2133.7952731581045,1863.7397791295145,393.9595621470446,344.9791057497035,297.4646875361815,10203.488608070636,9692.765724969186,8313.124234076762,457076.51139192935,438201.7043582592,413263.1865695861
65,2020-10-05,472,2705,432,331,14218,481498,0.32999999999999996,448.17131928507314,399.1565271920489,344.40854686062073,2509.806142945231,2276.59645567912,1975.9166830321199,412.9797810735223,366.73432943576057,315.40414841089716,12210.744304035317,10824.074300148211,9100.503293394926,469287.2556959647,449025.778330132,422361.8815026182
66,2020-10-06,524,2903,494,349,14458,495956,0.32999999999999996,486.0856596425366,430.3673955269016,368.35571583726534,2706.4030714726155,2433.1973424259913,2099.5362676992586,453.48989053676115,398.5507472122632,339.2185614120145,13334.372152017659,11732.555728978572,9814.885167822538,482621.62784798234,460758.3337975446,432175.1034602146
67,2020-10-07,491,3066,447,376,15418,511374,0.32999999999999996,488.5428298212683,445.5255466935725,384.7092588081762,2886.201535736308,2591.39800732459,2228.40575626862,450.24494526838055,410.66306044786904,353.59027387662826,14376.18607600883,12653.916799675611,10562.01154068618,496997.81392399117,473412.25038855936,442735.583849937
68,2020-10-08,513,3179,467,368,15452,526826,0.32999999999999996,500.7714149106341,462.3941600605724,401.81557191625717,3032.600767868154,2738.298505845206,2355.158182990469,458.6224726341903,424.74729536962747,368.7123494570268,14914.093038004416,13353.437601431759,11214.043580588806,511911.9069619956,486765.6878233952,453948.2167701955
69,2020-10-09,544,3238,494,367,13159,539985,0.32999999999999996,522.3857074553171,482.7956200820688,420.77434182892404,3135.300383934077,2863.223879608261,2472.875679227866,476.3112363170951,442.0604715583138,385.41811514146485,14036.546519002208,13304.82820098652,11473.382678004336,525948.4534809978,500070.51589144085,465420.29988972784
70,2020-10-10,515,3369,487,396,10301,550286,0.32999999999999996,518.6928537276585,490.84671507239597,433.3382489039285,3252.1501919670386,2989.667909876509,2592.3635439174504,481.65561815854755,453.2953536838681,398.96289038250643,12168.773259501104,12553.871149728393,11317.058940832365,538117.2267404989,512624.38693549,476736.1642809829
71,2020-10-11,628,3604,589,401,9781,560067,0.32999999999999996,573.3464268638293,525.1350363389353,459.2940191810601,3428.0750959835195,3143.2509325625324,2727.2529267068367,535.3278090792737,487.22151529717354,424.30202112384745,10974.886629750552,11860.653361596,11112.244215926792,549092.1133702495,524485.0402135993,487847.31486267445
72,2020-10-12,664,3827,640,426,16420,576487,0.32999999999999996,618.6732134319146,559.8512772805044,486.58894297792875,3627.5375479917598,3314.188199551411,2873.8901301792466,587.6639045396369,525.4161365018185,453.06258724414346,13697.443314875276,13000.490022060603,11819.96554912422,562789.5566851248,537485.5301700494,499666.28293347877
73,2020-10-13,764,4105,727,441,15660,592147,0.32999999999999996,691.3366067159573,610.8884579893798,523.5780152972762,3866.26877399588,3511.8911497759013,3038.0422461644407,657.3319522698184,575.812102405001,489.5884953322091,14678.721657437638,13665.367516923263,12331.983035150124,577468.2783425624,551150.8976353023,511997.35570483736
74,2020-10-14,706,4313,682,468,16646,608793,0.32999999999999996,698.6683033579786,634.6663435021686,547.9014773927697,4089.63438699794,3712.16836241728,3208.0403231468345,669.6659761349092,602.3590768150647,515.2439224900191,15662.360828718818,14410.52563801002,12907.197849827418,593130.6391712811,565561.4232326183,524903.7232616809
75,2020-10-15,792,4569,765,482,15428,624221,0.32999999999999996,745.3341516789893,673.9997576391988,580.4485626348641,4329.31719349897,3926.3762718814287,3389.505045425662,717.3329880674546,643.019307624295,548.5453626528844,15545.180414359409,14664.89422858882,13243.31116007525,608675.8195856406,580226.3174291512,538146.2772824442
76,2020-10-16,632,4854,600,482,14761,638982,0.32999999999999996,688.6670758394946,663.499818226882,587.3222002841634,4591.658596749485,4158.282203966666,3584.774240068506,658.6664940337273,632.264480715643,555.4060934215548,15153.090207179705,14688.920671447375,13445.67298902172,623828.9097928202,594915.2380753846,551591.2606910823
77,2020-10-17,785,5029,754,495,12487,651469,0.32999999999999996,736.8335379197473,693.8748636756227,613.6796146723436,4810.329298374742,4375.9616530141375,3777.3404102672807,706.3332470168637,662.6983605422041,581.8856571266354,13820.045103589851,14138.440503486558,13317.848107974256,637648.9548964101,609053.6785590806,564908.4817796622
78,2020-10-18,870,5202,841,504,11982,663451,0.32999999999999996,803.4167689598737,737.9061477626545,647.8560868172617,5006.164649187371,4582.47123978845,3967.297360910321,773.6666235084318,707.2737704126639,616.4346615307919,12901.022551794926,13599.330377542221,13139.732834022623,650549.977448205,622653.0089211443,578047.6459734985
79,2020-10-19,861,5644,825,529,22369,685820,0.32999999999999996,832.2083844799369,768.6796108251032,676.2755784797259,5325.082324593685,4847.853429868176,4190.860098220053,799.3333117542159,736.7053278124745,644.2436700508847,17635.011275897465,15791.747783378396,14370.31491988906,668184.9887241025,638444.7566924554,592417.446503877
80,2020-10-20,925,6072,881,560,21638,707458,0.32999999999999996,878.6041922399684,807.7597081217916,709.4391413590968,5698.541162296842,5153.890072424345,4441.681071232097,840.1666558771079,772.7789958620921,675.8114726308036,19636.505637948732,17253.310837644658,15339.34855827699,687821.4943620512,655698.0675206502,607756.3288147775
81,2020-10-21,997,6271,950,572,21762,729220,0.32999999999999996,937.8020961199842,855.0697810940351,747.7808964644934,5984.770581148421,5433.167554334146,4685.592216538812,895.083327938554,817.0842468990894,712.3702359436757,20699.252818974368,18380.483128297616,16195.70894706475,708520.7471810256,674078.5506415333,623951.6147684959
82,2020-10-22,987,6345,956,564,19866,749086,0.32999999999999996,962.401048059992,888.0523358219335,779.6769984805875,6164.885290574211,5661.125665760336,4906.848124471444,925.541663969277,851.8131851757988,744.8544301139963,20282.626409487184,18751.86234623906,16685.08448657221,728803.3735905128,692830.41298195,640636.3153550142
83,2020-10-23,997,6842,952,602,18359,767445,0.32999999999999996,979.700524029996,915.2892518673217,808.6535731138578,6503.442645287105,5956.344249329699,5164.8699277592905,938.7708319846386,876.8598888826506,772.4740056940662,19320.813204743594,18653.646759676154,16908.27456523628,748124.1867952563,711484.0597370594,657544.241755221
84,2020-10-24,990,7176,951,632,13713,781158,0.32999999999999996,984.850262014998,933.9669389009396,832.8332228459686,6839.721322643552,6261.258187004592,5433.022003030265,944.8854159923193,895.3949166624328,796.2775957868809,16516.906602371797,17418.48506972747,16482.23573385724,764641.0933976282,728902.5448032125,674026.1621754408
85,2020-10-25,1186,7612,1146,663,13353,794511,0.32999999999999996,1085.425131007499,996.9752041768388,879.9223393787133,7225.860661321776,6598.943640259523,5723.553716257762,1045.4427079961597,958.0461874979524,842.9074605176755,14934.953301185898,16402.11380227731,16065.002416166757,779576.046698814,745304.6586027046,690090.8798549157
86,2020-10-26,1279,7856,1224,682,23033,817544,0.32999999999999996,1182.2125655037494,1067.481403133581,933.1329026396974,7540.930330660888,6913.207730198885,6007.881001591319,1134.7213539980798,1024.534640624362,893.7199982298695,18983.97665059295,18059.835351730362,16994.072401341382,798560.023349407,763364.4939522722,707084.6957997414
87,2020-10-27,1190,8595,1138,743,20762,838306,0.32999999999999996,1186.1062827518747,1098.111052350496,967.3819652686466,8067.9651653304445,7333.655797653421,6352.831372875177,1136.36067699904,1052.9009804685586,926.2907757471227,19872.988325296476,18735.37651380461,17496.464454017525,818433.0116747036,782099.8704643939,724580.9291125784
88,2020-10-28,1239,9070,1200,788,20547,858853,0.32999999999999996,1212.5531413759372,1133.3332892631392,1003.5978098273565,8568.982582665223,7767.741848243362,6715.121589491625,1168.18033849952,1089.6757353516982,962.7854463960413,20209.99416264824,19188.282385356895,17903.203723975756,838643.0058373518,801288.1528484412,742483.9245916691
89,2020-10-29,1345,9127,1289,803,20257,879110,0.32999999999999996,1278.7765706879686,1186.2499669476558,1049.1182179670368,8847.991291332612,8107.556386184457,7036.706197880063,1228.59016924976,1139.5068015140573,1006.2808311609915,20233.49708132412,19455.46178901919,18217.044028011594,858876.5029186759,820743.6146364417,760700.7811149531
90,2020-10-30,1109,9295,1057,801,19899,899009,0.32999999999999996,1193.8882853439843,1166.9374752106592,1057.1024732226588,9071.495645666306,8404.417289639612,7337.812703835236,1142.79508462488,1118.8801011354547,1013.0434019565754,20066.24854066206,19566.346341764864,18441.305320063337,878942.751459338,840309.9609774149,779141.9177351154
91,2020-10-31,1240,9782,1181,816,14565,913574,0.32999999999999996,1216.9441426719923,1185.2031064080527,1081.4888568503006,9426.747822833153,8748.812967230813,7663.7049677292425,1161.89754231244,1134.4100758516408,1035.4376579361374,17315.62427033103,18316.009756319643,17924.463620459534,896258.375729669,858625.9707331199,797066.2297131837
92,2020-11-01,1280,9623,1248,804,13611,927185,0.32999999999999996,1248.4720713359961,1208.9023298060965,1107.9570532212867,9524.873911416576,8967.359725423636,7924.94473915977,1204.9487711562201,1162.807556888799,1063.7793506066607,15463.312135165515,17139.757317236905,17349.334182716426,911721.6878648344,875765.728049881,814415.427893487
93,2020-11-02,1331,10397,1280,883,28394,955579,0.32999999999999996,1289.736035667998,1239.4267473546272,1137.6961555898947,9960.936955708288,9324.76979406837,8254.552581616772,1242.47438557811,1192.105667666652,1092.6088120148038,21928.656067582757,19953.31798793275,18821.95841096936,933650.3439324172,895719.0460374468,833237.2645945551
94,2020-11-03,1246,10971,1189,954,22690,978269,0.32999999999999996,1267.8680178339991,1241.0700605159725,1152.1366861886677,10465.968477854145,9736.327345551834,8616.746022475463,1215.737192789055,1191.329250749988,1105.4609864425327,22309.32803379138,20637.488490950487,19337.697932756004,955959.6719662086,916356.534528113,852574.8534338303
95,2020-11-04,1382,11037,1342,997,21053,999322,0.32999999999999996,1324.9340089169996,1276.302545387015,1182.7851611592928,10751.484238927073,10061.495509164206,8939.446901631845,1278.8685963945275,1228.9969380625291,1136.9995556747795,21681.164016895687,20741.36636821297,19566.405122273587,977640.8359831043,937097.9008961057,872141.1607926263
96,2020-11-05,1346,10994,1277,986,21206,1020528,0.32999999999999996,1335.4670044584998,1293.7269090402747,1204.547160058317,10872.742119463535,10294.621631873333,9213.38757137886,1277.9342981972636,1240.997703546906,1155.6662990720622,21443.582008447844,20857.52477615982,19785.017977436535,999084.4179915522,957955.4256720952,891926.0912217286
97,2020-11-06,1182,11181,1116,984,21179,1041707,0.32999999999999996,1258.73350222925,1265.79518178019,1201.5408696097197,11026.871059731768,10516.216223905127,9475.736108197065,1196.9671490986318,1209.7482776601619,1150.3774549017492,21311.291004223924,20937.893582119912,19970.882398015885,1020395.708995776,978893.3192540833,911896.8952732242
98,2020-11-07,1319,11514,1259,1003,16888,1058595,0.32999999999999996,1288.866751114625,1279.096386335148,1217.2020980151274,11270.435529865885,10765.662167928951,9747.504818334413,1227.983574549316,1222.0612082451269,1164.8604711058363,19099.645502111962,19925.4201865895,19559.831122377174,1039495.354497888,998818.7394405709,931456.6563333707
99,2020-11-08,1488,11680,1444,1017,18272,1076867,0.32999999999999996,1388.4333755573125,1331.3222897513779,1253.3085069652423,11475.217764932942,10994.246625946787,10005.170999689255,1335.991787274658,1277.5459061838628,1202.0790976554547,18685.82275105598,19512.065139941995,19388.120201345617,1058181.177248944,1018330.8045804345,950844.7139790219
100,2020-11-09,1551,12259,1464,1048,28560,1105427,0.32999999999999996,1469.7166877786563,1386.2417173135466,1293.000727014675,11867.108882466471,11310.434969460166,10305.68169188993,1399.9958936373291,1324.1594296379083,1237.0019030921283,23622.91137552799,21774.04885495704,20611.03815416945,1081804.088624472,1040104.853435331,971455.6963418019
101,2020-11-10,1592,12033,1529,1010,24836,1130263,0.32999999999999996,1530.8583438893281,1437.6812879851693,1332.8673150069685,11950.054441233235,11491.076227095158,10535.990905131224,1464.4979468186646,1375.3695722284403,1275.9350005131753,24229.455687763995,22539.53664121792,21174.366658313185,1106033.544312236,1062644.3900765022,992630.0131951381
102,2020-11-11,1711,12730,1628,1081,25065,1155328,0.32999999999999996,1620.9291719446642,1506.0109659888863,1383.2850263540565,12340.027220616617,11800.80717032141,10828.525567243329,1546.2489734093324,1438.5271791713387,1322.8770190796647,24647.227843882,23170.902480913526,21693.11797647056,1130680.772156118,1085815.29255738,1014323.0867141094
103,2020-11-12,1666,12967,1611,1088,22320,1177648,0.32999999999999996,1643.464585972332,1546.0082244916687,1420.980369142483,12653.51361030831,12092.355377741087,11113.655589708995,1578.6244867046662,1481.6453843785084,1361.293429752758,23483.613921941,22958.176860685122,21776.702275031406,1154164.386078059,1108773.4694180372,1036099.7493110888
104,2020-11-13,1433,13328,1368,1158,22008,1199656,0.32999999999999996,1538.2322929861662,1517.7561683687493,1422.5829870680109,12990.756805154155,12401.266533305838,11408.901599115816,1473.312243352333,1453.2340382838793,1362.187639385687,22745.806960970498,22720.632645513826,21807.541980889484,1176910.1930390294,1131494.1020635297,1057907.2559053754
105,2020-11-14,1388,13399,1310,1162,16290,1215946,0.32999999999999996,1463.116146493083,1485.3171262765602,1417.9719209340294,13194.878402577076,12650.699899979392,11674.24812113722,1391.6561216761665,1417.4255287129074,1355.2292856694353,19517.90348048525,21112.974484135277,21071.869526660263,1196428.0965195147,1152607.0765476483,1078979.0938966565
106,2020-11-15,1467,13886,1406,1194,14422,1230368,0.32999999999999996,1465.0580732465414,1480.73784470742,1424.5089996068816,13540.439201288538,12959.524924984556,11969.148437698666,1398.8280608380833,1414.5691465346806,1361.9987157629378,16969.951740242625,19440.230863101384,20185.22005786327,1213398.0482597575,1172047.307410737,1099164.2858978147
107,2020-11-16,1560,14313,1494,1198,24136,1254504,0.32999999999999996,1512.5290366232707,1500.5533835305655,1442.5744698324763,13926.719600644268,13297.893693738428,12281.66203999781,1446.4140304190416,1434.426859901011,1379.5988904107444,20552.975870121314,20614.173147326073,20711.990819061164,1233951.0241298787,1192661.4805580534,1119876.2517983038
108,2020-11-17,1491,14411,1424,1228,20677,1275181,0.32999999999999996,1501.7645183116354,1498.165037647924,1449.0312082743,14168.859800322134,13576.170270303828,12565.5738157578,1435.2070152095207,1431.820144925758,1385.5190393518671,20614.987935060657,20629.879860494555,20707.325375734854,1254566.0120649394,1213291.3604185404,1140583.555041917
109,2020-11-18,1571,14490,1493,1242,18545,1293726,0.32999999999999996,1536.3822591558178,1516.3737782359433,1465.2937162086514,14329.429900161067,13804.627702727876,12822.164011065262,1464.1035076047604,1447.115108694319,1399.8498361942507,19579.99396753033,20108.659895370907,20419.015283603898,1274146.0060324697,1233400.0203139056,1161002.5506798972
110,2020-11-19,1484,14479,1388,1241,15797,1309523,0.32999999999999996,1510.191129577909,1508.2803336769575,1467.7878876959749,14404.214950080534,13973.22077704591,13043.075504169185,1426.05175380238,1432.336331520739,1398.2698578353836,17688.496983765166,19030.744921528163,19802.746501256544,1291834.5030162348,1252430.7652354294,1180805.2797580266
111,2020-11-20,1316,14236,1223,1241,14960,1324483,0.32999999999999996,1413.0955647889546,1460.2102502577177,1447.5495004536378,14320.107475040266,14038.915582784433,13202.132121030809,1324.52587690119,1380.0022486405537,1374.9005408982725,16324.248491882583,18013.058691146114,19157.046897048258,1308158.7515081174,1270443.8239265722,1199962.311221416
112,2020-11-21,1255,14118,1197,1248,10806,1335289,0.32999999999999996,1334.0477823944773,1408.9076876932877,1421.876231289979,14219.053737520133,14058.686687088324,13324.247849816025,1260.762938450595,1334.251686480415,1351.1804665273623,13565.124245941292,16211.294018359571,18043.573871768287,1321723.8757540588,1286655.1179449293,1218005.8714376413
113,2020-11-22,1333,14354,1283,1259,10216,1345505,0.32999999999999996,1333.5238911972388,1389.9307657699655,1410.0260661432997,14286.526868760066,14132.515015316243,13461.548147800242,1271.8814692252975,1321.4387648603113,1342.0897369093302,11890.562122970645,14712.470513769671,16999.897269689576,1333614.4378770294,1301367.5884586968,1235005.7566442052
114,2020-11-23,1385,14712,1321,1299,16472,1361977,0.32999999999999996,1359.2619455986194,1388.6980743274742,1406.6892570863326,14499.263434380033,14277.386261487183,13628.275073311803,1296.4407346126486,1321.3290736452334,1339.2777717876386,14181.281061485322,15152.352885327255,16929.510962046897,1347795.7189385146,1316519.9413440228,1251935.25696511
115,2020-11-24,1277,14506,1215,1306,14266,1376243,0.32999999999999996,1318.1309727993098,1360.7735557456056,1389.397355073207,14502.631717190015,14334.539696115387,13745.305070766924,1255.7203673063243,1294.746805233925,1322.707401192248,14223.640530742661,14930.76466399544,16574.376145167338,1362019.3594692573,1331450.706008017,1268509.6237270478
116,2020-11-25,1415,14240,1335,1300,14155,1390398,0.32999999999999996,1366.565486399655,1374.3301668092042,1392.8110412462217,14371.315858595008,14310.90477208654,13811.264398196265,1295.360183653162,1304.8101039254439,1324.3464144543711,14189.32026537133,14736.82349799658,16251.792641873248,1376208.6797346286,1346187.5295060128,1284761.4081002616
117,2020-11-26,1198,13908,1135,1264,12459,1402857,0.32999999999999996,1282.2827431998276,1330.2476251069031,1366.836234541414,14139.657929297504,14210.178579064905,13824.162479035274,1215.180091826581,1262.357577944083,1299.1002246889534,13324.160132685665,14167.367623497434,15746.086932823835,1389532.8398673143,1360354.8971295096,1300507.4877508937
118,2020-11-27,1055,13754,988,1242,12459,1415316,0.32999999999999996,1168.6413715999138,1261.4357188301772,1325.2580682637836,13946.828964648752,14096.133934298678,13814.80748145435,1101.5900459132904,1193.7681834580621,1257.6201930622644,12891.580066342833,13740.275717623075,15307.808657488182,1402424.4199336572,1374095.1728471322,1315815.289999727
119,2020-11-28,1065,13208,998,1204,9347,1424663,0.32999999999999996,1116.820685799957,1212.3267891226326,1290.5569912858118,13577.414482324377,13874.100450724009,13733.89981444049,1049.7950229566452,1144.8261375935465,1223.004166114126,11119.290033171415,12641.956788217305,14513.034142122111,1413543.7099668286,1386737.1296353491,1330328.318505599
120,2020-11-29,1215,13521,1155,1214,9068,1433731,0.32999999999999996,1165.9103428999783,1212.9950918419745,1280.4827254767265,13549.207241162188,13785.825338043007,13705.513171657625,1102.3975114783225,1147.36960319516,1213.936943691685,10093.645016585708,11748.467591162978,13787.029567908961,1423637.3549834143,1398485.597226512,1344115.343121313
121,2020-11-30,1216,13756,1155,1185,15228,1448959,0.32999999999999996,1190.9551714499892,1213.7463188814809,1271.885028521416,13652.603620581094,13778.369003532254,13712.244748946168,1128.6987557391612,1149.27720239637,1206.0786843270712,12660.822508292855,12618.350693372235,13979.158963884216,1436298.1774917073,1411103.9479198838,1358094.497737767
122,2020-12-01,1271,13507,1207,1182,13731,1462690,0.32999999999999996,1230.9775857249947,1228.0597391611104,1271.767024715883,13579.801810290548,13710.52675264919,13684.878781799118,1167.8493778695806,1163.7079017972774,1206.201526419582,13195.911254146427,12896.513020029175,13946.07110128227,1449494.0887458536,1424000.4609399128,1372040.5650224811
123,2020-12-02,1262,13212,1189,1149,13662,1476352,0.32999999999999996,1246.4887928624973,1236.544804370833,1270.4647547281581,13395.900905145274,13585.895064486891,13621.828276319446,1178.4246889347903,1170.030926347958,1203.907989518539,13428.955627073214,13087.884765021881,13908.19495369986,1462923.044372927,1437088.3457049346,1385948.7566263
124,2020-12-03,1337,12896,1276,1094,12762,1489114,0.32999999999999996,1291.7443964312488,1261.6586032781247,1279.3361209155864,13145.950452572637,13413.421298365169,13525.051171160945,1227.2123444673953,1196.5231947609684,1213.5202577465427,13095.477813536607,13006.413573766411,13755.368957268805,1476018.5221864635,1450094.759278701,1399704.122643874
125,2020-12-04,1248,12987,1165,1113,13065,1502179,0.32999999999999996,1269.8721982156244,1258.2439524585936,1275.1579713984659,13066.475226286319,13306.815973773877,13453.31101394659,1196.1061722336976,1188.6423960707264,1207.050889951455,13080.238906768303,13021.060180324808,13663.319761606785,1489098.7610932318,1463115.8194590255,1413367.4398264901
126,2020-12-05,1186,12968,1118,1086,10302,1512481,0.32999999999999996,1227.9360991078122,1240.1829643439453,1263.2702417265054,13017.23761314316,13222.111980330408,13388.602877925436,1157.0530861168488,1170.9817970530446,1195.1774378059456,11691.119453384152,12341.295135243607,13215.143787655818,1500789.880546616,1475457.114594269,1426582.5813521142
127,2020-12-06,1311,13189,1282,1087,11036,1523517,0.32999999999999996,1269.468049553906,1257.887223257959,1269.634209566903,13103.11880657158,13213.833985247808,13361.989160573472,1219.5265430584245,1198.7363477897834,1206.7537795602416,11363.559726692076,12014.971351432703,12924.591279411801,1512153.440273308,1487472.0859457017,1439507.1706485443
128,2020-12-07,1466,13616,1421,1109,17662,1541179,0.32999999999999996,1367.734024776953,1309.915417443469,1295.8163152097065,13359.55940328579,13314.375488935857,13395.85727282263,1320.2632715292123,1254.3022608423375,1235.3199425601879,14512.779863346037,13426.728513574528,13556.245781563177,1526666.220136654,1500898.8144592762,1453063.414692406
129,2020-12-08,1528,13629,1456,1118,16937,1558116,0.32999999999999996,1447.8670123884765,1364.4365630826017,1326.7741401063665,13494.279701642896,13393.031616701894,13426.942970038632,1388.131635764606,1304.7266956317533,1264.7439504640033,15724.889931673019,14304.296385180896,14007.013014444075,1542391.110068327,1515203.110844457,1467070.4261834645
130,2020-12-09,1550,13467,1481,1094,17744,1575860,0.32999999999999996,1498.9335061942384,1410.8274223119513,1356.5375883071194,13480.639850821448,13411.523712526421,13432.283907405383,1434.565817882303,1348.795021723815,1293.5780906103603,16734.44496583651,15164.222288885672,14505.277949449726,1559125.5550341634,1530367.3331333427,1481575.7027970848
131,2020-12-10,1524,13796,1459,1110,18850,1594710,0.32999999999999996,1511.4667530971192,1439.1205667339634,1378.865910005914,13638.319925410724,13507.642784394817,13480.779386721511,1446.7829089411516,1376.3462662928612,1315.6343453336865,17792.222482918252,16085.666716664255,15084.574226482006,1576917.7775170817,1546452.999850007,1496660.2758518816
132,2020-12-11,1450,13901,1380,1117,20177,1614887,0.32999999999999996,1480.7333765485596,1441.8404250504725,1388.350455389904,13769.659962705362,13605.982088296114,13536.808802129219,1413.3914544705758,1377.2596997196458,1324.2164326690784,18984.611241459126,17108.500037498194,15763.564333300654,1595902.3887585409,1563561.499887505,1512423.8391571338
133,2020-12-12,1587,13927,1522,1087,16268,1631155,0.32999999999999996,1533.8666882742798,1478.1303187878543,1414.8370614624275,13848.329981352681,13686.236566222085,13588.834295423221,1467.695727235288,1413.4447747897343,1350.587575103836,17626.305620729563,16898.375028123646,15830.822422510073,1613528.6943792705,1580459.874915629,1528254.6606772682
134,2020-12-13,1581,14460,1516,1123,18409,1649564,0.32999999999999996,1557.43334413714,1503.8477390908906,1436.992120024366,14154.164990676341,13879.677424666565,13704.989723173356,1491.847863617644,1439.0835810923006,1372.6425651798454,18017.65281036478,17276.031271092736,16174.579434242567,1631546.3471896353,1597735.9061867218,1544429.2393195294
135,2020-12-14,1746,15053,1680,1127,30019,1679583,0.32999999999999996,1651.71667206857,1564.385804318168,1478.1931708332602,14603.58249533817,14173.008068499925,13884.724427384866,1585.923931808822,1499.3126858192254,1413.623556633899,24018.32640518239,20461.77345331955,18020.502182861317,1655564.6735948175,1618197.6796400414,1562449.7408072206
136,2020-12-15,1730,15031,1644,1159,29652,1709235,0.32999999999999996,1690.858336034285,1605.789353238626,1511.7674148248996,14817.291247669085,14387.506051374945,14037.561170867915,1614.961965904411,1535.484514364419,1444.340415843376,26835.163202591197,22759.33008998966,19571.368563225624,1682399.8367974088,1640957.0097300312,1582021.1087594817
137,2020-12-16,1796,15465,1729,1163,30650,1739885,0.32999999999999996,1743.4291680171425,1653.3420149289695,1549.6650929487544,15141.145623834542,14656.87953853121,14227.886348590286,1671.9809829522055,1583.8633857733143,1482.2950271649183,28742.5816012956,24731.997567492246,21048.51942537975,1711142.4183987044,1665689.0072975236,1603069.6276473734
138,2020-12-17,1873,15741,1809,1188,30159,1770044,0.32999999999999996,1808.2145840085714,1708.2565111967272,1592.776413988011,15441.07281191727,14927.909653898407,14429.63483590863,1740.4904914761028,1640.1475393299859,1525.8556903097192,29450.7908006478,26088.748175619185,22263.250171454485,1740593.2091993522,1691777.7554731427,1625332.877345562
139,2020-12-18,1672,15866,1606,1190,32426,1802470,0.32999999999999996,1740.1072920042857,1699.1923833975454,1603.3395588106516,15653.536405958635,15162.432240423805,14621.150191502315,1673.2452457380514,1631.6106544974896,1536.54159828971,30938.395400323898,27673.06113171439,23618.28348462647,1771531.604599676,1719450.816604857,1648951.1604132017
140,2020-12-19,1812,16183,1731,1239,22195,1824665,0.32999999999999996,1776.0536460021428,1727.3942875481591,1631.1609510172627,15918.268202979318,15417.574180317853,14829.396832994858,1702.1226228690257,1656.4579908731173,1562.4693852291775,26566.69770016195,26303.545848785794,23428.512353015314,1798098.302299838,1745754.362453643,1672379.6723985556
141,2020-12-20,1976,16633,1903,1267,29556,1854221,0.32999999999999996,1876.0268230010715,1789.5457156611194,1677.139490950422,16275.634101489659,15721.43063523839,15069.877255622023,1802.5613114345128,1718.0934931548381,1607.8734672665553,28061.348850080976,27116.65938658935,24245.51070716902,1826159.651149919,1772871.0218402324,1696625.1827816914
142,2020-12-21,2115,17709,2047,1327,43446,1897667,0.32999999999999996,1995.5134115005358,1870.9092867458396,1735.5208922327372,16992.31705074483,16218.322976428793,15421.76028866205,1924.7806557172564,1800.3201198661286,1666.4236717069384,35753.67442504049,31198.994539942014,26805.57594953286,1861913.3255749596,1804070.0163801743,1723430.7584455588
143,2020-12-22,2203,18063,2114,1339,41741,1939408,0.32999999999999996,2099.256705750268,1953.9319650593798,1797.8514400050879,17527.658525372415,16679.492232321598,15773.925583902885,2019.390327858628,1878.7400898995966,1726.1005155464134,38747.337212520244,33834.495904956515,28796.965825166466,1900660.6627874798,1837904.5122851308,1752227.7240185142
144,2020-12-23,1980,17834,1886,1374,38383,1977791,0.32999999999999996,2039.628352875134,1960.4489737945348,1822.137914694731,17680.82926268621,16968.119174241197,16048.602172983366,1952.695163929314,1880.5550674246974,1747.420446827657,38565.16860626012,34971.62192871738,30075.10371638916,1939225.83139374,1872876.134213848,1782302.8275120049
145,2020-12-24,1795,18227,1718,1427,29287,2007078,0.32999999999999996,1917.3141764375669,1919.086730345901,1818.5195260657124,17953.914631343105,17282.8393806809,16339.055216830762,1835.347581964657,1839.9163005685232,1743.497720580658,33926.08430313006,33550.466446538034,29970.023220781903,1973151.91569687,1906426.600660386,1812272.8505357024
146,2020-12-25,1952,17701,1871,1437,12926,2020004,0.32999999999999996,1934.6570882187834,1927.3150477594259,1836.3169226033042,17827.457315671552,17387.379535510674,16520.647854719507,1853.1737909823285,1847.6872254263924,1760.498024515674,23426.04215156503,28394.349834903525,27697.48678968179,1996577.957848435,1934820.9504952896,1839970.3371512047
147,2020-12-26,2298,18350,2202,1498,37462,2057466,0.32999999999999996,2116.3285441093917,2019.9862858195695,1897.8746662952265,18088.728657835774,17628.034651633006,16764.56147424489,2027.5868954911643,1936.2654190697942,1819.364954617574,30444.021075782515,30661.262376177645,28999.421885216347,2027021.9789242176,1965482.2128714672,1868969.7588827638
148,2020-12-27,2572,19277,2476,1556,43250,2100716,0.32999999999999996,2344.164272054696,2157.989714364677,1987.75804417192,18682.864328917887,18040.275988724756,17099.55327786298,2251.793447745582,2071.199064302346,1906.9162940500064,36847.010537891256,33808.44678213323,30899.49896823158,2063868.9894621088,1999290.6596536005,1899869.2577153742
149,2020-12-28,2795,20426,2691,1641,40845,2141561,0.32999999999999996,2569.582136027348,2317.242285773508,2095.3903050002546,19554.432164458944,18636.706991543568,17543.07950769247,2471.396723872791,2226.1492982267596,2011.460788226459,38846.00526894563,35567.58508659992,32225.56577309888,2102714.9947310546,2034858.2447402005,1932094.8233686711
150,2020-12-29,2886,21787,2782,1728,74058,2215619,0.32999999999999996,2727.791068013674,2459.431714330131,2200.804931043728,20670.71608222947,19424.280243657675,18108.935573567018,2626.6983619363955,2365.11197367007,2114.199349838668,56452.00263447281,45190.188814949935,37803.22367232109,2159166.9973655273,2080048.4335551504,1969898.0469351173
151,2020-12-30,2861,22713,2772,1854,64243,2279862,0.32999999999999996,2794.395534006837,2559.8237857475983,2288.8309402693844,21691.858041114734,20246.460182743256,18722.810830644332,2699.3491809681977,2466.833980252552,2201.9061032248846,60347.501317236405,49953.39161121246,41328.52718393927,2219514.4986827634,2130001.825166363,2011226.5740252181
152,2020-12-31,2536,22728,2445,1899,47824,2327686,0.32999999999999996,2665.1977670034184,2553.867839310699,2321.7868149103497,22209.929020557367,20866.845137057444,19256.836053390638,2572.174590484099,2461.375485189414,2234.318622804948,54085.7506586182,49421.04370840934,42194.59022634919,2273600.2493413817,2179422.868874772,2053421.1641682696
153,2021-01-01,3010,22534,2904,1940,28879,2356565,0.32999999999999996,2837.598883501709,2667.900879483024,2413.548572946957,22371.96451027868,21283.633852793082,19693.791246389283,2738.0872952420495,2572.0316138920602,2323.6094731216117,41482.3753293091,44285.532781307,40419.17819569229,2315082.624670691,2223708.4016560786,2093840.3422900266
154,2021-01-02,3145,23557,3018,2017,55428,2411993,0.32999999999999996,2991.2994417508544,2787.1756596122677,2511.0754299100718,22964.48225513934,21851.975389594812,20208.88574699065,2878.043647621025,2683.523710419045,2416.194876726955,48455.18766465455,47071.14958598025,42420.354436732625,2363537.8123353454,2270779.5512420586,2136260.696661234
155,2021-01-03,3351,24957,3254,2181,50664,2462657,0.32999999999999996,3171.149720875427,2928.1317447092006,2623.0653726113287,23960.741127569672,22628.231542196107,20841.967647519657,3066.0218238105126,2826.1427828142837,2527.9022265192375,49559.59383232727,47969.36218948519,43519.50717872342,2413097.406167673,2318748.913431544,2179780.2037818516
156,2021-01-04,3587,26626,3484,2310,70920,2533577,0.32999999999999996,3379.0748604377136,3092.848808531901,2751.5899896189635,25293.370563784836,23627.67365664708,21613.17196131858,3275.0109119052563,2990.6070871107127,2655.3819296723013,60239.796916163636,53707.0216421139,47172.90622219926,2473337.2030838365,2372455.935073658,2226953.1099525215
157,2021-01-05,3697,26467,3582,2378,59600,2593177,0.32999999999999996,3538.0374302188566,3243.886606398926,2877.644657688875,25880.185281892416,24337.50524248531,22260.349033240866,3428.505455952628,3138.455315333035,2778.9310057347216,59919.89845808182,55180.266231585425,48829.85205949051,2533257.1015419182,2427636.2013052437,2275782.9619662534
158,2021-01-06,3967,27727,3842,2550,52752,2645929,0.32999999999999996,3752.5187151094283,3424.6649547991947,3022.8920366827724,26803.592640946208,25184.878931863983,22989.2358289045,3635.252727976314,3314.3414864997762,2920.6735383220457,56335.94922904091,54573.19967368907,49352.805118293814,2589593.050770959,2482209.4009789326,2325135.767043903
159,2021-01-07,3849,28246,3715,2654,48132,2694061,0.32999999999999996,3800.7593575547144,3530.748716099396,3133.0397651376097,27524.796320473106,25950.15919889799,23690.1377184637,3675.126363988157,3414.5061148748323,3026.5837332244973,52233.974614520455,52962.89975526681,49190.03110250278,2641827.0253854794,2535172.300734199,2374325.7981103165
160,2021-01-08,3549,29346,3420,2814,43494,2737555,0.32999999999999996,3674.879678777357,3535.3115370745472,3188.5011297914007,28435.398160236553,26799.119399173494,24444.252689409615,3547.5631819940786,3415.8795861561243,3079.039235466407,47863.98730726023,50595.67481645011,48430.560288760804,2689691.0126927397,2585767.975550649,2422756.358367053
161,2021-01-09,3718,29462,3596,2860,36419,2773974,0.32999999999999996,3696.4398393886786,3580.9836528059104,3259.100979158585,28948.699080118276,27464.83954938012,25113.285664212213,3571.7815909970395,3460.9096896170936,3147.9673374101135,42141.49365363011,47051.50611233758,46829.01891678908,2731832.50634637,2632819.481662987,2469585.377255451
162,2021-01-10,3571,30758,3464,2963,33749,2807723,0.32999999999999996,3633.7199196943393,3578.487739604433,3300.6875152738553,29853.34954005914,28288.12966203509,25865.91424237303,3517.8907954985198,3461.6822672128205,3190.1050257585543,37945.246826815055,43725.87958425318,45085.016394421276,2769777.753173185,2676545.36124724,2514670.3936247323
163,2021-01-11,3894,32070,3742,3055,53519,2861242,0.32999999999999996,3763.8599598471696,3657.365804703325,3379.7958465757556,30961.674770029567,29233.59724652632,26693.125676776424,3629.94539774926,3531.7617004096155,3263.6910223288073,45732.12341340753,46174.15968818989,46209.547541904,2815509.8765865928,2722719.5209354297,2560879.941144402
164,2021-01-12,4134,32202,3970,3175,45968,2907210,0.32999999999999996,3948.929979923585,3776.524353527494,3480.3564003712527,31581.837385014784,29975.69793489474,27427.642253247126,3799.9726988746297,3641.3212753072116,3357.8655526902085,45850.06170670377,46122.619766142416,46177.341202981675,2861359.9382932964,2768842.140701572,2607057.282327719
165,2021-01-13,3840,32689,3704,3307,42303,2949513,0.32999999999999996,3894.4649899617925,3792.3932651456207,3528.3088803240657,32135.418692507392,30654.023451171055,28129.156619514688,3751.986349437315,3656.990956480409,3404.0168123337403,44076.530853351884,45167.71482460681,45660.76237589253,2905436.4691466484,2814009.8555261786,2652718.044686226
166,2021-01-14,3678,32925,3513,3351,39658,2989171,0.32999999999999996,3786.2324949808963,3763.7949488592158,3548.2676962816913,32530.209346253694,31221.76758837829,28768.602403606135,3632.4931747186574,3620.9932173603065,3418.5479040231826,41867.26542667594,43790.28611845511,44860.3940590734,2947303.734573324,2857800.141644634,2697578.438729938
167,2021-01-15,3295,33362,3125,3464,37879,3027050,0.32999999999999996,3540.616247490448,3646.596211644412,3514.4986701095754,32946.10467312684,31756.825691283717,29381.055416480845,3378.7465873593287,3496.99491302023,3379.40818348534,39873.13271333797,42312.46458884133,43929.54151782988,2987176.867286662,2900112.6062334753,2741507.980234205
168,2021-01-16,3569,32923,3406,3525,28413,3055463,0.32999999999999996,3554.8081237452243,3627.197158733309,3521.765514095194,32934.55233656342,32048.36926846279,29853.31469429823,3392.373293679664,3474.2461847651725,3382.953759020739,34143.066356668984,38837.598441630995,41860.66931538759,3021319.933643331,2938950.2046751063,2783368.6495376253
169,2021-01-17,3424,33352,3289,3533,26976,3082439,0.32999999999999996,3489.404061872612,3576.397869049982,3508.73011221548,33143.27616828171,32374.276951347092,30319.806068404498,3340.686646839832,3427.9346385738795,3370.4265911509665,30559.533178334492,35872.19883122325,39876.046739948564,3051879.4668216654,2974822.4035063297,2823244.6962670274
170,2021-01-18,3711,34336,3561,3570,41935,3124374,0.32999999999999996,3600.202030936306,3610.048401787487,3535.6994305873855,33739.63808414085,32864.707713510325,30855.29859262986,3450.843323419916,3461.2009789304097,3395.8363789981036,36247.266589167244,37387.89912341744,40150.57384129523,3088126.7334108325,3012210.302629747,2863395.270099038
171,2021-01-19,3768,34015,3569,3603,37055,3161429,0.32999999999999996,3684.101015468153,3649.5363013406154,3566.672839843034,33877.31904207043,33152.280785132745,31276.59211362116,3509.9216617099582,3488.1507341978077,3418.9248617988283,36651.13329458362,37304.67434256308,39737.83066244743,3124777.8667054162,3049514.97697231,2903133.1007533115
172,2021-01-20,3679,33886,3483,3603,32679,3194108,0.32999999999999996,3681.5505077340767,3656.9022260054617,3581.649794530895,33881.65952103521,33335.71058884956,31624.5131651445,3496.460830854979,3486.863050648356,3427.468213559136,34665.06664729181,36148.255756922306,38796.6532407711,3159442.933352708,3085663.2327292324,2941929.753986891
173,2021-01-21,3237,33235,3050,3607,29633,3223741,0.32999999999999996,3459.2752538670384,3551.9266695040965,3535.696488592737,33558.329760517605,33310.53294163717,31839.244743128533,3273.23041542749,3377.647287986267,3377.1391184171453,32149.033323645905,34519.44181769173,37574.832808649524,3191591.966676354,3120182.674546924,2979504.586789216
174,2021-01-22,3016,33412,2802,3727,27741,3251482,0.32999999999999996,3237.637626933519,3417.9450021280727,3466.4036234461164,33485.1648802588,33335.89970622787,32048.945444047517,3037.615207713745,3233.7354659897005,3300.4539026271723,29945.016661822952,32824.8313632688,36263.65510081213,3221536.983338177,3153007.505910193,3015768.24188447
175,2021-01-23,2780,32614,2578,3731,20425,3271907,0.32999999999999996,3008.81881346676,3258.4587515960548,3374.883140318912,33049.5824401294,33155.4247796709,32124.286051508716,2807.8076038568724,3069.8015994922753,3204.1267156091053,25185.008330911478,29724.8735224516,34151.83442067949,3246721.9916690886,3182732.379432645,3049920.0763002676
176,2021-01-24,2824,32907,2644,3736,15883,3287790,0.32999999999999996,2916.40940673338,3149.8440636970413,3301.432054942323,32978.2912200647,33093.31858475318,32228.647911308595,2725.903801928436,2963.3511996192065,3129.443153527145,20534.00416545574,26264.4051418387,31715.989831231214,3267255.9958345443,3208996.784574484,3081636.066127216
177,2021-01-25,2648,32938,2492,3694,27972,3315762,0.32999999999999996,2782.20470336669,3024.3830477727806,3214.3077809492584,32958.14561003235,33054.48893856488,32323.228189801604,2608.951900964218,2845.513399714405,3044.4507330561228,24253.00208272787,26691.303856379025,31216.79118706273,3291508.997917272,3235688.0884308633,3112852.857310524
178,2021-01-26,2799,32337,2611,3634,25210,3340972,0.32999999999999996,2790.6023516833448,2968.0372858295855,3158.9334101556083,32647.572805016174,32875.11670392365,32325.0644311614,2609.975950482109,2786.8850497858034,2986.657301981539,24731.501041363936,26320.97789228427,30415.885695448353,3316240.498958636,3262009.0663231476,3143268.743002683
179,2021-01-27,2742,30846,2534,3602,23899,3364871,0.32999999999999996,2766.3011758416724,2911.5279643721888,3103.3422888011655,31746.786402508085,32367.83752794274,32127.855840338598,2571.9879752410543,2723.6637873393524,2926.3029950502746,24315.25052068197,25715.483419213204,29546.96760271625,3340555.749479318,3287724.549742361,3172815.7106025172
180,2021-01-28,2719,30333,2546,3585,22523,3387394,0.32999999999999996,2742.650587920836,2863.3959732791413,3052.0966502940546,31039.893201254043,31859.128145957053,31888.541728292104,2558.993987620527,2679.2478405045144,2875.595929043285,23419.125260340985,24917.362564409905,28610.43858901547,3363974.874739659,3312641.912306771,3201426.14918901
181,2021-01-29,2379,29359,2159,3506,20363,3407757,0.32999999999999996,2560.825293960418,2742.2969799593557,2962.350430254409,30199.446600627023,31234.09610946779,31551.26949785151,2358.9969938102636,2549.1858803783857,2780.0498051703803,21891.06263017049,23778.771923307428,27510.780110474698,3385865.9373698295,3336420.6842300785,3228936.929297276
182,2021-01-30,2193,28571,2021,3486,15524,3423281,0.32999999999999996,2376.912646980209,2604.9727349695168,2859.7703728867195,29385.22330031351,30568.322082100844,31153.900231469626,2189.998496905132,2417.139410283789,2678.8431644805673,18707.531315085245,21715.07894248057,25912.542762404635,3404573.4686849145,3358135.763172559,3254849.472057749
183,2021-01-31,2183,28112,2044,3366,14138,3437419,0.32999999999999996,2279.9563234901043,2499.479551227137,2769.534323168159,28748.611650156756,29954.241561575633,30748.313533938854,2116.999248452566,2323.8545577128416,2594.1974092161813,16422.765657542623,19820.809206860427,24342.603727411588,3420996.2343424573,3377956.5723794196,3279192.0757834716
184,2021-02-01,2347,28539,2198,3414,20765,3458184,0.3086325,2313.478161745052,2461.3596634203527,2713.1964134122254,28643.80582507838,29600.431171181724,30453.738396079403,2157.4996242262832,2292.3909182846314,2541.371087987189,18593.88282877131,20056.85690514532,23865.589897088525,3439590.117171229,3398013.4292845647,3303057.6656790846
185,2021-02-02,2222,27397,2043,3324,18193,3476377,0.3086325,2267.739080872526,2401.5197475652644,2647.703558290415,28020.40291253919,29049.573378386292,30046.173276601025,2100.2498121131416,2230.0431887134732,2474.921609588714,18393.441414385656,19590.89267885899,23109.244577474637,3457983.5585856144,3417604.321963424,3326166.91025527
186,2021-02-03,2096,26374,1957,3328,17948,3494325,0.3086325,2181.869540436263,2325.1398106739484,2574.1430838515175,27197.201456269595,28380.68003378972,29556.550173053052,2028.6249060565708,2161.782391535105,2405.8653949767204,18170.720707192828,19180.16950914424,22421.07863380971,3476154.279292807,3436784.491472568,3348587.988887954
187,2021-02-04,1907,25334,1761,3275,16717,3511042,0.3086325,2044.4347702181315,2220.604858005461,2485.190672671131,26265.6007281348,27619.01002534229,28993.54348331148,1894.8124530282853,2061.5867936513287,2319.8833423129795,17443.860353596414,18564.377131858182,21660.534815966843,3493598.1396464035,3455348.8686044263,3370248.523702938
188,2021-02-05,1757,24402,1606,3217,14461,3525503,0.3086325,1900.7173851090656,2104.703643504096,2388.098582981472,25333.8003640674,26814.75751900672,28381.33768553552,1750.4062265141426,1947.6900952384965,2224.6988966710783,15952.430176798207,17538.532848893636,20700.596840502873,3509550.5698232017,3472887.40145332,3390949.1205425835
189,2021-02-06,1679,23042,1559,3099,10951,3536454,0.3086325,1789.8586925545328,1998.2777326280718,2293.5521052504623,24187.9001820337,25871.56813925504,27669.425994129677,1654.7031132570714,1850.5175714288723,2135.939043781463,13451.715088399103,15891.649636670227,19400.650595100466,3523002.284911601,3488779.05108999,3410349.771136936
190,2021-02-07,1675,22991,1569,3047,10457,3546911,0.3086325,1732.4293462772664,1917.4582994710538,2211.078491216956,23589.45009101685,25151.42610444128,27045.635861578212,1611.8515566285357,1780.1381785716542,2060.347171277166,11954.357544199553,14532.98722750267,18208.163849085464,3534956.6424558004,3503312.0383174927,3428557.934985369
191,2021-02-08,1739,23020,1624,2980,14370,3561281,0.3086325,1735.7146731386333,1872.8437246032904,2148.134692387955,23304.725045508425,24618.569578330964,26508.884413367156,1617.925778314268,1741.1036339287407,2002.1675484401426,13162.178772099776,14492.240420627002,17696.40866920681,3548118.8212279,3517804.2787381196,3446254.343654007
192,2021-02-09,1531,22067,1439,2911,12696,3573977,0.3086325,1633.3573365693167,1787.382793452468,2065.8500667361445,22685.862522754214,23980.67718374822,25916.633158250934,1528.462889157134,1665.5777254465556,1927.0785419813808,12929.089386049887,14043.180315470252,17029.687513311892,3561047.9106139503,3531847.45905359,3463284.0311668236
193,2021-02-10,1535,20926,1407,2872,12272,3586249,0.3086325,1584.1786682846582,1724.287095089351,1995.0700578379299,21805.931261377107,23217.007887811164,25251.215403816892,1467.7314445785669,1600.9332940849167,1857.7347363838026,12600.544693024944,13600.38523660269,16395.329178203083,3573648.455306975,3545447.8442901927,3479679.360344595
194,2021-02-11,1440,19983,1303,2780,11637,3597886,0.3086325,1512.089334142329,1653.2153213170134,1921.0607167928163,20894.46563068855,22408.50591585837,24548.786683307437,1385.3657222892834,1526.4499705636874,1783.770104865906,12118.772346512473,13109.538927452018,15760.885287775522,3585767.2276534876,3558557.383217645,3495440.245631994
195,2021-02-12,1318,19009,1197,2688,10986,3608872,0.3086325,1415.0446670711644,1569.41149098776,1840.6526212203878,19951.732815344276,21558.629436893778,23810.14845886596,1291.1828611446417,1444.0874779227654,1705.5340908837336,11552.386173256236,12578.654195589015,15124.2339160717,3597319.613826744,3571136.037413234,3510564.4795477386
196,2021-02-13,1240,17694,1150,2592,8025,3616897,0.3086325,1327.5223335355822,1487.05861824082,1760.5656050576238,18822.86640767214,20592.472077670333,22994.661997683364,1220.5914305723209,1370.5656084420739,1631.4628787658603,9788.693086628118,11440.24064669176,14177.669393928267,3607108.306913372,3582576.2780599254,3524742.1489413814
197,2021-02-14,1364,17787,1274,2611,7781,3624678,0.3086325,1345.761166767791,1456.2939636806148,1707.6901910499143,18304.93320383607,19891.104058252746,22300.307064658573,1247.2957152861604,1346.4242063315553,1583.8011615970554,8784.846543314059,10525.43048501882,13324.780141404077,3615893.153456686,3593101.7085449444,3538066.929082537
198,2021-02-15,1322,17730,1212,2577,12953,3637631,0.3086325,1333.8805833838956,1422.720472760461,1656.264832243237,18017.466601918037,19350.82804368956,21690.9327893705,1229.6478576430802,1312.8181547486663,1534.2276733840934,10868.92327165703,11132.322863764113,13275.209455883512,3626762.076728343,3604234.0314087085,3551342.1385382046
199,2021-02-16,1311,17093,1218,2484,11268,3648899,0.3086325,1322.4402916919478,1394.7903545703457,1610.229521277455,17555.23330095902,18786.37103276717,21077.875084120875,1223.82392882154,1289.1136160614997,1492.0639835995319,11068.461635828515,11166.242147823084,13007.581528432278,3637830.5383641715,3615400.2735565314,3564349.7200664487
200,2021-02-17,1233,16458,1136,2393,10419,3659318,0.3086325,1277.720145845974,1354.3427659277593,1559.9322517737783,17006.61665047951,18204.278274575376,20461.891739571223,1179.91196441077,1250.8352120461248,1444.5887857862456,10743.730817914256,10979.431610867312,12662.437324641198,3648574.269182086,3626379.705167399,3577012.157390926
201,2021-02-18,1149,15633,1038,2316,10303,3669621,0.3086325,1213.360072922987,1303.0070744458194,1505.1412848705927,16319.808325239756,17561.45870593153,19818.039507628215,1108.955982205385,1197.6264090345935,1390.3769476813977,10523.365408957128,10810.323708150483,12347.845681355617,3659097.634591043,3637190.0288755493,3589360.0030721393
202,2021-02-19,1068,15018,976,2251,9246,3678867,0.3086325,1140.6800364614935,1244.2553058343644,1446.8557802211662,15668.904162619878,16925.594029448646,19178.0342399443,1042.4779911026926,1142.2198067759452,1335.1266879905313,9884.682704478564,10419.242781112862,11934.266257174768,3668982.3172955215,3647609.271656662,3601294.2693291903
203,2021-02-20,904,14316,826,2142,7161,3686028,0.3086325,1022.3400182307468,1159.1914793757733,1374.4750095249958,14992.452081309939,16273.195522086484,18529.76300795159,934.2389955513463,1063.1648550819589,1267.2431295917795,8522.841352239282,9604.682085834645,11297.830756218,3677505.1586477607,3657213.9537424967,3612592.1000853004
204,2021-02-21,1009,14142,922,2122,7033,3693061,0.3086325,1015.6700091153734,1121.64360953183,1325.7450082549874,14567.226040654969,15740.396641564863,17944.727940224606,928.1194977756732,1027.873641311469,1221.2107123128671,7777.920676119641,8961.761564375984,10729.18665538883,3685283.0793238804,3666175.7153068725,3623321.286740596
205,2021-02-22,980,14137,883,2072,10279,3703340,0.3086325,997.8350045576867,1086.2327071488724,1279.645673820982,14352.113020327484,15339.547481173648,17437.03088152791,905.5597488878366,991.6552309836018,1176.1159506711447,9028.46033805982,9291.071173281987,10669.161768003643,3694311.53966194,3675466.7864801544,3633990.4485085183
206,2021-02-23,976,13511,900,1956,8536,3711876,0.3086325,986.9175022788434,1058.6745303616542,1239.159583978179,13931.556510163742,14882.410610880235,16913.560097324116,902.7798744439183,968.7414232377014,1139.3004905816538,8782.23016902991,9102.303379961491,10384.740198936452,3703093.76983097,3684569.0898601157,3644375.188707384
207,2021-02-24,874,13007,799,1931,7621,3719497,0.3086325,930.4587511394217,1012.5058977712406,1190.4716394477493,13469.27825508187,14413.557958160176,16392.685417680837,850.8899372219591,926.306067428276,1093.927091837428,8201.615084514955,8731.977534971118,10016.241505744882,3711295.384915485,3693301.067395087,3654391.430213067
208,2021-02-25,832,12449,771,1866,6934,3726431,0.3086325,881.2293755697108,967.3794233284304,1142.675420854711,12959.139127540935,13922.418468620132,15866.860695323337,810.9449686109796,887.479550571207,1050.8701462590998,7567.8075422574775,8282.483151228338,9605.275971645522,3718863.1924577425,3701583.550546315,3663996.706184659
209,2021-02-26,718,11781,630,1808,5883,3732314,0.3086325,799.6146877848554,905.0345674963229,1086.0520314074113,12370.069563770467,13387.0638514651,15322.079269280177,720.4724843054898,823.1096629284053,994.7541267578814,6725.403771128738,7682.612363421254,9108.972508759409,3725588.5962288715,3709266.1629097364,3673105.678693372
210,2021-02-27,624,11090,577,1747,4254,3736568,0.3086325,711.8073438924278,834.7759256222422,1024.4450938864184,11730.034781885233,12812.797888598825,14757.80203337611,648.7362421527449,761.5822471963039,939.0535765234929,5489.701885564369,6825.45927256594,8461.642840924771,3731078.2981144357,3716091.622182302,3681567.3215342565
211,2021-02-28,662,10663,617,1630,4112,3740680,0.3086325,686.9036719462139,791.5819442166817,976.119081368226,11196.517390942616,12275.348416449118,14211.828428925926,632.8681210763725,725.4366853972278,896.1130996536909,4800.850942782185,6147.094454424456,7881.690462134763,3735879.149057218,3722238.7166367266,3689449.0119963563
212,2021-03-01,704,10765,649,1658,6215,3746895,0.287265,695.4518359731069,769.6864581625113,939.8365371857939,10980.758695471308,11897.761312336837,13752.25130506911,640.9340605381863,706.3275140479209,863.1646863665303,5507.925471391092,6164.070840818342,7659.465067183449,3741387.074528609,3728402.787477545,3697108.4770635096
213,2021-03-02,683,10121,617,1556,5950,3752845,0.287265,689.2259179865534,748.0148436218834,905.5916655610197,10550.879347735654,11453.570984252627,13268.084464393205,628.9670302690931,683.9956355359407,830.3427281843246,5728.962735695546,6110.5531306137555,7431.536391558977,3747116.0372643042,3734513.3406081586,3704540.013455042
214,2021-03-03,607,9594,548,1507,5305,3758150,0.287265,648.1129589932767,712.7611327164125,865.7794434862154,10072.439673867826,10988.67823818947,12778.206535807423,588.4835151345466,649.9967266519554,792.6970310930798,5516.981367847773,5909.164847960316,7147.998206017767,3752633.018632152,3740422.505456119,3711688.011661037
215,2021-03-04,596,9092,544,1454,5011,3763161,0.287265,622.0564794966383,683.5708495373093,829.8088510213854,9582.219836933913,10514.508678642102,12286.71233103308,566.2417575672732,623.4975449889665,759.5374269473346,5263.9906839238865,5684.623635970237,6863.065111882054,3757897.009316076,3746107.1290920894,3718551.076772899
216,2021-03-05,487,8594,437,1417,4728,3767889,0.287265,554.5282397483192,634.4281371529819,784.1010042185325,9088.109918466957,10034.381508981574,11794.35068689532,501.6208787836366,576.8731587417249,716.5324366876886,4995.995341961943,5445.467726977678,6578.389763631104,3762893.004658038,3751552.596819067,3725129.4665365126
217,2021-03-06,528,8021,490,1326,3832,3771721,0.287265,541.2641198741596,607.8211028647364,749.9542036560605,8554.55495923348,9531.03613173618,11291.23726197593,495.8104393918183,555.1548690562937,686.3281117959959,4413.997670980972,5042.1007952332575,6212.204461813613,3767307.002329019,3756594.6976143,3731341.670998311
218,2021-03-07,461,7812,440,1273,3677,3775398,0.287265,501.1320599370798,571.1158271485523,711.4269765019183,8183.27747961674,9101.277098802135,10827.338960379127,467.9052196959092,526.3661517922202,653.484363556529,4045.498835490486,4700.825596424943,5874.177200238457,3771352.5011645094,3761295.5232107253,3737215.8481985363
219,2021-03-08,501,7847,468,1236,5818,3781216,0.287265,501.0660299685399,553.5868703614142,683.370046301662,8015.13873980837,8787.7078241016,10429.960432328568,467.9526098479546,511.7746138441651,628.7531150823246,4931.749417745243,4980.119197318707,5866.686906873329,3776284.2505822545,3766275.642408044,3743082.5351053984
220,2021-03-09,483,7451,433,1187,5488,3786704,0.287265,492.0330149842699,535.9401527710606,656.6540401281067,7733.069369904185,8453.530868076201,10032.765708018083,450.4763049239773,492.08096038312385,602.6526997380142,5209.874708872621,5107.089397989031,5816.195319290217,3781494.1252911272,3771382.7318060333,3748898.730424679
221,2021-03-10,494,6975,442,1137,5222,3791926,0.287265,493.01650749213496,525.4551145782955,634.966834777692,7354.034684952092,8083.89815105715,9625.063613615665,446.23815246198865,479.5607202873429,581.2323397729454,5215.937354436311,5135.817048491773,5736.969276718188,3786710.062645564,3776518.548854525,3754635.6997013884
222,2021-03-11,449,6687,408,1101,4848,3796774,0.287265,471.00825374606745,506.3413359337216,610.1712568073327,7020.517342476046,7734.673613292863,9233.321798466903,427.1190762309943,461.6705402155072,558.1346944698856,5031.968677218156,5063.86278636883,5618.440039822427,3791742.031322782,3781582.411640894,3760254.1397412033
223,2021-03-12,386,6391,342,1023,4767,3801541,0.287265,428.5041268730337,476.2560019502912,580.281755899688,6705.758671238023,7398.755209969647,8854.345558671312,384.55953811549716,431.7529051616304,529.3167352072339,4899.484338609078,4989.647089776622,5504.914701179436,3796641.515661391,3786572.0587306707,3765759.0544423764
224,2021-03-13,385,6072,348,1000,3592,3805133,0.287265,406.7520634365169,453.4420014627184,554.244188446396,6388.879335619012,7067.066407477235,8483.366150848467,366.2797690577486,410.81467887122284,505.14117051293584,4245.742169304539,4640.235317332466,5249.859407688841,3800887.2578306952,3791212.294048003,3771008.9138500597
225,2021-03-14,357,6039,332,963,3707,3808840,0.287265,381.87603171825845,429.3315010970388,527.9449633202097,6213.939667809505,6810.049805607927,8157.450664068669,349.1398845288743,391.11100915341717,482.0556811112109,3976.3710846522695,4406.92648799935,5044.144819996994,3804863.6289153476,3795619.2205360024,3776053.058670052
226,2021-03-15,431,5976,408,930,5643,3814483,0.287265,406.4380158591292,429.74862582277916,515.0189682108484,6094.969833904753,6601.537354205945,7866.5905755261765,378.56994226443715,395.3332568650629,472.1815902963827,4809.685542326135,4715.944865999512,5123.992177330729,3809673.3144576736,3800335.1654020017,3781177.050847378
227,2021-03-16,364,5664,334,882,4933,3819416,0.287265,385.2190079295646,413.3114693670844,494.88310578273513,5879.484916952377,6367.1530156544595,7572.911832122684,356.2849711322186,379.9999426487971,453.75737825686485,4871.3427711630675,4770.208649499634,5098.526553686632,3814544.657228837,3805105.3740515015,3786275.577401061
228,2021-03-17,343,5397,315,846,5048,3824464,0.287265,364.10950396478233,395.7336020253133,474.63202501170366,5638.242458476188,6124.614761740844,7282.790254506325,335.64248556610926,363.7499569865978,435.25639448928274,4959.671385581534,4839.656487124726,5091.789679861747,3819504.3286144184,3809945.030538626,3791367.36708092
229,2021-03-18,351,5083,317,797,4689,3829153,0.287265,357.55475198239117,384.550201518985,458.1477550101431,5360.621229238094,5864.211071305633,6989.484887238814,326.32124278305463,352.0624677399483,419.488875224045,4824.335692790767,4801.992365343544,5038.0843892135135,3824328.664307209,3814747.0229039695,3796405.4514701306
230,2021-03-19,283,4841,247,749,4333,3833486,0.287265,320.2773759911956,359.1626511392387,434.7947210087906,5100.810614619048,5608.408303479224,6703.02023560697,286.66062139152734,325.7968508049612,396.4903585275056,4578.667846395383,4684.744274007658,4944.073137318378,3828907.3321536044,3819431.767177977,3801349.5246074465
231,2021-03-20,287,4589,259,710,3514,3837000,0.287265,303.6386879955978,341.121988354429,415.08875820761847,4844.905307309524,5353.556227609418,6421.150870859374,272.83031069576367,309.09763810372084,378.1583107238381,4046.3339231976915,4392.058205505743,4753.39671900926,3832953.666076802,3823823.825383483,3806102.921326454
232,2021-03-21,279,4492,253,692,4679,3841679,0.287265,291.3193439977989,325.59149126582173,396.9435904466026,4668.452653654762,5138.167170707063,6163.93075474479,262.91515534788186,295.07322857779064,361.4705359606597,4362.666961598846,4463.793654129307,4743.4771564746925,3837316.333038401,3828287.6190376123,3810846.3984829267
233,2021-03-22,294,4501,266,676,5400,3847079,0.287265,292.65967199889946,317.6936184493663,383.2177783870556,4584.726326827381,4978.875378030297,5942.206654112151,264.45757767394093,287.80492143334294,348.741131165905,4881.333480799423,4697.845240596979,4831.0135356114,3842197.6665192004,3832985.4642782095,3815677.4120185366
234,2021-03-23,295,4245,267,647,4566,3851645,0.287265,293.82983599944976,312.0202138370247,371.4554079354482,4414.863163413691,4795.406533522722,5715.912433563864,265.72878883697047,282.6036910750072,337.8423136771176,4723.666740399712,4664.883930447734,4795.6783975298795,3846921.3332596,3837650.348208657,3820473.090416065
235,2021-03-24,277,4005,257,613,5321,3856966,0.287265,285.4149179997249,303.2651603777685,358.8613535440551,4209.9315817068455,4597.804900142041,5487.7907757553485,261.36439441848523,276.2027683062554,327.06333852016854,5022.333370199856,4828.9129478358,4865.721277859229,3851943.6666298,3842479.261156493,3825338.811693923
236,2021-03-25,288,3763,255,566,4674,3861640,0.287265,286.7074589998624,299.44887028332636,349.4131730715144,3986.4657908534227,4389.10367510653,5257.818672321301,258.18219720924264,270.90207622969154,317.45489338414603,4848.166685099928,4790.18471087685,4840.158440811332,3856791.8333149003,3847269.44586737,3830178.9701347337
237,2021-03-26,245,3712,223,559,3803,3865443,0.287265,265.8537294999312,285.83665271249475,335.4914166619791,3849.2328954267114,4219.827756329897,5051.709516011794,240.59109860462132,258.92655717226864,304.8609075995932,4325.583342549964,4543.3885331576375,4701.870648703154,3861117.41665745,3851812.8344005276,3834880.8407834363
238,2021-03-27,217,3676,201,537,3136,3868579,0.287265,241.4268647499656,268.627489534371,319.6925611070485,3762.6164477133557,4083.8708172474226,4868.281580543556,220.79554930231066,244.44491787920148,291.0127865863141,3730.791671274982,4191.541399868228,4493.087895542733,3864848.208328725,3856004.375800396,3839373.9286789782
239,2021-03-28,221,3438,206,532,4477,3873056,0.287265,231.2134323749828,256.72061715077825,306.53355295944203,3600.3082238566776,3922.403112935567,4677.577369804415,213.39777465115532,234.8336884094011,279.6777483748055,4103.8958356374915,4262.906049901171,4490.942842803702,3868952.1041643624,3860267.281850297,3843864.871521781
240,2021-03-29,206,3466,184,532,3422,3876478,0.287265,218.6067161874914,244.0404628630837,293.1290792315164,3533.154111928339,3808.3023347016756,4516.03372049716,198.69888732557766,222.12526630705082,266.92071525816476,3762.9479178187457,4052.679537425878,4348.417130429874,3872715.052082181,3864319.9613877228,3848213.28865221
241,2021-03-30,217,3283,207,518,3135,3879613,0.287265,217.80335809374571,237.28034714731277,282.9785353339809,3408.0770559641696,3676.976751026257,4351.6292244308725,202.84944366278881,218.34394973028813,258.93128655707613,3448.973958909373,3823.2596530694086,4186.628179705891,3876164.0260410905,3868143.2210407923,3852399.9168319153
242,2021-03-31,225,3084,207,501,3340,3882953,0.287265,221.40167904687286,234.21026036048457,275.24806395611677,3246.038527982085,3528.7325632696925,4182.611994506756,204.9247218313944,215.50796229771612,252.00711501613264,3394.4869794546867,3702.4447398020566,4073.744422411772,3879558.5130205452,3871845.665780594,3856473.661254327
243,2021-04-01,180,2928,164,470,3067,3886020,0.26589749999999995,200.70083952343643,220.65769527036343,262.5483220953012,3087.0192639910424,3378.5494224522695,4015.3303952391884,184.46236091569722,202.6309717232871,240.27283301398163,3230.7434897273433,3543.5835548515424,3939.5118327568694,3882789.2565102726,3875389.2493354455,3860413.1730870833
244,2021-04-02,178,2784,167,436,2248,3888268,0.26589749999999995,189.35041976171823,209.99327145277258,251.27521248259438,2935.509631995521,3229.9120668392025,3851.1530092072962,175.7311804578486,193.72322879246533,230.50312194545072,2739.3717448636717,3219.687666138657,3713.9769217226203,3885528.6282551363,3878608.937001584,3864127.1500088056
245,2021-04-03,179,2677,164,433,2121,3890389,0.26589749999999995,184.17520988085911,202.24495358957944,241.63851748491513,2806.2548159977605,3091.684050129402,3694.5992746463235,169.8655902289243,186.29242159434898,221.6360390193906,2430.185872431836,2945.0157496039924,3501.5799988262706,3887958.814127568,3881553.952751188,3867628.7300076317
246,2021-04-04,156,2672,144,422,2042,3892431,0.26589749999999995,170.08760494042957,190.68371519218456,230.22004848692643,2739.1274079988802,2986.763037597051,3558.25270469348,156.93279511446215,175.71931619576173,211.28456715013854,2236.0929362159177,2719.261812202994,3306.969332316101,3890194.907063784,3884273.214563391,3870935.6993399477
247,2021-04-05,188,2680,178,416,2314,3894745,0.26589749999999995,179.04380247021479,190.0127863941384,224.59070868866957,2709.56370399944,2910.0722781977884,3441.152344067683,167.46639755723106,176.2894871468213,206.8466248634534,2275.046468107959,2617.9463591522453,3174.573421340621,3892469.953531892,3886891.1609225436,3874110.2727612876
248,2021-04-06,183,2588,167,406,2756,3897501,0.26589749999999995,181.0219012351074,188.2595897956038,219.04528086351363,2648.78185199972,2829.554208648341,3327.3986981919916,167.23319877861553,173.96711536011597,201.5337415483263,2515.5232340539796,2652.459769364184,3118.763631828538,3894985.476765946,3889543.6206919076,3877229.0363931158
249,2021-04-07,189,2486,174,393,2752,3900253,0.26589749999999995,185.0109506175537,188.44469234670285,215.03924341504512,2567.39092599986,2743.6656564862556,3215.2122050997264,170.61659938930777,173.97533652008696,197.86257600854947,2633.76161702699,2677.344827023138,3069.8618142513997,3897619.238382973,3892220.965518931,3880298.898207367
250,2021-04-08,167,2382,153,377,2651,3902904,0.26589749999999995,176.00547530877685,183.08351926002712,208.6340109597058,2474.69546299993,2653.2492423646913,3104.1172444197628,161.8082996946539,168.7315023900652,191.88089920740956,2642.380808513495,2670.7586202673533,3014.013572351213,3900261.6191914864,3894891.724139198,3883312.911779718
251,2021-04-09,167,2321,142,362,2482,3905386,0.26589749999999995,171.50273765438843,179.06263944502032,203.0828094984117,2397.847731499965,2570.1869317735186,2999.701611830461,151.90414984732695,162.0486267925489,185.2301126464216,2562.1904042567476,2623.568965200515,2943.0784293710512,3902823.809595743,3897515.2931043985,3886255.990209089
252,2021-04-10,151,2190,133,342,2009,3907395,0.26589749999999995,161.2513688271942,172.04697958376522,196.13843489862347,2293.9238657499827,2475.140198830139,2891.741396919733,142.45207492366347,154.78647009441167,178.2660976268987,2285.595202128374,2469.926723900386,2818.5346387882446,3905109.4047978716,3899985.219828299,3889074.5248478777
253,2021-04-11,175,2096,163,343,2020,3909415,0.26589749999999995,168.1256844135971,172.7852346878239,193.31997691214033,2194.9619328749914,2380.355149122604,2785.6425439971017,152.72603746183174,156.83985257080874,176.2306179433122,2152.797601064187,2357.4450429252897,2712.0633536164787,3907262.202398936,3902342.664871224,3891786.588201494
254,2021-04-12,173,2108,164,337,2399,3911814,0.26589749999999995,170.56284220679856,172.8389260158679,190.61064665718828,2151.4809664374957,2312.266361841953,2695.290204797488,158.36301873091588,158.62988942810657,174.59986888420391,2275.8988005320934,2367.833782193967,2670.3215731342816,3909538.1011994677,3904710.4986534184,3894456.9097746285
255,2021-04-13,153,2057,132,333,2060,3913874,0.26589749999999995,161.78142110339928,167.87919451190092,185.5958937695632,2104.2404832187476,2248.449771381465,2610.1848441578227,145.18150936545794,151.97241707107992,168.91988636631007,2167.9494002660467,2290.8753366454753,2588.945363383044,3911706.050599734,3907001.373990064,3897045.8551380113
256,2021-04-14,156,1972,143,315,2068,3915942,0.26589749999999995,158.89071055169964,164.90939588392567,181.64977460028808,2038.1202416093738,2179.3373285360985,2525.0935316034465,144.09075468272897,149.72931280330994,165.4639015174687,2117.9747001330234,2235.156502484106,2519.485981598638,3913824.0252998667,3909236.530492548,3899565.34111961
257,2021-04-15,127,1885,112,294,1959,3917901,0.26589749999999995,142.9453552758498,155.43204691294423,174.36313798691634,1961.560120804687,2105.7529964020737,2439.747727389654,128.04537734136449,140.29698460248247,158.33538131513956,2038.4873500665117,2166.1173768630792,2444.754517385486,3915862.5126499333,3911402.647869411,3902010.095636995
258,2021-04-16,118,1844,105,298,1963,3919864,0.26589749999999995,130.4726776379249,146.07403518470815,166.84805292199417,1902.7800604023435,2040.3147473015551,2360.314697071033,116.52268867068224,131.47273845186183,151.22399713978763,2000.7436750332558,2115.3380326473093,2380.5205817340875,3917863.2563249664,3913517.9859020584,3904390.6162187294
259,2021-04-17,135,1735,125,292,1398,3921262,0.26589749999999995,132.73633881896245,143.3055263885311,162.60164586572827,1818.8900302011716,1963.9860604761664,2276.939404128229,120.76134433534112,129.85455383889635,147.72746418781594,1699.371837516628,1936.0035244854819,2249.5178375028754,3919562.628162483,3915453.989426544,3906640.1340562324
260,2021-04-18,112,1691,103,283,2281,3923543,0.26589749999999995,122.36816940948123,135.4791447913983,155.85475975029783,1754.9450151005858,1895.7395453571248,2198.8141502444655,111.88067216767055,123.14091537917226,141.76380229610714,1990.185918758314,2022.2526433641115,2253.7154591691587,3921552.8140812414,3917476.242069908,3908893.8495154013
261,2021-04-19,138,1732,124,291,2268,3925811,0.26589749999999995,130.1840847047406,136.10935859354873,153.4741251169248,1743.472507550293,1854.8046590178437,2136.5722635452034,117.94033608383528,123.35568653437919,139.39529532329283,2129.092959379157,2083.6894825230834,2255.620064613271,3923681.9070406207,3919559.931552431,3911149.4695800147
262,2021-04-20,98,1649,90,273,2112,3927923,0.26589749999999995,114.0920423523703,126.58201894516155,146.07757510133484,1696.2362537751465,1803.3534942633828,2071.562628405843,103.97016804191765,115.0167649007844,132.8092559468538,2120.5464796895785,2090.767111892312,2236.4707226648347,3925802.45352031,3921650.6986643234,3913385.9403026793
263,2021-04-21,126,1609,119,249,2298,3930221,0.26589749999999995,120.04602117618515,126.43651420887116,143.40056508782354,1652.6181268875732,1754.7651206975372,2009.887611285064,111.48508402095882,116.0125736755883,130.96802182060662,2209.2732398447893,2142.575333919234,2244.6746263095233,3928011.726760155,3923793.273998243,3915630.6149289887
264,2021-04-22,92,1523,84,237,2032,3932253,0.26589749999999995,106.02301058809257,117.82738565665338,136.54715640944707,1587.8090634437867,1696.823840523153,1944.969263113722,97.74254201047941,108.00943025669123,124.7056189111924,2120.636619922395,2114.9315004394252,2216.318009468254,3930132.3633800773,3925908.2054986823,3917846.932938457
265,2021-04-23,124,1478,111,221,1701,3933954,0.26589749999999995,115.01150529404629,119.37053924249004,134.8742022215208,1532.9045317218934,1642.117880392365,1882.706694698559,104.3712710052397,108.75707269251843,122.87820305636676,1910.8183099611974,2011.4486253295688,2147.6089415391534,3932043.1816900386,3927919.6541240118,3919994.541879996
266,2021-04-24,99,1401,90,220,1300,3935254,0.26589749999999995,107.00575264702314,114.27790443186753,130.09097525865135,1466.9522658609467,1581.8384102942737,1818.4791354054178,97.18563550261985,104.06780451938883,118.49444264885119,1605.4091549805987,1833.5864689971766,2034.5944160005997,3933648.5908450196,3929753.2405930087,3922029.1362959966
267,2021-04-25,107,1377,100,211,1897,3937151,0.26589749999999995,107.00287632351157,112.45842832390065,127.01217855749785,1421.9761329304733,1530.628807720705,1759.6152506846954,98.59281775130992,103.05085338954163,116.0285169623377,1751.2045774902995,1849.4398517478824,2016.2484938671864,3935399.79542251,3931602.6804447565,3924045.3847898636
268,2021-04-26,108,1393,100,208,2267,3939418,0.26589749999999995,107.50143816175579,111.34382124292549,124.47722141649814,1407.4880664652367,1496.2216057905287,1710.7332172600693,99.29640887565496,102.28814004215623,113.89138136735934,2009.1022887451497,1953.8298888109118,2049.6820280182283,3937408.8977112547,3933556.5103335674,3926095.0668178815
269,2021-04-27,128,1310,120,196,1809,3941227,0.26589749999999995,117.7507190808779,115.50786593219412,124.94692522763172,1358.7440332326182,1449.6662043428964,1657.3021216253933,109.64820443782747,106.71610503161718,114.70586385171143,1909.051144372575,1917.6224166081838,2017.5910909491313,3939317.9488556273,3935474.1327501754,3928112.6579088303
270,2021-04-28,89,1278,74,188,2153,3943380,0.26589749999999995,103.37535954043895,108.88089944914559,120.1540018639475,1318.372016616309,1406.7496532571722,1606.7285054086742,91.82410221891374,98.53707877371289,109.2784153381499,2031.0255721862875,1976.4668124561379,2035.6456121559138,3941348.9744278137,3937450.5995626315,3930148.3035209863
271,2021-04-29,80,1235,77,178,1901,3945281,0.26589749999999995,91.68767977021948,101.6606745868592,114.8001349487545,1276.6860083081547,1363.8122399428792,1557.1647046875175,84.41205110945687,93.15280908028465,104.97462662639657,1966.0127860931439,1957.6001093421035,2017.6928638684585,3943314.987213907,3939408.1996719735,3932165.996384855
272,2021-04-30,82,1161,75,170,1528,3946809,0.26589749999999995,86.84383988510973,96.74550594014441,110.42678362225391,1218.8430041540773,1313.1091799571593,1504.342744062515,79.70602555472843,88.61460681021349,100.97800974287703,1747.006393046572,1850.2000820065775,1952.4004820193306,3945061.9936069534,3941258.3997539803,3934118.3968668743
273,2021-05-01,68,1071,64,167,1210,3948019,0.24453,77.42191994255487,89.5591294551083,104.76987913928673,1144.9215020770387,1252.5818849678694,1446.5637115208463,71.85301277736421,82.46095510766011,96.04760844382676,1478.503196523286,1690.150061504933,1853.4137510834198,3946540.4968034765,3942948.5498154853,3935971.8106179573
274,2021-05-02,92,1082,86,172,1305,3949324,0.24453,84.71095997127743,90.16934709133122,103.06722858738183,1113.4607510385194,1209.936413725902,1397.9552166514002,78.9265063886821,83.34571633074508,94.70792731798319,1391.751598261643,1593.8625461287,1780.2919176056305,3947932.2484017382,3944542.412361614,3937752.102535563
275,2021-05-03,98,1096,89,168,1806,3951130,0.24453,91.35547998563871,92.1270103184984,102.39159810906426,1104.7303755192597,1181.4523102944265,1357.6945210978802,83.96325319434105,84.75928724805881,93.9468703422521,1598.8757991308216,1646.8969095965251,1783.7196619248798,3949531.1242008694,3946189.3092712103,3939535.822197488
276,2021-05-04,76,1093,69,162,2200,3953330,0.24453,83.67773999281935,88.0952577388738,98.87271836118903,1098.8651877596299,1159.3392327208198,1322.4019182848294,76.48162659717053,80.8194654360441,90.62062096328515,1899.4378995654108,1785.172682197394,1839.2237070015624,3951430.5621004347,3947974.4819534076,3941375.0459044897
277,2021-05-05,96,1032,90,161,2203,3955533,0.24453,89.83886999640967,90.07144330415534,98.48968924636382,1065.432593879815,1127.504424540615,1283.6816625135189,83.24081329858527,83.11459907703308,90.5378715015138,2051.2189497827053,1889.6295116480455,1887.7272127346876,3953481.7810502173,3949864.111465056,3943262.773117224
278,2021-05-06,88,976,83,144,1967,3957500,0.24453,88.91943499820484,89.5535824781165,97.09106401351532,1020.7162969399075,1089.6283184054612,1242.6574408450497,83.12040664929263,83.08594930777481,89.53282196797863,2009.1094748913526,1908.9721337360343,1898.2969177033958,3955490.8905251087,3951773.083598792,3945161.0700349277
279,2021-05-07,77,973,71,145,1657,3959157,0.24453,82.95971749910242,86.41518685858736,94.41225547837995,996.8581484699537,1060.471238804096,1206.703115399043,77.06020332464632,80.0644619808311,87.0617790389148,1833.0547374456764,1845.9791003020257,1866.123995342943,3957323.945262554,3953619.062699094,3947027.1940302704
280,2021-05-08,80,948,72,135,1301,3960458,0.24453,81.47985874955121,84.81139014394051,92.49062141459595,972.4290742349768,1032.353429103072,1172.2093666791707,74.53010166232316,78.04834648562333,85.05354183372616,1567.0273687228382,1709.7343252265193,1790.7741292972173,3958890.972631277,3955328.7970243203,3948817.9681595676
281,2021-05-09,76,933,75,131,1985,3962443,0.24453,78.73992937477561,82.60854260795539,90.29187189264982,952.7145371174884,1007.5150718273039,1140.3147844552811,74.76505083116157,77.28625986421748,83.71306958922933,1776.013684361419,1778.5507439198896,1816.6709120575883,3960666.9863156388,3957107.34776824,3950634.6390716257
282,2021-05-10,76,944,70,135,2325,3964768,0.24453,77.3699646873878,80.95640695596653,88.38628897362985,948.3572685587442,991.636303870478,1114.1394798612437,72.38252541558079,75.4646948981631,81.88466031066542,2050.5068421807096,1915.1630579399173,1884.4481237832433,3962717.4931578194,3959022.51082618,3952519.087195409
283,2021-05-11,79,921,71,126,1872,3966640,0.24453,78.1849823436939,80.46730521697489,87.13478377714586,934.6786342793721,973.9772279028584,1088.3875492130778,71.6912627077904,74.34852117362233,80.43337226924338,1961.2534210903548,1904.372293454938,1882.7883739454776,3964678.7465789095,3960926.8831196353,3954401.8755693543
284,2021-05-12,93,907,88,123,1869,3968509,0.24453,85.59249117184694,83.60047891273116,87.91681260685974,920.839317139686,957.2329209271438,1064.2025426513342,79.8456313538952,77.76139088021675,81.44225596667759,1915.1267105451775,1895.5292200912036,1880.9499240860805,3966593.8732894547,3962822.4123397265,3956282.8254934405
285,2021-05-13,74,845,68,119,1737,3970246,0.24453,79.79624558592347,81.20035918454836,86.06123759261176,882.919658569843,929.1746906953579,1034.9755369644895,73.92281567694761,75.32104316016256,79.64995517112057,1826.0633552725888,1855.8969150684027,1861.7566008746032,3968419.9366447274,3964678.309254795,3958144.582094315
286,2021-05-14,72,818,65,115,1540,3971786,0.24453,75.89812279296174,78.90026938841127,84.18640591359687,850.4598292849215,901.3810180215185,1006.0454653692243,69.4614078384738,72.74078237012192,77.69662781497117,1683.0316776362943,1776.922686301302,1818.8557207579895,3970102.9683223637,3966455.231941096,3959963.437815073
287,2021-05-15,70,810,67,115,1306,3973092,0.24453,72.94906139648087,76.67520204130845,82.29488512511729,830.2299146424607,878.5357635161389,979.906069986661,68.2307039192369,71.30558677759144,76.270410772975,1494.5158388181471,1659.1920147259766,1750.4749579902575,3971597.484161182,3968114.423955822,3961713.9127730634
288,2021-05-16,59,801,58,116,1587,3974679,0.24453,65.97453069824044,72.25640153098134,79.18890044176833,815.6149573212303,859.1518226371043,956.0519273217728,63.11535195961845,67.97919008319359,73.83435600324499,1540.7579194090736,1641.1440110444826,1728.6782969248898,3973138.2420805907,3969755.5679668663,3963442.5910699884
289,2021-05-17,74,798,68,117,2341,3977020,0.24453,69.98726534912022,72.692301148236,78.49704704953255,806.8074786606152,843.8638669778283,934.978337012203,65.55767597980923,67.98439256239519,73.056441869479,1940.8789597045368,1816.108008283362,1810.3211906682377,3975079.1210402953,3971571.67597515,3965252.9122606567
290,2021-05-18,90,749,84,114,2241,3979261,0.24453,79.9936326745601,77.01922586117699,80.03077410959489,777.9037393303076,820.1479002333713,910.181225410576,74.77883798990462,71.9882944217964,74.51558295354847,2090.9394798522685,1922.3310062125215,1867.7450319124728,3977170.060520148,3973494.0069813626,3967120.657292569
291,2021-05-19,93,757,90,113,2261,3981522,0.24453,86.49681633728005,81.01441939588274,81.76000422831557,767.4518696651538,804.3609251750285,889.7570620224992,82.38941899495231,76.4912208163473,76.58017189307533,2175.969739926134,2006.9982546593913,1920.1790276574764,3979346.030260074,3975501.005236022,3969040.8363202265
292,2021-05-20,98,749,94,115,2000,3983522,0.24453,92.24840816864003,85.26081454691204,83.9253369978735,758.225934832577,790.5206938812714,870.9894537528327,88.19470949747615,80.86841561226048,78.90281564066528,2087.984869963067,2005.2486909945435,1930.8218239698126,3981434.015130037,3977506.2539270166,3970971.6581441965
293,2021-05-21,85,766,74,117,1872,3985394,0.24453,88.62420408432001,85.19561091018403,84.06862539815702,762.1129674162885,784.3905204109536,856.9908599191217,81.09735474873807,79.15131170919535,78.24910688857658,1979.9924349815335,1971.9365182459076,1922.978914107171,3983414.0075650187,3979478.1904452625,3972894.6370583037
294,2021-05-22,75,730,68,113,1606,3987000,0.24453,81.81210204216,82.64670818263802,82.85947534506941,746.0564837081442,770.7928903082153,840.0587452632388,74.54867737436903,76.3634837818965,76.88255930343304,1792.9962174907669,1880.4523886844306,1880.7150588928816,3985207.0037825094,3981358.6428339467,3974775.3521171967
295,2021-05-23,77,756,73,111,1918,3988918,0.24453,79.40605102108,81.23503113697852,82.07821196572682,751.0282418540721,767.0946677311614,828.8509125614736,73.77433868718452,75.52261283642237,76.36488472964197,1855.4981087453834,1889.839291513323,1885.6863843738308,3987062.5018912544,3983248.48212546,3976661.0385015705
296,2021-05-24,98,797,95,113,2750,3991668,0.24453,88.70302551054,85.42627335273389,84.20111703696324,774.0141209270361,774.5710007983711,824.6041242199437,84.38716934359226,80.39195962731678,78.8495667656897,2302.7490543726917,2104.8794686349925,2000.9281997906535,3989365.250945627,3985353.3615940954,3978661.966701361
297,2021-05-25,88,765,81,117,2797,3994465,0.24453,88.35151275527,86.06970501455041,84.70763476536814,769.507060463518,772.1782505987784,816.6569076572846,82.69358467179613,80.54396972048758,79.13629119693108,2549.874527186346,2277.909601476244,2107.071106485233,3991915.125472814,3987631.2711955714,3980769.037807846
298,2021-05-26,95,745,91,115,3179,3997644,0.24453,91.675756377635,88.3022787609128,86.07995012998573,757.253530231759,765.3836879490838,807.10265330298,86.84679233589807,83.15797729036568,80.71811903734027,2864.437263593173,2503.182201107183,2249.9949589538687,3994779.562736407,3990134.4533966784,3983019.0327667994
299,2021-05-27,83,742,78,110,3075,4000719,0.24453,87.3378781888175,86.97670907068459,85.6692901126543,749.6267651158795,759.5377659618127,798.4222995292494,82.42339616794904,81.86848296777426,80.3557031656949,2969.7186317965866,2646.136650830387,2359.9956310933526,3997749.2813682035,3992780.590047509,3985379.028397893
300,2021-05-28,92,743,83,116,2929,4003648,0.24453,89.66893909440876,88.23253180301344,86.51338476430038,746.3133825579398,755.4033244713595,791.0326595920161,82.71169808397451,82.15136222583068,80.70827607693559,2949.359315898293,2716.85248812279,2435.8628802809053,4000698.6406841017,3995497.442535632,3987814.891278174
301,2021-05-29,69,748,64,112,2462,4006110,0.24453,79.33446954720438,83.42439885226008,84.17826679572701,747.1566912789699,753.5524933535196,785.294971646414,73.35584904198726,77.61352166937301,78.48050593334418,2705.6796579491465,2653.1393660920926,2439.347829576785,4003404.320342051,3998150.581901724,3990254.239107751
302,2021-05-30,80,755,75,115,2598,4008708,0.24453,79.66723477360219,82.56829913919505,83.62116455629675,751.078345639485,753.9143700151396,781.2556420935588,74.17792452099363,76.96014125202976,78.01643847556495,2651.8398289745733,2639.3545245690693,2460.50145229988,4006056.1601710254,4000789.936426293,3992714.7405600506
303,2021-05-31,98,773,95,110,3170,4011878,0.24453,88.8336173868011,86.42622435439628,85.53834261545718,762.0391728197425,758.6857775113547,780.1548898144176,84.58896226049681,81.47010593902232,80.28091334548964,2910.9199144872864,2772.0158934268015,2555.101258659896,4008967.0800855127,4003561.95231972,3995269.841818711
304,2021-06-01,115,776,108,123,4515,4016393,0.22316249999999999,101.91680869340055,93.5696682657972,89.46656360006288,769.0195864098712,763.014333133516,779.6009045058287,96.29448113024841,88.10257945426673,83.97679156609102,3712.959957243643,3207.7619200701015,2816.421090838576,4012680.040042756,4006769.71423979,3998086.2629095493
305,2021-06-02,101,801,96,116,5039,4021432,0.22316249999999999,101.45840434670028,95.4272511993479,91.0043551200545,785.0097932049356,772.510749850137,782.4541172383849,96.1472405651242,90.07693459070005,85.57988602394555,4375.979978621822,3665.5714400525762,3112.7649453934328,4017056.020021378,4010435.285679843,4001199.0278549427
306,2021-06-03,93,779,87,124,5131,4026563,0.22316249999999999,97.22920217335013,94.82043839951092,91.27044110404724,782.0048966024679,774.1330623876028,781.993568273267,91.5736202825621,89.30770094302503,85.76923455408614,4753.4899893109105,4031.9285800394323,3381.8629526743084,4021809.510010689,4014467.214259882,4004580.890807617
307,2021-06-04,96,805,92,119,4886,4031449,0.22316249999999999,96.61460108667507,95.11532879963319,91.90104895684094,793.5024483012339,781.8497967907022,785.0610925034981,91.78681014128105,89.98077570726876,86.60000328020799,4819.744994655455,4245.446435029574,3582.4145589844006,4026629.2550053447,4018712.6606949116,4008163.3053666013
308,2021-06-05,96,782,93,124,3964,4035413,0.22316249999999999,96.30730054333753,95.33649659972488,92.44757576259549,787.751224150617,781.8873475930267,784.652946836365,92.39340507064053,90.73558178045157,87.45333617618024,4391.872497327728,4175.08482627218,3633.2926177864806,4031021.1275026724,4022887.7455211836,4011796.597984388
309,2021-06-06,121,807,113,131,4730,4040143,0.22316249999999999,108.65365027166877,101.75237244979367,96.2545656609161,797.3756120753085,788.1655106947701,787.6325539248497,102.69670253532027,96.30168633533869,90.85955801935621,4560.936248663864,4313.813619704135,3779.5202687482833,4035582.063751336,4027201.5591408876,4015576.118253136
310,2021-06-07,131,860,125,133,6791,4046934,0.22316249999999999,119.82682513583438,109.06427933734525,100.88729023946061,828.6878060376542,806.1241330210776,797.2815467348698,113.84835126766014,103.47626475150402,95.41161695010872,5675.968124331932,4933.110214778101,4181.050899581845,4041258.031875668,4032134.669355666,4019757.1691527176
311,2021-06-08,147,879,136,140,6630,4053564,0.22316249999999999,133.4134125679172,118.54820950300895,107.03565154086586,853.8439030188272,824.3430997658082,808.1773405035539,124.92417563383006,111.60719856362802,100.82340135676088,6152.984062165966,5357.332661083576,4507.577446304266,4047411.015937834,4037492.0020167492,4024264.746599022
312,2021-06-09,158,876,149,141,6919,4060483,0.22316249999999999,145.7067062839586,128.4111571272567,113.83089800208374,864.9219515094136,837.2573248243563,817.2203617697468,136.96208781691502,120.95539892272102,107.2469478425261,6535.992031082983,5747.749495812682,4829.100453463698,4053947.007968917,4043239.751512562,4029093.8470524857
313,2021-06-10,162,906,154,140,6718,4067201,0.22316249999999999,153.8533531419793,136.80836784544252,120.25344493513924,885.4609757547069,854.4429936182672,829.0576468671138,145.4810439084575,129.21654919204076,113.48068813018928,6626.996015541492,5990.312121859511,5080.953726335204,4060574.0039844587,4049230.0636344217,4034174.800778821
314,2021-06-11,144,884,137,146,6510,4073711,0.22316249999999999,148.92667657098966,138.6062758840819,123.41965227712068,884.7304878773534,861.8322452137005,836.3832939514986,141.24052195422877,131.16241189403056,116.61659637949738,6568.498007770746,6120.234091394633,5271.49322949051,4067142.5019922294,4055350.2977258163,4039446.294008312
315,2021-06-12,137,915,131,152,5422,4079133,0.22316249999999999,142.96333828549484,138.20470691306141,125.23036530683792,899.8652439386767,875.1241839102754,846.8655214246321,136.12026097711438,131.1218089205229,118.53438352889773,5995.249003885373,5945.675568545974,5291.560798891775,4073137.7509961147,4061295.9732943624,4044737.8548072036
316,2021-06-13,187,947,179,171,6075,4085208,0.22316249999999999,164.98166914274742,150.40353018479604,133.46631659925953,923.4326219693384,893.0931379327066,860.2167852346812,157.5601304885572,143.0913566903922,126.59646572504471,6035.124501942686,5978.00667640948,5396.019359039539,4079172.8754980573,4067273.979970772,4050133.8741662432
317,2021-06-14,185,993,177,170,8941,4094149,0.22316249999999999,174.9908345713737,159.05264763859702,140.3374743860249,958.2163109846692,918.06985344953,877.921213870057,167.2800652442786,151.56851751779413,133.3169369617054,7488.062250971343,6718.755007307111,5868.6834445009345,4086660.9377490287,4073992.734978079,4056002.557610744
318,2021-06-15,188,1030,174,187,9153,4103302,0.22316249999999999,181.49541728568687,166.28948572894777,146.69247780122157,994.1081554923346,946.0523900871475,898.1983853540495,170.6400326221393,157.1763881383456,138.74134536681134,8320.531125485672,7327.316255480333,6306.5923185674765,4094981.468874514,4081320.0512335594,4062309.149929311
319,2021-06-16,177,1057,173,192,9411,4112713,0.22316249999999999,179.24770864284343,168.96711429671083,150.7334807610587,1025.5540777461674,973.7892925653606,919.3719339735095,171.82001631106965,161.1322911037592,143.30916598456983,8865.765562742836,7848.23719161025,6720.51334275848,4103847.234437257,4089168.2884251694,4069029.6632720698
320,2021-06-17,202,1122,190,197,9523,4122236,0.22316249999999999,190.62385432142173,177.22533572253312,157.5690166595842,1073.7770388730837,1010.8419694240205,946.3890094437082,180.91000815553483,168.3492183278194,149.5346105199605,9194.382781371418,8266.927893707687,7094.178230390682,4113041.6172186285,4097435.216318877,4076123.84150246
321,2021-06-18,185,1170,172,210,8772,4131008,0.22316249999999999,187.81192716071087,179.16900179189983,161.22648110497298,1121.8885194365419,1050.6314770680153,976.2038081845471,176.4550040777674,169.26191374586452,152.52999578396577,8983.191390685708,8393.195920280765,7317.887799671925,4122024.8086093143,4105828.4122391576,4083441.729302132
322,2021-06-19,178,1143,172,203,7127,4138135,0.22316249999999999,182.90596358035543,178.87675134392487,163.46295029097658,1132.444259718271,1073.7236078010114,998.4433004266076,174.2275020388837,169.94643530939837,155.12599634610368,8055.095695342854,8076.646940210573,7292.436093049001,4130079.904304657,4113905.0591793684,4090734.1653951807
323,2021-06-20,171,1168,165,196,8203,4146338,0.22316249999999999,176.95298179017772,176.90756350794365,164.4678902521797,1150.2221298591355,1097.2927058507587,1021.0508603697266,169.61375101944185,168.70982648204878,156.44253016662316,8129.047847671427,8108.23520515793,7413.844613975801,4138208.9521523286,4122013.2943845266,4098148.0100091565
324,2021-06-21,181,1290,173,212,12707,4159045,0.22316249999999999,178.97649089508886,177.93067263095773,166.67217155188908,1220.1110649295679,1145.4695293880688,1056.9107456537631,171.30687550972092,169.78236986153658,158.6501928110734,10418.023923835714,9257.926403868447,8119.598665445694,4148626.9760761643,4131271.220788395,4106267.608674602
325,2021-06-22,182,1301,171,229,13563,4172608,0.22316249999999999,180.48824544754444,178.94800447321828,168.7158820116372,1260.555532464784,1184.3521470410517,1089.4559795665946,171.15343775486048,170.08677739615243,160.29683376959693,11990.511961917857,10334.194802901335,8845.385510052936,4160617.488038082,4141605.4155912963,4115112.994184655
326,2021-06-23,214,1255,204,227,14806,4187414,0.22316249999999999,197.24412272377222,187.7110033549137,174.75376441008558,1257.777766232392,1202.0141102807886,1111.528515624382,187.57671887743024,178.5650830471143,166.12392260031734,13398.25598095893,11452.146102176,9640.134108712544,4174015.744019041,4153057.5616934723,4124753.1282933676
327,2021-06-24,194,1274,186,240,15084,4202498,0.22316249999999999,195.6220613618861,189.28325251618526,177.3199291554075,1265.888883116196,1220.0105827105915,1133.1913802077975,186.78835943871513,180.4238122853357,168.77406625360834,14241.127990479465,12360.109576632001,10365.982894217539,4188256.8720095204,4165417.671270104,4135119.111187585
328,2021-06-25,206,1284,187,238,14901,4217399,0.22316249999999999,200.81103068094305,193.46243938713897,181.14393860135317,1274.9444415580979,1236.0079370329436,1153.2991961800913,186.89417971935757,182.06785921400177,171.20419075312722,14571.063995239732,12995.332182474001,10970.6518416552,4202827.93600476,4178413.003452578,4146089.7630292405
329,2021-06-26,223,1276,221,236,13486,4230885,0.22316249999999999,211.90551534047154,200.84682954035424,186.72474678783942,1275.472220779049,1246.0059527747078,1169.6593033560791,203.94708985967878,191.80089441050131,177.8436319860436,14028.531997619866,13117.999136855502,11306.031596101173,4216856.46800238,4191531.0025894335,4157395.794625342
330,2021-06-27,226,1331,216,244,15407,4246292,0.22316249999999999,218.95275767023577,207.1351221552657,191.9614472161275,1303.2361103895246,1267.2544645810308,1191.1713962419353,209.9735449298394,197.850670807876,182.93114772123778,14717.765998809933,13690.249352641627,11852.827383287684,4231574.2340011895,4205221.251942075,4169248.6220086296
331,2021-06-28,244,1465,232,272,23511,4269803,0.22316249999999999,231.47637883511788,216.35134161644928,198.89992092064384,1384.1180551947623,1316.690848435773,1227.6818767430107,220.98677246491968,206.38800310590702,189.47366135840608,19114.382999404967,16145.437014481222,13407.250398849326,4250688.617000595,4221366.688956556,4182655.872407479
332,2021-06-29,283,1445,272,259,23250,4293053,0.22316249999999999,257.23818941755894,233.01350621233698,210.11326479789133,1414.5590275973811,1348.7681363268296,1256.6576265106091,246.49338623245984,222.79100232943028,200.47717317728527,21182.191499702483,17921.577760860917,14719.617012336084,4271870.808500297,4239288.266717416,4197375.489419815
333,2021-06-30,331,1500,320,264,23941,4316994,0.22316249999999999,294.11909470877947,257.51012965925275,226.2314961581725,1457.2795137986905,1386.5761022451222,1289.1032763091946,283.24669311622995,247.0932517470727,216.41355008698056,22561.595749851243,19426.433320645687,15949.134744024606,4294432.404250149,4258714.7000380615,4213324.62416384
334,2021-07-01,295,1560,292,279,24267,4341261,0.201795,294.55954735438974,266.8825972444395,235.40063000374948,1508.6397568993452,1429.9320766838416,1325.2228394679685,287.623346558115,258.31993881030456,226.4917434087165,23414.29787492562,20636.574990484263,17058.183444821327,4317846.702125074,4279351.275028546,4230382.807608661
335,2021-07-02,307,1611,295,297,22287,4363548,0.201795,300.77977367719484,276.9119479333296,244.9472126699162,1559.8198784496726,1475.1990575128812,1363.3264608722393,291.31167327905746,267.4899541077284,235.62617762088763,22850.64893746281,21049.181242863197,17755.35898551182,4340697.351062537,4300400.456271409,4248138.166594173
336,2021-07-03,323,1636,312,296,20638,4384186,0.201795,311.8898868385974,288.4339609499972,255.35425098059403,1597.9099392248363,1515.3992931346609,1399.6829327559408,301.65583663952873,278.6174655807963,245.80935393810262,21744.324468731407,20946.385932147397,18139.711120776912,4362441.675531268,4321346.842203557,4266277.87771495
337,2021-07-04,390,1744,383,305,21806,4405992,0.201795,350.94494341929874,313.82547071249786,273.30701751651486,1670.9549696124182,1572.5494698509958,1445.5918750551486,342.32791831976436,304.71309918559723,264.1014400796889,21775.162234365704,21161.289449110547,18628.54963800666,4384216.837765634,4342508.131652667,4284906.4273529565
338,2021-07-05,416,1888,397,330,30215,4436207,0.201795,383.47247170964937,339.3691030343734,292.33274851431287,1779.477484806209,1651.412102388247,1504.5796250477954,369.6639591598822,327.7848243891979,281.82124806906376,25995.081117182854,23424.71708683291,20173.40968627244,4410211.918882817,4365932.8487395,4305079.8370392285
339,2021-07-06,458,1998,440,353,31627,4467834,0.201795,420.7362358548247,369.02682727578,314.42171537907114,1888.7387424031044,1738.0590767911854,1570.3690083747558,404.8319795799411,355.8386182918984,302.91174832652194,28811.040558591427,25475.287815124684,21700.555061436113,4439022.9594414085,4391408.136554625,4326780.392100665
340,2021-07-07,461,2144,443,377,34274,4502108,0.201795,440.86811792741236,392.02012045683506,333.96548666186163,2016.3693712015522,1839.544307593389,1646.853140591455,423.9159897899706,377.6289637189238,321.5901818829857,31542.520279295713,27674.965861343513,23377.014386577965,4470565.479720704,4419083.102415969,4350157.406487243
341,2021-07-08,488,2209,471,376,29929,4532037,0.201795,464.4340589637062,416.0150903426263,354.5034217736134,2112.684685600776,1931.9082306950418,1721.806055179261,447.4579948949853,400.9717227891929,341.51149096525427,30735.760139647857,28238.474396007638,24250.61246836757,4501301.239860352,4447321.576811976,4374408.018955611
342,2021-07-09,451,2352,428,393,29050,4561087,0.201795,457.7170294818531,424.76131775696973,367.3696322037983,2232.342342800388,2036.9311730212814,1805.8319144886927,437.72899744749265,407.72879209189466,353.043292169887,29892.88006982393,28441.35579700573,24890.530805918563,4531194.119930176,4475762.932608982,4399298.549761529
343,2021-07-10,442,2429,426,398,25411,4586498,0.201795,449.8585147409266,429.0709883177273,377.3203479099585,2330.671171400194,2134.948379765961,1888.920992556867,431.86449872374635,412.296594068921,362.7708532139021,27651.940034911964,27683.766847754297,24959.926698462754,4558846.059965088,4503446.6994567355,4424258.476459992
344,2021-07-11,502,2564,486,408,27418,4613916,0.201795,475.9292573704633,447.3032412382955,393.94430152196406,2447.335585700097,2242.2112848244706,1978.931526882618,458.9322493618732,430.7224455516908,379.20140611871517,27534.970017455984,27617.325135815725,25287.669805334386,4586381.0299825445,4531064.024592551,4449546.146265326
345,2021-07-12,610,2798,585,433,40477,4654393,0.201795,542.9646286852317,487.9774309287217,422.7517279857022,2622.6677928500485,2381.158463618353,2088.1406566316023,521.9661246809366,469.2918341637681,406.64121863621983,34005.98500872799,30832.243851861796,27312.913831289803,4620387.014991272,4561896.268444413,4476859.060096616
346,2021-07-13,621,2970,604,470,43247,4697640,0.201795,581.9823143426158,521.2330731965413,449.1848309209419,2796.3338964250242,2528.3688477137644,2205.7219024140554,562.9830623404682,502.9688756228261,432.9557228180572,38626.492504363996,33935.93288889634,29437.458653784495,4659013.507495636,4595832.2013333095,4506296.5187504
347,2021-07-14,636,3110,608,489,50320,4747960,0.201795,608.9911571713079,549.924804897406,474.09352013148305,2953.166948212512,2673.776635785323,2326.2923154255145,585.4915311702341,529.2266567171196,456.2949597756496,44473.246252182,38031.949666672255,32221.797499946562,4703486.753747818,4633864.150999982,4538518.316250347
348,2021-07-15,658,3241,635,493,57583,4805543,0.201795,633.4955785856539,576.9436036730546,498.614384113952,3097.0834741062563,2815.582476838992,2448.253340035446,610.245765585117,555.6699925378397,480.12229847222966,51028.123126091,42919.712250004195,35603.29116662035,4754514.876873909,4676783.863249986,4574121.607416967
349,2021-07-16,593,3367,562,512,51138,4856681,0.201795,613.247789292827,580.9577027547908,511.1991328987584,3232.041737053128,2953.436857629244,2570.752894697386,586.1228827925586,557.2524944033797,491.03932534259906,51083.0615630455,44974.284187503144,37674.58567773764,4805597.938436954,4721758.14743749,4611796.193094705
350,2021-07-17,622,3442,601,514,35281,4891962,0.201795,617.6238946464134,591.218277066093,525.9725818455906,3337.0208685265643,3075.577643221933,2686.9191754044014,593.5614413962793,568.1893708025348,505.7007486302525,43182.03078152275,42550.963140627355,37355.44092070596,4848779.969218478,4764309.110578117,4649151.634015412
351,2021-07-18,698,3546,678,512,33164,4925126,0.201795,657.8119473232067,617.9137077995698,548.9095709328453,3441.510434263282,3193.18323241645,2801.4632853504813,635.7807206981397,595.642028101901,528.6739821462189,38173.01539076137,40204.22235547051,36796.5821312785,4886952.984609239,4804513.332933587,4685948.21614669
352,2021-07-19,752,3813,722,543,43401,4968527,0.201795,704.9059736616034,651.4352808496773,575.988294808466,3627.255217131641,3348.1374243123378,2936.3348473037504,678.8903603490699,627.2315210764258,554.450784526723,40787.007695380686,41003.41676660289,37677.17118044136,4927739.992304619,4845516.74970019,4723625.387327131
353,2021-07-20,805,3894,779,544,35947,5004474,0.201795,754.9529868308017,689.8264606372579,606.5231888340038,3760.6276085658205,3484.6030682342534,3064.023534329917,728.9451801745349,665.1736408073193,584.39067992316,38367.00384769034,39739.312574952164,37446.48168971584,4966106.99615231,4885256.062275142,4761071.869016847
354,2021-07-21,783,4063,742,567,31676,5036150,0.201795,768.9764934154009,713.1198454779434,630.0534303228034,3911.8138042829105,3629.20230117569,3197.2203964192613,735.4725900872675,684.3802306054894,605.4052559334053,35021.50192384517,37723.48443121412,36677.08413108706,5001128.498076155,4922979.546706357,4797748.953147935
355,2021-07-22,827,4230,794,612,27711,5063861,0.201795,797.9882467077005,741.5898841084575,656.3129729464296,4070.9069021414552,3779.4017258817676,3334.92434356336,764.7362950436337,711.785172954117,630.5512218089513,31366.250961922586,35220.36332341059,35481.606246942116,5032494.749038078,4958199.910029768,4833230.5593948765
356,2021-07-23,725,4401,687,625,24586,5088447,0.201795,761.4941233538502,737.442413081343,665.4712432202389,4235.953451070727,3934.8012944113257,3477.0677644215784,725.8681475218168,705.5888797155877,638.0777255677577,27976.125480961295,32561.77249255794,34028.858747349834,5060470.874519039,4990761.682522326,4867259.418142226
357,2021-07-24,734,4476,708,659,20276,5108723,0.201795,747.7470616769251,736.5818098110072,674.6084107908737,4355.976725535364,4070.1009708084944,3610.258729165368,716.9340737609084,706.1916597866907,647.4006954920568,24126.062740480647,29490.329369418454,32195.14424770319,5084596.9372595195,5020252.011891744,4899454.562389929
358,2021-07-25,836,4725,808,675,19657,5128380,0.201795,791.8735308384626,761.4363573582553,696.1272893520904,4540.488362767682,4233.825728106371,3758.8908986099855,762.4670368804542,731.643744840018,668.8139360931159,21891.531370240322,27031.99702706384,30523.39168134276,5106488.46862976,5047284.008918808,4929977.954071272
359,2021-07-26,830,5055,800,712,26541,5154921,0.201795,810.9367654192313,778.5772680186916,713.976984105145,4797.744181383841,4439.119296079778,3931.7054454619874,781.233518440227,748.7328086300134,686.3054112807005,24216.26568512016,26909.247770297883,29992.406123830395,5130704.734314879,5074193.256689106,4959970.360195103
360,2021-07-27,816,5163,784,738,26027,5180948,0.201795,813.4683827096156,787.9329510140187,727.5800528911257,4980.372090691921,4620.0894720598335,4095.8780527337226,782.6167592201135,757.54960647251,699.3313564432738,25121.63284256008,26688.685827723413,29463.685307319676,5155826.36715744,5100881.942516829,4989434.045502423
361,2021-07-28,728,5182,695,748,26925,5207873,0.201795,770.7341913548078,772.949713260514,727.6360458389756,5081.18604534596,4760.567104044875,4240.694312369226,738.8083796100568,741.9122048543825,698.7538422508372,26023.31642128004,26747.76437079256,29125.193933010385,5181849.68357872,5127629.706887621,5018559.239435433
362,2021-07-29,758,5056,711,765,25361,5233234,0.201795,764.3670956774039,769.2122849453856,731.6845730604456,5068.59302267298,4834.425328033656,4349.401737386663,724.9041898050284,734.1841536407868,700.386663284059,25692.15821064002,26401.07327809442,28623.301408608997,5207541.84178936,5154030.780165716,5047182.540844042
363,2021-07-30,650,5111,616,785,22109,5255343,0.201795,707.183547838702,739.4092137090391,720.7932966523862,5089.79651133649,4903.568996025242,4450.948172401774,670.4520949025142,704.6381152305901,689.1351081795177,23900.57910532001,25328.054958570818,27754.727887461133,5231442.420894681,5179358.835124287,5074937.268731504
364,2021-07-31,593,5057,563,789,18450,5273793,0.201795,650.091773919351,702.8069102817793,703.7541904320681,5073.398255668245,4941.926747018932,4531.755082748205,616.726047451257,669.2285864229425,672.3170937555819,21175.289552660004,23608.541218928112,26514.097502466313,5252617.71044734,5202967.376343215,5101451.366233969
365,2021-08-01,645,5090,618,769,18714,5292507,0.18042750000000002,647.5458869596755,688.3551827113345,695.920298374459,5081.699127834123,4978.945060264198,4606.187738381777,617.3630237256285,656.4214398172068,665.074814588171,19944.644776330002,22384.905914196082,25474.08450213747,5272562.355223671,5225352.282257411,5126925.450736106
366,2021-08-02,686,5309,659,791,26580,5319087,0.18042750000000002,666.7729434798377,687.7663870335008,694.5975919245311,5195.3495639170615,5061.458795198148,4699.8960399308735,638.1815118628142,657.066079862905,664.2648393097481,23262.322388165,23433.67943564706,25621.539901852477,5295824.677611835,5248785.961693058,5152546.990637959
367,2021-08-03,680,5116,655,780,27062,5346149,0.18042750000000002,673.3864717399189,685.8247902751256,692.6512463345937,5155.674781958531,5075.094096398611,4755.37656794009,646.5907559314071,656.5495598971787,663.0295274017817,25162.161194082502,24340.759576735294,25813.601248272145,5320986.838805918,5273126.721269793,5178360.591886231
368,2021-08-04,747,4944,713,772,28895,5375044,0.18042750000000002,710.1932358699594,701.1185927063441,699.8977468233145,5049.837390979265,5042.320572298958,4780.5263588814105,679.7953779657036,670.662169922884,669.6922570815442,27028.58059704125,25479.31968255147,26224.454415169195,5348015.419402959,5298606.040952344,5204585.0463014
369,2021-08-05,693,4894,664,770,28126,5403170,0.18042750000000002,701.5966179349797,699.088944529758,698.9780472468725,4971.918695489632,5005.240429224218,4795.656177697223,671.8976889828518,668.996627442163,668.9332894706716,27577.290298520624,26140.989761913606,26477.993826479968,5375592.709701479,5324747.030714258,5231063.04012788
370,2021-08-06,657,4879,612,765,24851,5428021,0.18042750000000002,679.2983089674899,688.5667083973185,693.3809742806228,4925.459347744816,4973.680321918163,4806.768687337593,641.9488444914259,654.7474705816222,661.3421842079155,26214.145149260312,25818.492321435206,26261.061316282638,5401806.854850739,5350565.523035693,5257324.101444162
371,2021-08-07,630,4817,600,760,19957,5447978,0.18042750000000002,654.649154483745,673.9250312979889,684.9301777098731,4871.229673872408,4934.510241438622,4808.132862359247,620.974422245713,641.0606029362167,653.1632263135267,23085.572574630154,24353.1192410764,25420.519807444954,5424892.42742537,5374918.6422767695,5282744.621251607
372,2021-08-08,651,4939,628,765,20157,5468135,0.18042750000000002,652.8245772418725,668.1937734734917,680.4061540152234,4905.114836936204,4935.632681078966,4825.581814044682,624.4872111228565,637.7954522021624,649.8081294717232,21621.286287315077,23304.0894308073,24718.717166452294,5446513.713712685,5398222.731707577,5307463.338418059
373,2021-08-09,665,5098,642,762,28292,5496427,0.18042750000000002,658.9122886209362,667.3953301051187,678.3520001465268,5001.557418468102,4976.224510809224,4861.904238838724,633.2436055614282,638.8465891516217,648.7670455421601,24956.643143657537,24551.067073105474,25195.15487759199,5471470.356856342,5422773.7987806825,5332658.493295651
374,2021-08-10,760,5096,729,782,27610,5524037,0.18042750000000002,709.4561443104681,690.546497578839,689.23840012699,5048.778709234051,5006.168383106918,4893.1170069935615,681.1218027807141,661.3849418637163,659.4647728032054,26283.32157182877,25315.800304829107,25517.13422724639,5497753.678428171,5448089.599085512,5358175.627522897
375,2021-08-11,747,5073,708,777,29135,5553172,0.18042750000000002,728.228072155234,704.6598731841292,696.9399467767246,5060.889354617026,5022.8762873301885,4917.101406061087,694.560901390357,673.0387063977872,665.9361364294447,27709.160785914384,26270.60022862183,25999.516330280203,5525462.839214086,5474360.199314133,5384175.143853177
376,2021-08-12,758,5029,709,783,27690,5580862,0.18042750000000002,743.114036077617,717.9949048880968,705.0812872064946,5044.944677308513,5024.407215497641,4932.021218586276,701.7804506951785,682.0290297983404,671.6779849055188,27699.580392957192,26625.450171466375,26224.914152909507,5553162.419607043,5500985.6494856,5410400.058006086
377,2021-08-13,694,5076,662,793,24992,5605854,0.18042750000000002,718.5570180388086,711.9961786660725,703.6037822456286,5060.472338654256,5037.305411623231,4951.218389441438,681.8902253475892,677.0217723487552,670.3875869181163,26345.790196478596,26217.087628599784,26060.52559918824,5579508.209803522,5527202.737114199,5436460.5836052755
378,2021-08-14,689,4973,661,797,21336,5627190,0.18042750000000002,703.7785090194043,706.2471339995543,701.6566112795448,5016.736169327129,5021.229058717423,4954.12260418258,671.4451126737946,673.0163292615664,669.1359086623675,23840.8950982393,24996.81572144984,25430.58885262981,5603349.104901761,5552199.55283565,5461891.1724579055
379,2021-08-15,719,5115,704,800,21280,5648470,0.18042750000000002,711.3892545097021,709.4353504996657,703.9690631089388,5065.868084663564,5044.671794038067,4975.572923624903,687.7225563368972,680.7622469461747,673.7844541740518,22560.44754911965,24067.611791087376,24877.177005612502,5625909.55245088,5576267.164626737,5486768.349463518
380,2021-08-16,776,5429,743,816,30861,5679331,0.18042750000000002,743.6946272548511,726.0765128747493,713.573188027747,5247.434042331783,5140.753845528549,5036.029867141582,715.3612781684486,696.321685209631,683.0131936175115,26710.723774559825,25765.958843315533,25675.020071530835,5652620.27622544,5602033.123470052,5512443.3695350485
381,2021-08-17,832,5437,799,825,31095,5710426,0.18042750000000002,787.8473136274256,752.5573846560619,729.3634296240474,5342.217021165891,5214.815384146412,5089.492551522704,757.1806390842244,721.9912639072232,698.4781011351768,28902.861887279912,27098.21913248665,26397.68406199339,5681523.13811272,5629131.342602539,5538841.053597041
382,2021-08-18,795,5514,763,812,31426,5741852,0.18042750000000002,791.4236568137128,763.1680384920464,738.1149723408411,5428.108510582946,5289.611538109809,5146.09354465301,760.0903195421122,732.2434479304173,707.0810209838199,30164.430943639956,28180.16434936499,27068.126187060938,5711687.56905636,5657311.506951904,5565909.179784103
383,2021-08-19,824,5554,788,835,29081,5770933,0.18042750000000002,807.7118284068564,778.3760288690349,749.5663093620623,5491.054255291473,5355.708653582356,5200.481072032609,774.0451597710561,746.182585947813,717.8702181859773,29622.715471819978,28405.373262023742,27336.50936211948,5741310.28452818,5685716.8802139275,5593245.6891462235
384,2021-08-20,733,5576,681,857,25555,5796488,0.18042750000000002,770.3559142034283,767.0320216517762,747.3574681137873,5533.527127645737,5410.781490186767,5250.550262428261,727.5225798855281,729.8869394608597,712.9541890945136,27588.857735909987,27692.779946517807,27098.974780503548,5768899.1422640905,5713409.660160446,5620344.663926727
385,2021-08-21,757,5575,725,858,22605,5819093,0.18042750000000002,763.6779571017141,764.5240162388321,748.643139031949,5554.2635638228685,5451.836117640075,5293.810227437826,726.261289942764,728.6652045956447,714.5602972152451,25096.928867954994,26420.834959888358,26499.778143103074,5793996.071132045,5739830.4951203335,5646844.44206983
386,2021-08-22,726,5749,698,863,22409,5841502,0.18042750000000002,744.8389785508571,754.8930121791241,745.6240538276892,5651.631781911434,5526.127088230056,5354.502197112783,712.130644971382,720.9989034467335,712.3522575865458,23752.964433977497,25417.87621991627,25954.341057355996,5817749.035566023,5765248.37134025,5672798.783127187
387,2021-08-23,831,6000,788,845,30333,5871835,0.18042750000000002,787.9194892754285,773.9197591343432,757.0075133173307,5825.815890955717,5644.595316172542,5440.568570831078,750.065322485691,737.7491775850501,722.438623241673,27042.98221698875,26646.657164937205,26538.162249708526,5844792.017783011,5791895.028505187,5699336.945376895
388,2021-08-24,818,5911,784,857,28212,5900047,0.18042750000000002,802.9597446377143,784.9398193507574,765.1398448750199,5868.407945477858,5711.196487129406,5503.292761386934,767.0326612428455,749.3118831887875,730.6468068094499,27627.491108494374,27037.992873702904,26761.340616414054,5872419.508891506,5818933.02137889,5726098.28599331
389,2021-08-25,843,5922,805,871,27901,5927948,0.18042750000000002,822.9798723188571,799.4548645130681,775.5211988916839,5895.203972738929,5763.897365347054,5559.120393202009,786.0163306214228,763.2339123915906,740.5605659015233,27764.245554247187,27253.74465527718,26913.29520089218,5900183.754445753,5846186.766034167,5753011.5811942015
390,2021-08-26,777,5893,742,872,26482,5954430,0.18042750000000002,799.9899361594286,793.841148384801,775.7183723727927,5894.101986369465,5796.17302401029,5603.637674108408,764.0081653107113,757.9254342936929,740.7524904479869,27123.122777123594,27060.808491457887,26855.789174106554,5927306.877222877,5873247.574525625,5779867.370368307
391,2021-08-27,749,5889,706,874,24253,5978683,0.18042750000000002,774.4949680797142,782.6308612886008,772.155922723087,5891.550993184732,5819.379768007717,5641.685984227287,735.0040826553557,744.9440757202697,736.118825054922,25688.061388561797,26358.856368593417,26508.750617559013,5952994.9386114385,5899606.430894218,5806376.1209858665
392,2021-08-28,688,5756,658,835,20138,5998821,0.18042750000000002,731.2474840398571,758.9731459664506,760.9351330266753,5823.775496592366,5803.534826005787,5656.9278529969815,696.5020413276778,723.2080567902022,725.7029817142657,22913.030694280897,24803.642276445065,25659.317201884478,5975907.969305719,5924410.073170664,5832035.438187751
393,2021-08-29,701,5855,682,850,19152,6017973,0.18042750000000002,716.1237420199286,744.4798594748379,752.943781956452,5839.387748296183,5816.40111950434,5683.3374725973845,689.251020663839,712.9060425926516,719.875917485697,21032.51534714045,23390.731707333798,24791.67490829988,5996940.48465286,5947800.804877997,5856827.113096051
394,2021-08-30,808,6002,770,859,24973,6042946,0.18042750000000002,762.0618710099643,760.3598946061284,760.284611028925,5920.693874148092,5862.800839628255,5725.825809584399,729.6255103319195,727.1795319444886,726.559128487604,23002.757673570224,23786.298780500347,24815.85158719323,6019943.24232643,5971587.103658497,5881642.964683244
395,2021-08-31,798,6293,763,879,33565,6076511,0.18042750000000002,780.0309355049822,769.7699209545964,765.3133295584017,6106.846937074046,5970.350629721191,5801.449034973146,746.3127551659597,736.1346489583665,731.4179113559234,28283.878836785112,26230.974085375263,25982.404708900798,6048227.1211632155,5997818.077743873,5907625.3693921445
396,2021-09-01,835,6236,807,890,31600,6108111,0.15906,807.5154677524911,786.0774407159473,774.6048856172814,6171.423468537023,6036.762972290892,5859.389163643393,776.6563775829799,753.8509867187748,741.4955231751336,29941.939418392554,27573.230564031448,26731.417414380692,6078169.060581608,6025391.308307905,5934356.786806526
397,2021-09-02,788,6186,754,897,30636,6138747,0.15906,797.7577338762455,786.5580805369606,776.3909008683105,6178.7117342685115,6074.072229218169,5902.937275157607,765.32818879149,753.8882400390811,743.1627867517824,30288.969709196277,28338.922923023587,27252.0284257966,6108458.030290804,6053730.231230929,5961608.815232323
398,2021-09-03,688,6195,657,889,28730,6167477,0.15906,742.8788669381228,761.9185604027203,764.6054474192025,6186.855867134256,6104.304171913626,5941.8789718032585,711.164094395745,729.6661800293108,731.6744151848781,29509.484854598137,28436.692192267692,27449.091302357054,6137967.515145402,6082166.923423196,5989057.906534679
399,2021-09-04,752,6043,720,880,23409,6190886,0.15906,747.4394334690614,759.4389203020402,762.9247210966422,6114.927933567128,6088.9781289352195,5955.361775562824,715.5820471978725,727.2496350219831,730.117826493561,26459.24242729907,27179.76914420077,26910.41246204278,6164426.757572701,6109346.692567397,6015968.318996722
400,2021-09-05,691,6167,658,878,23457,6214343,0.15906,719.2197167345307,742.32919022653,753.3347582837565,6140.963966783564,6108.483596701414,5983.58020548778,686.7910235989362,709.9372262664873,720.5021162944196,24958.121213649534,26249.07685815058,26449.95746710374,6189384.878786351,6135595.769425548,6042418.276463825
401,2021-09-06,831,6375,797,909,33135,6247478,0.15906,775.1098583672654,764.4968926698975,763.6901238459222,6257.981983391782,6175.112697526061,6035.769511422743,741.8955117994681,731.7029196998654,730.7018341218303,29046.560606824765,27970.557643612938,27341.296471489906,6218431.439393176,6163566.3270691605,6069759.572935316
402,2021-09-07,801,6244,776,885,27938,6275416,0.15906,788.0549291836327,773.6226695024233,768.6647739997993,6250.990991695891,6192.334523144546,6063.533576566378,758.947755899734,742.777189774899,736.741589572253,28492.280303412383,27962.418232709704,27420.856941957918,6246923.719696588,6191528.74530187,6097180.429877274
403,2021-09-08,900,6302,859,896,25659,6301075,0.15906,844.0274645918164,805.2170021268175,786.1761374664927,6276.495495847946,6219.75089235841,6095.329099690861,808.9738779498671,771.8328923311743,753.0427109626193,27075.64015170619,27386.56367453228,27185.942683030196,6273999.359848294,6218915.308976402,6124366.372560305
404,2021-09-09,790,6254,746,887,24440,6325515,0.15906,817.0137322959082,801.4127515951131,786.6859858042938,6265.247747923973,6228.3131692688075,6116.485219732079,777.4869389749335,765.3746692483807,752.10368283427,25757.820075853095,26649.922755899213,26819.816991959502,6299757.179924147,6245565.2317323005,6151186.189552264
405,2021-09-10,680,6400,633,898,21031,6346546,0.15906,748.506866147954,771.0595636963349,772.4611876970546,6332.623873961987,6271.234876951606,6154.287190434468,705.2434694874668,732.2810019362854,736.2231917897006,23394.410037926547,25245.19206692441,26047.9747263649,6323151.589962074,6270810.423799225,6177234.164278629
406,2021-09-11,649,6206,619,865,16956,6363502,0.15906,698.753433073977,740.544672772251,755.999696004114,6269.311936980994,6254.926157713705,6161.182231709872,662.1217347437334,703.960751452214,720.5934328844072,20175.205018963272,23172.894050193307,24835.71142951625,6343326.794981036,6293983.317849419,6202069.875708146
407,2021-09-12,658,6253,618,884,17879,6381381,0.15906,678.3767165369885,719.9085045791883,742.9330698702322,6261.155968490497,6254.444618285279,6173.424600815223,640.0608673718667,682.4705635891605,706.9143084998196,19027.102509481636,21849.42053764498,23908.14990558075,6362353.897490518,6315832.738387065,6225978.025613727
408,2021-09-13,688,6424,654,886,25199,6406580,0.15906,683.1883582684943,711.9313784343911,735.6086605542013,6342.577984245248,6296.83346371396,6206.834654039861,647.0304336859333,675.3529226918703,699.8590673665103,22113.051254740818,22686.815403233733,24080.26325150332,6384466.948745259,6338519.553790299,6250058.28886523
409,2021-09-14,701,6344,663,888,22641,6429221,0.15906,692.0941791342472,709.1985338257933,730.9941724803077,6343.288992122624,6308.62509778547,6225.123366834546,655.0152168429667,672.2646920189027,694.9445250509756,22377.025627370407,22675.3615524253,23888.36148463621,6406843.974372629,6361194.915342725,6273946.650349866
410,2021-09-15,691,6306,649,910,22414,6451635,0.15906,691.5470895671235,704.6489003693449,725.6616161495999,6324.644496061312,6307.9688233391025,6235.906917923274,652.0076084214834,666.4485190141769,688.8185883775121,22395.512813685204,22610.021164318972,23691.779953351383,6429239.487186315,6383804.936507044,6297638.430303217
411,2021-09-16,672,6081,639,849,22320,6473955,0.15906,681.7735447835618,696.4866752770087,718.5067339963199,6202.822248030656,6251.226617504327,6215.252662200171,645.5038042107417,659.5863892606327,682.1761099271772,22357.7564068426,22537.515873239226,23508.875959571196,6451597.243593157,6406342.452380284,6321147.306262788
412,2021-09-17,540,5910,509,844,22375,6496330,0.15906,610.8867723917808,657.3650064577564,694.705836130144,6056.411124015328,6165.919963128245,6174.5523072401475,577.2519021053708,621.9397919454744,659.0859619368869,22366.3782034213,22496.88690492942,23357.692498295037,6473963.621796578,6428839.3392852135,6344504.998761083
413,2021-09-18,560,5688,530,829,20926,6517256,0.15906,585.4433861958904,633.0237548433173,676.7450579794581,5872.205562007664,6046.439972346184,6109.6786662747945,553.6259510526854,598.9548439591058,641.8745003453018,21646.18910171065,22104.16517869706,23033.4668318557,6495609.810898289,6450943.50446391,6367538.4655929385
414,2021-09-19,572,5695,550,824,24789,6542045,0.15906,578.7216930979453,617.767816132488,662.7790502488637,5783.602781003832,5958.579979259637,6054.388177438156,551.8129755263427,586.7161329693294,629.6245669659282,23217.594550855327,22775.373884022796,23267.53792094161,6518827.405449145,6473718.878347933,6390806.00351388
415,2021-09-20,606,5727,571,811,32121,6574166,0.15906,592.3608465489726,614.825862099366,655.2085102156818,5755.301390501916,5900.684984444728,6010.736420446402,561.4064877631713,582.787099726997,621.8079580371378,27669.297275427663,25111.7804130171,24447.99953148273,6546496.702724572,6498830.65876095,6415254.003045363
416,2021-09-21,602,5543,573,774,30547,6604713,0.15906,597.1804232744863,611.6193965745244,648.1140421869243,5649.150695250958,5811.263738333546,5948.371564386882,567.2032438815856,580.3403247952477,615.3002302988527,29108.14863771383,26470.585309762824,25261.1995939517,6575604.851362286,6525301.2440707125,6440515.202639315
417,2021-09-22,572,5406,546,783,28789,6633502,0.15906,584.5902116372431,601.7145474308933,637.9655032286677,5527.5753476254795,5709.947803750159,5876.055355801965,556.6016219407928,571.7552435964358,606.060199592339,28948.574318856918,27050.18898232212,25731.572981424808,6604553.425681143,6552351.433053034,6466246.775620739
418,2021-09-23,577,5214,536,757,28340,6661842,0.15906,580.7951058186216,595.5359105731699,629.8367694648452,5370.78767381274,5585.960852812619,5787.781308361702,546.3008109703965,562.8164326973268,596.7188396466938,28644.28715942846,27372.641736741592,26079.363250568167,6633197.712840572,6579724.0747897765,6492326.138871307
419,2021-09-24,557,5036,513,730,25754,6687596,0.15906,568.8975529093108,585.9019329298774,620.1252002028659,5203.39383690637,5448.470639609464,5687.543800580142,529.6504054851982,550.3623245229951,585.5563276938013,27199.14357971423,26967.981302556196,26035.981483825744,6660396.856420286,6606692.056092333,6518362.120355132
420,2021-09-25,520,5100,487,723,23389,6710985,0.15906,544.4487764546554,569.426449697408,606.7751735091505,5151.6969184531845,5361.352979707098,5609.204627169456,508.3252027425991,534.5217433922463,572.4154840012945,25294.071789857117,26073.23597691715,25683.050619315647,6685690.928210143,6632765.29206925,6544045.170974448
421,2021-09-26,535,4949,513,689,26814,6737799,0.15906,539.7243882273277,560.8198372730559,597.2051503745971,5050.348459226592,5258.264734780323,5521.177343546862,510.66260137129956,529.1413075441848,564.4934194677886,26054.03589492856,26258.426982687863,25833.84387007356,6711744.9641050715,6659023.719051938,6569879.014844522
422,2021-09-27,617,5121,565,685,34595,6772394,0.15906,578.3621941136639,574.864877954792,599.8444636579841,5085.674229613296,5223.948551085242,5467.820364407281,537.8313006856498,538.1059806581385,564.5609635387502,30324.51794746428,28342.570237015898,27001.998020730418,6742069.482052536,6687366.289288954,6596881.012865252
423,2021-09-28,596,5126,553,681,29628,6802022,0.15906,587.181097056832,580.1486584660939,599.3318685035862,5105.837114806648,5199.461413313931,5422.244315819644,545.4156503428248,541.8294854936038,563.0195017335835,29976.25897373214,28663.927677761923,27352.131617966363,6772045.741026267,6716030.216966716,6624233.144483218
424,2021-09-29,625,5017,592,671,28688,6830710,0.15906,606.090548528416,591.3614938495704,602.7542860364414,5061.418557403324,5153.846059985448,5368.211740377025,568.7078251714124,554.3721141202028,566.8835681691057,29332.12948686607,28669.945758321443,27530.247402237514,6801377.870513134,6744700.162725037,6651763.391885456
425,2021-09-30,552,4916,524,672,26808,6857518,0.15906,579.045274264208,581.5211203871778,595.9870478982492,4988.709278701662,5094.384544989086,5307.916841660089,546.3539125857062,546.779085590152,561.1657590798916,28070.064743433035,28204.459318741083,27433.947748605846,6829447.935256567,6772904.622043778,6679197.339634062
426,2021-10-01,520,13,496,671,24134,6881652,0.13769250000000005,549.522637132104,566.1408402903834,585.855441511816,2500.854639350831,3824.0384087418142,4601.927929438743,521.1769562928531,534.084314192614,552.4769912025727,26102.032371716516,27186.844489055813,26993.9547154584,6855549.967628283,6800091.466532834,6706191.2943495205
427,2021-10-02,549,13,514,630,21873,6903525,0.13769250000000005,549.2613185660521,561.8556302177875,580.941382643574,1256.9273196754154,2871.2788065563605,3990.0708721802444,517.5884781464265,529.0632356444604,547.3467257088963,23987.516185858258,25858.383366791862,26311.16075339728,6879537.483814142,6825949.849899625,6732502.455102918
428,2021-10-03,577,15,544,639,27138,6930663,0.13769250000000005,563.130659283026,565.6417226633406,580.4158649577641,635.9636598377077,2157.20910491727,3460.0614225562117,530.7942390732132,532.7974267333453,546.9004956143768,25562.75809292913,26178.2875250939,26421.40598627764,6905100.241907071,6852128.1374247195,6758923.861089196
429,2021-10-04,627,13,602,632,36475,6967138,0.13769250000000005,595.065329641513,580.9812919975054,586.6270829633955,324.48182991885386,1621.1568286879524,3000.45323288205,566.3971195366066,550.0980700500089,554.2470961991266,31018.879046464564,28752.465643820426,27761.885188107288,6936119.120953536,6880880.60306854,6786685.746277303
430,2021-10-05,658,26,632,661,32269,6999407,0.13769250000000005,626.5326648207565,600.2359689981291,596.1434719016095,175.24091495942693,1222.3676215159642,2603.8594684977766,599.1985597683033,570.5735525375067,564.6141500392431,31643.939523232282,29631.59923286532,28362.833829692983,6967763.060476768,6910512.202301405,6815048.580106996
431,2021-10-06,632,20,596,663,32547,7031954,0.13769250000000005,629.2663324103783,608.1769767485968,600.9243423147283,97.62045747971347,921.7757161369731,2259.3448726980732,597.5992798841517,576.93016440313,568.7989300340107,32095.469761616143,30360.44942464899,28920.722652400586,6999858.530238384,6940872.651726054,6843969.302759397
432,2021-10-07,634,17,607,665,32158,7064112,0.13769250000000005,631.6331662051891,614.6327325614476,605.3344300060977,57.31022873985673,695.5817871027297,1960.36555633833,602.2996399420758,584.4476233023476,573.892406029476,32126.73488080807,30809.83706848674,29352.359632080505,7031985.265119192,6971682.488794541,6873321.662391477
433,2021-10-08,619,17,591,647,29848,7093960,0.13769250000000005,625.3165831025946,615.7245494210857,607.1565060052847,37.15511436992837,525.9363403270472,1701.2501488265525,596.6498199710379,586.0857174767606,576.1734185588791,30987.367440404036,30569.377801365055,29418.445014469773,7062972.632559596,7002251.866595906,6902740.107405947
434,2021-10-09,613,15,586,639,27180,7121140,0.13769250000000005,619.1582915512972,615.0434120658143,607.9356385379133,26.077557184964185,398.2022552452854,1476.4167956496788,591.324909985519,586.0642881075704,577.4836294176953,29083.683720202018,29722.03335102379,29119.985679207137,7092056.316279798,7031973.89994693,6931860.093085154
435,2021-10-10,606,9,580,622,31499,7152639,0.13769250000000005,612.5791457756486,612.7825590493607,607.6775533995249,17.538778592482092,300.901691433964,1280.7612228963883,585.6624549927594,584.5482160806778,577.819145495336,30291.34186010101,30166.275013267845,29437.187588646186,7122347.658139899,7062140.174960198,6961297.2806738
436,2021-10-11,685,11,658,621,43115,7195754,0.13769250000000005,648.7895728878243,630.8369192870205,617.9872129462549,14.269389296241046,228.426268575473,1111.4597265102032,621.8312274963797,602.9111620605083,588.5099260959579,36703.1709300505,33403.456259950886,31260.895910160027,7159050.82906995,7095543.631220149,6992558.176583961
437,2021-10-12,760,25,733,657,40892,7236646,0.13769250000000005,704.3947864439122,663.1276894652653,636.9222512200876,19.634694648120522,177.56970143160473,966.598429642176,677.4156137481898,635.4333715453812,607.7752692831634,38797.58546502525,35275.59219496317,32545.04312213869,7197848.414534975,7130819.223415112,7025103.2197060995
438,2021-10-13,752,15,717,657,40547,7277193,0.13769250000000005,728.1973932219561,685.345767098949,652.2659510574092,17.31734732406026,136.92727607370352,839.7186390232191,697.2078068740949,655.8250286590359,622.338566712075,39672.29273251262,36593.44414622237,33611.97070585353,7237520.707267487,7167412.667561335,7058715.190411953
439,2021-10-14,730,24,696,655,39262,7316455,0.13769250000000005,729.0986966109781,696.5093253242117,662.6304909164213,20.658673662030132,108.69545705527764,730.9561538201233,696.6039034370474,665.8687714942769,632.1600911504651,39467.14636625631,37260.583109666775,34365.30794507306,7276987.853633744,7204673.250671001,7093080.498357027
440,2021-10-15,752,18,719,673,36631,7353086,0.13769250000000005,740.549348305489,710.3819939931587,674.5464254608985,19.329336831015066,86.02159279145822,635.8953333107735,707.8019517185237,679.1515786207076,643.7387456637364,38049.07318312816,37103.18733225008,34667.40021906332,7315036.926816871,7241776.438003251,7127747.898576089
441,2021-10-16,743,24,712,681,31639,7384725,0.13769250000000005,741.7746741527445,718.536495494869,683.6735687327787,21.664668415507535,70.51619459359365,554.3092888693369,709.9009758592618,687.3636839655306,652.8402462419048,34844.03659156408,35737.14049918756,34263.61352318821,7349880.963408436,7277513.578502439,7162011.512099277
442,2021-10-17,828,15,794,695,37501,7422226,0.13769250000000005,784.8873370763722,745.9023716211517,702.9170929017416,18.332334207753767,56.637145945195236,482.40138368675866,751.950487929631,714.0227629741479,671.6615467429841,36172.518295782036,36178.105374390674,34695.26505342978,7386053.481704218,7313691.683876829,7196706.777152707
443,2021-10-18,896,20,851,703,49257,7471483,0.13769250000000005,840.4436685381861,783.4267787158639,728.6614805148428,19.166167103876884,47.47785945889642,420.7478658618575,801.4752439648155,748.2670722306109,695.5733405105863,42714.75914789102,39447.82903079301,36636.829712972474,7428768.240852109,7353139.512907622,7233343.606865679
444,2021-10-19,894,18,857,733,44630,7516113,0.13769250000000005,867.221834269093,811.0700840368979,750.706616446197,18.583083551938444,40.10839459417231,367.04815041360985,829.2376219824077,775.4503041729582,717.0968951091747,43672.37957394551,40743.371773094754,37702.58575124282,7472440.620426055,7393882.884680717,7271046.192616922
445,2021-10-20,903,17,877,746,43963,7560076,0.13769250000000005,885.1109171345465,834.0525630276735,771.0124009200374,17.791541775969222,34.33129594562923,320.3750636917952,853.1188109912039,800.8377281297187,738.4173090946181,43817.689786972755,41548.278829821065,38537.307651077106,7516258.3102130275,7435431.163510538,7309583.500267999
446,2021-10-21,799,15,760,750,38581,7598657,0.13769250000000005,842.0554585672733,825.2894222707552,774.7440807973658,16.39577088798461,29.49847195922192,279.6583885328892,806.5594054956019,790.6282960972891,741.2950012153357,41199.34489348638,40806.4591223658,38543.13329760016,7557457.655106514,7476237.622632903,7348126.6335656
447,2021-10-22,760,16,737,746,34506,7633163,0.13769250000000005,801.0277292836366,808.9670667030664,772.778203357717,16.197885443992305,26.12385396941644,244.503936728504,771.7797027478009,777.2212220729668,740.7223343866243,37852.67244674319,39231.34434177435,38004.84885792014,7595310.327553257,7515468.9669746775,7386131.48242352
448,2021-10-23,756,11,733,728,29747,7662910,0.13769250000000005,778.5138646418184,795.7253000272998,770.541109576688,13.598942721996153,22.34289047706233,213.37007849803678,752.3898513739005,766.1659165547251,739.692689801741,33799.836223371596,36860.25825633076,36903.802343530784,7629110.163776629,7552329.225231009,7423035.28476705
449,2021-10-24,829,18,798,745,30091,7693001,0.13769250000000005,803.7569323209092,804.0439750204749,778.3356282997962,15.799471360998076,21.257167857796745,187.32073469829854,775.1949256869502,774.1244374160439,747.4669978281755,31945.418111685798,35167.94369224807,35995.428697726675,7661055.581888314,7587497.168923257,7459030.713464777
450,2021-10-25,865,23,835,776,39958,7732959,0.13769250000000005,834.3784661604545,819.2829812653563,789.8908778598234,19.399735680499038,21.69287589334756,165.41130340519206,805.0974628434751,789.3433280620329,759.1380647844188,35951.7090558429,36365.457769186054,36523.77153802979,7697007.290944157,7623862.626692443,7495554.485002806
451,2021-10-26,911,15,878,803,35276,7768235,0.13769250000000005,872.6892330802273,842.2122359490172,806.0387608118469,17.199867840249517,20.019656920010668,145.35646295116644,841.5487314217376,811.5074960465247,774.9863228131629,35613.854527921445,36093.09332688954,36357.401999625814,7732621.145472079,7659955.720019332,7531911.887002432
452,2021-10-27,955,26,914,799,36524,7804759,0.13769250000000005,913.8446165401136,870.4091769617629,825.9002593702673,21.59993392012476,21.514742690008,129.4422678910109,877.7743657108688,837.1306220348936,793.5214797714078,36068.92726396072,36200.81999516715,36379.61506634237,7768690.07273604,7696156.540014499,7568291.502068774
453,2021-10-28,888,14,856,794,35076,7839835,0.13769250000000005,900.9223082700569,874.8068827213223,834.180224787565,17.799966960062378,19.636057017505998,114.04996550554279,866.8871828554344,841.8479665261702,801.8519491352201,35572.46363198036,35919.61499637536,36205.799724163386,7804262.53636802,7732076.155010874,7604497.301792937
454,2021-10-29,840,17,799,809,33995,7873830,0.13769250000000005,870.4611541350284,866.1051620409918,834.9561948158896,17.39998348003119,18.9770427631295,101.10997010480375,832.9435914277171,831.1359748946277,801.4716892505242,34783.73181599018,35438.46124728152,35911.02642760827,7839046.26818401,7767514.616258156,7640408.328220546
455,2021-10-30,741,14,713,812,28243,7902073,0.13769250000000005,805.7305770675142,834.8288715307439,822.4287021737711,15.699991740015594,17.732782072347124,89.49530742416326,772.9717957138586,801.6019811709708,789.6754640171209,31513.36590799509,33639.59593546114,34888.622903927164,7870559.634092005,7801154.212193617,7675296.9511244735
456,2021-10-31,860,27,827,815,29564,7931637,0.13769250000000005,832.8652885337572,841.121653648058,827.4382085506015,21.349995870007795,20.04958655426034,81.16259976760816,799.9858978569293,807.9514858782281,794.6520688148381,30538.682953997544,32620.696951595855,34178.67318340354,7901098.3170460025,7833774.909145213,7709475.624307876
457,2021-11-01,899,34,862,859,37663,7969300,0.11632500000000004,865.9326442668786,855.5912402360435,836.9797807438546,27.674997935003898,23.537189915695254,74.87425313192706,830.9929489284647,821.4636144086711,803.6317929728597,34100.84147699877,33881.2727136969,34643.250092283066,7935199.158523001,7867656.181858909,7744118.874400159
458,2021-11-02,891,16,860,859,31328,8000628,0.11632500000000004,878.4663221334392,864.4434301770327,844.1824766446739,21.83749896750195,21.652892436771438,67.02435271433679,845.4964744642323,831.0977108065034,811.1475539098118,32714.420738499386,33242.95453527267,34201.216746645325,7967913.5792615,7900899.136394182,7778320.091146804
459,2021-11-03,807,13,770,854,29396,8030024,0.11632500000000004,842.7331610667196,850.0825726327746,839.2248130920507,17.418749483750975,19.48966932757858,59.821105685758546,807.7482372321161,815.8232831048776,805.6612133885035,31055.210369249693,32281.215901454503,33560.52118042595,7998968.78963075,7933180.352295637,7811880.612327231
460,2021-11-04,717,13,689,867,27379,8057403,0.11632500000000004,779.8665805333599,816.811929474581,822.928171346444,15.209374741875488,17.867251995683933,53.57829159432407,748.374118616058,784.1174623286582,790.106384936703,29217.105184624845,31055.661926090877,32736.31835636916,8028185.894815375,7964236.014221728,7844616.9306836
461,2021-11-05,686,11,654,860,24405,8081808,0.11632500000000004,732.9332902666799,784.1089471059358,804.6710818335848,13.104687370937743,16.150438996762947,47.901186048414196,701.187059308029,751.5880967464936,771.9588669451426,26811.052592312422,29392.996444568158,31625.475908853274,8054996.947407687,7993629.010666296,7876242.406592454
462,2021-11-06,688,15,660,856,22581,8104389,0.11632500000000004,710.46664513334,760.0817103294518,789.114937589107,14.052343685468871,15.86282924757221,43.514361241958966,680.5935296540144,728.6910725598702,757.0310180191236,24696.02629615621,27689.99733342612,30419.54578767284,8079692.973703844,8021319.007999722,7906661.952380126
463,2021-11-07,739,11,713,846,25447,8129836,0.11632500000000004,724.73332256667,754.8112827470887,782.4329459105594,12.526171842734435,14.647121935679158,39.17911307636444,696.7967648270072,724.7683044199026,751.1602156165739,25071.513148078106,27129.24800006959,29756.539682649793,8104764.486851921,8048448.255999791,7936418.492062776
464,2021-11-08,850,25,811,869,36138,8165974,0.11632500000000004,787.366661283335,778.6084620603166,791.4418864558181,18.763085921367217,17.235341451759368,37.28856466618251,753.8983824135037,746.3262283149269,759.138853534364,30604.756574039053,29381.436000052196,30607.401058296487,8135369.243425961,8077829.691999843,7967025.893121073
465,2021-11-09,808,15,783,865,34679,8200653,0.11632500000000004,797.6833306416675,785.9563465452375,793.6496349283757,16.88154296068361,16.676506088819526,34.31675604402484,768.4491912067518,755.4946712361951,762.3203397297822,32641.87828701953,30705.827000039146,31150.28091719029,8168011.121712981,8108535.518999883,7998176.174038263
466,2021-11-10,821,15,782,846,35390,8236043,0.11632500000000004,809.3416653208337,794.7172599089281,797.2963502712589,15.940771480341805,16.25737956661464,31.741188571488195,775.224595603376,762.1210034271463,764.9442944324779,34015.939143509764,31876.87025002936,31715.576794898254,8202027.06085649,8140412.389249912,8029891.750833161
467,2021-11-11,797,17,757,842,33700,8269743,0.11632500000000004,803.1708326604169,795.2879449316961,797.2568369017578,16.470385740170904,16.44303467496098,29.775696761956436,766.112297801688,760.8407525703597,763.8850551748143,33857.96957175488,32332.65268752202,31980.166555578486,8235885.030428246,8172745.041937434,8061871.91738874
468,2021-11-12,729,11,689,838,31337,8301080,0.11632500000000004,766.0854163302084,778.715958698772,788.1559253148567,13.735192870085452,15.082276006220734,27.272270527028912,727.5561489008439,742.8805644277697,753.9003811515057,32597.48478587744,32083.739515641515,31894.411014834688,8268482.515214123,8204828.781453076,8093766.328403574
469,2021-11-13,655,17,634,830,27358,8328438,0.11632500000000004,710.5427081651042,747.786969024079,770.4018019395426,15.367596435042726,15.561707004665552,25.902634456758392,680.778074450422,715.6604233208272,737.9136636646383,29977.742392938722,30902.304636731136,31289.55621285673,8298460.257607061,8235731.086089807,8125055.884616432
470,2021-11-14,678,16,652,841,29599,8358037,0.11632500000000004,694.2713540825521,730.3402267680592,758.0815616809368,15.683798217521364,15.671280253499164,24.582283195857272,666.389037225211,699.7453174906204,726.4585085093532,29788.37119646936,30576.478477548353,31064.148717809167,8328248.628803531,8266307.564567355,8156120.033334241
471,2021-11-15,695,10,655,821,42477,8400514,0.11632500000000004,694.635677041276,721.5051700760444,749.6706867901453,12.841899108760682,14.253460190124374,22.63797876974297,660.6945186126055,688.5589881179653,716.9307073747727,36132.68559823468,33551.608858161264,32585.86222210128,8364381.314401765,8299859.173425517,8188705.895556343
472,2021-11-16,713,13,682,796,38656,8439170,0.11632500000000004,703.817838520638,719.3788775570332,744.7812618847927,12.920949554380341,13.94009514259328,21.35291493377724,671.3472593063027,686.919241088474,712.273279724803,37394.34279911734,34827.70664362095,33395.21392582111,8401775.657200882,8334686.880069138,8222101.1094821645
473,2021-11-17,727,6,692,792,38257,8477427,0.11632500000000004,715.408919260319,721.2841581677749,742.4104269668204,9.460474777190171,11.95507135694496,19.305859609273607,681.6736296531514,688.1894308163554,709.570175761496,37825.67139955867,35685.02998271571,34043.452069044964,8439601.32860044,8370371.910051853,8256144.56155121
474,2021-11-18,697,7,663,779,37099,8514526,0.11632500000000004,706.2044596301595,715.2131186258312,736.3557033712443,8.230237388595086,10.716303517708718,17.66507832803713,672.3368148265756,681.8920731122665,703.3608189932966,37462.33569977933,36038.522487036775,34450.85845983897,8477063.66430022,8406410.432538891,8290595.420011048
475,2021-11-19,637,14,606,769,33184,8547710,0.11632500000000004,671.6022298150797,695.6598389693734,723.1082762550784,11.115118694297543,11.537227638281538,17.17640121763218,639.1684074132878,662.9190548341999,690.379376460857,35323.167849889665,35324.89186527758,34281.94399852711,8512386.83215011,8441735.324404167,8324877.364009575
476,2021-11-20,611,15,584,764,29868,8577578,0.11632500000000004,641.3011149075398,674.49487922703,708.1605060877346,13.057559347148771,12.402920728711154,16.886214388614555,611.5842037066438,643.1892911256499,676.1954595994093,32595.583924944833,33960.66889895818,33693.418132056824,8544982.416075055,8475695.993303126,8358570.7821416315
477,2021-11-21,648,13,614,776,31761,8609339,0.11632500000000004,644.6505574537699,667.8711594202724,700.1391052760366,13.028779673574386,12.552190546533366,16.368052470132614,612.7921018533219,635.8919683442374,667.9027316528214,32178.291962472416,33410.751674218634,33435.762381115914,8577160.708037527,8509106.744977344,8392006.544522747
478,2021-11-22,602,4,579,785,42869,8652208,0.11632500000000004,623.325278726885,651.4033695652043,687.0538912392317,8.514389836787192,10.414142909900024,14.718978807448265,595.896050926661,621.6689762581781,656.0490340991119,37523.64598123621,35775.31375566398,34693.527396967125,8614684.354018763,8544882.058733007,8426700.071919715
479,2021-11-23,659,14,631,780,41015,8693223,0.11632500000000004,641.1626393634425,653.3025271739033,683.3133724073342,11.257194918393596,11.310607182425018,14.623114966455162,613.4480254633305,624.0017321936335,652.709162885897,39269.32299061811,37085.23531674798,35536.39041070484,8653953.677009381,8581967.294049755,8462236.46233042
480,2021-11-24,752,17,719,783,39881,8733104,0.11632500000000004,696.5813196817212,677.9768953804274,692.4715894196896,14.128597459196797,12.732955386818764,14.940032970927808,666.2240127316652,647.7512991452251,661.5479411677774,39575.161495309054,37784.17648756099,36115.67168927753,8693528.83850469,8619751.470537316,8498352.134019697
481,2021-11-25,650,7,622,790,37143,8770247,0.11632500000000004,673.2906598408606,670.9826715353205,686.8087108303977,10.564298729598399,11.299716540114073,13.881361908137434,644.1120063658326,641.3134743589188,656.274882345407,38359.08074765453,37623.88236567074,36252.648797373855,8731887.919252345,8657375.352902988,8534604.782817071
482,2021-11-26,620,11,591,796,33666,8803913,0.11632500000000004,646.6453299204303,658.2370036514903,677.900882719678,10.7821493647992,11.224787405085554,13.497180320385777,617.5560031829164,628.7351057691891,647.5715646993527,36012.540373827265,36634.41177425306,35907.76229105734,8767900.459626172,8694009.76467724,8570512.545108128
483,2021-11-27,609,11,587,787,28459,8832372,0.11632500000000004,627.8226649602152,645.9277527386176,668.7140983570542,10.8910746823996,11.168590553814164,13.164222944334341,602.2780015914582,618.3013293268917,639.4953560727723,32235.770186913633,34590.55883068979,34914.59398558303,8800136.229813086,8728600.32350793,8605427.13909371
484,2021-11-28,607,10,583,793,33857,8866229,0.11632500000000004,617.4113324801076,636.1958145539633,660.485551909447,10.445537341199799,10.876442915360622,12.74232655175643,592.6390007957291,609.4759969951688,631.9626419297359,33046.38509345682,34407.16912301734,34773.58145417196,8833182.614906542,8763007.492630946,8640200.720547881
485,2021-11-29,669,7,647,793,47939,8914168,0.11632500000000004,643.2056662400538,644.3968609154724,661.6208116548542,8.7227686705999,9.907332186520465,11.976683011522239,619.8195003978645,618.8569977463766,633.9676230057711,40492.69254672841,37790.126842263,36528.970593615704,8873675.307453271,8800797.61947321,8676729.691141497
486,2021-11-30,699,18,664,806,47632,8961800,0.11632500000000004,671.1028331200268,658.0476456866043,666.604703434207,13.361384335299949,11.93049913989035,12.779791943319275,641.9097501989322,630.1427483097824,637.9719399383349,44062.34627336421,40250.59513169725,38009.374514466945,8917737.653726636,8841048.214604907,8714739.065655965
487,2021-12-01,698,9,679,773,47263,9009063,0.0949575,684.5514165600134,668.0357342649531,670.7907429763127,11.180692167649974,11.197874354917762,12.275819684210038,660.4548750994661,642.3570612323368,643.442347946557,45662.673136682104,42003.69634877294,39243.191245871356,8963400.326863319,8883051.91095368,8753982.256901836
488,2021-12-02,719,11,689,774,43045,9052108,0.0949575,701.7757082800067,680.7768006987147,677.2186439128043,11.090346083824986,11.14840576618832,12.105710392982033,674.727437549733,654.0177959242526,649.5167015536828,44353.83656834105,42264.0222615797,39750.09907975517,9007754.16343166,8925315.933215259,8793732.355981592
489,2021-12-03,624,12,597,783,39222,9091330,0.0949575,662.8878541400034,666.582600524036,670.1228247244303,11.545173041912493,11.361304324641239,12.091615673917762,635.8637187748666,639.7633469431894,642.5144746798584,41787.918284170526,41503.51669618478,39679.68586912115,9049542.08171583,8966819.449911444,8833412.041850712
490,2021-12-04,635,14,613,775,33379,9124709,0.0949575,648.9439270700017,658.6869503930269,665.4397814278395,12.772586520956246,12.020978243480931,12.346066917395392,624.4318593874333,633.072510207392,638.5792113892105,37583.45914208527,39472.38752213858,38839.594419905006,9087125.540857915,9006291.837433582,8872251.636270618
491,2021-12-05,728,18,714,770,35037,9159746,0.0949575,688.4719635350009,676.0152127947702,673.7811439041276,15.386293260478123,13.5157336826107,13.099924661742675,669.2159296937166,653.304382655544,648.6353165373158,36310.22957104263,38363.54064160394,38332.58183058434,9123435.770428957,9044655.378075186,8910584.218101202
492,2021-12-06,736,17,703,793,51123,9210869,0.0949575,712.2359817675004,691.0114095960776,682.0769913835773,16.193146630239063,14.386800261958026,13.619934706843651,686.1079648468583,665.7282869916579,655.8839409990071,43716.61478552132,41553.40548120296,40037.97091983976,9167152.385214478,9086208.783556389,8950622.18902104
493,2021-12-07,799,12,771,779,48146,9259015,0.0949575,755.6179908837503,718.0085571970582,697.666725865767,14.096573315119532,13.79010019646852,13.40394341259783,728.5539824234291,692.0462152437434,671.2327488658061,45931.30739276066,43201.554110902216,41119.041463861126,9213083.692607239,9129410.337667292,8991741.2304849
494,2021-12-08,754,12,731,778,50059,9309074,0.0949575,754.8089954418751,727.0064178977935,705.1778290836648,13.048286657559766,13.342575147351392,13.216750957584786,729.7769912117146,701.7846614328075,679.2017156836986,47995.15369638033,44915.91558317666,42311.035935346306,9261078.84630362,9174326.253250469,9034052.266420247
495,2021-12-09,799,16,760,792,48817,9357891,0.0949575,776.9044977209376,745.0048134233451,717.6874518725095,14.524143328779882,14.006931360513544,13.587850829906815,744.8884956058573,716.3384960746056,689.9748202592054,48406.07684819016,45891.18668738249,43178.49781063346,9309484.92315181,9220217.43993785,9077230.76423088
496,2021-12-10,707,13,681,793,45018,9402909,0.0949575,741.9522488604688,735.5036100675088,716.2624582895082,13.762071664389941,13.755198520385159,13.509470719252572,712.9442478029287,707.5038720559542,688.778177557978,46712.03842409508,45672.89001553687,43423.76476921566,9356196.961575905,9265890.329953387,9120654.529000096
497,2021-12-11,696,15,672,785,41940,9444849,0.0949575,718.9761244302344,725.6277075506316,713.5607971842405,14.381035832194971,14.06639889028887,13.708207956685563,692.4721239014643,698.6279040419656,686.5410872169143,44326.01921204754,44739.667511652646,43225.92946665357,9400522.980787951,9310629.99746504,9163880.45846675
498,2021-12-12,772,12,741,788,46367,9491216,0.0949575,745.4880622151172,737.2207806629737,721.3526908930085,13.190517916097486,13.549799167716653,13.480446895794154,716.7360619507322,709.2209280314742,693.8022755879924,45346.50960602377,45146.50063373948,43644.73887109976,9445869.490393976,9355776.498098781,9207525.19733785
499,2021-12-13,794,10,773,795,76507,9567723,0.0949575,769.7440311075586,751.4155854972302,731.0389987739406,11.595258958048742,12.66234937578749,13.016387309688268,744.8680309753661,725.1656960236056,704.3619721762601,60926.754803011885,52986.625475304616,48026.37368828646,9506796.245196987,9408763.123574086,9255551.571026137
500,2021-12-14,815,21,784,795,90717,9658440,0.0949575,792.3720155537793,767.3116891229225,742.2337989374153,16.297629479024373,14.74676203184062,14.080869001729832,764.434015487683,739.8742720177041,714.980375886092,75821.87740150595,62419.219106478464,53718.45719651494,9582618.122598493,9471182.342680564,9309270.028222654
501,2021-12-15,805,26,782,786,99654,9758094,0.0949575,798.6860077768897,776.7337668421919,750.60262574576,21.148814739512186,17.560071523880463,15.670086468165856,773.2170077438416,750.4057040132781,723.9163257679464,87737.93870075297,71727.91432985885,59843.19623697961,9670356.061299246,9542910.257010423,9369113.224459633
502,2021-12-16,777,11,751,783,93804,9851898,0.0949575,787.8430038884449,776.800325131644,754.1222756463253,16.074407369756095,15.920053642910347,15.047408272410408,762.1085038719208,750.5542780099585,727.5274823322202,90770.96935037649,77246.93574739413,64371.30340538233,9761127.030649623,9620157.192757817,9433484.527865015
503,2021-12-17,743,14,719,789,84967,9936865,0.0949575,765.4215019442224,768.350243848733,752.6393055601486,15.037203684878047,15.44004023218276,14.907753836089022,740.5542519359603,742.6657085074688,726.3904846879242,87868.98467518824,79176.9518105456,67117.39628466469,9848996.015324812,9699334.144568363,9500601.924149679
504,2021-12-18,735,16,709,767,78930,10015795,0.0949575,750.2107509721112,760.0126828865497,750.2873981521287,15.518601842439024,15.58003017413707,15.053386657943818,724.7771259679802,734.2492813806016,724.071753396201,83399.49233759413,79115.21385790918,68692.41011337606,9932395.507662406,9778449.358426271,9569294.334263057
505,2021-12-19,926,14,906,767,78497,10094292,0.0949575,838.1053754860557,801.5095121649123,773.7157450651782,14.759300921219513,15.185022630602802,14.91293510355131,815.3885629839901,777.1869610354513,748.3288529433742,80948.24616879706,78960.66039343188,69999.68876492592,10013343.753831204,9857410.018819703,9639294.02302798
506,2021-12-20,1061,28,1019,768,117577,10211869,0.0949575,949.5526877430278,866.3821341236843,812.0203123898211,21.379650460609756,18.3887669729521,16.65787708974447,917.1942814919951,837.6402207765885,784.418339217591,99262.62308439854,88614.74529507391,76343.3302629358,10112606.376915602,9946024.764114777,9715637.353290917
507,2021-12-21,1098,24,1060,757,129599,10341468,0.0949575,1023.776343871514,924.2866005927633,850.1509374045116,22.689825230304876,19.791575229714073,17.636826811111877,988.5971407459975,893.2301655824415,821.1625606552454,114430.81154219927,98860.80897130544,83444.08622787769,10227037.188457802,10044885.573086081,9799081.439518794
508,2021-12-22,1246,32,1201,745,138142,10479610,0.0949575,1134.8881719357569,1004.7149504445725,902.9308124172435,27.344912615152438,22.843681422285552,19.551916569630297,1094.7985703729987,970.1726241868312,871.8075525678794,126286.40577109964,108681.10672847908,90737.141397494,10353323.594228901,10153566.67981456,9889818.58091629
509,2021-12-23,1252,28,1206,747,137021,10616631,0.0949575,1193.4440859678784,1066.5362128334293,949.473370761611,27.67245630757622,24.132761066714167,20.67832769367959,1150.3992851864994,1029.1294681401234,916.3665455588289,131653.7028855498,115766.08004635932,96908.32254449479,10484977.29711445,10269332.75986092,9986726.903460784
510,2021-12-24,1020,34,988,742,117562,10734193,0.0949575,1106.7220429839392,1054.902159625072,958.8769213267295,30.83622815378811,26.599570800035625,22.454550667855646,1069.1996425932498,1018.8471011050925,925.9176728176517,124607.8514427749,116215.06003476949,99662.14620522881,10609585.148557225,10385547.81989569,10086389.049666012
511,2021-12-25,1281,36,1252,745,59912,10794105,0.0949575,1193.8610214919695,1111.426619718804,1001.8266651498323,33.41811407689406,28.94967810002672,24.260610578808226,1160.599821296625,1077.1353258288193,969.3953164419648,92259.92572138745,102139.29502607712,94362.12671119829,10701845.074278612,10487687.114921767,10180751.17637721
512,2021-12-26,1374,49,1338,758,98918,10893023,0.0949575,1283.9305107459847,1177.069964789103,1051.4497764631878,41.20905703844703,33.96225857502004,27.559195834967127,1249.2999106483126,1142.3514943716143,1018.5426075830362,95588.96286069372,101333.97126955785,94969.57648303852,10797434.037139306,10589021.086191325,10275720.75286025
513,2021-12-27,1751,39,1707,776,155567,11048590,0.0949575,1517.4652553729925,1320.5524735918273,1144.7231396014295,40.104528519223514,35.22169393126503,29.084636390304844,1478.1499553241563,1283.5136207787107,1110.3369265719648,125577.98143034686,114892.22845216839,103049.23295196671,10923012.018569652,10703913.314643493,10378769.985812217
514,2021-12-28,2082,78,2039,758,170586,11219176,0.0949575,1799.7326276864962,1510.9143551938703,1269.6933876545722,59.05226425961176,45.91627044844877,35.60668487159753,1758.5749776620783,1472.385215584033,1234.1586696957029,148081.99071517342,128815.67133912629,112054.13522503783,11071094.009284826,10832728.98598262,10490824.121037254
515,2021-12-29,2370,76,2317,771,224031,11443207,0.0949575,2084.866313843248,1725.6857663954029,1416.4009359672962,67.52613212980589,53.43720283633658,40.99246022205119,2037.7874888310391,1683.5389116880249,1378.5375137362757,186056.4953575867,152619.5035043447,126984.38386169945,11257150.504642412,10985348.489486964,10617808.504898952
516,2021-12-30,2114,77,2059,782,192825,11636032,0.0949575,2099.433156921624,1822.7643247965523,1509.41414450499,72.26306606490294,59.327902127252436,45.793465525777705,2048.3937444155194,1777.4041837660188,1469.2658452381056,189440.74767879336,162670.87762825852,135763.13268013953,11446591.252321206,11148019.367115224,10753571.637579093
517,2021-12-31,1781,62,1712,789,152887,11788919,0.0949575,1940.216578460812,1812.3232435974141,1545.6255919043247,67.13153303245147,59.99592659543933,47.95433678900735,1880.1968722077597,1761.0531378245141,1501.6303992063583,171163.8738393967,160224.90822119388,138046.31498945426,11617755.126160603,11308244.275336416,10891617.952568546
518,2022-01-01,1819,62,1777,765,99303,11888222,0.07359,1879.608289230406,1813.9924326980606,1582.0755129837482,64.56576651622574,60.4969449465795,49.82709188380637,1828.59843610388,1765.0398533683856,1538.3463459788438,135233.43691969835,144994.4311658954,132880.53965752703,11752988.563080302,11453238.706502311,11024498.492226074
519,2022-01-02,1881,67,1833,769,148609,12036831,0.07359,1880.3041446152029,1830.7443245235454,1621.9321112525818,65.78288325811286,62.12270870993462,52.11681296596552,1830.79921805194,1782.0298900262892,1577.6334998483312,141921.2184598492,145898.07337442154,134977.6677031901,11894909.781540152,11599136.779876733,11159476.159929262
520,2022-01-03,2219,68,2158,777,193617,12230448,0.07359,2049.6520723076014,1927.808243392659,1701.5411630855708,66.89144162905643,63.59203153245097,54.23457123717012,1994.39960902597,1876.022417519717,1655.0156998685536,167769.1092299246,157827.80503081615,142796.24534276474,12062678.890770076,11756964.584907549,11302272.405272027
521,2022-01-04,2101,75,2030,797,234873,12465321,0.07359,2075.3260361538005,1971.1061825444942,1754.802341340828,70.94572081452822,66.44402364933823,57.00329507221411,2012.1998045129849,1914.5168131397877,1705.0136065527463,201321.0546149623,177089.1037731121,155073.14596372945,12263999.945385039,11934053.68868066,11457345.551235756
522,2022-01-05,2139,85,2072,769,183798,12649119,0.07359,2107.1630180769002,2013.0796369083707,1806.0286958287177,77.97286040726411,71.08301773700367,60.73618906258557,2042.0999022564924,1953.8876098548408,1753.9451256790467,192559.52730748116,178766.32782983404,158903.12650189886,12456559.47269252,12112820.016510494,11616248.677737655
523,2022-01-06,2043,82,1954,762,150786,12799905,0.07359,2075.0815090384503,2020.559727681278,1837.6248697182218,79.98643020363205,73.81226330275275,63.57136385424083,1998.0499511282462,1953.9157073911306,1780.6191089218405,171672.76365374058,171771.24587237553,157820.84296831235,12628232.23634626,12284591.26238287,11774069.520705968
524,2022-01-07,1772,59,1681,728,105080,12904985,0.07359,1923.5407545192252,1958.4197957609586,1828.8748870891257,69.49321510181602,70.10919747706457,62.961848673675384,1839.524975564123,1885.686780543348,1767.3365610655953,138376.3818268703,155098.43440428164,150788.73057253734,12766608.61817313,12439689.696787152,11924858.251278505
525,2022-01-08,1862,75,1792,708,81221,12986206,0.07359,1892.7703772596126,1934.314846820719,1833.2915688105757,72.24660755090801,71.33189810779842,64.56693551718533,1815.7624877820615,1862.2650854075112,1770.6250195901825,109798.69091343514,136629.07580321122,141513.03316286567,12876407.309086565,12576318.772590363,12066371.28444137
526,2022-01-09,1975,91,1890,704,83081,13069287,0.07359,1933.8851886298062,1944.4861351155391,1852.186026302499,81.623303775454,76.24892358084882,68.09134411489396,1852.8812438910309,1869.1988140556334,1786.5416836448248,96439.84545671756,123242.05685240841,133722.0954078169,12972847.154543282,12699560.829442773,12200093.379849186
527,2022-01-10,2180,97,2080,707,116343,13185630,0.07359,2056.942594314903,2003.3646013366545,1895.8945561288324,89.31165188772701,81.43669268563661,71.94583156624144,1966.4406219455154,1921.8991105417251,1825.6694591588482,106391.42272835878,121517.29263930631,131404.88268677465,13079238.57727164,12821078.12208208,12331498.262535961
528,2022-01-11,2127,79,2051,686,100979,13286609,0.07359,2091.9712971574518,2034.273451002491,1926.7086153116547,84.1558259438635,80.82751951422746,72.88638735740925,2008.7203109727577,1954.1743329062938,1855.7135312710018,103685.21136417938,116382.71947947974,127348.09832853804,13182923.78863582,12937460.841561561,12458846.3608645
529,2022-01-12,1955,94,1871,672,90000,13376609,0.07359,2023.4856485787259,2014.4550882518681,1930.4807999367674,89.07791297193175,84.1206396356706,75.70153570975468,1939.860155486379,1933.3807496797203,1857.751727101535,96842.60568208969,109787.03960960981,122368.35188473297,13279766.39431791,13047247.881171172,12581214.712749232
530,2022-01-13,1916,80,1834,666,84132,13460741,0.07359,1969.742824289363,1989.8413161889011,1928.5500266118652,84.53895648596588,83.09047972675295,76.2746642817874,1886.9300777431895,1908.5355622597904,1854.5848301546637,90487.30284104485,103373.27970720736,117270.17163343524,13370253.697158955,13150621.16087838,12698484.884382667
531,2022-01-14,1692,68,1580,637,75174,13535915,0.07359,1830.8714121446815,1915.3809871416759,1897.0100230636165,76.26947824298294,79.3178597950647,75.1713757108824,1733.4650388715947,1826.401671694843,1817.9735194673751,82830.65142052242,96323.45978040551,111657.3487489772,13453084.348579478,13246944.620658787,12810142.233131645
532,2022-01-15,1604,82,1516,608,67821,13603736,0.07359,1717.4357060723407,1837.5357403562568,1857.9420199884676,79.13473912149146,79.98839484629853,76.08185894943142,1624.7325194357973,1748.8012537711322,1777.7103835383916,75325.82571026121,89197.84483530413,105812.50224911356,13528410.174289739,13336142.46549409,12915954.735380758
533,2022-01-16,1768,89,1713,619,85599,13689335,0.07359,1742.7178530361703,1820.1518052671927,1845.949750656672,84.06736956074573,82.2412961347239,77.8042777561739,1668.8662597178986,1739.8509403283492,1769.0823323999393,80462.4128551306,88298.1336264781,103117.36861589842,13608872.58714487,13424440.599120568,13019072.103996655
534,2022-01-17,1808,87,1713,623,114776,13804111,0.07359,1775.3589265180851,1817.1138539503945,1840.8897839024492,85.53368478037287,83.43097210104291,79.03037405535072,1690.9331298589493,1733.138205246262,1761.6046880799474,97619.20642756531,94917.60021985856,104671.8528004453,13706491.793572435,13519358.199340427,13123743.9567971
535,2022-01-18,1794,81,1687,614,103308,13907419,0.07359,1784.6794632590427,1811.3353904627959,1834.637812715456,83.26684239018644,82.82322907578218,79.29299084797061,1688.9665649294748,1721.6036539346967,1751.6573963359544,100463.60321378266,97015.20016489392,104490.00576038593,13806955.396786217,13616373.399505321,13228233.962557487
536,2022-01-19,1778,78,1680,586,97335,14004754,0.07359,1781.3397316295213,1803.001542847097,1827.0861043533953,80.63342119509322,81.61742180683663,79.12059206824121,1684.4832824647374,1711.2027404510227,1742.1030768244939,98899.30160689133,97095.15012367044,103536.00499233448,13905854.698393108,13713468.549628992,13331769.967549823
537,2022-01-20,1698,79,1598,573,86951,14091705,0.07359,1739.6698658147607,1776.7511571353227,1809.8746237729426,79.8167105975466,80.96306635512747,79.10451312580905,1641.2416412323687,1682.902055338267,1722.8893332478947,92925.15080344566,94559.11259275282,101324.67099335654,13998779.849196553,13808027.662221745,13433094.638543181
538,2022-01-21,1453,70,1346,552,79172,14170877,0.07359,1596.3349329073803,1695.813367851492,1762.291340603217,74.9083552987733,78.22229976634559,77.89057804236784,1493.6208206161843,1598.6765415037003,1672.6374221481753,86048.57540172283,90712.3344445646,98370.98152757567,14084828.424598277,13898739.996666308,13531465.620070757
539,2022-01-22,1277,70,1200,545,70483,14241360,0.07359,1436.6674664536902,1591.1100258886192,1697.585828522788,72.45417764938665,76.16672482475919,76.83850097005214,1346.8104103080923,1499.007406127775,1609.6190991950855,78265.78770086142,85655.00083342344,94652.58399056557,14163094.212299138,13984394.997499732,13626118.204061324
540,2022-01-23,1535,66,1466,524,88558,14329918,0.07359,1485.8337332268452,1577.0825194164645,1675.907718053083,69.22708882469333,73.62504361856939,75.39336750737851,1406.4052051540461,1490.7555545958312,1590.469885969074,83411.8938504307,86380.75062506758,93839.97279182349,14246506.10614957,14070775.7481248,13719958.176853148
541,2022-01-24,1593,74,1503,521,109233,14439151,0.07359,1539.4168666134226,1581.0618895623484,1664.8533556460054,71.61354441234667,73.71878271392704,75.20758517306137,1454.702602577023,1493.8166659468734,1578.807234506531,96322.44692521535,92093.81296880067,95892.37641958035,14342828.553074785,14162869.5610936,13815850.553272728
542,2022-01-25,1681,82,1587,501,96954,14536105,0.07359,1610.2084333067114,1606.0464171717613,1667.0062415598713,76.80677220617333,75.78908703544528,76.11324048331986,1520.8513012885114,1517.112499460155,1579.8996032389934,96638.22346260768,93308.8597266005,96033.92623030298,14439466.776537392,14256178.4208202,13911884.479503032
543,2022-01-26,1689,77,1575,493,93211,14629316,0.07359,1649.6042166533557,1626.784812878821,1669.938742685222,76.90338610308666,76.09181527658396,76.23147508554388,1547.9256506442557,1531.5843745951163,1579.2463228071279,94924.61173130384,93284.39479495036,95657.53606626259,14534391.388268696,14349462.815615151,14007542.015569296
544,2022-01-27,1503,78,1424,481,82725,14712041,0.07359,1576.3021083266779,1595.8386096591157,1647.6802436605258,77.45169305154333,76.56886145743796,76.46727840747135,1485.9628253221279,1504.688280946337,1558.546813099511,88824.80586565193,90644.54609621277,93933.19792409425,14623216.194134347,14440107.361711364,14101475.21349339
545,2022-01-28,1342,57,1256,467,71682,14783723,0.07359,1459.1510541633388,1532.3789572443366,1606.9228778391223,67.22584652577166,71.67664609307847,73.87164128647517,1370.981412661064,1442.5162107097526,1518.2072380195762,80253.40293282596,85903.90957215957,90966.37153421502,14703469.597067174,14526011.271283524,14192441.585027605
546,2022-01-29,1325,92,1266,458,63024,14846747,0.07359,1392.0755270816694,1480.5342179332524,1569.3331607939058,79.61292326288583,76.75748456980885,76.28875578161183,1318.490706330532,1398.3871580323143,1484.5796062836325,71638.70146641298,80183.93217911967,87240.7219963197,14775108.298533587,14606195.203462644,14279682.307023924
547,2022-01-30,1285,60,1235,457,74980,14921727,0.07359,1338.5377635408347,1431.6506634499392,1531.4220726880517,69.80646163144291,72.56811342735664,74.1169216773969,1276.745353165266,1357.5403685242356,1451.3023254458149,73309.35073320649,78882.94913433975,85605.95906347707,14848417.649266794,14685078.152596984,14365288.2660874
548,2022-01-31,1451,80,1359,449,88502,15010229,0.07359,1394.7688817704175,1436.4879975874544,1520.6991296629783,74.90323081572146,74.42608507051747,74.90133212041066,1317.872676582633,1357.9052763931766,1438.9953487197063,80905.67536660325,81287.71185075481,85992.09785501346,14929323.324633397,14766365.864447739,14451280.363942413
549,2022-02-01,1537,82,1456,449,78511,15088740,0.0522225,1465.8844408852087,1461.6159981905907,1522.8725790412477,78.45161540786073,76.31956380288811,75.84782117102256,1386.9363382913166,1382.4289572948824,1441.262635557079,79708.33768330162,80593.53388806611,84994.61814101167,15009031.662316699,14846959.398335805,14536274.982083423
550,2022-02-02,1451,72,1368,432,73908,15162648,0.0522225,1458.4422204426044,1458.961998642943,1513.2895685024146,75.22580770393037,75.23967285216608,75.33477834821956,1377.4681691456583,1378.8217179711617,1431.4942841494683,76808.16884165081,78922.15041604958,83516.40238887678,15085839.83115835,14925881.548751853,14619791.384472301
551,2022-02-03,1292,40,1211,429,64032,15226680,0.0522225,1375.2211102213023,1417.221498982207,1483.7842927020924,57.612903851965186,66.42975463912457,70.62347456845696,1294.234084572829,1336.8662884783712,1402.0950462628725,70420.08442082541,75199.61281203719,80918.48207035988,15156259.915579174,15001081.16156389,14700709.866542662
552,2022-02-04,1186,57,1100,425,52556,15279236,0.0522225,1280.6105551106511,1359.4161242366552,1444.0797203418133,57.30645192598259,64.07231597934343,68.8070112926627,1197.1170422864145,1277.6497163587783,1361.8157067611562,61488.04221041271,69538.70960902788,77136.8177943119,15217747.957789587,15070619.871172918,14777846.684336973
553,2022-02-05,1077,44,1023,409,43233,15322469,0.0522225,1178.8052775553256,1288.8120931774913,1395.1357576295716,50.6532259629913,59.05423698450757,65.49940978697434,1110.0585211432071,1213.9872872690837,1316.640279193002,52360.52110520635,62962.282206770906,72616.3087550703,15270108.478894792,15133582.153379688,14850462.993092043
554,2022-02-06,1211,57,1157,391,50148,15372617,0.0522225,1194.9026387776628,1269.3590698831183,1370.5843232789618,53.82661298149565,58.54067773838068,64.3661551487111,1133.5292605716036,1199.7404654518127,1295.354908633935,51254.26055260318,59758.71165507818,69620.53425439427,15321362.739447396,15193340.865034766,14920083.527346438
555,2022-02-07,1234,49,1167,395,62672,15435289,0.0522225,1214.4513193888315,1260.5193024123387,1352.3730801751003,51.41330649074783,56.15550830378551,62.31733446221629,1150.2646302858018,1191.5553490888594,1278.240920816077,56963.130276301585,60487.03374130864,68694.06302047503,15378325.869723698,15253827.898776075,14988777.590366913
556,2022-02-08,1266,69,1173,385,55437,15490726,0.0522225,1240.2256596944158,1261.889476809254,1340.856669485087,60.206653245373914,59.366631227839136,63.208356533920785,1161.632315142901,1186.9165118166445,1264.2087980406002,56200.06513815079,59224.52530598148,66926.45461774502,15434525.93486185,15313052.424082056,15055704.04498466
557,2022-02-09,1220,51,1135,384,51013,15541739,0.0522225,1230.1128298472079,1251.4171076069404,1324.7424468870754,55.60332662268696,57.274973420879356,61.58057566273135,1148.3161575714505,1173.9373838624833,1246.9809583018534,53606.532569075396,57171.64397948611,64804.66066871236,15488132.467430925,15370224.068061542,15120508.705653371
558,2022-02-10,1167,52,1093,384,41331,15583070,0.0522225,1198.5564149236038,1230.3128307052052,1303.7101206354653,53.801663311343475,55.95623006565952,60.30316557436717,1120.6580787857251,1153.7030378968625,1226.4501638616064,47468.7662845377,53211.48298461458,61674.83924621738,15535601.233715463,15423435.551046157,15182183.544899588
559,2022-02-11,996,31,925,372,34944,15618014,0.0522225,1097.278207461802,1171.7346230289038,1262.6821045507365,42.40083165567174,49.717172549244644,56.396076831118215,1022.8290393928626,1096.527278422647,1186.2568086800588,41206.38314226885,48644.61223846093,58110.727346721724,15576807.616857732,15472080.163284618,15240294.27224631
560,2022-02-12,989,48,932,360,29142,15647156,0.0522225,1043.1391037309008,1126.0509672716778,1226.191157277305,45.20041582783587,49.28787941193349,55.27659992030246,977.4145196964313,1055.3954588169852,1152.3559008560508,35174.191571134426,43768.9591788457,54248.23036715882,15611981.808428865,15515849.122463465,15294542.502613468
561,2022-02-13,1029,56,976,348,32326,15679482,0.0522225,1036.0695518654504,1101.7882254537583,1199.8990029736642,50.600207913917934,50.965909558950116,55.37305326426213,976.7072598482157,1035.5465941127388,1128.8417807419107,33750.09578556722,40908.21938413427,51325.26631820432,15645731.904214432,15556757.341847599,15345867.768931672
562,2022-02-14,1132,51,1046,355,42490,15721972,0.0522225,1084.034775932725,1109.3411690903188,1190.8458025771756,50.800103956958964,50.97443216921259,54.78997949569385,1011.3536299241078,1038.1599455845542,1117.7962099763226,38120.04789278361,41303.664538100704,50147.230809110406,15683851.952107217,15598061.006385699,15396014.999740783
563,2022-02-15,1144,59,1060,323,40145,15762117,0.0522225,1114.0173879663625,1118.005876817739,1184.5996955668857,54.90005197847948,52.98082412690945,55.35131556293467,1035.6768149620539,1043.6199591884156,1110.0900486461462,39132.523946391804,41013.998403575526,48813.60003456235,15722984.476053609,15639075.004789274,15444828.599775346
564,2022-02-16,1120,54,1047,326,39445,15801562,0.0522225,1117.0086939831813,1118.5044076133042,1175.9864028246343,54.45002598923974,53.23561809518209,55.17114015454339,1041.338407481027,1044.4649693913118,1101.6780421599933,39288.7619731959,40621.74880268164,47564.45336328737,15762273.238026805,15679696.753591957,15492393.053138634
565,2022-02-17,971,50,894,303,34168,15835730,0.0522225,1044.0043469915906,1081.6283057099781,1148.6548824480165,52.225012994619874,52.42671357138657,54.48165480060427,967.6692037405135,1006.8487270434838,1073.9876365386608,36728.38098659795,39008.31160201123,45778.25958151572,15799001.619013403,15718705.065193968,15538171.31272015
566,2022-02-18,900,47,846,303,24923,15860653,0.0522225,972.0021734957953,1036.2212292824836,1115.5008981216142,49.61250649730994,51.07003517853993,53.48410082719037,906.8346018702567,966.6365452826128,1043.5892850001726,30825.690493298975,35486.98370150842,42997.55830398029,15829827.309506701,15754192.048895476,15581168.87102413
567,2022-02-19,834,46,793,296,26429,15887082,0.0522225,903.0010867478977,985.6659219618626,1077.9674450387324,47.80625324865497,49.802526383904954,52.486220716898316,849.9173009351284,923.2274089619597,1010.1773803334829,28627.345246649485,33222.48777613132,40788.41719678292,15858454.65475335,15787414.536671607,15621957.288220912
568,2022-02-20,971,39,937,304,28411,15915493,0.0522225,937.0005433739489,981.999441471397,1063.705119033568,43.403126624327484,47.101894787928714,50.6880579546452,893.4586504675642,926.6705567214698,1000.4203962890185,28519.172623324743,32019.615832098487,39138.09490387853,15886973.827376675,15819434.152503705,15661095.383124791
569,2022-02-21,1030,47,988,292,33033,15948526,0.0522225,983.5002716869744,993.9995811035477,1059.2111031624256,45.20156331216374,47.07642109094653,50.19631689402584,940.7293252337821,942.0029175411023,998.7643434504827,30776.086311662373,32272.961874073866,38324.08225002806,15917749.913688337,15851707.114377778,15699419.46537482
570,2022-02-22,976,38,909,284,28019,15976545,0.0522225,979.7501358434872,989.4996858276608,1048.1162894074355,41.60078165608187,44.807315818209894,48.570141308155726,924.8646626168911,933.7521881558267,986.7957643237517,29397.543155831187,31209.4714055554,36950.071283357654,15947147.45684417,15882916.585783334,15736369.536658177
571,2022-02-23,976,53,923,278,26008,16002553,0.0522225,977.8750679217436,986.1247643707455,1038.5007841531108,47.30039082804093,46.85548686365742,49.160789133734966,923.9323313084456,931.06414111687,978.2896624139181,27702.77157791559,29909.10355416655,35491.12844557663,15974850.228422085,15912825.689337501,15771860.665103754
572,2022-02-24,984,49,934,262,21882,16024435,0.0522225,980.9375339608719,985.5935732780591,1031.234012932696,48.150195414020466,47.39161514774306,49.1393505825703,928.9661656542228,931.7981058376525,972.3843740920623,24792.385788957796,27902.327665624915,33676.57798616641,15999642.614211041,15940728.017003126,15805537.24308992
573,2022-02-25,841,33,786,246,19533,16043968,0.0522225,910.9687669804359,949.4451799585444,1005.8694778750032,40.57509770701023,43.79371136080729,46.98743717156093,857.4830828271114,895.3485793782394,947.5331242131206,22162.692894478896,25809.995749218688,31790.76758801089,16021805.30710552,15966538.012752345,15837328.01067793
574,2022-02-26,888,47,840,226,17604,16061572,0.0522225,899.484383490218,934.0838849689083,990.1535474916694,43.787548853505115,44.59528352060547,46.989112215352804,848.7415414135558,881.5114345336796,933.1953743180379,19883.346447239448,23758.496811914014,29899.198576276103,16041688.65355276,15990296.509564258,15867227.209254205
575,2022-02-27,949,48,915,239,22165,16083737,0.0522225,924.242191745109,937.8129137266812,984.6664078261134,45.89377442675256,45.4464626404541,47.12389725330576,881.8707707067779,889.8835759002598,930.7693244089662,21024.173223619724,23360.122608935508,28867.972099439292,16062712.82677638,16013656.632173194,15896095.181353644
576,2022-02-28,1145,41,1106,254,31865,16115602,0.0522225,1034.6210958725546,989.609685295011,1006.044220115965,43.44688721337628,44.33484698034057,46.307377619531664,993.9353853533889,943.9126819251949,954.1334144877708,26444.586611809864,25486.34195670163,29267.57581951405,16089157.413388189,16039142.974129895,15925362.757173158
577,2022-03-01,1111,54,1056,245,31864,16147466,0.030855,1072.8105479362773,1019.9572639712583,1020.038324100503,48.723443606688136,46.751135235255425,47.333060603594106,1024.9676926766945,971.9345114438962,967.7156258894013,29154.293305904932,27080.756467526226,29613.765710245512,16118311.706694094,16066223.730597422,15954976.522883404
578,2022-03-02,1184,50,1125,249,33361,16180827,0.030855,1128.4052739681388,1060.9679479784438,1041.8998808871027,49.36172180334407,47.563351426441564,47.6886525231149,1074.9838463383471,1010.2008835829222,988.6868757708145,31257.646652952466,28650.81735064467,30113.396948879446,16149569.353347048,16094874.547948066,15985089.919832284
579,2022-03-03,1226,51,1167,234,31533,16212360,0.030855,1177.2026369840694,1102.2259609838327,1066.446563435489,50.180860901672034,48.422513569831175,48.13016552003291,1120.9919231691736,1049.4006626871917,1012.4619590013725,31395.32332647623,29371.363012983504,30302.67735569552,16180964.676673524,16124245.91096105,16015392.59718798
580,2022-03-04,1044,38,987,232,30605,16242965,0.030855,1110.6013184920348,1087.6694707378745,1063.4536883107571,44.09043045083602,45.81688517737338,46.779476784028525,1053.995961584587,1033.8004970153936,1009.0670311345228,31000.161663238116,29679.772259737627,30342.987041602784,16211964.838336762,16153925.683220789,16045735.584229583
581,2022-03-05,1050,42,1002,231,28509,16271474,0.030855,1080.3006592460174,1078.2521030534058,1061.6598632026562,43.045215225418005,44.86266388303003,46.14221321282472,1027.9979807922934,1025.850372761545,1008.1247603165865,29754.58083161906,29387.07919480322,30098.455436055745,16241719.419168381,16183312.762415592,16075834.03966564
582,2022-03-06,1260,58,1231,234,35914,16307388,0.030855,1170.1503296230087,1123.6890772900545,1088.1052147756354,50.522607612709,48.146997912272525,47.723251451114756,1129.4989903961468,1077.1377795711587,1037.8414589410415,32834.29041580953,31018.809396102417,30873.86137791498,16274553.709584191,16214331.571811695,16106707.901043555
583,2022-03-07,1278,46,1228,239,50982,16358370,0.030855,1224.0751648115042,1162.2668079675407,1113.4245194722173,48.261303806354505,47.61024843420439,47.49348459096612,1178.7494951980734,1114.853334678369,1063.195931082236,41908.14520790477,36009.60704707681,33554.946527526314,16316461.854792096,16250341.178858772,16140262.84757108
584,2022-03-08,1389,45,1345,242,52342,16410712,0.030855,1306.5375824057521,1218.9501059756556,1150.1679168759215,46.63065190317725,46.957686325653285,47.16101997883731,1261.8747475990367,1172.3900010087766,1100.769806937938,47125.07260395239,40092.70528530761,36059.886990522806,16363586.927396048,16290433.884144079,16176322.734561602
585,2022-03-09,1521,53,1470,235,55491,16466203,0.030855,1413.768791202876,1294.4625794817416,1199.6121946257986,49.815325951588626,48.46826474423997,47.939550648325664,1365.9373737995184,1246.7925007565825,1150.000499346213,51308.03630197619,43942.27896398071,38650.7020584531,16414894.963698024,16334376.16310806,16214973.436620055
586,2022-03-10,1414,46,1358,221,54298,16520501,0.030855,1413.884395601438,1324.346934611306,1228.197235342359,47.90766297579431,47.85119855817997,47.68094389521558,1361.9686868997592,1274.5943755674368,1177.7337661000513,52803.01815098809,46531.209222985526,40737.008450659356,16467697.981849011,16380907.372331046,16255710.445070714
587,2022-03-11,1412,44,1342,221,52270,16572771,0.030855,1412.942197800719,1346.2602009584796,1252.7042706300442,45.953831487897155,46.88839891863498,47.1901513758535,1351.9843434498796,1291.4457816755776,1199.6359306200443,52536.50907549405,47965.90691723914,42274.74065723811,16520234.490924506,16428873.279248284,16297985.185727952
588,2022-03-12,1368,48,1323,216,49161,16621932,0.030855,1390.4710989003595,1351.6951507188596,1268.0770345460382,46.97691574394858,47.16629918897623,47.29813119240637,1337.49217172494,1299.3343362566832,1216.0844732040387,50848.75453774702,48264.68018792935,43192.90856960636,16571083.245462254,16477137.959436214,16341178.094297558
589,2022-03-13,1591,45,1555,215,60270,16682202,0.030855,1490.7355494501799,1411.5213630391447,1311.1334299398998,45.98845787197429,46.62472439173217,46.991713700085526,1446.24608586247,1363.2507521925124,1261.2732101101667,55559.37726887351,51266.010140947015,45469.854093658854,16626642.622731127,16528403.96957716,16386647.948391218
590,2022-03-14,1651,58,1578,239,79515,16761717,0.030855,1570.86777472509,1471.3910222793584,1356.4489726145798,51.994228935987145,49.46854329379914,48.45948520674079,1512.123042931235,1416.9380641443843,1303.5034487621444,67537.18863443675,58328.25760571026,50009.206881171005,16694179.811365563,16586732.22718287,16436657.155272389
591,2022-03-15,1800,55,1740,235,74101,16835818,0.030855,1685.433887362545,1553.543266709519,1415.5891095993027,53.49711446799357,50.85140747034936,49.331553845842016,1626.0615214656175,1497.703548108288,1361.7029889271919,70819.09431721838,62271.443204282696,53221.44596368154,16764998.905682782,16649003.670387153,16489878.601236071
592,2022-03-16,1823,60,1758,236,73952,16909770,0.030855,1754.2169436812724,1620.9074500321394,1469.9105616527288,56.748557233996785,53.13855560276202,50.754013333063085,1692.0307607328086,1562.7776610812161,1414.5425904035662,72385.54715860919,65191.58240321202,55985.519835190666,16837384.45284139,16714195.252790365,16545864.12107126
593,2022-03-17,1738,69,1674,249,67687,16977457,0.030855,1746.1084718406362,1650.1805875241046,1505.6558200990316,62.874278616998396,57.103916702071515,53.18681155532134,1683.0153803664043,1590.583245810912,1449.1369116830908,70036.2735793046,65815.43680240902,57545.71719049858,16907420.726420693,16780010.689592775,16603409.838261759
594,2022-03-18,1629,65,1550,240,61904,17039361,0.030855,1687.5542359203182,1644.8854406430785,1522.101710752494,63.9371393084992,59.07793752655364,54.761903347945164,1616.5076901832022,1580.4374343581842,1462.5853234586789,65970.1367896523,64837.57760180676,58126.82156509877,16973390.863210347,16844848.26719458,16661536.659826856
595,2022-03-19,1813,68,1727,231,55211,17094572,0.030855,1750.277117960159,1686.914080482309,1560.8881493188283,65.96856965424959,61.308453144915234,56.52698290155248,1671.753845091601,1617.0780757686382,1497.8406136641884,60590.56839482615,62430.933201355074,57738.04535641894,17033981.431605175,16907279.200395934,16719274.705183275
596,2022-03-20,1793,63,1756,237,66907,17161479,0.030855,1771.6385589800796,1713.4355603617319,1591.8363960763177,64.4842848271248,61.731339858686425,57.39005184801215,1713.8769225458004,1651.8085568264787,1532.2618651756297,63748.78419741307,63549.949901016305,58960.572642229745,17097730.215802588,16970829.150296953,16778235.277825505
597,2022-03-21,1984,61,1915,252,89907,17251386,0.030855,1877.8192794900397,1781.076670271299,1644.1248765994753,62.7421424135624,61.54850489401482,57.8713782682772,1814.4384612729002,1717.606417619859,1583.2936164855457,76827.89209870654,70139.21242576222,63086.762956599116,17174558.107901294,17040968.362722714,16841322.040782105
598,2022-03-22,2098,77,2028,269,81845,17333231,0.030855,1987.9096397450198,1860.3075027034743,1704.6415597195453,69.8710712067812,65.41137867051111,60.42186116584024,1921.21923063645,1795.2048132148943,1642.5878009541395,79336.44604935327,73065.65931932167,65587.86122905256,17253894.553950645,17114034.022042032,16906909.90201116
599,2022-03-23,2137,53,2056,260,77600,17410831,0.030855,2062.4548198725097,1929.4806270276058,1762.2893517569394,61.4355356033906,62.308534002883334,59.43227967706154,1988.609615318225,1860.4036099111709,1697.7094274935878,78468.22302467664,74199.24448949125,67189.47973184555,17332362.776975323,17188233.266531523,16974099.381743006
600,2022-03-24,2006,61,1938,286,68604,17479435,0.030855,2034.2274099362548,1948.6104702707044,1794.7841048560142,61.2177678016953,61.9814005021625,59.641309053453334,1963.3048076591126,1879.8027074333781,1729.7481704944428,73536.11151233832,72800.43336711843,67378.08243426615,17405898.88848766,17261033.69989864,17041477.464177273
601,2022-03-25,1925,74,1830,290,60256,17539691,0.030855,1979.6137049681274,1942.7078527030283,1812.1462242085456,67.60888390084764,64.98605037662188,61.555801179659554,1896.6524038295563,1867.3520305750337,1743.1150810951838,66896.05575616917,69664.32502533881,66428.47144303066,17472794.94424383,17330698.02492398,17107905.935620304
602,2022-03-26,1869,63,1797,304,51776,17591467,0.030855,1924.3068524840637,1924.2808895272713,1819.726727647406,65.30444195042382,64.4895377824664,61.74836102237161,1846.8262019147783,1849.7640229312753,1750.2997369491593,59336.027878084584,65192.243769004104,64474.80858395991,17532130.972121917,17395890.268692985,17172380.744204264
603,2022-03-27,2037,83,1984,303,58000,17649467,0.030855,1980.6534262420319,1952.4606671454535,1848.6964972944186,74.15222097521192,69.1171533368498,64.58191288605539,1915.4131009573891,1883.3230171984565,1781.4597720226047,58668.01393904229,63394.18282675308,63611.500772765256,17590798.98606096,17459284.45151974,17235992.24497703
604,2022-03-28,2280,70,2176,319,78909,17728376,0.030855,2130.326713121016,2034.3455003590902,1906.2036309884961,72.07611048760596,69.33786500263734,65.304324501248,2045.7065504786947,1956.4922628988425,1834.065135752924,68788.50696952114,67272.88712006481,65651.16733639655,17659587.49303048,17526557.338639803,17301643.412313428
605,2022-03-29,2219,72,2124,325,67441,17795817,0.030855,2174.663356560508,2080.509125269318,1947.9098135233633,72.03805524380297,70.003398751978,66.19708123441494,2084.8532752393476,1998.3691971741318,1872.7231176525343,68114.75348476057,67314.91534004861,65889.81169154368,17727702.24651524,17593872.25397985,17367533.22400497
606,2022-03-30,2355,91,2258,318,62750,17858567,0.030855,2264.831678280254,2149.1318439519882,2002.1885050535816,81.51902762190149,75.2525490639835,69.50413706982627,2171.426637619674,2063.276897880599,1924.0933686321962,65432.376742380286,66173.68650503646,65471.1701326712,17793134.623257622,17660045.940484885,17433004.39413764
607,2022-03-31,2124,81,2038,311,45879,17904446,0.030855,2194.415839140127,2142.8488829639914,2018.430037713104,81.25951381095075,76.68941179798762,71.03691879384942,2104.713318809837,2056.957673410449,1939.2809194812367,55655.68837119015,61100.01487877734,62858.88078164837,17848790.31162881,17721145.955363665,17495863.274919286
608,2022-04-01,1846,15966,1753,311,40342,17944788,0.009487499999999899,2020.2079195700635,2068.6366622229934,1995.4393660180235,8023.629756905475,4049.0170588484916,2190.365329621336,1928.8566594049184,1980.9682550578366,1914.443463550405,47998.84418559507,55910.511159083006,59856.63001076192,17896789.155814406,17777056.46652275,17555719.904930048
609,2022-04-02,1826,15739,1762,308,31609,17976397,0.009487499999999899,1923.1039597850317,2007.977496667245,1972.8474505489537,11881.314878452737,6971.51279413637,3996.849952338491,1845.4283297024592,1926.2261912933775,1894.1176684103511,39803.92209279754,49835.13336931226,56090.27934266033,17936593.077907205,17826891.59989206,17611810.18427271
610,2022-04-03,2103,15989,2041,306,35606,18012003,0.009487499999999899,2013.0519798925159,2031.7331225004339,1990.2011238090931,13935.157439226368,9225.884595602278,5595.803292026692,1943.2141648512297,1954.9196434700332,1913.701979288971,37704.96104639877,46277.85002698419,53359.04209697228,17974298.038953602,17873169.449919045,17665169.226369683
611,2022-04-04,2164,16466,2073,306,45140,18057143,0.009487499999999899,2088.525989946258,2064.7998418753255,2013.3743073012142,15200.578719613184,11035.913446701708,7045.162853089801,2008.1070824256149,1984.4397326025248,1934.9417153837749,41422.48052319938,45993.38752023814,52263.16981737598,18015720.5194768,17919162.837439284,17717432.39618706
612,2022-04-05,2308,16552,2211,319,40393,18097536,0.009487499999999899,2198.262994973129,2125.5998814064938,2052.6577329943857,15876.289359806593,12414.935085026282,8312.741139344495,2109.5535412128074,2041.0797994518937,1971.749486665938,40907.74026159969,44593.2906401786,50680.48050839251,18056628.2597384,17963756.128079463,17768112.87669545
613,2022-04-06,2176,16587,2076,317,36891,18134427,0.009487499999999899,2187.1314974865645,2138.19991105487,2069.1033685951343,16231.644679903296,13457.951313769712,9415.975654098564,2092.7767706064037,2049.8098495889203,1985.6495551104797,38899.37013079984,42667.71798013395,48841.88310727351,18095527.6298692,18006423.846059594,17816954.75980272
614,2022-04-07,1999,16600,1884,312,31745,18166172,0.009487499999999899,2093.0657487432823,2103.399933291152,2059.75625278245,16415.82233995165,14243.463485327286,10373.845566885422,1988.3883853032019,2008.3573871916901,1972.0962810957492,35322.18506539992,39937.03848510046,46562.29869297038,18130849.8149346,18046360.884544697,17863517.058495693
615,2022-04-08,1751,16366,1654,315,27391,18193563,0.009487499999999899,1922.0328743716411,2015.299949968364,2018.5887524114564,16390.911169975825,14774.097613995466,11172.799491300699,1821.194192651601,1919.7680403937677,1929.683443616316,31356.59253269996,36800.52886382534,44006.12553390766,18162206.4074673,18083161.41340852,17907523.1840296
616,2022-04-09,1702,15876,1611,323,23013,18216576,0.009487499999999899,1812.0164371858205,1936.974962476273,1976.3769187565956,16133.455584987913,15049.5732104966,11799.892892460606,1716.0970963258005,1842.5760302953258,1887.1923178008071,27184.79626634998,33353.646647869005,41207.04212938664,18189391.20373365,18116515.060056392,17948730.226158988
617,2022-04-10,1792,16039,1725,329,25641,18242217,0.009487499999999899,1802.0082185929102,1900.731221857205,1951.7933295890496,16086.227792493955,15296.929907872449,12365.10717346586,1720.5485481629003,1813.1820227214944,1865.5666754273661,26412.89813317499,31425.484985901752,39131.56984546842,18215804.101866826,18147940.545042295,17987861.796004456
618,2022-04-11,1909,16442,1805,337,30597,18272814,0.009487499999999899,1855.5041092964552,1902.7984163929036,1946.0875523105096,16264.113896246978,15583.197430904336,12908.692883670412,1762.7742740814501,1811.136517041121,1857.4911187037173,28504.949066587495,31218.363739426313,37993.627199405964,18244309.050933413,18179158.90878172,18025855.42320386
619,2022-04-12,2003,16131,1888,339,27382,18300196,0.009487499999999899,1929.2520546482276,1927.8488122946778,1953.6758786691084,16197.556948123489,15720.148073178252,13338.333832514358,1825.387137040725,1830.3523877808407,1861.5589695432216,27943.474533293745,30259.272804569737,36578.74357281851,18272252.525466707,18209418.181586288,18062434.16677668
620,2022-04-13,1898,15399,1797,306,25507,18325703,0.009487499999999899,1913.6260273241137,1920.3866092210085,1946.252428179894,15798.278474061744,15639.86105488369,13613.089321512443,1811.1935685203625,1822.0142908356306,1852.9511069374587,26725.237266646873,29071.204603427304,35102.511096442715,18298977.762733355,18238489.386189718,18097536.67787312
621,2022-04-14,1662,14955,1547,299,21433,18347136,0.009487499999999899,1787.8130136620568,1855.7899569157564,1908.3521044225747,15376.639237030871,15468.645791162768,13792.010745310785,1679.0967842601813,1753.260718126723,1812.157626012464,24079.118633323436,27161.653452570477,33279.909616917015,18323056.881366678,18265651.039642286,18130816.587490037
622,2022-04-15,1416,14394,1303,271,17306,18364442,0.009487499999999899,1601.9065068310283,1745.8424676868174,1842.7051571662314,14885.319618515436,15199.984343372076,13872.275979269347,1491.0483921300906,1640.6955385950423,1744.2699425441356,20692.55931666172,24697.740089427858,31150.055001328077,18343749.44068334,18290348.779731713,18161966.642491367
623,2022-04-16,1288,14335,1212,285,16091,18380533,0.009487499999999899,1444.9532534155142,1631.381850765113,1768.7444695440672,14610.159809257719,14983.738257529058,13933.972515366768,1351.5241960650453,1533.5216539462815,1673.3006168715842,18391.77965833086,22546.05506707089,29142.181001151,18362141.220341668,18312894.834798787,18191108.823492516
624,2022-04-17,1347,14254,1285,280,16262,18396795,0.009487499999999899,1395.976626707757,1560.2863880738348,1712.5118736048582,14432.07990462886,14801.303693146794,13976.642846651199,1318.2620980325228,1471.391240459711,1621.5272012887065,17326.88982916543,20975.041300303168,27424.823534330866,18379468.110170834,18333869.87609909,18218533.647026848
625,2022-04-18,1506,14183,1438,274,20566,18417361,0.009487499999999899,1450.9883133538785,1546.7147910553763,1684.9769571242105,14307.53995231443,14646.727769860096,14004.15713376437,1378.1310490162614,1463.0434303447832,1597.0569077835457,18946.444914582717,20872.780975227375,26510.31372975342,18398414.555085417,18354742.657074317,18245043.960756604
626,2022-04-19,1435,14607,1341,296,20595,18437956,0.009487499999999899,1442.9941566769394,1518.786093291532,1651.6466961743156,14457.269976157215,14636.795827395072,14084.536182595788,1359.5655245081307,1432.5325727585873,1562.9159867457397,19770.72245729136,20803.33573142053,25721.605232452966,18418185.27754271,18375545.992805738,18270765.56598906
627,2022-04-20,1322,14164,1242,309,16973,18454929,0.009487499999999899,1382.4970783384697,1469.589569968649,1607.6938033510737,14310.634988078607,14518.596870546304,14095.131358249682,1300.7827622540653,1384.8994295689404,1520.1271885129743,18371.861228645677,19845.751798565398,24555.124534792572,18436557.138771355,18395391.7446043,18295320.690523848
628,2022-04-21,1264,13392,1170,294,14520,18469449,0.009487499999999899,1323.2485391692348,1418.1921774764867,1561.867962904264,13851.317494039304,14236.947652909728,14001.380510483057,1235.3913811270327,1331.1745721767052,1473.443563377911,16445.93061432284,18514.31384892405,23217.107930153565,18453003.069385678,18413906.058453225,18318537.798454
629,2022-04-22,1184,12883,1086,283,12526,18481975,0.009487499999999899,1253.6242695846174,1359.644133107365,1511.4855678503623,13367.158747019652,13898.460739682298,13852.263109085317,1160.6956905635163,1269.8809291325288,1421.7844215941896,14485.96530716142,17017.235386693035,21791.62687279976,18467489.03469284,18430923.29383992,18340329.4253268
630,2022-04-23,1087,12156,1022,286,10573,18492548,0.009487499999999899,1170.3121347923088,1291.4830998305235,1454.8874921369807,12761.579373509827,13462.845554761723,13626.094694540609,1091.347845281758,1207.9106968493966,1368.4798320482976,12529.48265358071,15406.176540019776,20295.80995642646,18480018.51734642,18446329.470379937,18360625.235283226
631,2022-04-24,1077,12083,1009,287,11867,18504415,0.009487499999999899,1123.6560673961544,1237.8623248728925,1404.5024931853832,12422.289686754913,13117.884166071293,13420.348735268528,1050.173922640879,1158.1830226370473,1320.549187775191,12198.241326790354,14521.382405014832,19171.96862890293,18492216.75867321,18460850.85278495,18379797.203912128
632,2022-04-25,1138,11992,1065,276,13403,18517818,0.009487499999999899,1130.8280336980772,1212.8967436546693,1368.9688274273321,12207.144843377457,12836.41312455347,13229.902237232724,1057.5869613204395,1134.8872669777854,1286.475962738499,12800.620663395177,14241.786803761124,18402.772811715873,18505017.379336603,18475092.63958871,18398199.976723842
633,2022-04-26,1100,11320,1020,276,11293,18529111,0.009487499999999899,1115.4140168490385,1184.6725577410018,1333.1063171036878,11763.572421688728,12457.309843415103,12975.248605601693,1038.7934806602198,1106.165450233339,1250.9458343733659,12046.810331697588,13504.590102820845,17454.80310348709,18517064.1896683,18488597.22969153,18415654.77982733
634,2022-04-27,1082,10965,1010,260,10120,18539231,0.009487499999999899,1098.7070084245192,1159.0044183057514,1299.625474823196,11364.286210844364,12084.232382561326,12707.215458188133,1024.3967403301099,1082.1240876750041,1218.8197231235838,11083.405165848795,12658.442577115635,16476.82935635548,18528147.59483415,18501255.672268648,18432131.609183688
635,2022-04-28,936,10432,860,252,9056,18548287,0.009487499999999899,1017.3535042122596,1103.2533137293135,1251.1420781801032,10898.143105422183,11671.174286920994,12403.853397096382,942.1983701650549,1026.593065756253,1170.9770933737727,10069.702582924398,11757.831932836725,15487.38544217475,18538217.297417074,18513013.504201483,18447618.994625866
636,2022-04-29,872,9938,807,259,7992,18556279,0.009487499999999899,944.6767521061298,1045.4399852969852,1200.5898010894227,10418.071552711091,11237.880715190744,12075.072944150197,874.5991850825275,971.6947993171898,1122.4468142572698,9030.851291462199,10816.373949627543,14488.000716551449,18547248.148708537,18523829.87815111,18462106.995342415
637,2022-04-30,718,9499,675,265,6863,18563142,0.009487499999999899,831.3383760530648,963.5799889727389,1136.2444942774996,9958.535776355546,10803.160536393058,11731.596551596838,774.7995925412638,897.5210994878923,1062.7872390229672,7946.925645731099,9828.030462220657,13471.333954344589,18555195.07435427,18533657.908613335,18475578.329296757
638,2022-05-01,807,9355,761,256,7718,18570860,-0.011880000000000102,819.1691880265324,924.4349917295542,1092.345228373833,9656.767888177772,10441.120402294791,11414.717011383926,767.8997962706319,863.3908246159193,1022.5489404865716,7832.462822865549,9300.522846665493,12704.222760431976,18563027.537177134,18542958.43146,18488282.552057188
639,2022-05-02,828,9326,768,248,10343,18581203,-0.011880000000000102,823.5845940132663,900.3262437971657,1057.0991979239886,9491.383944088886,10162.340301721093,11136.22140986607,767.949898135316,839.5431184619396,988.6090817550287,9087.731411432775,9561.14213499912,12389.393059041045,18572115.268588565,18552519.573595,18500671.94511623
640,2022-05-03,893,9243,835,237,11155,18592358,-0.011880000000000102,858.2922970066331,898.4946828478743,1035.219304867457,9367.191972044442,9932.50522629082,10883.791888550595,801.4749490676579,838.4073388464548,968.1278708543582,10121.365705716387,9959.60660124934,12224.807317835573,18582236.634294283,18562479.180196248,18512896.752434064
641,2022-05-04,873,8950,789,241,9783,18602141,-0.011880000000000102,865.6461485033166,892.1210121359057,1013.5900642184627,9158.595986022221,9686.878919718114,10625.952970077182,795.237474533829,826.0555041348412,944.2441547404437,9952.182852858194,9915.454950937004,11899.23300879083,18592188.817147143,18572394.635147188,18524795.985442854
642,2022-05-05,777,8596,721,224,8592,18610733,-0.011880000000000102,821.3230742516582,863.3407591019294,982.0447223226677,8877.29799301111,9414.159189788586,10355.29257406689,758.1187372669144,799.7916281011309,914.4782674417179,9272.091426429097,9584.591213202753,11458.26860761872,18601460.90857357,18581979.22636039,18536254.25405047
643,2022-05-06,721,8170,660,211,7517,18618250,-0.011880000000000102,771.1615371258291,827.7555693264471,947.238759346312,8523.648996505555,9103.11939234144,10063.920230857972,709.0593686334572,764.8437210758481,880.5478317828222,8394.54571321455,9067.693409902064,10932.766126602892,18609855.454286784,18591046.919770293,18547187.020177074
644,2022-05-07,607,7768,570,199,6354,18624604,-0.011880000000000102,689.0807685629145,772.5666769948353,901.8735914334704,8145.824498252778,8769.33954425608,9757.797533410241,639.5296843167287,716.132790806886,839.1414542117792,7374.272856607275,8389.270057426547,10322.263976389173,18617229.727143392,18599436.18982772,18557509.284153465
645,2022-05-08,669,7715,635,199,7664,18632268,-0.011880000000000102,679.0403842814572,746.6750077461264,870.8237792423411,7930.412249126389,8505.75465819206,9485.424528955542,637.2648421583643,695.8495931051644,811.9225936502086,7519.136428303637,8207.95254306991,9967.828779537282,18624748.863571696,18607644.14237079,18567477.112933002
646,2022-05-09,731,7647,678,187,8876,18641144,-0.011880000000000102,705.0201921407286,742.7562558095948,852.1806086766956,7788.706124563194,8291.065993644044,9240.301258428135,657.6324210791822,691.3871948288732,794.0662478301807,8197.56821415182,8374.964407302434,9822.25160893231,18632946.431785848,18616019.106778093,18577299.364541937
647,2022-05-10,726,7363,663,175,8154,18649298,-0.011880000000000102,715.5100960703643,738.567191857196,835.3565275198027,7575.853062281597,8059.049495233033,8989.994423971051,660.3162105395911,684.2903961216549,776.59074811949,8175.78410707591,8319.723305476824,9599.81806107467,18641122.215892926,18624338.830083568,18586899.182603013
648,2022-05-11,671,7034,625,170,7265,18656563,-0.011880000000000102,693.2550480351822,721.675393892897,813.4423238504957,7304.926531140798,7802.787121424774,8729.195167441578,642.6581052697956,669.4677970912411,756.3786483702246,7720.392053537955,8056.0424791076175,9288.508986264713,18648842.607946463,18632394.872562673,18596187.691589277
649,2022-05-12,680,6602,623,162,6376,18662939,-0.011880000000000102,686.6275240175911,711.2565454196726,795.6500140037629,6953.463265570399,7502.5903410685805,8445.569145116035,632.8290526348978,657.8508478184308,738.594828587528,7048.196026768977,7636.031859330713,8900.174454762751,18655890.80397323,18640030.904422004,18605087.866044037
650,2022-05-13,542,6366,496,162,5794,18668733,-0.011880000000000102,614.3137620087955,668.9424090647544,761.8300121365944,6659.7316327851995,7218.442755801436,8168.293259100564,564.4145263174489,617.3881358638231,706.2488514425243,6421.098013384489,7175.523894498035,8486.017860794385,18662311.901986614,18647206.4283165,18613573.883904833
651,2022-05-14,553,6147,514,168,5139,18673872,-0.011880000000000102,583.6568810043977,639.9568067985657,733.9860105183818,6403.365816392599,6950.582066851077,7898.787491220489,539.2072631587245,591.5411018978673,680.6156712501877,5780.049006692245,6666.392920873526,8039.748812688467,18668091.950993307,18653872.821237374,18621613.632717524
652,2022-05-15,566,6158,547,170,6730,18680602,-0.011880000000000102,574.8284405021989,621.4676050989243,711.5878757825976,6280.6829081963,6752.436550138308,7666.68249239109,543.1036315793622,580.4058264234005,662.8002484168293,6255.024503346122,6682.294690655145,7865.115637663339,18674346.975496653,18660555.115928028,18629478.748355187
653,2022-05-16,589,6024,549,159,7883,18688485,-0.011880000000000102,581.9142202510994,613.3507038241931,695.2428256782513,6152.34145409815,6570.327412603731,7447.6581600722775,546.0518157896811,572.5543698175503,647.626881961252,7069.012251673061,6982.471017991359,7867.500219308227,18681415.987748325,18667537.58694602,18637346.2485745
654,2022-05-17,576,5733,546,173,6833,18695318,-0.011880000000000102,578.9571101255497,604.0130278681448,679.3437822544845,5942.670727049075,6360.995559452799,7219.037072062641,546.0259078948405,565.9157773631626,634.076631033085,6951.00612583653,6945.10326349352,7729.566856733797,18688366.993874162,18674482.690209515,18645075.81543123
655,2022-05-18,626,5425,590,161,6392,18701710,-0.011880000000000102,602.4785550627748,609.5097709011086,672.2312779538865,5683.835363524538,6126.996669589599,6979.832129120956,568.0129539474203,571.936833022372,628.1997468953404,6671.503062918266,6806.82744762014,7551.224609169291,18695038.49693708,18681289.517657135,18652627.0400404
656,2022-05-19,573,5356,533,165,5785,18707495,-0.011880000000000102,587.7392775313874,600.3823281758315,659.0004408933684,5519.917681762268,5934.247502192199,6763.321178571496,550.5064769737102,562.202624766779,615.5064473092949,6228.251531459133,6551.370585715105,7315.727994613386,18701266.74846854,18687840.888242852,18659942.768035013
